round_id,turn,N,Nnf,roundName,first,hole,board,Nsim,prWin,prWinStd,chips,reld,chips_total,pot,bet,cost_on_table,cost_to_call,cost_total,maxBet_all,N_maxBet_all,prWin_adj,limitBet,util_fold,util_call,util_raise_coeff,action,amount,cputime
1,0,9,8,deal,False,♣Q ♦8,,20000,0.11743888888890125,0.321942535657284,1000,0,3000,0,0,0,20,20,20,2,0.18182739602035808,79.20715667504396,-640,-3.6355343581677744,-0.6363452079592838,call,0,0.1257491111755371
1,1,8,6,deal,False,♠J ♥J,,20000,0.2502729166666597,0.43317015577001944,1000,0,3000,0,0,0,20,20,20,3,0.3347410970418135,160.86733983528265,0,16.821520674599483,-0.33051780591637303,call,0,0.11702299118041992
1,2,8,4,flop,False,♠J ♥J,♠A ♣4 ♠Q,568,0.16549295774647887,0.3700423350950716,980,0,2980,20,0,20,980,1000,980,2,0.2507719380118421,186.82508739494477,0,33.11862956784216,-0.4984561239763158,call,0,1.2672398090362549
2,0,8,5,deal,False,♠7 ♦10,,20000,0.12534027777777745,0.3311043529529128,1000,1,2000,0,0,0,20,20,20,1,0.18825010483883092,54.878482722531665,0,-6.822492661281835,-0.6234997903223382,fold,0,0.11524677276611328
3,0,8,6,deal,False,♣Q ♣8,,20000,0.17398333333333435,0.37909515039836134,1000,1,2000,0,0,0,20,20,20,1,0.24790688766101482,74.96350456120982,0,-2.6465178637289632,-0.5041862246779704,fold,0,0.11620211601257324
4,0,8,7,deal,False,♠6 ♠J,,20000,0.14868888888888898,0.35578153860181755,1000,1,2000,0,0,0,20,20,20,1,0.2198451966092525,65.32458860671423,0,-4.610836237352325,-0.560309606781495,fold,0,0.11683416366577148
