,N,Nnf,round,first,hole,board,Nsim,prWin,prWinStd,pot,bet,maxBet,NMaxBet,minBet,util_fold,util_call,util_raise_coeff,util_call2,util_raise_coeff2,action,amount,cputime
0,7,6,Deal,0,♦5 ♦Q,,95,0.1807017543859649,0.37515155447809556,0,20,77,1,57,-20,6.484210526315778,0.08421052631578929,-49.1719298245614,-0.6385964912280702,raise,0,0.5230190753936768
1,7,6,Deal,0,♦5 ♦Q,,165,0.16464646464646462,0.3651427831919055,0,154,1000,3,846,-154,-12.121212121212238,-0.0121212121212122,-670.7070707070707,-0.6707070707070708,call,0,0.5251069068908691
