,N,Nnf,round,first,hole,board,Nsim,prWin,prWinStd,pot,bet,maxBet,NMaxBet,minBet,util_fold,util_call,util_raise_coeff,util_call2,util_raise_coeff2,action,amount,cputime
0,7,7,Deal,0,♥10 ♠10,,10,0.3,0.45825756949558394,0,0,20,1,20,0,22.0,1.1,-8.0,-0.4,raise,0,0.5217828750610352
1,7,7,Deal,0,♥10 ♠10,,95,0.2451127819548872,0.4271470857007667,0,40,120,1,80,-40,85.89473684210523,0.7157894736842103,-61.172932330827074,-0.5097744360902257,raise,0,0.5284910202026367
2,7,7,Deal,0,♥10 ♠10,,165,0.2199134199134199,0.41239214056495443,0,240,480,1,240,-240,258.90909090909076,0.5393939393939393,-268.88311688311694,-0.5601731601731602,raise,0,0.528810977935791
3,7,7,Flop,0,♥10 ♠10,♣6 ♠Q ♠J,35,0.15714285714285714,0.35398604838182474,1980,0,20,1,20,-480,-166.8571428571429,0.10000000000000009,-182.5714285714286,-0.6857142857142857,raise,0,0.530148983001709
4,7,6,Flop,0,♥10 ♠10,♣6 ♠Q ♠J,105,0.14761904761904762,0.35134984277517556,1980,40,47,1,7,-520,-193.0857142857143,-0.11428571428571432,-220.83809523809526,-0.7047619047619047,call,0,0.5259919166564941
5,7,6,Flop,0,♥10 ♠10,♣6 ♠Q ♠J,145,0.1413793103448276,0.3409087666196707,1980,47,118,2,71,-527,-217.97241379310344,-0.15172413793103445,-284.7034482758621,-0.7172413793103448,call,0,0.5244250297546387
6,7,6,Turn,1,♥10 ♠10,♣6 ♠Q ♠J ♦8,5,0.0,0.0,2354,0,0,7,20,-598,-598.0,-1.0,-598.0,-1.0,call,0,0.5266311168670654
7,7,6,River,1,♥10 ♠10,♣6 ♠Q ♠J ♦8 ♠K,5,0.0,0.0,2414,0,0,7,20,-618,-618.0,-1.0,-618.0,-1.0,call,0,0.5260038375854492
8,7,6,River,0,♥10 ♠10,♣6 ♠Q ♠J ♦8 ♠K,45,0.0,0.0,2414,20,53,2,33,-638,-671.0,-1.0,-671.0,-1.0,fold,0,0.5198891162872314
