,N,Nnf,round,first,hole,board,Nsim,prWin,prWinStd,pot,bet,maxBet,NMaxBet,minBet,util_fold,util_call,util_raise_coeff,util_call2,util_raise_coeff2,action,amount,cputime
0,7,7,Deal,0,♠K ♦4,,80,0.1375,0.33517719194479806,0,20,134,1,114,-20,-5.025000000000006,-0.03749999999999987,-97.15,-0.725,call,0,0.5299537181854248
1,7,7,Deal,0,♠K ♦4,,165,0.1432900432900433,0.33829001489904187,0,134,286,1,152,-134,0.8666666666666742,0.003030303030303161,-204.03809523809525,-0.7134199134199134,raise,0,0.5285298824310303
2,7,7,Flop,0,♠K ♦4,♦5 ♥7 ♣J,35,0.11428571428571428,0.2948538205792899,2860,0,20,1,20,-572,-249.14285714285717,-0.20000000000000007,-260.5714285714286,-0.7714285714285715,call,0,0.5229909420013428
3,7,7,Flop,0,♠K ♦4,♦5 ♥7 ♣J,120,0.0625,0.2194927865177654,2860,20,46,4,26,-592,-419.125,-0.5625,-433.5,-0.875,call,0,0.5210549831390381
4,7,7,Turn,0,♠K ♦4,♦5 ♥7 ♣J ♣8,35,0.009523809523809523,0.05553287518900285,3090,0,20,1,20,-618,-607.2380952380952,-0.9333333333333333,-608.1904761904761,-0.9809523809523809,call,0,0.5199260711669922
5,7,7,Turn,0,♠K ♦4,♦5 ♥7 ♣J ♣8,115,0.024637681159420288,0.14115376591954718,3090,20,34,2,14,-638,-570.0057971014493,-0.827536231884058,-574.1942028985508,-0.9507246376811594,call,0,0.5199439525604248
6,7,7,Turn,0,♠K ♦4,♦5 ♥7 ♣J ♣8,185,0.03963963963963964,0.17737455285996506,3090,34,85,2,51,-652,-556.927927927928,-0.7225225225225225,-573.7747747747748,-0.9207207207207208,call,0,0.5264289379119873
7,7,7,River,1,♠K ♦4,♦5 ♥7 ♣J ♣8 ♥2,5,0.0,0.0,3399,0,0,7,20,-703,-703.0,-1.0,-703.0,-1.0,call,0,0.5250802040100098
8,7,7,River,0,♠K ♦4,♦5 ♥7 ♣J ♣8 ♥2,55,0.0,0.0,3399,20,69,2,49,-723,-772.0,-1.0,-772.0,-1.0,fold,0,0.527742862701416
