,N,Nnf,round,first,hole,board,Nsim,prWin,prWinStd,pot,bet,maxBet,NMaxBet,minBet,util_fold,util_call,util_raise_coeff,util_call2,util_raise_coeff2,action,amount,cputime
0,7,6,Deal,0,♥8 ♠4,,80,0.08928571428571427,0.25938998297024907,0,40,118,3,78,-40,-54.78571428571429,-0.4642857142857144,-96.92857142857143,-0.8214285714285714,fold,0,0.524022102355957
