,N,Nnf,round,first,hole,board,Nsim,prWin,prWinStd,pot,bet,maxBet,NMaxBet,minBet,util_fold,util_call,util_raise_coeff,util_call2,util_raise_coeff2,action,amount,cputime
0,7,7,Deal,0,♣J ♥K,,40,0.22857142857142856,0.416251493838099,0,0,40,1,40,0,24.0,0.5999999999999999,-21.714285714285715,-0.5428571428571429,raise,0,0.5250658988952637
1,7,7,Deal,0,♣J ♥K,,150,0.19523809523809524,0.39006947459566466,0,80,160,1,80,-80,58.66666666666666,0.3666666666666667,-97.52380952380952,-0.6095238095238096,raise,0,0.524744987487793
2,7,6,Flop,0,♣J ♥K,♦3 ♣7 ♥5,25,0.12,0.32496153618543844,2080,0,58,2,58,-320,-86.63999999999999,-0.28,-114.48000000000002,-0.76,call,0,0.52345871925354
3,7,6,Turn,0,♣J ♥K,♦3 ♣7 ♥5 ♣5,30,0.03333333333333333,0.1795054935711501,2396,0,20,2,20,-378,-314.1333333333333,-0.8,-316.8,-0.9333333333333333,call,0,0.5240368843078613
