,N,Nnf,round,first,hole,board,Nsim,prWin,prWinStd,pot,bet,maxBet,NMaxBet,minBet,util_fold,util_call,util_raise_coeff,util_call2,util_raise_coeff2,action,amount,cputime
0,8,8,Deal,0,♠8 ♠10,,50,0.19,0.3858756276314948,0,0,40,1,40,0,20.799999999999997,0.52,-24.8,-0.62,raise,0,0.5227680206298828
1,8,8,Deal,0,♠8 ♠10,,155,0.15483870967741936,0.35272095310546187,0,80,174,1,94,-80,41.53548387096774,0.2387096774193549,-120.11612903225807,-0.6903225806451613,raise,0,0.52435302734375
2,8,8,Flop,0,♠8 ♠10,♥Q ♦10 ♣K,40,0.08416666666666668,0.2638378605633897,2741,0,33,3,33,-348,-128.07916666666662,-0.32666666666666655,-144.74416666666662,-0.8316666666666667,call,0,0.5234661102294922
3,8,7,Flop,0,♠8 ♠10,♥Q ♦10 ♣K,115,0.08797101449275363,0.2635923128097645,2741,33,95,2,62,-381,-143.37072463768112,-0.38420289855072465,-185.15695652173912,-0.8240579710144927,call,0,0.5253744125366211
4,8,7,Turn,0,♠8 ♠10,♥Q ♦10 ♣K ♦6,25,0.02,0.09797958971132714,3344,0,28,1,28,-443,-400.2,-0.86,-403.0,-0.96,call,0,0.5353560447692871
5,8,7,Turn,0,♠8 ♠10,♥Q ♦10 ♣K ♦6,90,0.08888888888888889,0.2746490465401839,3344,28,40,2,12,-471,-160.86666666666662,-0.37777777777777777,-178.64444444444445,-0.8222222222222222,call,0,0.5225179195404053
6,8,7,River,0,♠8 ♠10,♥Q ♦10 ♣K ♦6 ♥10,25,0.58,0.44,3584,0,517,2,517,-483,3177.74,3.0599999999999996,1678.4399999999996,0.15999999999999992,raise,0,0.5313222408294678
