,N,Nnf,round,first,hole,board,Nsim,prWin,prWinStd,pot,bet,maxBet,NMaxBet,minBet,util_fold,util_call,util_raise_coeff,util_call2,util_raise_coeff2,action,amount,cputime
0,7,7,Deal,0,♦A ♣5,,55,0.16060606060606059,0.3552828384777463,0,40,214,1,174,-40,26.587878787878765,0.12424242424242404,-145.26060606060605,-0.6787878787878788,raise,0,0.5298237800598145
1,7,7,Deal,0,♦A ♣5,,125,0.14266666666666666,0.33843036375465946,0,428,856,1,428,-428,-1.141333333333364,-0.0013333333333334085,-611.7546666666667,-0.7146666666666667,call,0,0.5263032913208008
2,7,7,Flop,1,♦A ♣5,♦J ♠10 ♦8,5,0.0,0.0,3424,0,0,7,80,-856,-856.0,-1.0,-856.0,-1.0,call,0,0.531541109085083
3,7,7,Flop,0,♦A ♣5,♦J ♠10 ♦8,75,0.08,0.2712931993250107,3424,80,249,1,169,-936,-691.64,-0.43999999999999995,-791.24,-0.84,call,0,0.5225830078125
