,N,Nnf,round,first,hole,board,Nsim,prWin,prWinStd,pot,bet,maxBet,NMaxBet,minBet,util_fold,util_call,util_raise_coeff,util_call2,util_raise_coeff2,action,amount,cputime
0,7,7,Deal,0,♥7 ♦A,,40,0.1875,0.36550478793033614,0,0,80,1,80,0,25.0,0.3125,-50.0,-0.625,raise,0,0.5234451293945312
1,7,6,Deal,0,♥7 ♦A,,120,0.1625,0.36033838263498935,0,160,175,1,15,-160,-4.375,-0.02499999999999991,-118.125,-0.675,call,0,0.5252459049224854
2,7,6,Deal,0,♥7 ♦A,,165,0.16363636363636364,0.361661302977835,0,175,281,2,106,-175,-5.109090909090924,-0.018181818181818188,-189.03636363636363,-0.6727272727272727,call,0,0.5227899551391602
3,7,6,Flop,0,♥7 ♦A,♠3 ♦4 ♥9,25,0.18,0.3709447398198282,923,0,44,1,44,-281,-111.34000000000003,0.08000000000000007,-143.02,-0.64,raise,0,0.5214040279388428
4,7,6,Flop,0,♥7 ♦A,♠3 ♦4 ♥9,65,0.14615384615384616,0.34777398632176354,923,88,154,1,66,-369,-165.05384615384617,-0.12307692307692308,-255.08461538461538,-0.7076923076923076,call,0,0.5210158824920654
5,7,6,Turn,0,♥7 ♦A,♠3 ♦4 ♥9 ♣2,30,0.1,0.3,1385,0,139,2,139,-435,-352.1,-0.3999999999999999,-407.7,-0.8,call,0,0.5215170383453369
6,7,6,River,0,♥7 ♦A,♠3 ♦4 ♥9 ♣2 ♣9,25,0.0,0.0,1802,0,115,2,115,-574,-689.0,-1.0,-689.0,-1.0,fold,0,0.523219108581543
