,N,Nnf,round,first,hole,board,Nsim,prWin,prWinStd,pot,bet,maxBet,NMaxBet,minBet,util_fold,util_call,util_raise_coeff,util_call2,util_raise_coeff2,action,amount,cputime
0,7,7,Deal,0,♥5 ♦J,,65,0.16923076923076924,0.36455371110993184,0,0,150,1,150,0,27.692307692307708,0.18461538461538463,-99.23076923076923,-0.6615384615384615,raise,0,0.5253419876098633
1,7,7,Flop,0,♥5 ♦J,♣3 ♥6 ♣5,70,0.18571428571428572,0.38887593110903423,1887,0,51,2,51,-300,65.74285714285719,0.30000000000000004,18.3857142857143,-0.6285714285714286,raise,0,0.528461217880249
