,N,Nnf,round,first,hole,board,Nsim,prWin,prWinStd,pot,bet,maxBet,NMaxBet,minBet,util_fold,util_call,util_raise_coeff,util_call2,util_raise_coeff2,action,amount,cputime
0,7,7,Deal,0,♦A ♦5,,25,0.3,0.44721359549995787,0,0,20,2,20,0,22.0,1.1,-8.0,-0.4,raise,0,0.5220270156860352
1,7,7,Deal,0,♦A ♦5,,75,0.22888888888888886,0.39230877232035755,0,40,82,2,42,-40,49.382222222222225,0.602222222222222,-44.46222222222222,-0.5422222222222223,raise,0,0.5225419998168945
2,7,7,Flop,0,♦A ♦5,♣6 ♥Q ♠Q,40,0.1,0.2783882181415011,656,0,64,3,64,-164,-117.6,-0.29999999999999993,-149.6,-0.8,call,0,0.5259099006652832
3,7,7,Turn,0,♦A ♦5,♣6 ♥Q ♠Q ♣Q,40,0.0375,0.17275343701356569,912,0,30,3,30,-228,-215.925,-0.7375,-221.55,-0.925,call,0,0.5262410640716553
4,7,7,River,0,♦A ♦5,♣6 ♥Q ♠Q ♣Q ♥4,40,0.0125,0.07806247497997998,1032,0,20,3,20,-258,-263.35,-0.9125,-264.6,-0.975,fold,0,0.5259690284729004
