,N,Nnf,round,first,hole,board,Nsim,prWin,prWinStd,pot,bet,maxBet,NMaxBet,minBet,util_fold,util_call,util_raise_coeff,util_call2,util_raise_coeff2,action,amount,cputime
0,7,6,Deal,0,♦Q ♠7,,55,0.14545454545454545,0.33942099459262665,0,40,146,1,106,-40,-18.581818181818193,-0.12727272727272732,-103.52727272727273,-0.7090909090909091,call,0,0.5267319679260254
1,7,6,Deal,0,♦Q ♠7,,90,0.17777777777777778,0.3675074535231384,0,146,314,2,168,-146,20.933333333333337,0.06666666666666665,-202.35555555555555,-0.6444444444444444,raise,0,0.5242910385131836
2,7,6,Flop,1,♦Q ♠7,♦9 ♣5 ♥K,5,0.0,0.0,1884,0,0,7,80,-628,-628.0,-1.0,-628.0,-1.0,call,0,0.5225498676300049
3,7,6,Flop,0,♦Q ♠7,♦9 ♣5 ♥K,45,0.044444444444444446,0.17708197167232476,1884,80,117,2,37,-708,-630.0666666666666,-0.7333333333333334,-650.8666666666667,-0.9111111111111111,call,0,0.5248901844024658
4,7,6,Turn,1,♦Q ♠7,♦9 ♣5 ♥K ♣10,5,0.2,0.4,2235,0,0,7,80,-745,-298.0,0.20000000000000018,-298.0,-0.6,raise,0,0.5209140777587891
5,7,6,Turn,0,♦Q ♠7,♦9 ♣5 ♥K ♣10,40,0.1,0.2783882181415011,2235,80,162,1,82,-825,-586.3,-0.3999999999999999,-651.1,-0.8,call,0,0.5207140445709229
6,7,6,Turn,0,♦Q ♠7,♦9 ♣5 ♥K ♣10,80,0.0625,0.21469455046647085,2235,162,226,2,64,-907,-746.5625,-0.625,-803.0625,-0.875,call,0,0.5285167694091797
7,7,6,River,1,♦Q ♠7,♦9 ♣5 ♥K ♣10 ♠8,5,0.0,0.0,2913,0,0,7,80,-971,-971.0,-1.0,-971.0,-1.0,call,0,0.5251131057739258
8,7,6,River,0,♦Q ♠7,♦9 ♣5 ♥K ♣10 ♠8,45,0.0,0.0,2913,80,310,2,230,-1051,-1281.0,-1.0,-1281.0,-1.0,fold,0,0.5247988700866699
