,N,Nnf,round,first,hole,board,Nsim,prWin,prWinStd,pot,bet,maxBet,NMaxBet,minBet,util_fold,util_call,util_raise_coeff,util_call2,util_raise_coeff2,action,amount,cputime
0,7,7,Deal,0,♠Q ♠J,,10,0.2,0.4000000000000001,0,0,80,1,80,0,32.0,0.40000000000000013,-48.0,-0.6,raise,0,0.5225560665130615
1,7,7,Deal,0,♠Q ♠J,,80,0.28928571428571426,0.4447683414441954,0,160,320,1,160,-160,327.9999999999999,1.025,-134.8571428571429,-0.4214285714285715,raise,0,0.5274760723114014
2,7,7,Deal,0,♠Q ♠J,,150,0.2676190476190476,0.4380062021325451,0,640,1280,1,640,-640,1117.8666666666663,0.8733333333333331,-594.8952380952381,-0.4647619047619048,raise,0,0.5271201133728027
