,N,Nnf,round,first,hole,board,Nsim,prWin,prWinStd,pot,bet,maxBet,NMaxBet,minBet,util_fold,util_call,util_raise_coeff,util_call2,util_raise_coeff2,action,amount,cputime
0,8,7,Deal,0,♥10 ♥7,,65,0.15384615384615385,0.3499788666485331,0,20,53,2,33,-20,4.076923076923087,0.0769230769230771,-36.69230769230769,-0.6923076923076923,raise,0,0.5233559608459473
1,8,7,Deal,0,♥10 ♥7,,115,0.14782608695652175,0.34245858552200376,0,106,116,1,10,-106,4.034782608695664,0.034782608695652195,-81.70434782608694,-0.7043478260869565,raise,0,0.5213942527770996
2,8,7,Flop,1,♥10 ♥7,♠J ♠5 ♣3,5,0.0,0.0,938,0,0,8,20,-232,-232.0,-1.0,-232.0,-1.0,call,0,0.5309710502624512
3,8,7,Flop,0,♥10 ♥7,♠J ♠5 ♣3,50,0.04,0.19595917942265428,938,20,48,3,28,-252,-229.04,-0.72,-238.64,-0.92,call,0,0.522517204284668
4,8,7,Turn,1,♥10 ♥7,♠J ♠5 ♣3 ♣7,5,0.0,0.0,1130,0,0,8,20,-280,-280.0,-1.0,-280.0,-1.0,call,0,0.5262048244476318
5,8,7,Turn,0,♥10 ♥7,♠J ♠5 ♣3 ♣7,50,0.14,0.3469870314579494,1130,20,38,3,18,-300,-122.55999999999997,-0.019999999999999907,-149.15999999999997,-0.72,call,0,0.5213232040405273
6,8,7,River,1,♥10 ♥7,♠J ♠5 ♣3 ♣7 ♠9,5,0.0,0.0,1282,0,0,8,20,-318,-318.0,-1.0,-318.0,-1.0,call,0,0.5241720676422119
7,8,7,River,0,♥10 ♥7,♠J ♠5 ♣3 ♣7 ♠9,50,0.0,0.0,1282,20,72,3,52,-338,-390.0,-1.0,-390.0,-1.0,fold,0,0.5248680114746094
