,N,Nnf,round,first,hole,board,Nsim,prWin,prWinStd,pot,bet,maxBet,NMaxBet,minBet,util_fold,util_call,util_raise_coeff,util_call2,util_raise_coeff2,action,amount,cputime
0,7,7,Deal,0,♠10 ♠9,,100,0.22642857142857142,0.4079634587478018,0,20,61,6,41,-20,35.68499999999999,0.585,-33.37571428571429,-0.5471428571428572,raise,0,0.5234799385070801
1,7,7,Flop,0,♠10 ♠9,♠7 ♣9 ♣5,35,0.2714285714285714,0.4365916225696036,854,0,20,1,20,-122,127.79999999999995,0.8999999999999999,100.65714285714284,-0.4571428571428572,raise,0,0.523637056350708
2,7,7,Flop,0,♠10 ♠9,♠7 ♣9 ♣5,140,0.23214285714285715,0.4200795600058325,854,40,156,1,116,-162,173.75,0.625,-7.321428571428555,-0.5357142857142857,raise,0,0.530055046081543
3,7,7,Flop,0,♠10 ♠9,♠7 ♣9 ♣5,245,0.2163265306122449,0.40925364560255745,854,312,609,1,297,-434,375.9428571428573,0.5142857142857145,-282.7714285714285,-0.5673469387755101,raise,0,0.529857873916626
4,7,7,Turn,1,♠10 ♠9,♠7 ♣9 ♣5 ♠3,5,0.2,0.4000000000000001,5873,0,0,7,20,-1340,-165.39999999999986,0.40000000000000013,-165.39999999999986,-0.6,raise,0,0.5244801044464111
5,7,7,Turn,0,♠10 ♠9,♠7 ♣9 ♣5 ♠3,45,0.26666666666666666,0.4422166387140534,5873,20,68,1,48,-1360,285.0666666666666,0.8666666666666667,194.39999999999986,-0.4666666666666667,raise,0,0.5227210521697998
6,7,7,Turn,0,♠10 ♠9,♠7 ♣9 ♣5 ♠3,85,0.24705882352941178,0.4313012418781967,5873,136,139,1,3,-1476,212.36470588235306,0.7294117647058824,40.65882352941185,-0.5058823529411764,raise,0,0.51987624168396
7,7,7,River,1,♠10 ♠9,♠7 ♣9 ♣5 ♠3 ♣8,5,0.0,0.0,6707,0,0,7,20,-1618,-1618.0,-1.0,-1618.0,-1.0,call,0,0.5235140323638916
8,7,7,River,0,♠10 ♠9,♠7 ♣9 ♣5 ♠3 ♣8,45,0.05555555555555555,0.21659542988464361,6707,20,28,2,8,-1638,-1262.5,-0.6111111111111112,-1270.2777777777778,-0.8888888888888888,call,0,0.5240457057952881
