,N,Nnf,round,first,hole,board,Nsim,prWin,prWinStd,pot,bet,maxBet,NMaxBet,minBet,util_fold,util_call,util_raise_coeff,util_call2,util_raise_coeff2,action,amount,cputime
0,8,8,Deal,0,♦J ♥3,,60,0.11666666666666667,0.32102267140430374,0,10,132,1,122,-10,-8.799999999999997,-0.06666666666666665,-101.2,-0.7666666666666666,call,0,0.5307760238647461
1,8,8,Deal,0,♦J ♥3,,130,0.1076923076923077,0.3037244157292251,0,132,278,1,146,-132,-38.49230769230769,-0.1384615384615384,-218.12307692307692,-0.7846153846153846,call,0,0.5230698585510254
2,8,8,Flop,1,♦J ♥3,♥5 ♦K ♦7,5,0.0,0.0,1390,0,0,8,20,-278,-278.0,-1.0,-278.0,-1.0,call,0,0.5240638256072998
3,8,7,Flop,0,♦J ♥3,♥5 ♦K ♦7,80,0.05,0.21794494717703364,1390,20,130,1,110,-298,-293.0,-0.6499999999999999,-325.5,-0.9,call,0,0.5254950523376465
4,8,7,Turn,1,♦J ♥3,♥5 ♦K ♦7 ♦10,5,0.0,0.0,1910,0,0,8,20,-408,-408.0,-1.0,-408.0,-1.0,call,0,0.5220441818237305
5,8,7,River,1,♦J ♥3,♥5 ♦K ♦7 ♦10 ♦9,5,0.8,0.4000000000000001,1990,0,0,8,20,-428,1164.0,4.6000000000000005,1164.0,0.6000000000000001,raise,0,0.5310940742492676
6,8,7,River,0,♦J ♥3,♥5 ♦K ♦7 ♦10 ♦9,65,0.4153846153846154,0.4927882270168297,1990,20,120,1,100,-448,627.5384615384614,1.907692307692308,378.3076923076924,-0.16923076923076918,raise,0,0.5273888111114502
7,8,7,River,0,♦J ♥3,♥5 ♦K ♦7 ♦10 ♦9,130,0.43846153846153846,0.4961985668575427,1990,240,480,1,240,-668,1437.7692307692305,2.069230769230769,385.46153846153857,-0.12307692307692308,raise,0,0.5233128070831299
