,N,Nnf,round,first,hole,board,Nsim,prWin,prWinStd,pot,bet,maxBet,NMaxBet,minBet,util_fold,util_call,util_raise_coeff,util_call2,util_raise_coeff2,action,amount,cputime
0,7,6,Deal,0,♠J ♦5,,65,0.25384615384615383,0.4307692307692308,0,0,53,1,53,0,27.723076923076917,0.523076923076923,-26.092307692307692,-0.49230769230769234,raise,0,0.5257699489593506
1,7,6,Deal,0,♠J ♦5,,140,0.17142857142857143,0.37211475078946016,0,106,125,1,19,-106,3.571428571428555,0.02857142857142847,-82.14285714285714,-0.6571428571428571,raise,0,0.5166919231414795
2,7,6,Flop,0,♠J ♦5,♣8 ♥J ♣5,50,0.5,0.5,1500,0,58,1,58,-250,616.0,2.0,500.0,0.0,raise,0,0.5277221202850342
3,7,6,Turn,0,♠J ♦5,♣8 ♥J ♣5 ♥3,55,0.5909090909090909,0.4870216449446864,2196,0,70,1,70,-366,1109.818181818182,2.545454545454546,944.3636363636365,0.18181818181818188,raise,0,0.5228650569915771
4,7,6,River,0,♠J ♦5,♣8 ♥J ♣5 ♥3 ♥6,50,0.44,0.4963869458396343,3036,0,65,3,65,-506,936.44,1.6400000000000001,822.04,-0.12,raise,0,0.5268359184265137
5,7,5,River,0,♠J ♦5,♣8 ♥J ♣5 ♥3 ♥6,125,0.48,0.4955804677345546,3036,130,144,3,14,-636,1152.88,1.4,945.52,-0.040000000000000036,raise,0,0.525825023651123
