,N,Nnf,round,first,hole,board,Nsim,prWin,prWinStd,pot,bet,maxBet,NMaxBet,minBet,util_fold,util_call,util_raise_coeff,util_call2,util_raise_coeff2,action,amount,cputime
0,7,6,Deal,0,♣9 ♦2,,90,0.09259259259259257,0.28556972631409233,0,10,66,1,56,-10,-29.333333333333343,-0.44444444444444453,-53.77777777777778,-0.8148148148148149,fold,0,0.5264461040496826
