,N,Nnf,round,first,hole,board,Nsim,prWin,prWinStd,pot,bet,maxBet,NMaxBet,minBet,util_fold,util_call,util_raise_coeff,util_call2,util_raise_coeff2,action,amount,cputime
0,7,6,Deal,0,♥K ♠7,,55,0.23896103896103896,0.41296659265042585,0,0,40,2,40,0,17.35064935064935,0.4337662337662338,-20.883116883116884,-0.5220779220779221,raise,0,0.5236983299255371
1,7,6,Deal,0,♥K ♠7,,110,0.20259740259740258,0.39342076130937237,0,80,179,2,99,-80,38.58961038961036,0.21558441558441555,-106.47012987012988,-0.5948051948051949,raise,0,0.5247209072113037
2,7,6,Flop,0,♥K ♠7,♠3 ♥7 ♠Q,25,0.12,0.3249615361854384,1155,0,91,1,91,-358,-244.88,-0.28,-288.56,-0.76,call,0,0.5227618217468262
3,7,6,Flop,0,♥K ♠7,♠3 ♥7 ♠Q,65,0.18461538461538463,0.38798523732056894,1155,91,160,1,69,-449,-127.53846153846155,0.10769230769230775,-245.69230769230768,-0.6307692307692307,raise,0,0.5213062763214111
4,7,6,Turn,0,♥K ♠7,♠3 ♥7 ♠Q ♦K,30,0.6666666666666666,0.4714045207910317,2115,0,64,2,64,-678,924.0,3.0,753.3333333333333,0.33333333333333326,raise,0,0.526914119720459
5,7,6,River,0,♥K ♠7,♠3 ♥7 ♠Q ♦K ♦2,30,0.8666666666666667,0.33993463423951903,2499,0,111,2,111,-806,1826.0,4.2,1441.2000000000003,0.7333333333333334,raise,0,0.5272860527038574
