,N,Nnf,round,first,hole,board,Nsim,prWin,prWinStd,pot,bet,maxBet,NMaxBet,minBet,util_fold,util_call,util_raise_coeff,util_call2,util_raise_coeff2,action,amount,cputime
0,7,7,Deal,0,♥5 ♠5,,5,0.4,0.48989794855663565,0,0,80,1,80,0,144.0,1.8000000000000003,-16.0,-0.19999999999999996,raise,0,0.5238959789276123
1,7,7,Deal,0,♥5 ♠5,,75,0.21523809523809523,0.40899633804613383,0,160,624,1,464,-160,316.15999999999985,0.5066666666666666,-355.3828571428572,-0.5695238095238095,raise,0,0.5243909358978271
2,7,7,Flop,0,♥5 ♠5,♠7 ♠6 ♣5,45,0.4444444444444444,0.49690399499995336,3757,0,530,1,530,-1248,1540.666666666666,2.1111111111111107,362.8888888888887,-0.11111111111111116,raise,0,0.5246820449829102
