,N,Nnf,round,first,hole,board,Nsim,prWin,prWinStd,pot,bet,maxBet,NMaxBet,minBet,util_fold,util_call,util_raise_coeff,util_call2,util_raise_coeff2,action,amount,cputime
0,7,7,Deal,0,♣8 ♦K,,45,0.19629629629629627,0.36899745539102025,0,0,160,1,160,0,59.85185185185185,0.374074074074074,-97.18518518518519,-0.6074074074074074,raise,0,0.52958083152771
1,7,7,Deal,0,♣8 ♦K,,115,0.19855072463768114,0.3881677834433708,0,320,398,2,78,-320,155.1623188405797,0.38985507246376794,-239.9536231884058,-0.6028985507246377,raise,0,0.5217199325561523
2,7,6,Deal,0,♣8 ♦K,,185,0.16936936936936936,0.36616496211705574,0,796,5222,2,4426,-796,84.68108108108117,0.01621621621621605,-3453.1063063063066,-0.6612612612612613,raise,0,0.5207760334014893
