,N,Nnf,round,first,hole,board,Nsim,prWin,prWinStd,pot,bet,maxBet,NMaxBet,minBet,util_fold,util_call,util_raise_coeff,util_call2,util_raise_coeff2,action,amount,cputime
0,7,7,Deal,0,♦10 ♥3,,55,0.15454545454545454,0.35512772699317474,0,0,88,1,88,0,7.200000000000003,0.08181818181818179,-60.8,-0.6909090909090909,raise,0,0.525439977645874
1,7,6,Flop,0,♦10 ♥3,♠7 ♠A ♠J,40,0.0,0.0,1144,0,77,3,77,-176,-253.0,-1.0,-253.0,-1.0,fold,0,0.5308248996734619
