,N,Nnf,round,first,hole,board,Nsim,prWin,prWinStd,pot,bet,maxBet,NMaxBet,minBet,util_fold,util_call,util_raise_coeff,util_call2,util_raise_coeff2,action,amount,cputime
0,8,7,Deal,0,♣K ♥8,,90,0.05555555555555555,0.22906142364542556,0,10,53,2,43,-10,-32.388888888888886,-0.6111111111111112,-47.111111111111114,-0.8888888888888888,fold,0,0.522172212600708
