,N,Nnf,round,first,hole,board,Nsim,prWin,prWinStd,pot,bet,maxBet,NMaxBet,minBet,util_fold,util_call,util_raise_coeff,util_call2,util_raise_coeff2,action,amount,cputime
0,7,6,Deal,0,♦8 ♦2,,75,0.09777777777777777,0.29198342587834386,0,40,78,1,38,-40,-32.24,-0.41333333333333333,-62.74666666666667,-0.8044444444444445,call,0,0.5248723030090332
1,7,6,Deal,0,♦8 ♦2,,115,0.09855072463768115,0.29479842632095354,0,78,134,1,56,-78,-54.76521739130436,-0.4086956521739131,-107.58840579710144,-0.8028985507246377,call,0,0.5240340232849121
2,7,6,Deal,0,♦8 ♦2,,155,0.1021505376344086,0.2977737569251713,0,134,168,2,34,-134,-65.03225806451613,-0.3870967741935485,-133.67741935483872,-0.7956989247311828,call,0,0.5208461284637451
3,7,6,Flop,1,♦8 ♦2,♣7 ♦9 ♣4,5,0.0,0.0,524,0,0,7,40,-168,-168.0,-1.0,-168.0,-1.0,call,0,0.5226891040802002
4,7,6,Flop,0,♦8 ♦2,♣7 ♦9 ♣4,45,0.08888888888888889,0.2845832994414599,524,40,135,2,95,-208,-184.42222222222222,-0.4666666666666667,-232.42222222222222,-0.8222222222222222,call,0,0.5206191539764404
5,7,6,Turn,1,♦8 ♦2,♣7 ♦9 ♣4 ♣A,5,0.0,0.0,929,0,0,7,40,-303,-303.0,-1.0,-303.0,-1.0,call,0,0.5274670124053955
6,7,6,Turn,0,♦8 ♦2,♣7 ♦9 ♣4 ♣A,45,0.0,0.0,929,40,116,2,76,-343,-419.0,-1.0,-419.0,-1.0,fold,0,0.5209958553314209
