,N,Nnf,round,first,hole,board,Nsim,prWin,prWinStd,pot,bet,maxBet,NMaxBet,minBet,util_fold,util_call,util_raise_coeff,util_call2,util_raise_coeff2,action,amount,cputime
0,7,6,Deal,0,♥K ♠A,,65,0.23296703296703297,0.42048729358009296,0,0,99,2,99,0,39.38241758241759,0.3978021978021977,-52.87252747252747,-0.5340659340659341,raise,0,0.523007869720459
1,7,6,Deal,0,♥K ♠A,,130,0.2368131868131868,0.4206254794781618,0,198,243,1,45,-198,102.27362637362637,0.4208791208791207,-127.90879120879121,-0.5263736263736264,raise,0,0.5272340774536133
