,N,Nnf,round,first,hole,board,Nsim,prWin,prWinStd,pot,bet,maxBet,NMaxBet,minBet,util_fold,util_call,util_raise_coeff,util_call2,util_raise_coeff2,action,amount,cputime
0,7,7,Deal,0,♣8 ♥8,,55,0.1844155844155844,0.38494172488411144,0,20,80,1,60,-20,23.272727272727252,0.2909090909090908,-50.4935064935065,-0.6311688311688313,raise,0,0.5240561962127686
