,N,Nnf,round,first,hole,board,Nsim,prWin,prWinStd,pot,bet,maxBet,NMaxBet,minBet,util_fold,util_call,util_raise_coeff,util_call2,util_raise_coeff2,action,amount,cputime
0,8,7,Deal,0,♥8 ♠A,,80,0.2,0.3921096785339531,0,0,75,1,75,0,30.0,0.40000000000000013,-45.0,-0.6,raise,0,0.5261530876159668
1,8,7,Deal,0,♥8 ♠A,,150,0.15333333333333332,0.35565276448931044,0,150,6010,1,5860,-150,440.7333333333336,0.07333333333333325,-4166.933333333333,-0.6933333333333334,raise,0,0.5195918083190918
