,N,Nnf,round,first,hole,board,Nsim,prWin,prWinStd,pot,bet,maxBet,NMaxBet,minBet,util_fold,util_call,util_raise_coeff,util_call2,util_raise_coeff2,action,amount,cputime
0,7,7,Deal,0,♠K ♣5,,90,0.13306878306878306,0.3297787504425387,0,10,144,1,134,-10,-9.866666666666674,-0.06851851851851865,-105.67619047619047,-0.7338624338624339,call,0,0.5220489501953125
1,7,7,Flop,1,♠K ♣5,♣4 ♦7 ♣2,5,0.2,0.4000000000000001,1008,0,0,7,20,-144,57.60000000000002,0.40000000000000013,57.60000000000002,-0.6,raise,0,0.523918867111206
2,7,7,Flop,0,♠K ♣5,♣4 ♦7 ♣2,110,0.06363636363636363,0.24410402876541004,1008,20,73,3,53,-164,-120.33636363636364,-0.5545454545454546,-143.56363636363636,-0.8727272727272728,call,0,0.5223097801208496
3,7,7,Flop,0,♠K ♣5,♣4 ♦7 ♣2,220,0.06136363636363636,0.23278541532230249,1008,73,84,6,11,-217,-130.06363636363636,-0.5704545454545454,-155.83636363636364,-0.8772727272727273,call,0,0.5303590297698975
4,7,7,Turn,1,♠K ♣5,♣4 ♦7 ♣2 ♠J,5,0.0,0.0,1596,0,0,7,20,-228,-228.0,-1.0,-228.0,-1.0,call,0,0.5241882801055908
5,7,7,Turn,0,♠K ♣5,♣4 ♦7 ♣2 ♠J,115,0.02608695652173913,0.15939393721585526,1596,20,51,6,31,-248,-228.05217391304348,-0.817391304347826,-234.70434782608697,-0.9478260869565217,call,0,0.5246100425720215
6,7,7,River,1,♠K ♣5,♣4 ♦7 ♣2 ♠J ♣J,5,0.0,0.0,1953,0,0,7,20,-279,-279.0,-1.0,-279.0,-1.0,call,0,0.5222511291503906
7,7,7,River,0,♠K ♣5,♣4 ♦7 ♣2 ♠J ♣J,110,0.0,0.0,1953,20,67,4,47,-299,-346.0,-1.0,-346.0,-1.0,fold,0,0.5228891372680664
