,N,Nnf,round,first,hole,board,Nsim,prWin,prWinStd,pot,bet,maxBet,NMaxBet,minBet,util_fold,util_call,util_raise_coeff,util_call2,util_raise_coeff2,action,amount,cputime
0,7,6,Deal,0,♣Q ♦5,,100,0.11642857142857142,0.30683622567707863,0,20,61,2,41,-20,-18.387142857142862,-0.3014285714285715,-46.79571428571428,-0.7671428571428571,call,0,0.5271649360656738
1,7,6,Deal,0,♣Q ♦5,,165,0.12207792207792208,0.3168156907898084,0,61,102,4,41,-61,-27.288311688311694,-0.2675324675324675,-77.0961038961039,-0.7558441558441559,call,0,0.5272459983825684
2,7,6,Flop,1,♣Q ♦5,♥5 ♣8 ♦A,5,0.4,0.48989794855663565,622,0,0,7,20,-102,146.8,1.4000000000000004,146.8,-0.19999999999999996,raise,0,0.5274560451507568
3,7,6,Flop,0,♣Q ♦5,♥5 ♣8 ♦A,70,0.20714285714285716,0.40082822418851993,622,20,66,2,46,-122,42.871428571428595,0.24285714285714288,-11.814285714285688,-0.5857142857142856,raise,0,0.5253660678863525
