,N,Nnf,round,first,hole,board,Nsim,prWin,prWinStd,pot,bet,maxBet,NMaxBet,minBet,util_fold,util_call,util_raise_coeff,util_call2,util_raise_coeff2,action,amount,cputime
0,7,6,Deal,0,♦7 ♥6,,55,0.15454545454545454,0.35512772699317474,0,0,40,2,40,0,-2.9090909090909065,-0.07272727272727275,-27.636363636363637,-0.6909090909090909,fold,0,0.5250990390777588
