,N,Nnf,round,first,hole,board,Nsim,prWin,prWinStd,pot,bet,maxBet,NMaxBet,minBet,util_fold,util_call,util_raise_coeff,util_call2,util_raise_coeff2,action,amount,cputime
0,7,7,Deal,0,♣7 ♣J,,40,0.1625,0.34255474015111803,0,0,80,1,80,0,11.0,0.13749999999999996,-54.0,-0.675,raise,0,0.524467945098877
1,7,7,Flop,0,♣7 ♣J,♥J ♣5 ♠3,60,0.3222222222222222,0.45426646881688065,800,0,140,1,140,-160,273.55555555555554,1.2555555555555555,48.0,-0.3555555555555556,raise,0,0.522028923034668
2,7,6,Flop,0,♣7 ♣J,♥J ♣5 ♠3,140,0.31309523809523804,0.45227285675955753,800,280,6635,1,6355,-440,5919.797619047618,0.8785714285714281,-2389.75,-0.3738095238095239,raise,0,0.5302450656890869
