,N,Nnf,round,first,hole,board,Nsim,prWin,prWinStd,pot,bet,maxBet,NMaxBet,minBet,util_fold,util_call,util_raise_coeff,util_call2,util_raise_coeff2,action,amount,cputime
0,7,6,Deal,0,♠9 ♦5,,80,0.1625,0.36890886408434265,0,20,68,2,48,-20,-1.6999999999999886,-0.02499999999999991,-45.9,-0.675,call,0,0.5207312107086182
1,7,6,Flop,1,♠9 ♦5,♣9 ♦3 ♣K,5,0.2,0.4,282,0,0,7,20,-68,-11.599999999999994,0.20000000000000018,-11.599999999999994,-0.6,raise,0,0.5308518409729004
2,7,6,Flop,0,♠9 ♦5,♣9 ♦3 ♣K,55,0.18181818181818182,0.38569460791993504,282,20,72,3,52,-88,-10.181818181818187,0.09090909090909083,-62.54545454545455,-0.6363636363636364,raise,0,0.5225398540496826
3,7,6,Turn,1,♠9 ♦5,♣9 ♦3 ♣K ♠7,5,0.0,0.0,858,0,0,7,20,-212,-212.0,-1.0,-212.0,-1.0,call,0,0.5243620872497559
4,7,6,Turn,0,♠9 ♦5,♣9 ♦3 ♣K ♠7,60,0.15,0.3570714214271425,858,20,61,2,41,-232,-89.4,-0.10000000000000009,-126.0,-0.7,call,0,0.5309040546417236
5,7,6,Turn,0,♠9 ♦5,♣9 ♦3 ♣K ♠7,110,0.15454545454545454,0.35512772699317474,858,61,67,3,6,-273,-84.27272727272728,-0.07272727272727275,-125.69090909090909,-0.6909090909090909,call,0,0.5211620330810547
6,7,6,River,1,♠9 ♦5,♣9 ♦3 ♣K ♠7 ♠4,5,0.0,0.0,1126,0,0,7,20,-279,-279.0,-1.0,-279.0,-1.0,call,0,0.5308520793914795
7,7,6,River,0,♠9 ♦5,♣9 ♦3 ♣K ♠7 ♠4,60,0.11666666666666667,0.3210226714043038,1126,20,73,1,53,-299,-169.5333333333333,-0.30000000000000004,-203.6,-0.7666666666666666,call,0,0.5230100154876709
8,7,6,River,0,♠9 ♦5,♣9 ♦3 ♣K ♠7 ♠4,110,0.11363636363636363,0.3137680882804057,1126,73,101,2,28,-352,-183.1818181818182,-0.31818181818181823,-229.0909090909091,-0.7727272727272727,call,0,0.5269050598144531
