,N,Nnf,round,first,hole,board,Nsim,prWin,prWinStd,pot,bet,maxBet,NMaxBet,minBet,util_fold,util_call,util_raise_coeff,util_call2,util_raise_coeff2,action,amount,cputime
0,7,6,Deal,0,♣8 ♥10,,65,0.14835164835164835,0.3472944751670898,0,40,79,1,39,-40,-8.681318681318686,-0.10989010989010994,-55.56043956043956,-0.7032967032967032,call,0,0.5221841335296631
1,7,6,Deal,0,♣8 ♥10,,105,0.17755102040816326,0.37110324393530786,0,79,197,2,118,-79,12.865306122448999,0.06530612244897949,-127.04489795918367,-0.6448979591836734,raise,0,0.5230939388275146
2,7,6,Flop,1,♣8 ♥10,♠10 ♥3 ♣5,5,0.6,0.48989794855663565,1202,0,0,7,40,-394,327.19999999999993,2.5999999999999996,327.19999999999993,0.19999999999999996,raise,0,0.5270869731903076
3,7,6,Flop,0,♣8 ♥10,♠10 ♥3 ♣5,45,0.2777777777777778,0.44165793143003973,1202,40,98,1,58,-434,5.222222222222285,0.6666666666666667,-103.66666666666663,-0.4444444444444444,raise,0,0.5250098705291748
4,7,6,Turn,1,♣8 ♥10,♠10 ♥3 ♣5 ♦4,5,0.2,0.4,1692,0,0,7,40,-590,-251.59999999999997,0.20000000000000018,-251.59999999999997,-0.6,raise,0,0.5231239795684814
5,7,6,Turn,0,♣8 ♥10,♠10 ♥3 ♣5 ♦4,35,0.3142857142857143,0.4642307659791977,1692,40,54,1,14,-630,-10.399999999999977,0.8857142857142857,-78.28571428571422,-0.37142857142857144,raise,0,0.521630048751831
6,7,6,River,1,♣8 ♥10,♠10 ♥3 ♣5 ♦4 ♥4,5,0.2,0.4000000000000001,1908,0,0,7,40,-698,-316.4,0.20000000000000018,-316.4,-0.6,raise,0,0.5284337997436523
7,7,6,River,0,♣8 ♥10,♠10 ♥3 ♣5 ♦4 ♥4,35,0.2857142857142857,0.45175395145262565,1908,40,64,1,24,-738,-107.14285714285722,0.7142857142857142,-180.28571428571433,-0.4285714285714286,raise,0,0.5232162475585938
8,7,6,River,0,♣8 ♥10,♠10 ♥3 ♣5 ♦4 ♥4,60,0.25,0.4330127018922193,1908,128,14356,1,14228,-826,6957.0,0.5,-7399.0,-0.5,raise,0,0.5224320888519287
