,N,Nnf,round,first,hole,board,Nsim,prWin,prWinStd,pot,bet,maxBet,NMaxBet,minBet,util_fold,util_call,util_raise_coeff,util_call2,util_raise_coeff2,action,amount,cputime
0,7,7,Deal,0,♣2 ♠7,,45,0.06984126984126984,0.24948422481763174,0,0,40,1,40,0,-20.444444444444446,-0.5111111111111111,-34.41269841269841,-0.8603174603174604,fold,0,0.5261809825897217
