,N,Nnf,round,first,hole,board,Nsim,prWin,prWinStd,pot,bet,maxBet,NMaxBet,minBet,util_fold,util_call,util_raise_coeff,util_call2,util_raise_coeff2,action,amount,cputime
0,8,7,Deal,0,♥10 ♠A,,90,0.17777777777777778,0.3823255674241167,0,20,65,4,45,-20,15.888888888888886,0.24444444444444446,-41.888888888888886,-0.6444444444444444,raise,0,0.5278279781341553
1,8,7,Flop,1,♥10 ♠A,♦J ♠10 ♣5,5,0.2,0.4,731,0,0,8,20,-130,16.200000000000017,0.40000000000000013,16.200000000000017,-0.6,raise,0,0.5242140293121338
2,8,6,Flop,0,♥10 ♠A,♦J ♠10 ♣5,50,0.08,0.2712931993250107,731,20,25,2,5,-150,-84.52,-0.52,-92.52,-0.84,call,0,0.5250849723815918
3,8,6,Turn,1,♥10 ♠A,♦J ♠10 ♣5 ♠5,5,0.0,0.0,806,0,0,8,20,-155,-155.0,-1.0,-155.0,-1.0,call,0,0.5185589790344238
4,8,6,Turn,0,♥10 ♠A,♦J ♠10 ♣5 ♠5,35,0.18571428571428572,0.37958086444532635,806,20,77,2,57,-175,3.4857142857142946,0.11428571428571432,-53.71428571428572,-0.6285714285714286,raise,0,0.5259749889373779
5,8,6,River,1,♥10 ♠A,♦J ♠10 ♣5 ♠5 ♦4,5,0.0,0.0,1268,0,0,8,20,-309,-309.0,-1.0,-309.0,-1.0,call,0,0.5222899913787842
6,8,6,River,0,♥10 ♠A,♦J ♠10 ♣5 ♠5 ♦4,35,0.11428571428571428,0.318157963590287,1268,20,66,2,46,-329,-184.82857142857142,-0.3142857142857143,-215.0,-0.7714285714285715,call,0,0.5202202796936035
