,N,Nnf,round,first,hole,board,Nsim,prWin,prWinStd,pot,bet,maxBet,NMaxBet,minBet,util_fold,util_call,util_raise_coeff,util_call2,util_raise_coeff2,action,amount,cputime
0,7,7,Deal,0,♠K ♦10,,55,0.21818181818181817,0.4018552019145517,0,0,80,1,80,0,42.18181818181817,0.5272727272727271,-45.09090909090909,-0.5636363636363637,raise,0,0.5267059803009033
1,7,6,Flop,0,♠K ♦10,♣4 ♥3 ♠3,40,0.008333333333333333,0.05204164998665331,720,0,94,3,94,-160,-243.3,-0.95,-246.43333333333334,-0.9833333333333333,fold,0,0.5237548351287842
