,N,Nnf,round,first,hole,board,Nsim,prWin,prWinStd,pot,bet,maxBet,NMaxBet,minBet,util_fold,util_call,util_raise_coeff,util_call2,util_raise_coeff2,action,amount,cputime
0,7,7,Deal,0,♠J ♠3,,65,0.17142857142857143,0.3743754610965729,0,20,130,1,110,-20,26.0,0.19999999999999996,-85.42857142857143,-0.6571428571428571,raise,0,0.5278000831604004
1,7,7,Flop,1,♠J ♠3,♣10 ♦8 ♦A,5,0.0,0.0,1298,0,0,7,40,-260,-260.0,-1.0,-260.0,-1.0,call,0,0.5301806926727295
2,7,6,Flop,0,♠J ♠3,♣10 ♦8 ♦A,80,0.025,0.15612494995995996,1298,40,100,2,60,-300,-312.55,-0.85,-322.55,-0.95,fold,0,0.5212521553039551
