,N,Nnf,round,first,hole,board,Nsim,prWin,prWinStd,pot,bet,maxBet,NMaxBet,minBet,util_fold,util_call,util_raise_coeff,util_call2,util_raise_coeff2,action,amount,cputime
0,7,7,Deal,0,♥8 ♠9,,40,0.20357142857142857,0.38284315006412273,0,0,80,1,80,0,34.0,0.42500000000000004,-47.42857142857143,-0.5928571428571429,raise,0,0.5281789302825928
1,7,7,Deal,0,♥8 ♠9,,115,0.1577639751552795,0.35701807163776195,0,160,320,1,160,-160,33.39130434782612,0.10434782608695659,-219.0310559006211,-0.684472049689441,raise,0,0.5223522186279297
2,7,6,Flop,0,♥8 ♠9,♦4 ♣Q ♣2,25,0.06,0.21540659228538014,2240,0,148,2,148,-640,-600.3199999999999,-0.64,-635.84,-0.88,call,0,0.5235602855682373
3,7,6,Turn,0,♥8 ♠9,♦4 ♣Q ♣2 ♣9,25,0.08,0.2712931993250107,2684,0,45,1,45,-788,-596.6800000000001,-0.52,-611.08,-0.84,call,0,0.528693675994873
4,7,6,Turn,0,♥8 ♠9,♦4 ♣Q ♣2 ♣9,65,0.11538461538461539,0.31340844288405173,2684,45,188,2,143,-833,-536.1538461538461,-0.3076923076923077,-622.9230769230769,-0.7692307692307692,call,0,0.5305938720703125
5,7,6,River,0,♥8 ♠9,♦4 ♣Q ♣2 ♣9 ♦9,25,0.48,0.4995998398718719,3248,0,117,1,117,-976,803.0,1.88,578.3599999999999,-0.040000000000000036,raise,0,0.5314157009124756
