,N,Nnf,round,first,hole,board,Nsim,prWin,prWinStd,pot,bet,maxBet,NMaxBet,minBet,util_fold,util_call,util_raise_coeff,util_call2,util_raise_coeff2,action,amount,cputime
0,7,7,Deal,0,♣5 ♦A,,40,0.17083333333333334,0.36033838263498935,0,0,286,1,286,0,56.008333333333326,0.1958333333333333,-188.28333333333333,-0.6583333333333333,raise,0,0.5265700817108154
1,7,7,Flop,0,♣5 ♦A,♠K ♣3 ♦6,45,0.1111111111111111,0.3142696805273545,1859,0,320,1,320,-572,-436.55555555555554,-0.22222222222222232,-614.3333333333334,-0.7777777777777778,call,0,0.5287070274353027
2,7,7,Turn,0,♣5 ♦A,♠K ♣3 ♦6 ♣10,45,0.0,0.0,2819,0,335,2,335,-892,-1227.0,-1.0,-1227.0,-1.0,fold,0,0.5215730667114258
