,N,Nnf,round,first,hole,board,Nsim,prWin,prWinStd,pot,bet,maxBet,NMaxBet,minBet,util_fold,util_call,util_raise_coeff,util_call2,util_raise_coeff2,action,amount,cputime
0,7,7,Deal,0,♦9 ♦10,,110,0.1893939393939394,0.3863042140876215,0,40,114,1,74,-40,37.136363636363626,0.3257575757575757,-70.81818181818181,-0.6212121212121212,raise,0,0.5264871120452881
1,7,7,Flop,0,♦9 ♦10,♠8 ♦Q ♠K,40,0.2125,0.401364858950058,1592,0,40,1,40,-228,129.8,0.48750000000000004,87.30000000000001,-0.575,raise,0,0.5246829986572266
2,7,7,Flop,0,♦9 ♦10,♠8 ♦Q ♠K,135,0.18888888888888888,0.38904758666692435,1592,80,139,4,59,-308,117.5,0.3222222222222222,-13.777777777777771,-0.6222222222222222,raise,0,0.5221312046051025
3,7,6,Flop,0,♦9 ♦10,♠8 ♦Q ♠K,235,0.19148936170212766,0.3907601905038067,1592,278,834,1,556,-506,201.06382978723423,0.14893617021276606,-437.7446808510638,-0.6170212765957447,raise,0,0.5207648277282715
