,N,Nnf,round,first,hole,board,Nsim,prWin,prWinStd,pot,bet,maxBet,NMaxBet,minBet,util_fold,util_call,util_raise_coeff,util_call2,util_raise_coeff2,action,amount,cputime
0,7,7,Deal,0,♥8 ♥6,,10,0.2,0.4000000000000001,0,0,80,1,80,0,32.0,0.40000000000000013,-48.0,-0.6,raise,0,0.5246438980102539
1,7,6,Deal,0,♥8 ♥6,,75,0.14857142857142858,0.3438002900751863,0,160,278,2,118,-160,-30.18285714285713,-0.10857142857142854,-195.39428571428573,-0.7028571428571428,call,0,0.5237922668457031
2,7,6,Flop,0,♥8 ♥6,♦7 ♣9 ♦Q,15,0.06666666666666667,0.24944382578492946,914,0,252,1,252,-278,-368.26666666666665,-0.6,-435.4666666666667,-0.8666666666666667,fold,0,0.52854323387146
