,N,Nnf,round,first,hole,board,Nsim,prWin,prWinStd,pot,bet,maxBet,NMaxBet,minBet,util_fold,util_call,util_raise_coeff,util_call2,util_raise_coeff2,action,amount,cputime
0,7,7,Deal,0,♠A ♦5,,95,0.13834586466165413,0.3356399735887459,0,20,144,1,124,-20,-4.547368421052624,-0.03157894736842104,-104.1563909774436,-0.7233082706766918,call,0,0.5248651504516602
1,7,7,Flop,0,♠A ♦5,♥5 ♥10 ♠4,35,0.14285714285714285,0.3499271061118826,1008,0,20,1,20,-144,0.0,0.0,-14.285714285714278,-0.7142857142857143,call,0,0.5220890045166016
2,7,7,Flop,0,♠A ♦5,♥5 ♥10 ♠4,140,0.15357142857142858,0.3580524132194124,1008,20,71,5,51,-164,16.125,0.07500000000000018,-38.39285714285714,-0.6928571428571428,raise,0,0.5233631134033203
3,7,7,Flop,0,♠A ♦5,♥5 ♥10 ♠4,245,0.16938775510204082,0.37099099589307544,1008,142,284,1,142,-286,79.48571428571427,0.18571428571428572,-161.0448979591837,-0.6612244897959183,raise,0,0.5248391628265381
4,7,7,Flop,0,♠A ♦5,♥5 ♥10 ♠4,350,0.16857142857142857,0.37053739242305017,1008,568,856,1,288,-712,180.0,0.17999999999999994,-541.4857142857143,-0.6628571428571428,raise,0,0.5234720706939697
