,N,Nnf,round,first,hole,board,Nsim,prWin,prWinStd,pot,bet,maxBet,NMaxBet,minBet,util_fold,util_call,util_raise_coeff,util_call2,util_raise_coeff2,action,amount,cputime
0,8,7,Deal,0,♣2 ♣4,,60,0.125,0.3112474899497183,0,20,145,1,125,-20,-18.125,-0.125,-108.75,-0.75,call,0,0.5259959697723389
1,8,7,Deal,0,♣2 ♣4,,105,0.12380952380952381,0.31457418218883326,0,145,272,1,127,-145,-36.26666666666665,-0.1333333333333333,-204.64761904761906,-0.7523809523809524,call,0,0.5212891101837158
2,8,7,Flop,1,♣2 ♣4,♥4 ♦2 ♥Q,5,0.2,0.4000000000000001,1088,0,0,8,40,-272,-54.39999999999998,0.40000000000000013,-54.39999999999998,-0.6,raise,0,0.5303668975830078
3,8,7,Flop,0,♣2 ♣4,♥4 ♦2 ♥Q,45,0.3111111111111111,0.45078806166890656,1088,40,128,3,88,-312,217.24444444444453,1.177777777777778,18.133333333333326,-0.37777777777777777,raise,0,0.5211219787597656
4,8,7,Turn,1,♣2 ♣4,♥4 ♦2 ♥Q ♣9,5,0.2,0.4,2112,0,0,8,40,-528,-105.59999999999997,0.40000000000000013,-105.59999999999997,-0.6,raise,0,0.5267877578735352
5,8,7,Turn,0,♣2 ♣4,♥4 ♦2 ♥Q ♣9,50,0.45,0.4821825380496478,2112,40,159,1,119,-568,764.25,2.15,406.5,-0.09999999999999998,raise,0,0.5215051174163818
6,8,7,River,1,♣2 ♣4,♥4 ♦2 ♥Q ♣9 ♠9,0,,,3384,0,0,8,40,-846,,,,,call,0,0.5308270454406738
7,8,7,River,0,♣2 ♣4,♥4 ♦2 ♥Q ♣9 ♠9,50,0.05,0.206155281280883,3384,40,135,2,95,-886,-764.55,-0.6499999999999999,-798.3,-0.9,call,0,0.5212900638580322
