,N,Nnf,round,first,hole,board,Nsim,prWin,prWinStd,pot,bet,maxBet,NMaxBet,minBet,util_fold,util_call,util_raise_coeff,util_call2,util_raise_coeff2,action,amount,cputime
0,7,6,Deal,0,♦2 ♥9,,65,0.0945054945054945,0.27567747072657156,0,20,8457,1,8437,-20,-3661.602197802198,-0.432967032967033,-6858.534065934065,-0.810989010989011,fold,0,0.5216660499572754
