,N,Nnf,round,first,hole,board,Nsim,prWin,prWinStd,pot,bet,maxBet,NMaxBet,minBet,util_fold,util_call,util_raise_coeff,util_call2,util_raise_coeff2,action,amount,cputime
0,7,7,Deal,0,♦A ♦8,,10,0.3,0.45825756949558394,0,0,20,1,20,0,22.0,1.1,-8.0,-0.4,raise,0,0.5267210006713867
1,7,7,Deal,0,♦A ♦8,,120,0.25416666666666665,0.42815414539885305,0,40,150,1,110,-40,116.875,0.7791666666666666,-73.75,-0.4916666666666667,raise,0,0.5256478786468506
2,7,7,Deal,0,♦A ♦8,,225,0.2162962962962963,0.401086316391072,0,300,600,1,300,-300,308.44444444444434,0.5140740740740741,-340.44444444444446,-0.5674074074074074,raise,0,0.521155834197998
3,7,6,Flop,0,♦A ♦8,♠6 ♥K ♥6,35,0.07142857142857142,0.24327694808466288,3882,0,20,1,20,-600,-334.14285714285717,-0.5714285714285714,-339.8571428571429,-0.8571428571428572,call,0,0.5279271602630615
4,7,6,Flop,0,♦A ♦8,♠6 ♥K ♥6,100,0.08,0.2619160170741759,3882,20,132,1,112,-620,-358.08,-0.52,-400.32,-0.84,call,0,0.5245788097381592
