,N,Nnf,round,first,hole,board,Nsim,prWin,prWinStd,pot,bet,maxBet,NMaxBet,minBet,util_fold,util_call,util_raise_coeff,util_call2,util_raise_coeff2,action,amount,cputime
0,7,6,Deal,0,♣2 ♠K,,40,0.22857142857142856,0.41625149383809906,0,0,20,1,20,0,7.428571428571427,0.37142857142857144,-10.857142857142858,-0.5428571428571429,raise,0,0.523400068283081
1,7,6,Deal,0,♣2 ♠K,,125,0.1662857142857143,0.3669817322929504,0,40,81,1,41,-40,-0.18514285714284995,-0.0022857142857142243,-54.06171428571429,-0.6674285714285715,call,0,0.5303559303283691
2,7,6,Deal,0,♣2 ♠K,,200,0.14142857142857143,0.3357112461868481,0,81,101,1,20,-81,-15.29428571428572,-0.15142857142857147,-72.43142857142857,-0.7171428571428571,call,0,0.5242829322814941
3,7,6,Flop,0,♣2 ♠K,♠6 ♥2 ♣A,25,0.2,0.4,606,0,52,2,52,-101,30.600000000000023,0.20000000000000018,-11.0,-0.6,raise,0,0.5280818939208984
4,7,6,Flop,0,♣2 ♠K,♠6 ♥2 ♣A,100,0.19,0.3923009049186606,606,104,122,2,18,-205,31.21999999999997,0.14000000000000012,-61.5,-0.62,raise,0,0.5267751216888428
5,7,6,Turn,0,♣2 ♠K,♠6 ♥2 ♣A ♣10,25,0.08,0.2712931993250107,2070,0,69,1,69,-345,-215.28,-0.52,-237.36,-0.84,call,0,0.5255959033966064
6,7,6,Turn,0,♣2 ♠K,♠6 ♥2 ♣A ♣10,100,0.065,0.2414021540914662,2070,69,118,1,49,-414,-282.43,-0.61,-313.11,-0.87,call,0,0.5254349708557129
7,7,6,River,0,♣2 ♠K,♠6 ♥2 ♣A ♣10 ♥Q,25,0.0,0.0,2778,0,22,1,22,-463,-485.0,-1.0,-485.0,-1.0,fold,0,0.5235810279846191
