,N,Nnf,round,first,hole,board,Nsim,prWin,prWinStd,pot,bet,maxBet,NMaxBet,minBet,util_fold,util_call,util_raise_coeff,util_call2,util_raise_coeff2,action,amount,cputime
0,8,7,Deal,0,♠6 ♠7,,35,0.17142857142857143,0.3768830273792263,0,0,40,1,40,0,8.0,0.19999999999999996,-26.285714285714285,-0.6571428571428571,raise,0,0.5290048122406006
1,8,7,Deal,0,♠6 ♠7,,80,0.15,0.3570714214271425,0,80,191,1,111,-80,9.549999999999983,0.050000000000000044,-133.7,-0.7,raise,0,0.5234081745147705
2,8,6,Flop,0,♠6 ♠7,♦J ♠K ♥Q,25,0.08666666666666668,0.2712931993250107,1528,0,141,1,141,-382,-317.2533333333333,-0.47999999999999987,-366.1333333333333,-0.8266666666666667,call,0,0.5288600921630859
3,8,5,Turn,0,♠6 ♠7,♦J ♠K ♥Q ♦K,10,0.0,0.0,1810,0,40,1,40,-523,-563.0,-1.0,-563.0,-1.0,fold,0,0.5240004062652588
