,N,Nnf,round,first,hole,board,Nsim,prWin,prWinStd,pot,bet,maxBet,NMaxBet,minBet,util_fold,util_call,util_raise_coeff,util_call2,util_raise_coeff2,action,amount,cputime
0,7,7,Deal,0,♠3 ♠9,,100,0.19642857142857142,0.38616045623443074,0,20,90,1,70,-20,33.749999999999986,0.375,-54.642857142857146,-0.6071428571428572,raise,0,0.5253579616546631
1,7,6,Flop,1,♠3 ♠9,♣6 ♦2 ♥10,5,0.0,0.0,1170,0,0,7,20,-180,-180.0,-1.0,-180.0,-1.0,call,0,0.5225310325622559
2,7,6,Flop,0,♠3 ♠9,♣6 ♦2 ♥10,80,0.0125,0.11110243021644486,1170,20,77,2,57,-200,-236.6,-0.925,-240.45,-0.975,fold,0,0.5242760181427002
