,N,Nnf,round,first,hole,board,Nsim,prWin,prWinStd,pot,bet,maxBet,NMaxBet,minBet,util_fold,util_call,util_raise_coeff,util_call2,util_raise_coeff2,action,amount,cputime
0,7,6,Deal,0,♠K ♠8,,100,0.22642857142857142,0.4079634587478018,0,20,75,5,55,-20,26.89285714285714,0.35857142857142854,-41.035714285714285,-0.5471428571428572,raise,0,0.5239007472991943
1,7,6,Deal,0,♠K ♠8,,175,0.21414965986394557,0.397175785702026,0,150,1000,5,850,-150,284.8979591836735,0.28489795918367333,-571.7006802721089,-0.5717006802721089,raise,0,0.524773120880127
