,N,Nnf,round,first,hole,board,Nsim,prWin,prWinStd,pot,bet,maxBet,NMaxBet,minBet,util_fold,util_call,util_raise_coeff,util_call2,util_raise_coeff2,action,amount,cputime
0,7,6,Deal,0,♣7 ♥3,,65,0.07912087912087912,0.25156436047352104,0,40,76,2,36,-40,-39.92087912087912,-0.5252747252747253,-63.973626373626374,-0.8417582417582418,call,0,0.5215787887573242
1,7,6,Flop,1,♣7 ♥3,♥6 ♣8 ♠K,5,0.2,0.4000000000000001,248,0,0,7,40,-76,-26.4,0.20000000000000018,-26.4,-0.6,raise,0,0.5310189723968506
2,7,6,Flop,0,♣7 ♥3,♥6 ♣8 ♠K,45,0.04074074074074074,0.16907721793353078,248,40,155,2,115,-116,-183.0074074074074,-0.7555555555555555,-208.26666666666665,-0.9185185185185185,fold,0,0.5241317749023438
