,N,Nnf,round,first,hole,board,Nsim,prWin,prWinStd,pot,bet,maxBet,NMaxBet,minBet,util_fold,util_call,util_raise_coeff,util_call2,util_raise_coeff2,action,amount,cputime
0,7,6,Deal,0,♦K ♣8,,95,0.16666666666666666,0.3586850578993136,0,10,56,1,46,-10,-7.105427357601002e-15,0.0,-37.333333333333336,-0.6666666666666667,call,0,0.5259749889373779
1,7,6,Deal,0,♦K ♣8,,170,0.16960784313725488,0.36758953798390026,0,56,89,1,33,-56,1.5705882352941103,0.01764705882352935,-58.80980392156863,-0.6607843137254903,raise,0,0.5282111167907715
