,N,Nnf,round,first,hole,board,Nsim,prWin,prWinStd,pot,bet,maxBet,NMaxBet,minBet,util_fold,util_call,util_raise_coeff,util_call2,util_raise_coeff2,action,amount,cputime
0,7,6,Deal,0,♣J ♠J,,40,0.30357142857142855,0.45645875151730264,0,0,80,1,80,0,65.71428571428572,0.8214285714285712,-31.42857142857143,-0.3928571428571429,raise,0,0.5243308544158936
1,7,6,Deal,0,♣J ♠J,,85,0.38991596638655457,0.4862519195981663,0,160,344,1,184,-160,460.7865546218486,1.3394957983193274,-75.73781512605046,-0.22016806722689086,raise,0,0.5287830829620361
2,7,6,Flop,0,♣J ♠J,♦9 ♣5 ♦7,25,0.2,0.4,2064,0,199,2,199,-688,-235.39999999999998,0.20000000000000018,-394.59999999999997,-0.6,raise,0,0.5257291793823242
3,7,6,Turn,0,♣J ♠J,♦9 ♣5 ♦7 ♦2,25,0.12,0.32496153618543844,3258,0,223,2,223,-1086,-757.48,-0.28,-864.52,-0.76,call,0,0.5330498218536377
4,7,6,River,0,♣J ♠J,♦9 ♣5 ♦7 ♦2 ♠A,25,0.08,0.2712931993250107,3927,0,145,1,145,-1309,-1070.24,-0.52,-1116.6399999999999,-0.84,call,0,0.5278809070587158
5,7,6,River,0,♣J ♠J,♦9 ♣5 ♦7 ♦2 ♠A,65,0.11538461538461539,0.31340844288405173,3927,145,225,1,80,-1454,-925.1153846153845,-0.3076923076923077,-1028.9615384615386,-0.7692307692307692,call,0,0.5271680355072021
