,N,Nnf,round,first,hole,board,Nsim,prWin,prWinStd,pot,bet,maxBet,NMaxBet,minBet,util_fold,util_call,util_raise_coeff,util_call2,util_raise_coeff2,action,amount,cputime
0,7,7,Deal,0,♥J ♦7,,45,0.16666666666666666,0.3651483716701107,0,0,160,1,160,0,26.666666666666657,0.16666666666666652,-106.66666666666667,-0.6666666666666667,raise,0,0.5234477519989014
1,7,7,Deal,0,♥J ♦7,,115,0.14782608695652175,0.348748776176617,0,320,640,1,320,-320,22.26086956521749,0.034782608695652195,-450.78260869565213,-0.7043478260869565,raise,0,0.5178861618041992
