,N,Nnf,round,first,hole,board,Nsim,prWin,prWinStd,pot,bet,maxBet,NMaxBet,minBet,util_fold,util_call,util_raise_coeff,util_call2,util_raise_coeff2,action,amount,cputime
0,7,7,Deal,0,♣A ♦3,,90,0.15714285714285714,0.3463774303603492,0,10,148,1,138,-10,14.799999999999983,0.10000000000000009,-101.4857142857143,-0.6857142857142857,raise,0,0.5235719680786133
1,7,6,Flop,1,♣A ♦3,♦A ♣J ♣2,5,0.5,0.4472135954999579,1924,0,0,7,20,-296,666.0,2.0,666.0,0.0,raise,0,0.5256202220916748
2,7,6,Flop,0,♣A ♦3,♦A ♣J ♣2,75,0.3755555555555556,0.45305002040354697,1924,20,76,2,56,-316,521.8222222222223,1.2533333333333334,407.6533333333334,-0.24888888888888883,raise,0,0.5255331993103027
3,7,6,Turn,1,♣A ♦3,♦A ♣J ♣2 ♦5,5,0.2,0.4,2836,0,0,7,20,-448,119.20000000000005,0.20000000000000018,119.20000000000005,-0.6,raise,0,0.520582914352417
4,7,6,Turn,0,♣A ♦3,♦A ♣J ♣2 ♦5,75,0.29333333333333333,0.4249967320135794,2836,20,76,2,56,-468,441.6533333333333,0.76,352.48,-0.41333333333333333,raise,0,0.5274238586425781
5,7,6,River,1,♣A ♦3,♦A ♣J ♣2 ♦5 ♠Q,5,0.4,0.48989794855663565,3748,0,0,7,20,-600,899.2,1.4000000000000004,899.2,-0.19999999999999996,raise,0,0.5229949951171875
6,7,6,River,0,♣A ♦3,♦A ♣J ♣2 ♦5 ♠Q,80,0.35625,0.47561637640014043,3748,20,77,3,57,-620,822.8125000000002,1.1375000000000002,713.0875000000001,-0.2875,raise,0,0.5256450176239014
