,N,Nnf,round,first,hole,board,Nsim,prWin,prWinStd,pot,bet,maxBet,NMaxBet,minBet,util_fold,util_call,util_raise_coeff,util_call2,util_raise_coeff2,action,amount,cputime
0,7,6,Deal,0,♠K ♦10,,40,0.2,0.3840572873934304,0,0,80,1,80,0,16.0,0.20000000000000018,-48.0,-0.6,raise,0,0.5279428958892822
1,7,6,Deal,0,♠K ♦10,,80,0.24375,0.4182833220438032,0,160,343,1,183,-160,158.63750000000005,0.4624999999999999,-175.7875,-0.5125,raise,0,0.5205752849578857
2,7,6,Flop,0,♠K ♦10,♥6 ♥K ♥10,25,0.36,0.48000000000000004,2058,0,119,2,119,-686,192.91999999999996,1.1600000000000001,21.559999999999945,-0.28,raise,0,0.5202689170837402
3,7,6,Turn,0,♠K ♦10,♥6 ♥K ♥10 ♣2,25,0.32,0.466476151587624,2772,0,229,1,229,-924,173.72000000000003,0.9199999999999999,-119.40000000000009,-0.36,raise,0,0.5295670032501221
4,7,6,River,0,♠K ♦10,♥6 ♥K ♥10 ♣2 ♠A,15,0.4,0.48989794855663565,3764,0,201,1,201,-1382,405.0000000000002,1.4000000000000004,83.40000000000009,-0.19999999999999996,raise,0,0.5185039043426514
5,7,6,River,0,♠K ♦10,♥6 ♥K ♥10 ♣2 ♠A,45,0.4666666666666667,0.49888765156985887,3764,402,461,1,59,-1784,1204.333333333333,1.7999999999999998,343.8000000000002,-0.06666666666666665,raise,0,0.5292918682098389
