,N,Nnf,round,first,hole,board,Nsim,prWin,prWinStd,pot,bet,maxBet,NMaxBet,minBet,util_fold,util_call,util_raise_coeff,util_call2,util_raise_coeff2,action,amount,cputime
0,8,8,Deal,0,♣3 ♦K,,10,0.2,0.4000000000000001,0,0,20,1,20,0,12.0,0.6000000000000001,-12.0,-0.6,raise,0,0.5345709323883057
1,8,7,Deal,0,♣3 ♦K,,85,0.1,0.2849148479602902,0,40,43,2,3,-40,-12.900000000000002,-0.29999999999999993,-34.4,-0.8,call,0,0.5240027904510498
2,8,7,Flop,0,♣3 ♦K,♣4 ♠K ♠7,20,0.15,0.3570714214271425,192,0,24,1,24,-43,-13.000000000000007,0.050000000000000044,-31.0,-0.7,raise,0,0.5288786888122559
3,8,6,Flop,0,♣3 ♦K,♣4 ♠K ♠7,70,0.25,0.4204589329360411,192,48,5637,1,5589,-91,2823.5,0.5,-2813.5,-0.5,raise,0,0.5224819183349609
