,N,Nnf,round,first,hole,board,Nsim,prWin,prWinStd,pot,bet,maxBet,NMaxBet,minBet,util_fold,util_call,util_raise_coeff,util_call2,util_raise_coeff2,action,amount,cputime
0,7,7,Deal,0,♥J ♣J,,15,0.2761904761904762,0.43788814981229146,0,0,80,1,80,0,74.66666666666666,0.9333333333333336,-35.80952380952381,-0.4476190476190476,raise,0,0.5252082347869873
1,7,7,Deal,0,♥J ♣J,,80,0.3392857142857143,0.4718477573565959,0,160,328,1,168,-160,451.0,1.375,-105.42857142857142,-0.3214285714285714,raise,0,0.5269901752471924
2,7,7,Deal,0,♥J ♣J,,150,0.33428571428571424,0.4708741328418793,0,656,1000,1,344,-656,1339.9999999999995,1.3399999999999999,-331.42857142857156,-0.3314285714285715,raise,0,0.5242071151733398
3,7,7,Flop,0,♥J ♣J,♦A ♦5 ♣3,15,0.2,0.4000000000000001,7000,0,163,1,163,-2000,-534.8,0.40000000000000013,-697.8,-0.6,raise,0,0.5242972373962402
4,7,7,Turn,0,♥J ♣J,♦A ♦5 ♣3 ♥8,15,0.26666666666666666,0.44221663871405337,7978,0,278,1,278,-2326,42.40000000000009,0.8666666666666667,-328.2666666666664,-0.4666666666666667,raise,0,0.5258021354675293
5,7,7,River,0,♥J ♣J,♦A ♦5 ♣3 ♥8 ♥K,15,0.06666666666666667,0.24944382578492946,9646,0,192,1,192,-2882,-2341.3333333333335,-0.5333333333333333,-2405.3333333333335,-0.8666666666666667,call,0,0.5214660167694092
