,N,Nnf,round,first,hole,board,Nsim,prWin,prWinStd,pot,bet,maxBet,NMaxBet,minBet,util_fold,util_call,util_raise_coeff,util_call2,util_raise_coeff2,action,amount,cputime
0,7,7,Deal,0,♣5 ♥3,,10,0.33333333333333337,0.4472135954999579,0,0,80,1,80,0,106.66666666666669,1.3333333333333335,-26.666666666666657,-0.33333333333333326,raise,0,0.5317771434783936
1,7,7,Deal,0,♣5 ♥3,,80,0.13095238095238093,0.3114409492224934,0,160,492,1,332,-160,-41.000000000000114,-0.08333333333333348,-363.14285714285717,-0.7380952380952381,call,0,0.528475284576416
2,7,7,Flop,0,♣5 ♥3,♥9 ♥5 ♠8,45,0.044444444444444446,0.20608041101101565,1968,0,160,1,160,-492,-514.7555555555556,-0.6888888888888889,-550.3111111111111,-0.9111111111111111,fold,0,0.5232391357421875
