,N,Nnf,round,first,hole,board,Nsim,prWin,prWinStd,pot,bet,maxBet,NMaxBet,minBet,util_fold,util_call,util_raise_coeff,util_call2,util_raise_coeff2,action,amount,cputime
0,8,8,Deal,0,♣4 ♣Q,,10,0.3166666666666667,0.38333333333333336,0,0,40,1,40,0,61.33333333333334,1.5333333333333337,-14.666666666666664,-0.3666666666666666,raise,0,0.5348610877990723
1,8,7,Deal,0,♣4 ♣Q,,90,0.12407407407407407,0.3088820054300082,0,80,5782,1,5702,-80,-760.2259259259254,-0.13148148148148153,-4347.207407407407,-0.7518518518518519,fold,0,0.5205647945404053
