,N,Nnf,round,first,hole,board,Nsim,prWin,prWinStd,pot,bet,maxBet,NMaxBet,minBet,util_fold,util_call,util_raise_coeff,util_call2,util_raise_coeff2,action,amount,cputime
0,7,6,Deal,0,♥10 ♦Q,,40,0.2125,0.401364858950058,0,0,20,1,20,0,5.5,0.2749999999999999,-11.5,-0.575,raise,0,0.5310511589050293
1,7,6,Deal,0,♥10 ♦Q,,120,0.19166666666666668,0.38288016692200477,0,40,56,2,16,-40,8.400000000000006,0.15000000000000013,-34.53333333333333,-0.6166666666666667,raise,0,0.525256872177124
2,7,6,Flop,0,♥10 ♦Q,♣K ♣6 ♣3,25,0.0,0.0,672,0,28,1,28,-112,-140.0,-1.0,-140.0,-1.0,fold,0,0.523078203201294
