,N,Nnf,round,first,hole,board,Nsim,prWin,prWinStd,pot,bet,maxBet,NMaxBet,minBet,util_fold,util_call,util_raise_coeff,util_call2,util_raise_coeff2,action,amount,cputime
0,8,7,Deal,0,♣8 ♣3,,35,0.18571428571428572,0.3602720060833855,0,0,20,1,20,0,6.0,0.30000000000000004,-12.571428571428571,-0.6285714285714286,raise,0,0.5270311832427979
1,8,7,Deal,0,♣8 ♣3,,110,0.1409090909090909,0.33798748081856916,0,40,663,3,623,-40,-9.040909090909054,-0.013636363636363669,-476.1545454545454,-0.7181818181818183,call,0,0.5258321762084961
2,8,7,Flop,1,♣8 ♣3,♥J ♠J ♥2,5,0.0,0.0,4641,0,0,8,20,-663,-663.0,-1.0,-663.0,-1.0,call,0,0.5194549560546875
3,8,7,Turn,1,♣8 ♣3,♥J ♠J ♥2 ♥9,5,0.0,0.0,4681,0,0,8,20,-683,-683.0,-1.0,-683.0,-1.0,call,0,0.5243930816650391
4,8,7,River,1,♣8 ♣3,♥J ♠J ♥2 ♥9 ♥6,5,0.0,0.0,4721,0,0,8,20,-703,-703.0,-1.0,-703.0,-1.0,call,0,0.5275921821594238
