,N,Nnf,round,first,hole,board,Nsim,prWin,prWinStd,pot,bet,maxBet,NMaxBet,minBet,util_fold,util_call,util_raise_coeff,util_call2,util_raise_coeff2,action,amount,cputime
0,7,7,Deal,0,♣5 ♦3,,10,0.3,0.45825756949558394,0,0,80,1,80,0,88.0,1.1,-32.0,-0.4,raise,0,0.5211348533630371
1,7,7,Deal,0,♣5 ♦3,,85,0.07450980392156863,0.25757273527330243,0,160,243,1,83,-160,-116.25882352941177,-0.4784313725490196,-206.78823529411764,-0.8509803921568627,call,0,0.521967887878418
2,7,7,Deal,0,♣5 ♦3,,125,0.07466666666666667,0.2594489887777129,0,243,1766,2,1523,-243,-842.9706666666666,-0.4773333333333333,-1502.2773333333334,-0.8506666666666667,fold,0,0.5271079540252686
