,N,Nnf,round,first,hole,board,Nsim,prWin,prWinStd,pot,bet,maxBet,NMaxBet,minBet,util_fold,util_call,util_raise_coeff,util_call2,util_raise_coeff2,action,amount,cputime
0,7,5,Deal,0,♣2 ♣3,,65,0.15384615384615385,0.3499788666485331,0,0,23,1,23,0,-5.307692307692307,-0.23076923076923073,-15.923076923076923,-0.6923076923076923,fold,0,0.5269970893859863
