,N,Nnf,round,first,hole,board,Nsim,prWin,prWinStd,pot,bet,maxBet,NMaxBet,minBet,util_fold,util_call,util_raise_coeff,util_call2,util_raise_coeff2,action,amount,cputime
0,7,6,Deal,0,♣6 ♥10,,60,0.12738095238095237,0.32395611177793304,0,80,302,2,222,-80,-71.18571428571431,-0.23571428571428577,-225.06190476190477,-0.7452380952380953,call,0,0.520704984664917
1,7,6,Flop,1,♣6 ♥10,♠4 ♠9 ♣J,5,0.0,0.0,946,0,0,7,80,-302,-302.0,-1.0,-302.0,-1.0,call,0,0.5284898281097412
2,7,6,Flop,0,♣6 ♥10,♠4 ♠9 ♣J,45,0.044444444444444446,0.20608041101101562,946,80,266,2,186,-382,-455.02222222222224,-0.7333333333333334,-502.31111111111113,-0.9111111111111111,fold,0,0.5289018154144287
