,N,Nnf,round,first,hole,board,Nsim,prWin,prWinStd,pot,bet,maxBet,NMaxBet,minBet,util_fold,util_call,util_raise_coeff,util_call2,util_raise_coeff2,action,amount,cputime
0,7,6,Deal,0,♣3 ♦K,,50,0.18,0.3709447398198282,0,20,100,1,80,-20,8.0,0.08000000000000007,-64.0,-0.64,raise,0,0.5266289710998535
1,7,5,Flop,1,♣3 ♦K,♦9 ♣J ♥Q,5,0.0,0.0,440,0,0,7,40,-200,-200.0,-1.0,-200.0,-1.0,call,0,0.5254700183868408
2,7,5,Flop,0,♣3 ♦K,♦9 ♣J ♥Q,30,0.05,0.19790570145063194,440,40,105,1,65,-240,-256.75,-0.75,-272.5,-0.9,fold,0,0.5221998691558838
