,N,Nnf,round,first,hole,board,Nsim,prWin,prWinStd,pot,bet,maxBet,NMaxBet,minBet,util_fold,util_call,util_raise_coeff,util_call2,util_raise_coeff2,action,amount,cputime
0,7,6,Deal,0,♥K ♣J,,45,0.22539682539682537,0.41457449036630833,0,0,20,1,20,0,7.0476190476190474,0.35238095238095224,-10.984126984126984,-0.5492063492063493,raise,0,0.5261020660400391
1,7,6,Deal,0,♥K ♣J,,125,0.21028571428571427,0.400133039100237,0,40,99,1,59,-40,25.909714285714287,0.26171428571428557,-57.36342857142857,-0.5794285714285714,raise,0,0.5290138721466064
2,7,6,Flop,0,♥K ♣J,♠Q ♠3 ♦2,30,0.06666666666666667,0.24944382578492943,1188,0,34,1,34,-198,-139.2,-0.6,-148.26666666666665,-0.8666666666666667,call,0,0.5259811878204346
3,7,6,Flop,0,♥K ♣J,♠Q ♠3 ♦2,110,0.10454545454545454,0.3022300038159871,1188,34,63,3,29,-232,-97.28181818181821,-0.3727272727272728,-123.62727272727273,-0.7909090909090909,call,0,0.5213649272918701
4,7,6,Turn,0,♥K ♣J,♠Q ♠3 ♦2 ♥8,30,0.03333333333333333,0.1795054935711501,1566,0,40,1,40,-261,-240.8,-0.8,-246.13333333333333,-0.9333333333333333,call,0,0.5251631736755371
5,7,5,Turn,0,♥K ♣J,♠Q ♠3 ♦2 ♥8,105,0.023809523809523808,0.14443572274383903,1566,40,98,1,58,-301,-310.04761904761904,-0.8809523809523809,-317.04761904761904,-0.9523809523809523,fold,0,0.5223941802978516
