,N,Nnf,round,first,hole,board,Nsim,prWin,prWinStd,pot,bet,maxBet,NMaxBet,minBet,util_fold,util_call,util_raise_coeff,util_call2,util_raise_coeff2,action,amount,cputime
0,7,7,Deal,0,♥9 ♥Q,,40,0.2369047619047619,0.4149266388727753,0,0,40,1,40,0,26.33333333333333,0.6583333333333332,-21.047619047619047,-0.5261904761904762,raise,0,0.5209720134735107
1,7,7,Deal,0,♥9 ♥Q,,125,0.2718095238095238,0.4349387738078215,0,80,89,2,9,-80,80.3373333333333,0.9026666666666665,-40.61790476190477,-0.45638095238095244,raise,0,0.5246500968933105
2,7,6,Flop,0,♥9 ♥Q,♠K ♥A ♦6,25,0.08,0.2712931993250107,801,0,3704,1,3704,-178,-2040.0,-0.52,-3225.2799999999997,-0.84,fold,0,0.5276930332183838
