,N,Nnf,round,first,hole,board,Nsim,prWin,prWinStd,pot,bet,maxBet,NMaxBet,minBet,util_fold,util_call,util_raise_coeff,util_call2,util_raise_coeff2,action,amount,cputime
0,7,7,Deal,0,♣9 ♦9,,40,0.2125,0.401364858950058,0,0,40,1,40,0,19.5,0.48750000000000004,-23.0,-0.575,raise,0,0.5211091041564941
1,7,7,Flop,0,♣9 ♦9,♦Q ♥9 ♠6,60,0.7833333333333333,0.4119735698102758,560,0,134,1,134,-80,959.4333333333334,4.483333333333333,434.6,0.5666666666666667,raise,0,0.5240800380706787
2,7,6,Flop,0,♣9 ♦9,♦Q ♥9 ♠6,165,0.806060606060606,0.39538197406788095,560,268,536,1,268,-348,2427.6848484848488,3.836363636363636,699.4909090909091,0.6121212121212121,raise,0,0.5210568904876709
3,7,6,Turn,1,♣9 ♦9,♦Q ♥9 ♠6 ♠8,5,0.8,0.4000000000000001,6129,0,0,7,20,-1152,3751.2,3.8000000000000007,3751.2,0.6000000000000001,raise,0,0.5255439281463623
4,7,6,Turn,0,♣9 ♦9,♦Q ♥9 ♠6 ♠8,30,0.6,0.4898979485566357,6129,20,56,1,36,-1172,2671.0,2.5999999999999996,2536.6,0.19999999999999996,raise,0,0.5262508392333984
5,7,6,River,1,♣9 ♦9,♦Q ♥9 ♠6 ♠8 ♠5,5,0.2,0.4000000000000001,6353,0,0,7,20,-1264,6.600000000000136,0.20000000000000018,6.600000000000136,-0.6,raise,0,0.5236849784851074
6,7,6,River,0,♣9 ♦9,♦Q ♥9 ♠6 ♠8 ♠5,35,0.17142857142857143,0.3768830273792263,6353,20,59,1,39,-1284,-173.22857142857129,0.02857142857142847,-213.68571428571408,-0.6571428571428571,raise,0,0.5212349891662598
7,7,6,River,0,♣9 ♦9,♦Q ♥9 ♠6 ♠8 ♠5,65,0.26153846153846155,0.43947251867956,6353,118,129,1,11,-1382,470.9846153846156,0.5692307692307694,336.03076923076947,-0.4769230769230769,raise,0,0.5229761600494385
