,N,Nnf,round,first,hole,board,Nsim,prWin,prWinStd,pot,bet,maxBet,NMaxBet,minBet,util_fold,util_call,util_raise_coeff,util_call2,util_raise_coeff2,action,amount,cputime
0,8,8,Deal,0,♦8 ♦A,,90,0.2,0.39299420408505326,0,10,152,1,142,-10,91.20000000000002,0.6000000000000001,-91.19999999999999,-0.6,raise,0,0.5326509475708008
1,8,7,Flop,1,♦8 ♦A,♣K ♥2 ♠5,5,0.4,0.48989794855663565,2280,0,0,8,20,-304,608.0,1.8000000000000003,608.0,-0.19999999999999996,raise,0,0.5257956981658936
2,8,6,Flop,0,♦8 ♦A,♣K ♥2 ♠5,80,0.05,0.21794494717703364,2280,20,74,4,54,-324,-241.8,-0.7,-256.6,-0.9,call,0,0.5222768783569336
3,8,6,Flop,0,♦8 ♦A,♣K ♥2 ♠5,145,0.041379310344827586,0.1991659183199124,2280,74,105,5,31,-378,-288.58620689655174,-0.7517241379310344,-305.9655172413793,-0.9172413793103449,call,0,0.5289921760559082
4,8,6,Turn,1,♦8 ♦A,♣K ♥2 ♠5 ♠K,5,0.0,0.0,2910,0,0,8,20,-409,-409.0,-1.0,-409.0,-1.0,call,0,0.5294320583343506
5,8,6,Turn,0,♦8 ♦A,♣K ♥2 ♠5 ♠K,65,0.015384615384615385,0.12307692307692308,2910,20,67,1,47,-429,-425.04615384615386,-0.9076923076923077,-429.16923076923075,-0.9692307692307692,call,0,0.5268800258636475
6,8,6,River,1,♦8 ♦A,♣K ♥2 ♠5 ♠K ♠A,5,0.0,0.0,3312,0,0,8,20,-476,-476.0,-1.0,-476.0,-1.0,call,0,0.528937816619873
7,8,6,River,0,♦8 ♦A,♣K ♥2 ♠5 ♠K ♠A,65,0.18461538461538463,0.38798523732056894,3312,20,75,3,55,-496,143.52307692307693,0.10769230769230775,88.13846153846157,-0.6307692307692307,raise,0,0.5221490859985352
