,N,Nnf,round,first,hole,board,Nsim,prWin,prWinStd,pot,bet,maxBet,NMaxBet,minBet,util_fold,util_call,util_raise_coeff,util_call2,util_raise_coeff2,action,amount,cputime
0,7,7,Deal,0,♠J ♦K,,15,0.2,0.4,0,0,20,1,20,0,8.0,0.40000000000000013,-12.0,-0.6,raise,0,0.5310630798339844
1,7,7,Deal,0,♠J ♦K,,120,0.275,0.4465142774872938,0,40,122,1,82,-40,112.85000000000002,0.9250000000000003,-54.89999999999999,-0.44999999999999996,raise,0,0.5226926803588867
2,7,7,Deal,0,♠J ♦K,,225,0.26666666666666666,0.439696865275764,0,244,488,1,244,-244,422.9333333333333,0.8666666666666667,-227.73333333333335,-0.4666666666666667,raise,0,0.5235371589660645
3,7,7,Flop,0,♠J ♦K,♦8 ♠K ♣10,35,0.4,0.47509397566616834,2180,0,20,1,20,-488,420.0,1.8000000000000003,380.0,-0.19999999999999996,raise,0,0.5245380401611328
4,7,7,Turn,1,♠J ♦K,♦8 ♠K ♣10 ♠3,5,0.2,0.4000000000000001,2299,0,0,7,20,-528,-68.19999999999999,0.40000000000000013,-68.19999999999999,-0.6,raise,0,0.5274922847747803
5,7,7,River,1,♠J ♦K,♦8 ♠K ♣10 ♠3 ♥8,5,0.6,0.48989794855663565,2339,0,0,7,20,-548,855.3999999999999,3.2,855.3999999999999,0.19999999999999996,raise,0,0.5257530212402344
6,7,7,River,0,♠J ♦K,♦8 ♠K ♣10 ♠3 ♥8,35,0.37142857142857144,0.46817056023354114,2339,20,43,1,23,-568,389.57142857142856,1.6,309.7142857142858,-0.2571428571428571,raise,0,0.5222568511962891
