,N,Nnf,round,first,hole,board,Nsim,prWin,prWinStd,pot,bet,maxBet,NMaxBet,minBet,util_fold,util_call,util_raise_coeff,util_call2,util_raise_coeff2,action,amount,cputime
0,7,7,Deal,0,♣2 ♠K,,35,0.23265306122448978,0.41836236930836773,0,20,114,2,94,-20,71.65714285714284,0.6285714285714286,-60.95510204081633,-0.5346938775510204,raise,0,0.5266890525817871
1,7,7,Flop,1,♣2 ♠K,♥9 ♣8 ♦2,5,0.0,0.0,912,0,0,7,40,-228,-228.0,-1.0,-228.0,-1.0,call,0,0.5289347171783447
2,7,7,Flop,0,♣2 ♠K,♥9 ♣8 ♦2,55,0.22424242424242424,0.41221032904562305,912,40,148,2,108,-268,60.824242424242414,0.5696969696969698,-105.11515151515152,-0.5515151515151515,raise,0,0.5266079902648926
3,7,7,Turn,1,♣2 ♠K,♥9 ♣8 ♦2 ♠10,5,0.0,0.0,2096,0,0,7,40,-524,-524.0,-1.0,-524.0,-1.0,call,0,0.5220861434936523
4,7,7,Turn,0,♣2 ♠K,♥9 ♣8 ♦2 ♠10,55,0.01818181818181818,0.133608531424537,2096,40,158,3,118,-564,-623.7818181818182,-0.8727272727272728,-638.1454545454545,-0.9636363636363636,fold,0,0.5251219272613525
