,N,Nnf,round,first,hole,board,Nsim,prWin,prWinStd,pot,bet,maxBet,NMaxBet,minBet,util_fold,util_call,util_raise_coeff,util_call2,util_raise_coeff2,action,amount,cputime
0,7,7,Deal,0,♠8 ♦4,,15,0.16666666666666666,0.34960294939005054,0,0,20,1,20,0,3.333333333333332,0.16666666666666652,-13.333333333333334,-0.6666666666666667,raise,0,0.5241448879241943
1,7,7,Deal,0,♠8 ♦4,,120,0.07083333333333333,0.2524532409950185,0,40,148,1,108,-40,-74.61666666666667,-0.5041666666666667,-127.03333333333333,-0.8583333333333334,fold,0,0.5226559638977051
