,N,Nnf,round,first,hole,board,Nsim,prWin,prWinStd,pot,bet,maxBet,NMaxBet,minBet,util_fold,util_call,util_raise_coeff,util_call2,util_raise_coeff2,action,amount,cputime
0,7,6,Deal,0,♦5 ♦A,,75,0.22888888888888886,0.39230877232035755,0,10,77,2,67,-10,28.746666666666655,0.3733333333333331,-41.751111111111115,-0.5422222222222223,raise,0,0.5301649570465088
1,7,6,Flop,1,♦5 ♦A,♣4 ♥9 ♣Q,5,0.1,0.2,770,0,0,7,20,-154,-77.0,-0.3999999999999999,-77.0,-0.8,call,0,0.5244951248168945
2,7,5,Flop,0,♦5 ♦A,♣4 ♥9 ♣Q,70,0.05,0.19179602260139358,770,20,44,2,24,-174,-148.5,-0.75,-155.1,-0.9,call,0,0.5230841636657715
3,7,5,Flop,0,♦5 ♦A,♣4 ♥9 ♣Q,125,0.064,0.22782449385437026,770,44,97,3,53,-198,-170.68,-0.6799999999999999,-189.304,-0.872,call,0,0.5200438499450684
4,7,5,Turn,1,♦5 ♦A,♣4 ♥9 ♣Q ♣6,5,0.0,0.0,1158,0,0,7,20,-251,-251.0,-1.0,-251.0,-1.0,call,0,0.5272560119628906
5,7,5,Turn,0,♦5 ♦A,♣4 ♥9 ♣Q ♣6,55,0.01818181818181818,0.133608531424537,1158,20,56,1,36,-271,-280.8545454545455,-0.9090909090909091,-283.9090909090909,-0.9636363636363636,fold,0,0.5238168239593506
