,N,Nnf,round,first,hole,board,Nsim,prWin,prWinStd,pot,bet,maxBet,NMaxBet,minBet,util_fold,util_call,util_raise_coeff,util_call2,util_raise_coeff2,action,amount,cputime
0,7,7,Deal,0,♠7 ♠A,,65,0.15604395604395604,0.36029211672037587,0,80,90,3,10,-80,8.307692307692307,0.09230769230769242,-61.91208791208791,-0.6879120879120879,raise,0,0.5268468856811523
1,7,7,Deal,0,♠7 ♠A,,135,0.1380952380952381,0.3409780960418832,0,180,375,3,195,-180,-12.499999999999943,-0.033333333333333215,-271.42857142857144,-0.7238095238095238,call,0,0.5303730964660645
2,7,7,Flop,0,♠7 ♠A,♦6 ♠10 ♦5,35,0.1,0.28784916685156975,1500,0,80,1,80,-375,-249.0,-0.29999999999999993,-289.0,-0.8,call,0,0.5318231582641602
3,7,7,Turn,0,♠7 ♠A,♦6 ♠10 ♦5 ♦8,35,0.05714285714285714,0.2321153829895989,1820,0,80,1,80,-455,-399.0,-0.6000000000000001,-421.8571428571429,-0.8857142857142857,call,0,0.5249459743499756
4,7,6,Turn,0,♠7 ♠A,♦6 ♠10 ♦5 ♦8,105,0.1,0.2878491668515698,1820,80,204,2,124,-535,-354.6,-0.3999999999999999,-436.2,-0.8,call,0,0.5224151611328125
5,7,6,River,1,♠7 ♠A,♦6 ♠10 ♦5 ♦8 ♣3,5,0.0,0.0,2512,0,0,7,80,-659,-659.0,-1.0,-659.0,-1.0,call,0,0.5309159755706787
6,7,6,River,0,♠7 ♠A,♦6 ♠10 ♦5 ♦8 ♣3,45,0.0,0.0,2512,80,166,2,86,-739,-825.0,-1.0,-825.0,-1.0,fold,0,0.525623083114624
