,N,Nnf,round,first,hole,board,Nsim,prWin,prWinStd,pot,bet,maxBet,NMaxBet,minBet,util_fold,util_call,util_raise_coeff,util_call2,util_raise_coeff2,action,amount,cputime
0,7,7,Deal,0,♠9 ♠6,,80,0.21428571428571427,0.4007327472192378,0,0,118,1,118,0,59.0,0.5,-67.42857142857143,-0.5714285714285714,raise,0,0.5230867862701416
1,7,7,Deal,0,♠9 ♠6,,200,0.15071428571428572,0.35339389482270234,0,236,472,1,236,-236,25.960000000000036,0.05499999999999994,-329.7257142857143,-0.6985714285714286,raise,0,0.5259180068969727
2,7,7,Flop,0,♠9 ♠6,♥A ♠A ♠4,95,0.23157894736842105,0.4218413665160815,6608,0,56,6,56,-944,621.0526315789473,0.6210526315789473,556.2105263157894,-0.5368421052631579,raise,0,0.5250730514526367
