,N,Nnf,round,first,hole,board,Nsim,prWin,prWinStd,pot,bet,maxBet,NMaxBet,minBet,util_fold,util_call,util_raise_coeff,util_call2,util_raise_coeff2,action,amount,cputime
0,7,7,Deal,0,♦9 ♣10,,15,0.26666666666666666,0.44221663871405337,0,0,20,1,20,0,17.33333333333333,0.8666666666666667,-9.333333333333334,-0.4666666666666667,raise,0,0.520770788192749
1,7,6,Deal,0,♦9 ♣10,,85,0.18823529411764706,0.3908999464902623,0,40,78,2,38,-40,10.094117647058823,0.12941176470588234,-48.635294117647064,-0.6235294117647059,raise,0,0.5292489528656006
2,7,6,Flop,0,♦9 ♣10,♠2 ♠5 ♥8,15,0.0,0.0,488,0,30,1,30,-156,-186.0,-1.0,-186.0,-1.0,fold,0,0.5329098701477051
