,N,Nnf,round,first,hole,board,Nsim,prWin,prWinStd,pot,bet,maxBet,NMaxBet,minBet,util_fold,util_call,util_raise_coeff,util_call2,util_raise_coeff2,action,amount,cputime
0,7,6,Deal,0,♦A ♣A,,100,0.43,0.4950757517794625,0,10,52,3,42,-10,82.16,1.58,-7.280000000000001,-0.14,raise,0,0.5217390060424805
1,7,6,Deal,0,♦A ♣A,,175,0.47714285714285715,0.4980451581853164,0,104,117,2,13,-104,217.95428571428567,1.862857142857143,-5.348571428571432,-0.04571428571428571,raise,0,0.5227282047271729
2,7,6,Flop,1,♦A ♣A,♥3 ♥5 ♦5,5,0.4,0.48989794855663565,1404,0,0,7,20,-234,327.6,1.4000000000000004,327.6,-0.19999999999999996,raise,0,0.5272219181060791
3,7,6,Flop,0,♦A ♣A,♥3 ♥5 ♦5,85,0.4235294117647059,0.4941176470588236,1404,20,74,2,54,-254,474.6823529411764,1.5411764705882351,349.31764705882347,-0.15294117647058825,raise,0,0.5251498222351074
4,7,6,Turn,1,♦A ♣A,♥3 ♥5 ♦5 ♦J,5,0.4,0.48989794855663565,2292,0,0,7,20,-382,534.8000000000001,1.4000000000000004,534.8000000000001,-0.19999999999999996,raise,0,0.5226759910583496
5,7,6,Turn,0,♦A ♣A,♥3 ♥5 ♦5 ♦J,80,0.4375,0.49607837082461076,2292,20,45,1,25,-402,693.875,1.625,615.125,-0.125,raise,0,0.5268762111663818
6,7,6,Turn,0,♦A ♣A,♥3 ♥5 ♦5 ♦J,155,0.432258064516129,0.4953897760116765,2292,90,618,2,528,-472,1593.5483870967741,1.5935483870967744,525.0064516129032,-0.13548387096774195,raise,0,0.5266609191894531
