,N,Nnf,round,first,hole,board,Nsim,prWin,prWinStd,pot,bet,maxBet,NMaxBet,minBet,util_fold,util_call,util_raise_coeff,util_call2,util_raise_coeff2,action,amount,cputime
0,7,6,Deal,0,♣K ♠8,,60,0.07738095238095237,0.2553148205576243,0,80,304,2,224,-80,-162.85714285714286,-0.5357142857142858,-256.95238095238096,-0.8452380952380952,fold,0,0.5238502025604248
