,N,Nnf,round,first,hole,board,Nsim,prWin,prWinStd,pot,bet,maxBet,NMaxBet,minBet,util_fold,util_call,util_raise_coeff,util_call2,util_raise_coeff2,action,amount,cputime
0,7,6,Deal,0,♣Q ♠A,,70,0.28061224489795916,0.4433376965732017,0,0,32,1,32,0,21.877551020408163,0.6836734693877551,-14.040816326530614,-0.4387755102040817,raise,0,0.5276658535003662
1,7,6,Deal,0,♣Q ♠A,,145,0.28719211822660096,0.4457532007071767,0,64,90,1,26,-64,65.08374384236453,0.7231527093596057,-38.30541871921183,-0.4256157635467981,raise,0,0.5231003761291504
2,7,5,Flop,0,♣Q ♠A,♠5 ♥J ♣2,50,0.14,0.34698703145794946,1080,0,74,2,74,-180,-50.99999999999997,-0.29999999999999993,-82.07999999999998,-0.72,call,0,0.5235378742218018
3,7,5,Turn,0,♣Q ♠A,♠5 ♥J ♣2 ♦Q,40,0.5,0.5,1450,0,78,2,78,-254,588.0,1.5,471.0,0.0,raise,0,0.5231571197509766
4,7,5,River,0,♣Q ♠A,♠5 ♥J ♣2 ♦Q ♦6,40,0.4,0.48989794855663565,2230,0,34,1,34,-410,516.0,1.0,475.20000000000005,-0.19999999999999996,raise,0,0.5236647129058838
