,N,Nnf,round,first,hole,board,Nsim,prWin,prWinStd,pot,bet,maxBet,NMaxBet,minBet,util_fold,util_call,util_raise_coeff,util_call2,util_raise_coeff2,action,amount,cputime
0,7,7,Deal,0,♠A ♥9,,15,0.27619047619047615,0.4378881498122914,0,0,20,1,20,0,18.666666666666657,0.9333333333333331,-8.952380952380954,-0.4476190476190477,raise,0,0.5301051139831543
1,7,7,Deal,0,♠A ♥9,,120,0.17619047619047618,0.3741127068950177,0,40,80,1,40,-40,18.666666666666657,0.23333333333333317,-51.80952380952381,-0.6476190476190476,raise,0,0.522075891494751
2,7,6,Flop,0,♠A ♥9,♦7 ♥8 ♠7,15,0.23333333333333334,0.4027681991198191,1040,0,73,1,73,-160,111.86666666666667,0.3999999999999999,43.73333333333335,-0.5333333333333333,raise,0,0.529865026473999
3,7,6,Flop,0,♠A ♥9,♦7 ♥8 ♠7,90,0.1111111111111111,0.30530292586742414,1040,146,5223,1,5077,-306,-1785.4444444444448,-0.33333333333333337,-4106.777777777777,-0.7777777777777778,fold,0,0.5222790241241455
