,N,Nnf,round,first,hole,board,Nsim,prWin,prWinStd,pot,bet,maxBet,NMaxBet,minBet,util_fold,util_call,util_raise_coeff,util_call2,util_raise_coeff2,action,amount,cputime
0,7,6,Deal,0,♥9 ♠A,,45,0.19206349206349205,0.3832733529596589,0,0,80,1,80,0,12.190476190476176,0.15238095238095228,-49.26984126984127,-0.6158730158730159,raise,0,0.5226030349731445
1,7,6,Deal,0,♥9 ♠A,,85,0.20756302521008402,0.4001235597595343,0,160,302,1,142,-160,74.10420168067225,0.24537815126050422,-176.63193277310927,-0.584873949579832,raise,0,0.5234518051147461
2,7,6,Flop,0,♥9 ♠A,♦5 ♠10 ♣2,25,0.12,0.3249615361854384,1812,0,221,1,221,-604,-448.44,-0.28,-554.52,-0.76,call,0,0.521622896194458
3,7,6,Flop,0,♥9 ♠A,♦5 ♠10 ♣2,65,0.08461538461538462,0.2713106475161292,1812,221,301,1,80,-825,-598.8615384615384,-0.49230769230769234,-700.7384615384615,-0.8307692307692307,call,0,0.525738000869751
4,7,6,Turn,0,♥9 ♠A,♦5 ♠10 ♣2 ♦4,15,0.06666666666666667,0.24944382578492943,2672,0,230,1,230,-905,-864.8666666666667,-0.6,-926.2,-0.8666666666666667,call,0,0.530214786529541
5,7,6,River,0,♥9 ♠A,♦5 ♠10 ♣2 ♦4 ♥7,15,0.0,0.0,3132,0,238,1,238,-1135,-1373.0,-1.0,-1373.0,-1.0,fold,0,0.5301930904388428
