,N,Nnf,round,first,hole,board,Nsim,prWin,prWinStd,pot,bet,maxBet,NMaxBet,minBet,util_fold,util_call,util_raise_coeff,util_call2,util_raise_coeff2,action,amount,cputime
0,8,8,Deal,0,♦7 ♠7,,70,0.12857142857142856,0.3347249861102851,0,0,106,1,106,0,3.0285714285714107,0.02857142857142847,-78.74285714285715,-0.7428571428571429,raise,0,0.5282208919525146
1,8,7,Flop,0,♦7 ♠7,♣2 ♠K ♥9,80,0.1125,0.31598061649411346,1696,0,150,1,150,-212,-53.07499999999999,-0.21250000000000002,-137.45,-0.775,call,0,0.5352780818939209
2,8,6,Flop,0,♦7 ♠7,♣2 ♠K ♥9,175,0.08571428571428572,0.279941684889506,1696,150,788,4,638,-362,-449.3714285714286,-0.48571428571428577,-719.5428571428572,-0.8285714285714285,fold,0,0.5252549648284912
