,N,Nnf,round,first,hole,board,Nsim,prWin,prWinStd,pot,bet,maxBet,NMaxBet,minBet,util_fold,util_call,util_raise_coeff,util_call2,util_raise_coeff2,action,amount,cputime
0,8,8,Deal,0,♠9 ♥J,,100,0.195,0.3866199684444661,0,20,156,1,136,-20,87.36000000000001,0.56,-95.16,-0.61,raise,0,0.522672176361084
1,8,7,Flop,1,♠9 ♥J,♣2 ♣8 ♠4,5,0.0,0.0,1970,0,0,8,20,-312,-312.0,-1.0,-312.0,-1.0,call,0,0.5270330905914307
2,8,6,Flop,0,♠9 ♥J,♣2 ♣8 ♠4,60,0.03333333333333333,0.17950549357115012,1970,20,49,1,29,-332,-285.5333333333333,-0.8,-292.06666666666666,-0.9333333333333333,call,0,0.5245230197906494
3,8,6,Turn,1,♠9 ♥J,♣2 ♣8 ♠4 ♠10,5,0.2,0.4,2166,0,0,8,20,-361,72.20000000000005,0.20000000000000018,72.20000000000005,-0.6,raise,0,0.5314607620239258
4,8,6,Turn,0,♠9 ♥J,♣2 ♣8 ♠4 ♠10,50,0.13,0.3287856444554719,2166,20,78,2,58,-381,-96.58000000000004,-0.21999999999999997,-137.14,-0.74,call,0,0.527961015701294
5,8,6,Turn,0,♠9 ♥J,♣2 ♣8 ♠4 ♠10,95,0.11052631578947368,0.3093196895771602,2166,78,127,2,49,-439,-164.37894736842105,-0.33684210526315794,-220.5263157894737,-0.7789473684210526,call,0,0.5254137516021729
6,8,6,River,1,♠9 ♥J,♣2 ♣8 ♠4 ♠10 ♦6,5,0.0,0.0,2674,0,0,8,20,-488,-488.0,-1.0,-488.0,-1.0,call,0,0.5280652046203613
7,8,6,River,0,♠9 ♥J,♣2 ♣8 ♠4 ♠10 ♦6,50,0.0,0.0,2674,20,53,1,33,-508,-541.0,-1.0,-541.0,-1.0,fold,0,0.5215110778808594
