,N,Nnf,round,first,hole,board,Nsim,prWin,prWinStd,pot,bet,maxBet,NMaxBet,minBet,util_fold,util_call,util_raise_coeff,util_call2,util_raise_coeff2,action,amount,cputime
0,7,7,Deal,0,♠5 ♥A,,80,0.15535714285714283,0.35585033972965974,0,0,146,1,146,0,12.774999999999977,0.08749999999999991,-100.6357142857143,-0.6892857142857143,raise,0,0.5278887748718262
1,7,7,Flop,0,♠5 ♥A,♠2 ♣7 ♣A,90,0.3314814814814815,0.44686455293456673,2044,0,55,5,55,-292,458.16851851851845,1.3203703703703704,367.01111111111106,-0.337037037037037,raise,0,0.5269441604614258
2,7,7,Turn,0,♠5 ♥A,♠2 ♣7 ♣A ♥10,90,0.27037037037037037,0.42205974781661343,2814,0,88,1,88,-402,437.3703703703703,0.8925925925925926,318.4074074074074,-0.45925925925925926,raise,0,0.5261497497558594
3,7,7,Turn,0,♠5 ♥A,♠2 ♣7 ♣A ♥10,200,0.29916666666666664,0.43852578158086797,2814,176,352,1,176,-578,825.0016666666666,1.0941666666666663,298.46833333333325,-0.4016666666666667,raise,0,0.5244441032409668
