,N,Nnf,round,first,hole,board,Nsim,prWin,prWinStd,pot,bet,maxBet,NMaxBet,minBet,util_fold,util_call,util_raise_coeff,util_call2,util_raise_coeff2,action,amount,cputime
0,8,8,Deal,0,♣8 ♣6,,60,0.11666666666666667,0.32102267140430374,0,40,134,3,94,-40,-8.933333333333337,-0.06666666666666665,-102.73333333333333,-0.7666666666666666,call,0,0.5262188911437988
1,8,8,Flop,0,♣8 ♣6,♠10 ♣7 ♠Q,30,0.13333333333333333,0.33993463423951903,670,0,40,1,40,-134,-42.0,0.06666666666666665,-74.0,-0.7333333333333334,raise,0,0.5280728340148926
2,8,7,Flop,0,♣8 ♣6,♠10 ♣7 ♠Q,85,0.08235294117647059,0.2749016810717158,670,80,143,2,63,-214,-139.38823529411766,-0.42352941176470593,-198.27058823529413,-0.8352941176470589,call,0,0.5236630439758301
3,8,6,Flop,0,♣8 ♣6,♠10 ♣7 ♠Q,140,0.11071428571428571,0.3109194724801696,670,143,183,1,40,-277,-121.25714285714287,-0.33571428571428574,-202.3,-0.7785714285714286,call,0,0.5225417613983154
4,8,6,Turn,1,♣8 ♣6,♠10 ♣7 ♠Q ♠K,0,,,1362,0,0,8,40,-317,,,,,call,0,0.5241539478302002
5,8,6,Turn,0,♣8 ♣6,♠10 ♣7 ♠Q ♠K,30,0.0,0.0,1362,40,151,1,111,-357,-468.0,-1.0,-468.0,-1.0,fold,0,0.5226962566375732
