,N,Nnf,round,first,hole,board,Nsim,prWin,prWinStd,pot,bet,maxBet,NMaxBet,minBet,util_fold,util_call,util_raise_coeff,util_call2,util_raise_coeff2,action,amount,cputime
0,8,8,Deal,0,♠Q ♥J,,90,0.2388888888888889,0.409795191242445,0,10,124,1,114,-10,112.97777777777779,0.9111111111111112,-64.75555555555556,-0.5222222222222221,raise,0,0.5301661491394043
1,8,8,Flop,1,♠Q ♥J,♠J ♥4 ♣4,5,0.0,0.0,1984,0,0,8,20,-248,-248.0,-1.0,-248.0,-1.0,call,0,0.5226590633392334
2,8,8,Flop,0,♠Q ♥J,♠J ♥4 ♣4,110,0.2818181818181818,0.4292026048768319,1984,20,54,1,34,-268,378.8727272727273,1.2545454545454544,287.5636363636363,-0.4363636363636364,raise,0,0.5274739265441895
