,N,Nnf,round,first,hole,board,Nsim,prWin,prWinStd,pot,bet,maxBet,NMaxBet,minBet,util_fold,util_call,util_raise_coeff,util_call2,util_raise_coeff2,action,amount,cputime
0,7,6,Deal,0,♣J ♦K,,100,0.20642857142857143,0.39381636143082255,0,20,128,1,108,-20,30.537142857142868,0.23857142857142866,-75.15428571428572,-0.5871428571428572,raise,0,0.5334582328796387
1,7,6,Deal,0,♣J ♦K,,195,0.22124542124542124,0.4080928034284186,0,256,1000,1,744,-256,327.4725274725274,0.3274725274725274,-557.5091575091576,-0.5575091575091575,raise,0,0.5215530395507812
