,N,Nnf,round,first,hole,board,Nsim,prWin,prWinStd,pot,bet,maxBet,NMaxBet,minBet,util_fold,util_call,util_raise_coeff,util_call2,util_raise_coeff2,action,amount,cputime
0,7,7,Deal,0,♣6 ♣Q,,45,0.15555555555555556,0.36243347622889094,0,0,40,1,40,0,3.555555555555557,0.08888888888888902,-27.555555555555557,-0.6888888888888889,raise,0,0.5254919528961182
1,7,7,Deal,0,♣6 ♣Q,,115,0.1360248447204969,0.3380582783488701,0,80,174,1,94,-80,-8.321739130434793,-0.047826086956521796,-126.66335403726708,-0.7279503105590062,call,0,0.5207657814025879
2,7,6,Flop,0,♣6 ♣Q,♥2 ♦K ♥4,60,0.06666666666666667,0.24944382578492943,696,0,69,1,69,-174,-169.0,-0.6,-187.4,-0.8666666666666667,call,0,0.5302369594573975
3,7,6,Flop,0,♣6 ♣Q,♥2 ♦K ♥4,100,0.05,0.21794494717703367,696,69,138,1,69,-243,-235.79999999999998,-0.7,-263.4,-0.9,call,0,0.5204596519470215
4,7,6,Turn,0,♣6 ♣Q,♥2 ♦K ♥4 ♠7,15,0.0,0.0,1070,0,20,1,20,-312,-332.0,-1.0,-332.0,-1.0,fold,0,0.5205538272857666
