,N,Nnf,round,first,hole,board,Nsim,prWin,prWinStd,pot,bet,maxBet,NMaxBet,minBet,util_fold,util_call,util_raise_coeff,util_call2,util_raise_coeff2,action,amount,cputime
0,8,8,Deal,0,♦7 ♠J,,70,0.12857142857142856,0.3238795442501324,0,40,226,1,186,-40,6.457142857142827,0.02857142857142847,-167.8857142857143,-0.7428571428571429,raise,0,0.5239977836608887
1,8,8,Deal,0,♦7 ♠J,,150,0.12333333333333334,0.31589379368529685,0,452,766,1,314,-452,-10.213333333333367,-0.013333333333333308,-577.0533333333333,-0.7533333333333333,call,0,0.5237481594085693
2,8,8,Flop,1,♦7 ♠J,♠A ♥3 ♥6,0,,,3830,0,0,8,40,-766,,,,,call,0,0.5257909297943115
3,8,7,Flop,0,♦7 ♠J,♠A ♥3 ♥6,50,0.0,0.0,3830,40,53,1,13,-806,-819.0,-1.0,-819.0,-1.0,fold,0,0.523582935333252
