,N,Nnf,round,first,hole,board,Nsim,prWin,prWinStd,pot,bet,maxBet,NMaxBet,minBet,util_fold,util_call,util_raise_coeff,util_call2,util_raise_coeff2,action,amount,cputime
0,7,6,Deal,0,♣9 ♠K,,55,0.15714285714285714,0.3545097741429624,0,40,251,1,211,-40,-14.342857142857156,-0.05714285714285716,-172.1142857142857,-0.6857142857142857,call,0,0.5218708515167236
1,7,6,Flop,1,♣9 ♠K,♣J ♦4 ♠10,5,0.0,0.0,753,0,0,7,80,-251,-251.0,-1.0,-251.0,-1.0,call,0,0.5181241035461426
2,7,6,Flop,0,♣9 ♠K,♣J ♦4 ♠10,45,0.12962962962962962,0.31989367232132127,753,80,223,2,143,-331,-202.94444444444446,-0.22222222222222232,-318.5740740740741,-0.7407407407407407,call,0,0.5236420631408691
3,7,6,Turn,1,♣9 ♠K,♣J ♦4 ♠10 ♦6,5,0.0,0.0,1422,0,0,7,80,-474,-474.0,-1.0,-474.0,-1.0,call,0,0.5248332023620605
4,7,6,Turn,0,♣9 ♠K,♣J ♦4 ♠10 ♦6,45,0.13333333333333333,0.33993463423951903,1422,80,309,1,229,-554,-346.2,-0.19999999999999996,-511.0,-0.7333333333333334,call,0,0.5211210250854492
5,7,6,River,1,♣9 ♠K,♣J ♦4 ♠10 ♦6 ♠A,5,0.0,0.0,2349,0,0,7,80,-783,-783.0,-1.0,-783.0,-1.0,call,0,0.5216681957244873
6,7,6,River,0,♣9 ♠K,♣J ♦4 ♠10 ♦6 ♠A,45,0.0,0.0,2349,80,279,1,199,-863,-1062.0,-1.0,-1062.0,-1.0,fold,0,0.5247550010681152
