,N,Nnf,round,first,hole,board,Nsim,prWin,prWinStd,pot,bet,maxBet,NMaxBet,minBet,util_fold,util_call,util_raise_coeff,util_call2,util_raise_coeff2,action,amount,cputime
0,8,7,Deal,0,♠J ♦J,,50,0.23,0.41484937025383073,0,0,20,2,20,0,12.200000000000003,0.6100000000000001,-10.799999999999999,-0.54,raise,0,0.5285320281982422
1,8,7,Deal,0,♠J ♦J,,115,0.3130434782608696,0.4590200789641447,0,40,67,2,27,-40,79.81739130434784,1.1913043478260872,-25.052173913043475,-0.3739130434782608,raise,0,0.5266542434692383
2,8,7,Flop,0,♠J ♦J,♣9 ♥Q ♥5,30,0.1,0.30000000000000004,804,0,64,3,64,-134,-72.79999999999998,-0.29999999999999993,-104.8,-0.8,call,0,0.5315778255462646
3,8,7,Turn,0,♠J ♦J,♣9 ♥Q ♥5 ♣A,35,0.02857142857142857,0.1665986255670086,1188,0,75,1,75,-198,-224.05714285714285,-0.8,-234.77142857142857,-0.9428571428571428,fold,0,0.5244169235229492
