,N,Nnf,round,first,hole,board,Nsim,prWin,prWinStd,pot,bet,maxBet,NMaxBet,minBet,util_fold,util_call,util_raise_coeff,util_call2,util_raise_coeff2,action,amount,cputime
0,8,7,Deal,0,♥A ♦3,,70,0.07857142857142857,0.2483619807244815,0,20,33,2,13,-20,-14.849999999999998,-0.44999999999999996,-27.814285714285713,-0.8428571428571429,call,0,0.523195743560791
1,8,7,Flop,1,♥A ♦3,♥4 ♠7 ♦5,5,0.2,0.4000000000000001,142,0,0,8,20,-33,-4.599999999999998,0.40000000000000013,-4.599999999999998,-0.6,raise,0,0.5318698883056641
2,8,6,Flop,0,♥A ♦3,♥4 ♠7 ♦5,50,0.14,0.3469870314579494,142,20,64,1,44,-53,-23.359999999999985,-0.15999999999999992,-59.199999999999996,-0.72,call,0,0.5267231464385986
3,8,6,Flop,0,♥A ♦3,♥4 ♠7 ♦5,90,0.12444444444444444,0.31878627849709074,142,64,101,2,37,-97,-40.91555555555556,-0.2533333333333334,-91.19111111111111,-0.7511111111111111,call,0,0.5249011516571045
4,8,6,Turn,1,♥A ♦3,♥4 ♠7 ♦5 ♥Q,5,0.0,0.0,445,0,0,8,20,-134,-134.0,-1.0,-134.0,-1.0,call,0,0.5231881141662598
5,8,6,Turn,0,♥A ♦3,♥4 ♠7 ♦5 ♥Q,40,0.1,0.2783882181415011,445,20,57,1,37,-154,-112.3,-0.3999999999999999,-135.1,-0.8,call,0,0.5264501571655273
6,8,6,Turn,0,♥A ♦3,♥4 ♠7 ♦5 ♥Q,75,0.08666666666666667,0.26297443897754696,445,57,91,2,34,-191,-139.11333333333334,-0.48,-170.66,-0.8266666666666667,call,0,0.5255229473114014
7,8,6,River,1,♥A ♦3,♥4 ♠7 ♦5 ♥Q ♥J,5,0.0,0.0,718,0,0,8,20,-225,-225.0,-1.0,-225.0,-1.0,call,0,0.5264461040496826
