,N,Nnf,round,first,hole,board,Nsim,prWin,prWinStd,pot,bet,maxBet,NMaxBet,minBet,util_fold,util_call,util_raise_coeff,util_call2,util_raise_coeff2,action,amount,cputime
0,7,7,Deal,0,♠10 ♦Q,,10,0.35,0.45000000000000007,0,0,20,1,20,0,29.0,1.4499999999999997,-6.0,-0.30000000000000004,raise,0,0.5204181671142578
1,7,7,Deal,0,♠10 ♦Q,,115,0.29130434782608694,0.44712904807591103,0,40,142,1,102,-40,147.55652173913046,1.0391304347826087,-59.2695652173913,-0.4173913043478261,raise,0,0.5268130302429199
2,7,7,Deal,0,♠10 ♦Q,,225,0.2288888888888889,0.4161315081783226,0,284,359,1,75,-284,216.1977777777778,0.6022222222222222,-194.65777777777777,-0.5422222222222222,raise,0,0.5224020481109619
3,7,7,Flop,0,♠10 ♦Q,♠3 ♣10 ♣Q,15,0.4666666666666667,0.49888765156985887,4665,0,20,1,20,-718,1504.3333333333335,2.2666666666666666,1457.6666666666665,-0.06666666666666665,raise,0,0.5278370380401611
