,N,Nnf,round,first,hole,board,Nsim,prWin,prWinStd,pot,bet,maxBet,NMaxBet,minBet,util_fold,util_call,util_raise_coeff,util_call2,util_raise_coeff2,action,amount,cputime
0,7,7,Deal,0,♣10 ♦K,,10,0.15,0.32015621187164245,0,0,40,1,40,0,2.0,0.050000000000000044,-28.0,-0.7,raise,0,0.5224990844726562
1,7,6,Deal,0,♣10 ♦K,,85,0.12521008403361344,0.3150689023811331,0,80,143,2,63,-80,-35.569747899159665,-0.24873949579831933,-107.18991596638656,-0.7495798319327731,call,0,0.5259280204772949
2,7,6,Flop,0,♣10 ♦K,♥J ♣4 ♠A,15,0.13333333333333333,0.339934634239519,469,0,81,1,81,-143,-96.66666666666666,-0.19999999999999996,-139.86666666666667,-0.7333333333333334,call,0,0.5224649906158447
3,7,6,Turn,0,♣10 ♦K,♥J ♣4 ♠A ♥K,15,0.05555555555555555,0.14487116456005888,712,0,64,1,64,-224,-227.11111111111111,-0.6666666666666667,-241.33333333333334,-0.8888888888888888,fold,0,0.5270071029663086
