,N,Nnf,round,first,hole,board,Nsim,prWin,prWinStd,pot,bet,maxBet,NMaxBet,minBet,util_fold,util_call,util_raise_coeff,util_call2,util_raise_coeff2,action,amount,cputime
0,8,8,Deal,0,♥2 ♦7,,70,0.014285714285714285,0.11866605518454394,0,0,130,1,130,0,-115.14285714285714,-0.8857142857142857,-126.28571428571429,-0.9714285714285714,fold,0,0.5294110774993896
