,N,Nnf,round,first,hole,board,Nsim,prWin,prWinStd,pot,bet,maxBet,NMaxBet,minBet,util_fold,util_call,util_raise_coeff,util_call2,util_raise_coeff2,action,amount,cputime
0,8,7,Deal,0,♣5 ♥2,,85,0.09215686274509803,0.27947883611916596,0,40,68,1,28,-40,-24.13333333333334,-0.3549019607843138,-55.46666666666667,-0.8156862745098039,call,0,0.5250570774078369
1,8,6,Deal,0,♣5 ♥2,,130,0.09871794871794871,0.292130513103973,0,68,162,1,94,-68,-66.04615384615384,-0.4076923076923077,-130.01538461538462,-0.8025641025641026,call,0,0.529627799987793
2,8,6,Flop,1,♣5 ♥2,♣10 ♦A ♣6,5,0.2,0.4000000000000001,574,0,0,8,40,-162,-47.19999999999999,0.20000000000000018,-47.19999999999999,-0.6,raise,0,0.5206091403961182
3,8,6,Flop,0,♣5 ♥2,♣10 ♦A ♣6,40,0.1,0.30000000000000004,574,40,156,1,116,-202,-167.0,-0.3999999999999999,-229.39999999999998,-0.8,call,0,0.5209000110626221
4,8,6,Turn,1,♣5 ♥2,♣10 ♦A ♣6 ♦Q,5,0.0,0.0,1042,0,0,8,40,-318,-318.0,-1.0,-318.0,-1.0,call,0,0.5226778984069824
