,N,Nnf,round,first,hole,board,Nsim,prWin,prWinStd,pot,bet,maxBet,NMaxBet,minBet,util_fold,util_call,util_raise_coeff,util_call2,util_raise_coeff2,action,amount,cputime
0,7,7,Deal,0,♥9 ♥8,,40,0.19107142857142856,0.3811192900724209,0,0,40,1,40,0,13.5,0.3374999999999999,-24.714285714285715,-0.6178571428571429,raise,0,0.5251867771148682
1,7,7,Deal,0,♥9 ♥8,,145,0.1768472906403941,0.3735711939097013,0,80,160,1,80,-80,38.06896551724137,0.23793103448275854,-103.4088669950739,-0.6463054187192119,raise,0,0.5240230560302734
2,7,6,Flop,0,♥9 ♥8,♣K ♥J ♣10,45,0.13148148148148148,0.31841083451039737,1983,0,68,1,68,-320,-73.6277777777778,-0.21111111111111114,-109.39074074074074,-0.737037037037037,call,0,0.5218520164489746
3,7,6,Turn,0,♥9 ♥8,♣K ♥J ♣10 ♥K,15,0.3333333333333333,0.47140452079103173,2311,0,20,1,20,-388,402.33333333333326,1.0,375.66666666666663,-0.33333333333333337,raise,0,0.5266599655151367
4,7,6,Turn,0,♥9 ♥8,♣K ♥J ♣10 ♥K,65,0.17307692307692307,0.3744818906042488,2311,40,73,2,33,-428,14.788461538461547,0.038461538461538325,-35.75,-0.6538461538461539,raise,0,0.5206568241119385
5,7,6,River,0,♥9 ♥8,♣K ♥J ♣10 ♥K ♦6,15,0.0,0.0,2895,0,20,1,20,-534,-554.0,-1.0,-554.0,-1.0,fold,0,0.5265159606933594
