,N,Nnf,round,first,hole,board,Nsim,prWin,prWinStd,pot,bet,maxBet,NMaxBet,minBet,util_fold,util_call,util_raise_coeff,util_call2,util_raise_coeff2,action,amount,cputime
0,7,7,Deal,0,♦2 ♠7,,55,0.0935064935064935,0.28729198404258627,0,80,350,1,270,-80,-120.9090909090909,-0.34545454545454557,-284.54545454545456,-0.812987012987013,fold,0,0.5272502899169922
