,N,Nnf,round,first,hole,board,Nsim,prWin,prWinStd,pot,bet,maxBet,NMaxBet,minBet,util_fold,util_call,util_raise_coeff,util_call2,util_raise_coeff2,action,amount,cputime
0,8,7,Deal,0,♥9 ♦10,,65,0.14615384615384616,0.3477739863217635,0,0,148,1,148,0,3.4153846153846246,0.023076923076923217,-104.73846153846154,-0.7076923076923076,raise,0,0.5284609794616699
1,8,7,Deal,0,♥9 ♦10,,165,0.15353535353535352,0.35437994352534,0,296,486,1,190,-296,36.32727272727266,0.07474747474747456,-336.76363636363635,-0.692929292929293,raise,0,0.5250301361083984
