,N,Nnf,round,first,hole,board,Nsim,prWin,prWinStd,pot,bet,maxBet,NMaxBet,minBet,util_fold,util_call,util_raise_coeff,util_call2,util_raise_coeff2,action,amount,cputime
0,7,6,Deal,0,♥8 ♥6,,50,0.14285714285714285,0.33166247903553997,0,40,296,1,256,-40,-42.28571428571428,-0.1428571428571429,-211.42857142857144,-0.7142857142857143,fold,0,0.5277750492095947
