,N,Nnf,round,first,hole,board,Nsim,prWin,prWinStd,pot,bet,maxBet,NMaxBet,minBet,util_fold,util_call,util_raise_coeff,util_call2,util_raise_coeff2,action,amount,cputime
0,7,7,Deal,0,♣8 ♣7,,45,0.15555555555555556,0.36243347622889094,0,0,108,1,108,0,9.600000000000009,0.08888888888888902,-74.4,-0.6888888888888889,raise,0,0.5209012031555176
1,7,7,Flop,0,♣8 ♣7,♥9 ♣Q ♣J,40,0.4375,0.4897384506039933,1406,0,64,3,64,-216,531.125,2.0625,391.125,-0.125,raise,0,0.5286731719970703
2,7,7,Turn,0,♣8 ♣7,♥9 ♣Q ♣J ♠8,40,0.25,0.4330127018922193,2174,0,52,3,52,-344,238.5,0.75,173.5,-0.5,raise,0,0.5249791145324707
3,7,7,Turn,0,♣8 ♣7,♥9 ♣Q ♣J ♠8,115,0.22318840579710145,0.41230292116691636,2174,104,108,2,4,-448,201.94202898550725,0.5623188405797102,81.4202898550725,-0.5536231884057972,raise,0,0.5272030830383301
4,7,6,River,0,♣8 ♣7,♥9 ♣Q ♣J ♠8 ♣4,25,0.76,0.4270831300812525,3222,0,74,2,74,-560,2152.1600000000003,3.5600000000000005,1927.2000000000003,0.52,raise,0,0.5232357978820801
