,N,Nnf,round,first,hole,board,Nsim,prWin,prWinStd,pot,bet,maxBet,NMaxBet,minBet,util_fold,util_call,util_raise_coeff,util_call2,util_raise_coeff2,action,amount,cputime
0,7,7,Deal,0,♥3 ♣10,,10,0.15,0.32015621187164245,0,0,111,1,111,0,5.549999999999983,0.050000000000000044,-77.7,-0.7,raise,0,0.521226167678833
1,7,7,Deal,0,♥3 ♣10,,50,0.10285714285714284,0.28253950419113333,0,222,240,1,18,-222,-67.20000000000002,-0.28000000000000014,-190.62857142857143,-0.7942857142857143,call,0,0.527047872543335
2,7,7,Deal,0,♥3 ♣10,,95,0.13308270676691727,0.32586504331873384,0,240,623,2,383,-240,-42.626315789473665,-0.06842105263157905,-457.17894736842106,-0.7338345864661655,call,0,0.5327670574188232
3,7,7,Flop,0,♥3 ♣10,♠5 ♦5 ♥7,10,0.0,0.0,1980,0,344,1,344,-623,-967.0,-1.0,-967.0,-1.0,fold,0,0.5210802555084229
