,N,Nnf,round,first,hole,board,Nsim,prWin,prWinStd,pot,bet,maxBet,NMaxBet,minBet,util_fold,util_call,util_raise_coeff,util_call2,util_raise_coeff2,action,amount,cputime
0,8,7,Deal,0,♠6 ♥10,,45,0.11851851851851851,0.31548947317106446,0,0,29,1,29,0,-4.940740740740743,-0.1703703703703704,-22.125925925925927,-0.762962962962963,fold,0,0.5291898250579834
