,N,Nnf,round,first,hole,board,Nsim,prWin,prWinStd,pot,bet,maxBet,NMaxBet,minBet,util_fold,util_call,util_raise_coeff,util_call2,util_raise_coeff2,action,amount,cputime
0,7,6,Deal,0,♥10 ♥4,,65,0.14065934065934066,0.3336137772890285,0,0,98,1,98,0,-15.292307692307688,-0.15604395604395604,-70.43076923076923,-0.7186813186813187,fold,0,0.5234079360961914
