,N,Nnf,round,first,hole,board,Nsim,prWin,prWinStd,pot,bet,maxBet,NMaxBet,minBet,util_fold,util_call,util_raise_coeff,util_call2,util_raise_coeff2,action,amount,cputime
0,7,7,Deal,0,♠7 ♥K,,55,0.23896103896103896,0.41296659265042585,0,40,166,1,126,-40,111.67272727272729,0.6727272727272726,-86.66493506493507,-0.5220779220779221,raise,0,0.5284838676452637
1,7,7,Flop,1,♠7 ♥K,♠Q ♠3 ♣5,5,0.0,0.0,1328,0,0,7,80,-332,-332.0,-1.0,-332.0,-1.0,call,0,0.5237197875976562
2,7,7,Flop,0,♠7 ♥K,♠Q ♠3 ♣5,75,0.04,0.19595917942265423,1328,80,7586,1,7506,-412,-5740.8,-0.72,-7258.0,-0.92,fold,0,0.5213818550109863
