,N,Nnf,round,first,hole,board,Nsim,prWin,prWinStd,pot,bet,maxBet,NMaxBet,minBet,util_fold,util_call,util_raise_coeff,util_call2,util_raise_coeff2,action,amount,cputime
0,8,7,Deal,0,♥8 ♠K,,70,0.18571428571428572,0.3795808644453263,0,0,77,3,77,0,23.10000000000001,0.30000000000000004,-48.4,-0.6285714285714286,raise,0,0.5301618576049805
1,8,7,Flop,0,♥8 ♠K,♠5 ♦4 ♦6,55,0.07636363636363637,0.26004449714590727,1078,0,40,3,40,-154,-90.2981818181818,-0.46545454545454545,-105.57090909090908,-0.8472727272727273,call,0,0.5251181125640869
2,8,6,Flop,0,♥8 ♠K,♠5 ♦4 ♦6,130,0.09833333333333333,0.28361110064709455,1078,40,77,5,37,-194,-79.56666666666666,-0.41000000000000003,-109.85333333333334,-0.8033333333333333,call,0,0.5200917720794678
3,8,6,Turn,0,♥8 ♠K,♠5 ♦4 ♦6 ♣8,55,0.09577922077922077,0.28703759370337145,1540,0,70,5,70,-231,-113.27272727272731,-0.4253246753246753,-140.09090909090912,-0.8084415584415585,call,0,0.5241761207580566
4,8,6,River,0,♥8 ♠K,♠5 ♦4 ♦6 ♣8 ♥6,50,0.3,0.458257569495584,1960,0,53,4,53,-301,329.4,0.7999999999999998,265.79999999999995,-0.4,raise,0,0.5283510684967041
5,8,6,River,0,♥8 ♠K,♠5 ♦4 ♦6 ♣8 ♥6,115,0.2608695652173913,0.43910891036356864,1960,106,125,1,19,-407,280.9565217391305,0.5652173913043477,150.52173913043475,-0.4782608695652174,raise,0,0.5211930274963379
