,N,Nnf,round,first,hole,board,Nsim,prWin,prWinStd,pot,bet,maxBet,NMaxBet,minBet,util_fold,util_call,util_raise_coeff,util_call2,util_raise_coeff2,action,amount,cputime
0,8,8,Deal,0,♣3 ♣7,,60,0.13333333333333333,0.33993463423951903,0,20,47,3,27,-20,3.133333333333333,0.06666666666666665,-34.46666666666667,-0.7333333333333334,raise,0,0.5233941078186035
1,8,8,Deal,0,♣3 ♣7,,135,0.10740740740740741,0.306625511641766,0,94,165,2,71,-94,-23.22222222222223,-0.14074074074074072,-129.55555555555554,-0.7851851851851852,call,0,0.5301330089569092
2,8,7,Deal,0,♣3 ♣7,,210,0.11666666666666667,0.31916309210978533,0,165,10445,1,10280,-165,-1914.9166666666679,-0.18333333333333335,-8007.833333333334,-0.7666666666666666,fold,0,0.5204899311065674
