,N,Nnf,round,first,hole,board,Nsim,prWin,prWinStd,pot,bet,maxBet,NMaxBet,minBet,util_fold,util_call,util_raise_coeff,util_call2,util_raise_coeff2,action,amount,cputime
0,8,7,Deal,0,♥6 ♣9,,60,0.041666666666666664,0.18911342863183697,0,20,119,1,99,-20,-84.29166666666667,-0.7083333333333334,-109.08333333333333,-0.9166666666666666,fold,0,0.521528959274292
