,N,Nnf,round,first,hole,board,Nsim,prWin,prWinStd,pot,bet,maxBet,NMaxBet,minBet,util_fold,util_call,util_raise_coeff,util_call2,util_raise_coeff2,action,amount,cputime
0,7,7,Deal,0,♥5 ♥Q,,65,0.19194139194139193,0.3769681053280539,0,0,136,1,136,0,46.72820512820513,0.3435897435897435,-83.79194139194139,-0.6161172161172161,raise,0,0.523662805557251
1,7,7,Flop,0,♥5 ♥Q,♣4 ♦7 ♥10,55,0.04242424242424242,0.19126950106738794,1547,0,32,2,32,-272,-228.86666666666667,-0.7030303030303031,-235.65454545454546,-0.9151515151515152,call,0,0.5225720405578613
2,7,7,Flop,0,♥5 ♥Q,♣4 ♦7 ♥10,130,0.07179487179487179,0.24715341920207004,1547,32,88,3,56,-304,-204.7076923076923,-0.49743589743589745,-236.2974358974359,-0.8564102564102565,call,0,0.5206770896911621
3,7,7,Turn,0,♥5 ♥Q,♣4 ♦7 ♥10 ♣K,65,0.0,0.0,1899,0,4175,1,4175,-360,-4535.0,-1.0,-4535.0,-1.0,fold,0,0.5272178649902344
