,N,Nnf,round,first,hole,board,Nsim,prWin,prWinStd,pot,bet,maxBet,NMaxBet,minBet,util_fold,util_call,util_raise_coeff,util_call2,util_raise_coeff2,action,amount,cputime
0,7,6,Deal,0,♦8 ♦J,,45,0.2,0.4,0,0,54,1,54,0,10.800000000000011,0.20000000000000018,-32.4,-0.6,raise,0,0.528217077255249
1,7,6,Flop,0,♦8 ♦J,♥7 ♣3 ♠2,35,0.08571428571428572,0.27994168488950605,648,0,36,1,36,-108,-69.94285714285714,-0.48571428571428577,-82.28571428571428,-0.8285714285714285,call,0,0.5268452167510986
2,7,6,Flop,0,♦8 ♦J,♥7 ♣3 ♠2,100,0.06,0.23748684174075835,648,36,70,5,34,-144,-113.92,-0.64,-130.72,-0.88,call,0,0.5206079483032227
3,7,6,Turn,0,♦8 ♦J,♥7 ♣3 ♠2 ♣Q,40,0.0,0.0,1068,0,58,2,58,-178,-236.0,-1.0,-236.0,-1.0,fold,0,0.5236430168151855
