,N,Nnf,round,first,hole,board,Nsim,prWin,prWinStd,pot,bet,maxBet,NMaxBet,minBet,util_fold,util_call,util_raise_coeff,util_call2,util_raise_coeff2,action,amount,cputime
0,8,8,Deal,0,♠9 ♣4,,80,0.12708333333333335,0.31976961107439006,0,10,116,1,106,-10,1.9333333333333513,0.01666666666666683,-86.51666666666667,-0.7458333333333333,raise,0,0.5219137668609619
1,8,8,Deal,0,♠9 ♣4,,175,0.11595238095238096,0.3129124036141758,0,232,464,1,232,-232,-33.584761904761876,-0.07238095238095232,-356.39619047619044,-0.768095238095238,call,0,0.5229959487915039
2,8,8,Flop,1,♠9 ♣4,♣6 ♦2 ♥9,5,0.0,0.0,3136,0,0,8,20,-464,-464.0,-1.0,-464.0,-1.0,call,0,0.5217061042785645
3,8,7,Flop,0,♠9 ♣4,♣6 ♦2 ♥9,90,0.11666666666666667,0.30776975521032307,3136,20,70,1,50,-484,-110.96666666666664,-0.18333333333333335,-151.8,-0.7666666666666666,call,0,0.521151065826416
4,8,7,Flop,0,♠9 ♣4,♣6 ♦2 ♥9,165,0.12121212121212122,0.31695289369679713,3136,70,170,1,100,-534,-109.63636363636363,-0.1515151515151515,-212.66666666666669,-0.7575757575757576,call,0,0.521367073059082
5,8,7,Turn,1,♠9 ♣4,♣6 ♦2 ♥9 ♠K,5,0.2,0.4,3986,0,0,8,20,-634,163.20000000000005,0.40000000000000013,163.20000000000005,-0.6,raise,0,0.5228500366210938
6,8,7,Turn,0,♠9 ♣4,♣6 ♦2 ♥9 ♠K,70,0.14285714285714285,0.34992710611188266,3986,20,142,1,122,-654,-64.57142857142856,0.0,-166.0,-0.7142857142857143,call,0,0.5215358734130859
7,8,7,River,1,♠9 ♣4,♣6 ♦2 ♥9 ♠K ♦3,0,,,4696,0,0,8,20,-776,,,,,call,0,0.5305898189544678
8,8,7,River,0,♠9 ♣4,♣6 ♦2 ♥9 ♠K ♦3,70,0.05714285714285714,0.21618208500602226,4696,20,69,3,49,-796,-549.0571428571428,-0.6000000000000001,-568.7714285714285,-0.8857142857142857,call,0,0.5275168418884277
