,N,Nnf,round,first,hole,board,Nsim,prWin,prWinStd,pot,bet,maxBet,NMaxBet,minBet,util_fold,util_call,util_raise_coeff,util_call2,util_raise_coeff2,action,amount,cputime
0,8,8,Deal,0,♥A ♣A,,55,0.3090909090909091,0.462118728259594,0,0,90,1,90,0,132.54545454545453,1.4727272727272727,-34.36363636363637,-0.38181818181818183,raise,0,0.5269150733947754
1,8,7,Flop,0,♥A ♣A,♣3 ♠5 ♦J,75,0.3333333333333333,0.4714045207910317,1319,0,65,2,65,-180,346.33333333333326,1.333333333333333,237.99999999999994,-0.33333333333333337,raise,0,0.5299572944641113
2,8,6,Turn,0,♥A ♣A,♣3 ♠5 ♦J ♥J,60,0.31666666666666665,0.4651761912317621,1969,0,75,2,75,-310,381.01666666666665,0.8999999999999999,286.01666666666665,-0.3666666666666667,raise,0,0.5219810009002686
3,8,5,River,0,♥A ♣A,♣3 ♠5 ♦J ♥J ♥7,60,0.45,0.49749371855331004,2719,0,67,1,67,-460,847.3,1.25,756.8499999999999,-0.09999999999999998,raise,0,0.5237970352172852
