,N,Nnf,round,first,hole,board,Nsim,prWin,prWinStd,pot,bet,maxBet,NMaxBet,minBet,util_fold,util_call,util_raise_coeff,util_call2,util_raise_coeff2,action,amount,cputime
0,7,6,Deal,0,♠9 ♥6,,65,0.14835164835164835,0.33603741575794305,0,40,154,1,114,-40,-16.923076923076906,-0.10989010989010994,-108.3076923076923,-0.7032967032967032,call,0,0.5253679752349854
1,7,6,Deal,0,♠9 ♥6,,105,0.18707482993197277,0.3728362848156237,0,154,234,2,80,-154,28.65306122448976,0.12244897959183665,-146.44897959183675,-0.6258503401360545,raise,0,0.5279891490936279
2,7,6,Flop,1,♠9 ♥6,♣7 ♦3 ♠10,5,0.0,0.0,1424,0,0,7,40,-468,-468.0,-1.0,-468.0,-1.0,call,0,0.5288801193237305
3,7,6,Flop,0,♠9 ♥6,♣7 ♦3 ♠10,45,0.12222222222222222,0.31894889098682944,1424,40,83,2,43,-508,-316.0888888888889,-0.2666666666666667,-356.66666666666663,-0.7555555555555555,call,0,0.5208730697631836
4,7,6,Turn,1,♠9 ♥6,♣7 ♦3 ♠10 ♦A,5,0.2,0.4000000000000001,1673,0,0,7,40,-551,-216.39999999999998,0.20000000000000018,-216.39999999999998,-0.6,raise,0,0.5237250328063965
5,7,6,Turn,0,♠9 ♥6,♣7 ♦3 ♠10 ♦A,45,0.022222222222222223,0.14740554623801777,1673,40,133,2,93,-591,-629.088888888889,-0.8666666666666667,-640.911111111111,-0.9555555555555556,fold,0,0.5238268375396729
