,N,Nnf,round,first,hole,board,Nsim,prWin,prWinStd,pot,bet,maxBet,NMaxBet,minBet,util_fold,util_call,util_raise_coeff,util_call2,util_raise_coeff2,action,amount,cputime
0,7,6,Deal,0,♣10 ♣9,,70,0.20952380952380953,0.3900404072328614,0,0,70,1,70,0,18.0,0.2571428571428571,-40.666666666666664,-0.5809523809523809,raise,0,0.5264339447021484
1,7,6,Flop,0,♣10 ♣9,♦Q ♠9 ♣7,50,0.25,0.4031128874149275,840,0,61,3,61,-140,100.5,0.5,39.5,-0.5,raise,0,0.5322601795196533
2,7,6,Turn,0,♣10 ♣9,♦Q ♠9 ♣7 ♣J,50,0.30666666666666664,0.43379462626659837,1572,0,68,1,68,-262,277.19999999999993,0.8399999999999999,193.78666666666663,-0.3866666666666667,raise,0,0.5210919380187988
3,7,6,River,0,♣10 ♣9,♦Q ♠9 ♣7 ♣J ♥8,55,0.0,0.0,2388,0,406,4,406,-398,-804.0,-1.0,-804.0,-1.0,fold,0,0.5232670307159424
