,N,Nnf,round,first,hole,board,Nsim,prWin,prWinStd,pot,bet,maxBet,NMaxBet,minBet,util_fold,util_call,util_raise_coeff,util_call2,util_raise_coeff2,action,amount,cputime
0,7,6,Deal,0,♣9 ♥Q,,65,0.16886446886446885,0.3622160574841671,0,160,551,2,391,-160,7.265934065934061,0.01318681318681314,-364.91135531135535,-0.6622710622710624,raise,0,0.5226798057556152
1,7,6,Flop,1,♣9 ♥Q,♦6 ♦4 ♠7,5,0.0,0.0,3386,0,0,7,160,-1102,-1102.0,-1.0,-1102.0,-1.0,call,0,0.5244748592376709
2,7,6,Flop,0,♣9 ♥Q,♦6 ♦4 ♠7,45,0.06666666666666667,0.24944382578492943,3386,160,623,2,463,-1262,-1250.0666666666666,-0.6,-1416.2,-0.8666666666666667,call,0,0.5231451988220215
3,7,6,Turn,1,♣9 ♥Q,♦6 ♦4 ♠7 ♠3,5,0.0,0.0,5255,0,0,7,160,-1725,-1725.0,-1.0,-1725.0,-1.0,call,0,0.5222020149230957
4,7,6,Turn,0,♣9 ♥Q,♦6 ♦4 ♠7 ♠3,45,0.0,0.0,5255,160,590,1,430,-1885,-2315.0,-1.0,-2315.0,-1.0,fold,0,0.5215466022491455
