,N,Nnf,round,first,hole,board,Nsim,prWin,prWinStd,pot,bet,maxBet,NMaxBet,minBet,util_fold,util_call,util_raise_coeff,util_call2,util_raise_coeff2,action,amount,cputime
0,8,8,Deal,0,♦6 ♠8,,95,0.12631578947368421,0.3241866019880946,0,20,126,1,106,-20,1.3263157894736821,0.010526315789473717,-94.16842105263157,-0.7473684210526316,raise,0,0.5313818454742432
1,8,8,Flop,0,♦6 ♠8,♣A ♦4 ♥2,35,0.08571428571428572,0.27994168488950605,2016,0,20,1,20,-252,-85.48571428571427,-0.3142857142857143,-95.77142857142857,-0.8285714285714285,call,0,0.5268769264221191
2,8,8,Flop,0,♦6 ♠8,♣A ♦4 ♥2,135,0.037037037037037035,0.18885257457751053,2016,20,79,5,59,-272,-232.92592592592592,-0.7037037037037037,-250.4814814814815,-0.9259259259259259,call,0,0.5251057147979736
3,8,8,Flop,0,♦6 ♠8,♣A ♦4 ♥2,240,0.03333333333333333,0.17950549357115012,2016,79,124,6,45,-331,-275.73333333333335,-0.7333333333333334,-300.5333333333333,-0.9333333333333333,call,0,0.525841236114502
4,8,8,Turn,0,♦6 ♠8,♣A ♦4 ♥2 ♥5,35,0.0,0.0,3008,0,20,1,20,-376,-396.0,-1.0,-396.0,-1.0,fold,0,0.5241479873657227
