,N,Nnf,round,first,hole,board,Nsim,prWin,prWinStd,pot,bet,maxBet,NMaxBet,minBet,util_fold,util_call,util_raise_coeff,util_call2,util_raise_coeff2,action,amount,cputime
0,7,6,Deal,0,♣J ♠7,,50,0.19285714285714284,0.3717718194192316,0,0,131,1,131,0,20.58571428571429,0.15714285714285703,-80.47142857142858,-0.6142857142857143,raise,0,0.5294630527496338
1,7,6,Flop,0,♣J ♠7,♦6 ♣5 ♠8,45,0.2,0.33993463423951903,1048,0,1192,1,1192,-262,186.0,0.20000000000000018,-767.5999999999999,-0.6,raise,0,0.5273659229278564
2,7,6,Turn,0,♣J ♠7,♦6 ♣5 ♠8 ♥2,15,0.03333333333333333,0.12472191289246473,7367,0,40,1,40,-2646,-2432.4333333333334,-0.8,-2437.766666666667,-0.9333333333333333,call,0,0.5313746929168701
3,7,6,River,0,♣J ♠7,♦6 ♣5 ♠8 ♥2 ♠Q,15,0.0,0.0,7447,0,93,1,93,-2686,-2779.0,-1.0,-2779.0,-1.0,fold,0,0.5241777896881104
