,N,Nnf,round,first,hole,board,Nsim,prWin,prWinStd,pot,bet,maxBet,NMaxBet,minBet,util_fold,util_call,util_raise_coeff,util_call2,util_raise_coeff2,action,amount,cputime
0,7,7,Deal,0,♥2 ♠K,,55,0.14805194805194805,0.3520031585745836,0,40,313,1,273,-40,11.381818181818176,0.036363636363636376,-220.31948051948052,-0.7038961038961039,raise,0,0.5209488868713379
1,7,7,Flop,1,♥2 ♠K,♠6 ♥Q ♦A,5,0.0,0.0,2191,0,0,7,80,-626,-626.0,-1.0,-626.0,-1.0,call,0,0.5237360000610352
2,7,7,Flop,0,♥2 ♠K,♠6 ♥Q ♦A,45,0.044444444444444446,0.17708197167232476,2191,80,282,1,202,-706,-722.8888888888889,-0.6888888888888889,-785.5555555555555,-0.9111111111111111,fold,0,0.5225112438201904
