,N,Nnf,round,first,hole,board,Nsim,prWin,prWinStd,pot,bet,maxBet,NMaxBet,minBet,util_fold,util_call,util_raise_coeff,util_call2,util_raise_coeff2,action,amount,cputime
0,7,7,Deal,0,♦A ♠4,,95,0.11553884711779447,0.3097255641100437,0,20,92,1,72,-20,-17.592982456140362,-0.19122807017543875,-70.74085213032582,-0.768922305764411,call,0,0.5245542526245117
1,7,7,Deal,0,♦A ♠4,,195,0.15103785103785103,0.3476264884846811,0,92,115,4,23,-92,6.585470085470092,0.057264957264957284,-80.26129426129427,-0.6979242979242979,raise,0,0.5222480297088623
2,7,7,Deal,0,♦A ♠4,,300,0.17595238095238097,0.3666805037587009,0,230,460,1,230,-230,106.56666666666672,0.2316666666666669,-298.12380952380954,-0.6480952380952381,raise,0,0.5240509510040283
