,N,Nnf,round,first,hole,board,Nsim,prWin,prWinStd,pot,bet,maxBet,NMaxBet,minBet,util_fold,util_call,util_raise_coeff,util_call2,util_raise_coeff2,action,amount,cputime
0,8,8,Deal,0,♦10 ♣Q,,80,0.14166666666666666,0.34470196466577396,0,0,58,4,58,0,7.733333333333334,0.1333333333333333,-41.56666666666666,-0.7166666666666667,raise,0,0.5272400379180908
1,8,8,Flop,0,♦10 ♣Q,♦A ♠A ♠3,60,0.11666666666666667,0.3077697552103232,869,0,100,6,100,-116,-21.28333333333333,-0.06666666666666665,-91.28333333333333,-0.7666666666666666,call,0,0.523737907409668
2,8,8,Turn,0,♦10 ♣Q,♦A ♠A ♠3 ♣8,60,0.016666666666666666,0.12801909579781015,1569,0,100,5,100,-216,-276.51666666666665,-0.8666666666666667,-286.51666666666665,-0.9666666666666667,fold,0,0.5226280689239502
