,N,Nnf,round,first,hole,board,Nsim,prWin,prWinStd,pot,bet,maxBet,NMaxBet,minBet,util_fold,util_call,util_raise_coeff,util_call2,util_raise_coeff2,action,amount,cputime
0,8,7,Deal,0,♥K ♠10,,50,0.19,0.3858756276314948,0,0,40,1,40,0,13.199999999999996,0.33000000000000007,-24.8,-0.62,raise,0,0.5282580852508545
1,8,7,Deal,0,♥K ♠10,,95,0.18552631578947368,0.38382731429930317,0,80,140,2,60,-80,41.81578947368422,0.29868421052631566,-88.05263157894737,-0.6289473684210527,raise,0,0.5229010581970215
2,8,7,Deal,0,♥K ♠10,,140,0.17232142857142857,0.3718522223344941,0,280,297,1,17,-280,61.256249999999966,0.20625000000000004,-194.64107142857142,-0.6553571428571429,raise,0,0.521514892578125
3,8,7,Flop,0,♥K ♠10,♥A ♥8 ♦7,10,0.2,0.4000000000000001,2037,0,101,1,101,-594,-146.19999999999993,0.40000000000000013,-247.19999999999993,-0.6,raise,0,0.5291767120361328
4,8,7,Turn,0,♥K ♠10,♥A ♥8 ♦7 ♥J,15,0.3333333333333333,0.47140452079103173,2643,0,42,1,42,-796,141.0,1.333333333333333,71.0,-0.33333333333333337,raise,0,0.5252869129180908
5,8,6,River,1,♥K ♠10,♥A ♥8 ♦7 ♥J ♠Q,5,0.6,0.48989794855663565,2853,0,0,8,40,-880,831.8,2.5999999999999996,831.8,0.19999999999999996,raise,0,0.5286998748779297
