,N,Nnf,round,first,hole,board,Nsim,prWin,prWinStd,pot,bet,maxBet,NMaxBet,minBet,util_fold,util_call,util_raise_coeff,util_call2,util_raise_coeff2,action,amount,cputime
0,7,6,Deal,0,♣2 ♣3,,75,0.14666666666666667,0.34422215049134897,0,40,137,1,97,-40,-16.439999999999998,-0.12,-96.81333333333333,-0.7066666666666667,call,0,0.523400068283081
1,7,6,Deal,0,♣2 ♣3,,145,0.1310344827586207,0.3322892884592166,0,137,250,2,113,-137,-53.448275862068954,-0.21379310344827585,-184.48275862068965,-0.7379310344827585,call,0,0.5232958793640137
2,7,6,Flop,1,♣2 ♣3,♣10 ♦K ♣A,5,0.4,0.48989794855663565,1020,0,0,7,40,-250,158.0,1.4000000000000004,158.0,-0.19999999999999996,raise,0,0.5247399806976318
3,7,6,Flop,0,♣2 ♣3,♣10 ♦K ♣A,55,0.2818181818181818,0.4448047208263661,1020,40,154,3,114,-290,143.85454545454536,0.6909090909090909,-29.74545454545455,-0.4363636363636364,raise,0,0.5287580490112305
4,7,6,Flop,0,♣2 ♣3,♣10 ♦K ♣A,105,0.2857142857142857,0.4464523803174942,1020,308,1392,2,1084,-558,1035.7142857142853,0.7142857142857142,-555.1428571428573,-0.4285714285714286,raise,0,0.5220930576324463
