,N,Nnf,round,first,hole,board,Nsim,prWin,prWinStd,pot,bet,maxBet,NMaxBet,minBet,util_fold,util_call,util_raise_coeff,util_call2,util_raise_coeff2,action,amount,cputime
0,7,6,Deal,0,♣7 ♣3,,100,0.14,0.34698703145794946,0,20,72,5,52,-20,-11.519999999999989,-0.15999999999999992,-51.839999999999996,-0.72,call,0,0.5208430290222168
1,7,6,Flop,1,♣7 ♣3,♥K ♠9 ♠7,5,0.2,0.4000000000000001,442,0,0,7,20,-72,16.400000000000006,0.20000000000000018,16.400000000000006,-0.6,raise,0,0.524402379989624
2,7,6,Flop,0,♣7 ♣3,♥K ♠9 ♠7,80,0.1625,0.36033838263498935,442,20,74,5,54,-92,-2.0249999999999773,-0.02499999999999991,-50.125,-0.675,call,0,0.5233471393585205
3,7,6,Turn,1,♣7 ♣3,♥K ♠9 ♠7 ♥9,5,0.1,0.20000000000000004,886,0,0,7,20,-146,-57.39999999999999,-0.3999999999999999,-57.39999999999999,-0.8,call,0,0.5257570743560791
4,7,6,Turn,0,♣7 ♣3,♥K ♠9 ♠7 ♥9,80,0.08958333333333332,0.2581232344572388,886,20,63,3,43,-166,-95.76666666666668,-0.46250000000000013,-118.34166666666668,-0.8208333333333333,call,0,0.5250298976898193
5,7,6,Turn,0,♣7 ♣3,♥K ♠9 ♠7 ♥9,155,0.059139784946236555,0.21894332050278514,886,63,69,5,6,-209,-138.11827956989248,-0.6451612903225807,-154.44086021505376,-0.8817204301075269,call,0,0.5290229320526123
6,7,6,River,1,♣7 ♣3,♥K ♠9 ♠7 ♥9 ♦A,5,0.0,0.0,1300,0,0,7,20,-215,-215.0,-1.0,-215.0,-1.0,call,0,0.5242311954498291
7,7,6,River,0,♣7 ♣3,♥K ♠9 ♠7 ♥9 ♦A,80,0.022916666666666665,0.12840839255195816,1300,20,65,2,45,-235,-241.27083333333334,-0.8625,-247.22916666666669,-0.9541666666666667,fold,0,0.526580810546875
