,N,Nnf,round,first,hole,board,Nsim,prWin,prWinStd,pot,bet,maxBet,NMaxBet,minBet,util_fold,util_call,util_raise_coeff,util_call2,util_raise_coeff2,action,amount,cputime
0,7,7,Deal,0,♦J ♦K,,65,0.2128205128205128,0.4003285961286921,0,20,316,1,296,-20,154.75897435897434,0.4897435897435898,-181.4974358974359,-0.5743589743589743,raise,0,0.5220279693603516
1,7,7,Flop,1,♦J ♦K,♥7 ♣7 ♣K,5,0.2,0.4,3160,0,0,7,40,-632,0.0,0.40000000000000013,0.0,-0.6,raise,0,0.5250279903411865
2,7,7,Flop,0,♦J ♦K,♥7 ♣7 ♣K,85,0.30980392156862746,0.44659418579064253,3160,40,42,4,2,-672,396.06274509803916,1.1686274509803924,331.00392156862745,-0.3803921568627451,raise,0,0.5237030982971191
3,7,6,Flop,0,♦J ♦K,♥7 ♣7 ♣K,170,0.3078431372549019,0.4472178939567657,3160,84,166,3,82,-716,481.3960784313724,0.8470588235294114,276.98823529411743,-0.38431372549019616,raise,0,0.5215790271759033
