,N,Nnf,round,first,hole,board,Nsim,prWin,prWinStd,pot,bet,maxBet,NMaxBet,minBet,util_fold,util_call,util_raise_coeff,util_call2,util_raise_coeff2,action,amount,cputime
0,7,7,Deal,0,♣A ♦10,,65,0.14835164835164835,0.3472944751670898,0,10,134,1,124,-10,5.15384615384616,0.03846153846153855,-94.24175824175825,-0.7032967032967032,raise,0,0.5274271965026855
1,7,7,Flop,1,♣A ♦10,♠K ♥8 ♣3,5,0.0,0.0,1340,0,0,7,20,-268,-268.0,-1.0,-268.0,-1.0,call,0,0.5279369354248047
2,7,7,Flop,0,♣A ♦10,♠K ♥8 ♣3,85,0.041176470588235294,0.19115384481496378,1340,20,104,1,84,-288,-286.84705882352944,-0.711764705882353,-308.25882352941176,-0.9176470588235294,call,0,0.5256948471069336
3,7,7,Flop,0,♣A ♦10,♠K ♥8 ♣3,170,0.061764705882352944,0.23765361085900896,1340,104,220,1,116,-372,-310.11764705882354,-0.5676470588235294,-378.05882352941177,-0.8764705882352941,call,0,0.5271499156951904
4,7,7,Turn,1,♣A ♦10,♠K ♥8 ♣3 ♠4,5,0.0,0.0,2440,0,0,7,20,-488,-488.0,-1.0,-488.0,-1.0,call,0,0.5212490558624268
5,7,7,Turn,0,♣A ♦10,♠K ♥8 ♣3 ♠4,85,0.03529411764705882,0.18452220166303673,2440,20,138,1,118,-508,-505.78823529411767,-0.7529411764705882,-530.1411764705882,-0.9294117647058824,call,0,0.5272378921508789
6,7,7,River,1,♣A ♦10,♠K ♥8 ♣3 ♠4 ♥A,5,0.6,0.48989794855663565,3130,0,0,7,20,-626,1252.0,3.2,1252.0,0.19999999999999996,raise,0,0.5274941921234131
7,7,7,River,0,♣A ♦10,♠K ♥8 ♣3 ♠4 ♥A,90,0.40555555555555556,0.4881623389158595,3130,20,73,3,53,-646,777.6277777777777,1.838888888888889,629.5999999999999,-0.18888888888888888,raise,0,0.5331180095672607
8,7,7,River,0,♣A ♦10,♠K ♥8 ♣3 ♠4 ♥A,175,0.38,0.4809514380000186,3130,146,292,1,146,-772,1048.1200000000001,1.6600000000000001,493.32000000000016,-0.24,raise,0,0.5303480625152588
