,N,Nnf,round,first,hole,board,Nsim,prWin,prWinStd,pot,bet,maxBet,NMaxBet,minBet,util_fold,util_call,util_raise_coeff,util_call2,util_raise_coeff2,action,amount,cputime
0,7,6,Deal,0,♣4 ♥6,,40,0.10357142857142856,0.2996383875028467,0,0,80,1,80,0,-30.285714285714292,-0.37857142857142856,-63.42857142857143,-0.7928571428571429,fold,0,0.5272049903869629
