,N,Nnf,round,first,hole,board,Nsim,prWin,prWinStd,pot,bet,maxBet,NMaxBet,minBet,util_fold,util_call,util_raise_coeff,util_call2,util_raise_coeff2,action,amount,cputime
0,7,6,Deal,0,♥2 ♥10,,65,0.13296703296703297,0.31916219875990387,0,0,59,2,59,0,-11.92967032967033,-0.20219780219780215,-43.30989010989011,-0.7340659340659341,fold,0,0.5223469734191895
