,N,Nnf,round,first,hole,board,Nsim,prWin,prWinStd,pot,bet,maxBet,NMaxBet,minBet,util_fold,util_call,util_raise_coeff,util_call2,util_raise_coeff2,action,amount,cputime
0,8,8,Deal,0,♦7 ♥6,,10,0.2,0.4000000000000001,0,0,20,1,20,0,12.0,0.6000000000000001,-12.0,-0.6,raise,0,0.5235450267791748
1,8,8,Deal,0,♦7 ♥6,,105,0.09166666666666666,0.28256197522184373,0,40,104,1,64,-40,-27.733333333333334,-0.2666666666666667,-84.93333333333334,-0.8166666666666667,call,0,0.5230250358581543
2,8,7,Flop,0,♦7 ♥6,♥J ♥4 ♦2,40,0.0375,0.17275343701356569,676,0,20,2,20,-104,-93.4,-0.7375,-97.15,-0.925,call,0,0.5233268737792969
3,8,6,Flop,0,♦7 ♥6,♥J ♥4 ♦2,125,0.052,0.21747643550509096,676,20,95,2,75,-124,-134.208,-0.688,-153.96800000000002,-0.896,fold,0,0.5300309658050537
