,N,Nnf,round,first,hole,board,Nsim,prWin,prWinStd,pot,bet,maxBet,NMaxBet,minBet,util_fold,util_call,util_raise_coeff,util_call2,util_raise_coeff2,action,amount,cputime
0,7,6,Deal,0,♣A ♥K,,40,0.32857142857142857,0.46642364906612876,0,0,20,1,20,0,19.42857142857143,0.9714285714285715,-6.857142857142858,-0.34285714285714286,raise,0,0.5203630924224854
1,7,6,Deal,0,♣A ♥K,,90,0.23095238095238094,0.41486686113939647,0,40,79,2,39,-40,30.47142857142856,0.3857142857142857,-42.50952380952381,-0.5380952380952382,raise,0,0.5224080085754395
2,7,6,Flop,0,♣A ♥K,♥Q ♥7 ♥4,30,0.3,0.45825756949558394,632,0,46,2,46,-158,68.39999999999998,0.7999999999999998,13.199999999999989,-0.4,raise,0,0.5217149257659912
3,7,6,Flop,0,♣A ♥K,♥Q ♥7 ♥4,80,0.325,0.4683748498798799,632,92,98,2,6,-250,140.5,0.9500000000000002,13.100000000000023,-0.35,raise,0,0.5581419467926025
4,7,6,Turn,0,♣A ♥K,♥Q ♥7 ♥4 ♠8,30,0.21666666666666667,0.4017323597731317,1416,0,24,2,24,-354,-40.0,0.30000000000000004,-60.80000000000001,-0.5666666666666667,raise,0,0.5229620933532715
5,7,6,Turn,0,♣A ♥K,♥Q ♥7 ♥4 ♠8,70,0.19285714285714287,0.38998953413481996,1416,48,79,1,31,-402,-68.5,0.15714285714285725,-129.44285714285712,-0.6142857142857143,raise,0,0.5198121070861816
6,7,6,Turn,0,♣A ♥K,♥Q ♥7 ♥4 ♠8,110,0.2409090909090909,0.4249696148593673,1416,158,5192,1,5034,-512,2299.927272727272,0.4454545454545453,-2703.2727272727275,-0.5181818181818182,raise,0,0.5231101512908936
