,N,Nnf,round,first,hole,board,Nsim,prWin,prWinStd,pot,bet,maxBet,NMaxBet,minBet,util_fold,util_call,util_raise_coeff,util_call2,util_raise_coeff2,action,amount,cputime
0,8,7,Deal,0,♣J ♣9,,80,0.175,0.37165171868296265,0,0,79,3,79,0,17.77499999999999,0.22499999999999987,-51.35,-0.65,raise,0,0.5331571102142334
1,8,7,Flop,0,♣J ♣9,♥Q ♥A ♠J,65,0.06153846153846154,0.22373907034229212,1106,0,842,5,842,-158,-569.2307692307693,-0.5692307692307692,-828.3076923076924,-0.8769230769230769,fold,0,0.532768964767456
