,N,Nnf,round,first,hole,board,Nsim,prWin,prWinStd,pot,bet,maxBet,NMaxBet,minBet,util_fold,util_call,util_raise_coeff,util_call2,util_raise_coeff2,action,amount,cputime
0,8,7,Deal,0,♠3 ♣A,,60,0.11666666666666667,0.3077697552103231,0,80,237,1,157,-80,-43.44999999999999,-0.18333333333333335,-181.7,-0.7666666666666666,call,0,0.5280189514160156
1,8,7,Deal,0,♠3 ♣A,,105,0.14285714285714285,0.3360434050357591,0,237,665,2,428,-237,0.0,0.0,-475.0,-0.7142857142857143,call,0,0.5252630710601807
2,8,7,Flop,1,♠3 ♣A,♣2 ♦K ♠K,5,0.1,0.2,2660,0,0,8,160,-665,-399.0,-0.29999999999999993,-399.0,-0.8,call,0,0.5282890796661377
3,8,7,Flop,0,♠3 ♣A,♣2 ♦K ♠K,50,0.1,0.28284271247461906,2660,160,566,3,406,-825,-568.8,-0.29999999999999993,-851.8,-0.8,call,0,0.5256056785583496
4,8,7,Turn,1,♠3 ♣A,♣2 ♦K ♠K ♥7,0,,,4924,0,0,8,160,-1231,,,,,call,0,0.5228149890899658
5,8,7,Turn,0,♠3 ♣A,♣2 ♦K ♠K ♥7,45,0.044444444444444446,0.17708197167232476,4924,160,595,1,435,-1391,-1422.0444444444445,-0.6888888888888889,-1554.2666666666667,-0.9111111111111111,fold,0,0.5315332412719727
