,N,Nnf,round,first,hole,board,Nsim,prWin,prWinStd,pot,bet,maxBet,NMaxBet,minBet,util_fold,util_call,util_raise_coeff,util_call2,util_raise_coeff2,action,amount,cputime
0,7,6,Deal,0,♥6 ♦A,,40,0.225,0.4023369234857771,0,0,160,1,160,0,56.0,0.3500000000000001,-88.0,-0.55,raise,0,0.5220921039581299
1,7,6,Deal,0,♥6 ♦A,,85,0.1588235294117647,0.35323517167064544,0,320,1881,2,1561,-320,-88.51764705882351,-0.04705882352941182,-1283.5058823529412,-0.6823529411764706,call,0,0.526839017868042
2,7,6,Flop,0,♥6 ♦A,♦7 ♥2 ♦6,15,0.3,0.4396968652757639,5643,0,469,1,469,-1881,187.0999999999999,0.7999999999999998,-375.7000000000003,-0.4,raise,0,0.5297431945800781
3,7,6,Turn,0,♥6 ♦A,♦7 ♥2 ♦6 ♣K,15,0.2,0.4,7519,0,271,1,271,-2819,-1260.9999999999998,0.20000000000000018,-1477.7999999999997,-0.6,raise,0,0.5298221111297607
4,7,6,River,0,♥6 ♦A,♦7 ♥2 ♦6 ♣K ♠9,15,0.0,0.0,8603,0,217,1,217,-3361,-3578.0,-1.0,-3578.0,-1.0,fold,0,0.5256049633026123
