,N,Nnf,round,first,hole,board,Nsim,prWin,prWinStd,pot,bet,maxBet,NMaxBet,minBet,util_fold,util_call,util_raise_coeff,util_call2,util_raise_coeff2,action,amount,cputime
0,7,7,Deal,0,♣10 ♥A,,65,0.1967032967032967,0.387810901100884,0,20,242,1,222,-20,91.21538461538461,0.3769230769230769,-146.7956043956044,-0.6065934065934067,raise,0,0.526540994644165
1,7,6,Flop,1,♣10 ♥A,♠J ♠4 ♠6,5,0.0,0.0,2178,0,0,7,40,-484,-484.0,-1.0,-484.0,-1.0,call,0,0.5265920162200928
2,7,6,Flop,0,♣10 ♥A,♠J ♠4 ♠6,55,0.03636363636363636,0.18719327529067278,2178,40,92,2,52,-524,-476.72727272727275,-0.7818181818181819,-490.1090909090909,-0.9272727272727272,call,0,0.5212140083312988
3,7,6,Flop,0,♣10 ♥A,♠J ♠4 ♠6,105,0.029931972789115645,0.16694271183867176,2178,92,160,3,68,-576,-550.073469387755,-0.8204081632653062,-569.2299319727891,-0.9401360544217687,call,0,0.5222518444061279
4,7,6,Turn,1,♣10 ♥A,♠J ♠4 ♠6 ♠A,5,0.0,0.0,2818,0,0,7,40,-644,-644.0,-1.0,-644.0,-1.0,call,0,0.5234990119934082
5,7,6,Turn,0,♣10 ♥A,♠J ♠4 ♠6 ♠A,50,0.002857142857142857,0.02,2818,40,139,2,99,-684,-772.5657142857143,-0.9828571428571429,-774.1542857142857,-0.9942857142857143,fold,0,0.522636890411377
