,N,Nnf,round,first,hole,board,Nsim,prWin,prWinStd,pot,bet,maxBet,NMaxBet,minBet,util_fold,util_call,util_raise_coeff,util_call2,util_raise_coeff2,action,amount,cputime
0,7,6,Deal,0,♣K ♣6,,100,0.13333333333333333,0.32914029430219166,0,20,71,5,51,-20,-14.200000000000003,-0.19999999999999996,-52.06666666666666,-0.7333333333333334,call,0,0.5235950946807861
1,7,6,Flop,1,♣K ♣6,♣3 ♦A ♣4,5,0.8,0.4,436,0,0,7,20,-71,277.8,3.8000000000000007,277.8,0.6000000000000001,raise,0,0.5275750160217285
2,7,6,Flop,0,♣K ♣6,♣3 ♦A ♣4,75,0.36444444444444446,0.47818587222445386,436,20,78,5,58,-91,180.45777777777778,1.1866666666666665,66.75111111111113,-0.2711111111111111,raise,0,0.5248739719390869
3,7,6,Turn,1,♣K ♣6,♣3 ♦A ♣4 ♣5,5,0.8,0.4,1372,0,0,7,20,-227,870.6000000000001,3.8000000000000007,870.6000000000001,0.6000000000000001,raise,0,0.5274240970611572
4,7,6,Turn,0,♣K ♣6,♣3 ♦A ♣4 ♣5,75,0.8533333333333334,0.35377331097124276,1372,20,132,3,112,-247,1487.6133333333332,4.12,1037.0533333333333,0.7066666666666668,raise,0,0.5207829475402832
5,7,6,River,1,♣K ♣6,♣3 ♦A ♣4 ♣5 ♦9,5,1.0,0.0,2781,0,0,7,20,-491,2290.0,5.0,2290.0,1.0,raise,0,0.5265531539916992
6,7,6,River,0,♣K ♣6,♣3 ♦A ♣4 ♣5 ♦9,55,0.9636363636363636,0.18719327529067276,2781,20,73,3,53,-511,2537.9454545454546,4.781818181818181,2256.5636363636363,0.9272727272727272,raise,0,0.5265872478485107
