,N,Nnf,round,first,hole,board,Nsim,prWin,prWinStd,pot,bet,maxBet,NMaxBet,minBet,util_fold,util_call,util_raise_coeff,util_call2,util_raise_coeff2,action,amount,cputime
0,7,7,Deal,0,♠4 ♦8,,70,0.11122448979591837,0.2909308761153031,0,40,634,1,594,-40,-140.38571428571424,-0.22142857142857142,-492.9673469387755,-0.7775510204081633,fold,0,0.521104097366333
