,N,Nnf,round,first,hole,board,Nsim,prWin,prWinStd,pot,bet,maxBet,NMaxBet,minBet,util_fold,util_call,util_raise_coeff,util_call2,util_raise_coeff2,action,amount,cputime
0,8,6,Deal,0,♥3 ♥10,,70,0.11428571428571428,0.2948538205792899,0,20,30,1,10,-20,-9.42857142857143,-0.3142857142857143,-23.142857142857142,-0.7714285714285715,call,0,0.5304019451141357
1,8,6,Deal,0,♥3 ♥10,,105,0.12857142857142856,0.3164428138254505,0,30,70,1,40,-30,-16.0,-0.22857142857142865,-52.0,-0.7428571428571429,call,0,0.52109694480896
2,8,6,Flop,1,♥3 ♥10,♣10 ♦6 ♦A,5,0.4,0.48989794855663565,220,0,0,8,20,-70,18.0,1.4000000000000004,18.0,-0.19999999999999996,raise,0,0.5246620178222656
3,8,6,Flop,0,♥3 ♥10,♣10 ♦6 ♦A,40,0.125,0.33071891388307384,220,20,65,2,45,-90,-58.75,-0.25,-91.25,-0.75,call,0,0.5227677822113037
4,8,6,Turn,1,♥3 ♥10,♣10 ♦6 ♦A ♣J,5,0.0,0.0,415,0,0,8,20,-135,-135.0,-1.0,-135.0,-1.0,call,0,0.5226869583129883
5,8,5,Turn,0,♥3 ♥10,♣10 ♦6 ♦A ♣J,40,0.0375,0.17275343701356569,415,20,39,1,19,-155,-151.125,-0.8125,-155.5125,-0.925,call,0,0.5216751098632812
6,8,5,River,1,♥3 ♥10,♣10 ♦6 ♦A ♣J ♠J,5,0.1,0.20000000000000004,493,0,0,8,20,-174,-124.69999999999999,-0.5,-124.69999999999999,-0.8,call,0,0.5234031677246094
