,N,Nnf,round,first,hole,board,Nsim,prWin,prWinStd,pot,bet,maxBet,NMaxBet,minBet,util_fold,util_call,util_raise_coeff,util_call2,util_raise_coeff2,action,amount,cputime
0,8,7,Deal,0,♥5 ♥K,,100,0.18625,0.38466503285326054,0,20,57,2,37,-20,17.31375,0.30374999999999996,-35.7675,-0.6275,raise,0,0.5283472537994385
1,8,7,Deal,0,♥5 ♥K,,170,0.15955882352941175,0.3612689393509943,0,114,132,3,18,-114,15.432352941176447,0.11691176470588216,-89.87647058823529,-0.6808823529411765,raise,0,0.5203230381011963
2,8,6,Deal,0,♥5 ♥K,,250,0.1565,0.35716977755683643,0,264,315,4,51,-264,-19.215000000000032,-0.06099999999999994,-216.405,-0.687,call,0,0.5233469009399414
3,8,6,Flop,1,♥5 ♥K,♣5 ♥J ♦2,5,0.2,0.4,2014,0,0,8,20,-315,87.80000000000001,0.20000000000000018,87.80000000000001,-0.6,raise,0,0.5273668766021729
4,8,5,Turn,1,♥5 ♥K,♣5 ♥J ♦2 ♠10,5,0.0,0.0,2054,0,0,8,20,-335,-335.0,-1.0,-335.0,-1.0,call,0,0.5252439975738525
5,8,5,Turn,0,♥5 ♥K,♣5 ♥J ♦2 ♠10,30,0.13333333333333333,0.33993463423951903,2054,20,48,1,28,-355,-77.13333333333333,-0.33333333333333337,-96.33333333333331,-0.7333333333333334,call,0,0.5183980464935303
6,8,5,River,1,♥5 ♥K,♣5 ♥J ♦2 ♠10 ♦6,5,0.0,0.0,2150,0,0,8,20,-383,-383.0,-1.0,-383.0,-1.0,call,0,0.5308980941772461
7,8,5,River,0,♥5 ♥K,♣5 ♥J ♦2 ♠10 ♦6,30,0.03333333333333333,0.17950549357115012,2150,20,23,1,3,-403,-330.5,-0.8333333333333334,-332.8,-0.9333333333333333,call,0,0.5272691249847412
