,N,Nnf,round,first,hole,board,Nsim,prWin,prWinStd,pot,bet,maxBet,NMaxBet,minBet,util_fold,util_call,util_raise_coeff,util_call2,util_raise_coeff2,action,amount,cputime
0,7,7,Deal,0,♠6 ♠Q,,90,0.24603174603174602,0.40923454777421064,0,20,128,1,108,-20,92.44444444444443,0.7222222222222221,-65.01587301587301,-0.5079365079365079,raise,0,0.5279932022094727
1,7,6,Deal,0,♠6 ♠Q,,180,0.1952380952380952,0.3775592938972146,0,256,512,1,256,-256,87.77142857142849,0.17142857142857126,-312.0761904761905,-0.6095238095238096,raise,0,0.5227968692779541
