,N,Nnf,round,first,hole,board,Nsim,prWin,prWinStd,pot,bet,maxBet,NMaxBet,minBet,util_fold,util_call,util_raise_coeff,util_call2,util_raise_coeff2,action,amount,cputime
0,8,8,Deal,0,♥8 ♣7,,60,0.06666666666666667,0.2321398046197353,0,40,602,1,562,-40,-280.93333333333334,-0.4666666666666667,-521.7333333333333,-0.8666666666666667,fold,0,0.5279092788696289
