,N,Nnf,round,first,hole,board,Nsim,prWin,prWinStd,pot,bet,maxBet,NMaxBet,minBet,util_fold,util_call,util_raise_coeff,util_call2,util_raise_coeff2,action,amount,cputime
0,8,8,Deal,0,♥8 ♠J,,45,0.13333333333333333,0.3231786571610886,0,0,40,1,40,0,2.6666666666666643,0.06666666666666665,-29.333333333333336,-0.7333333333333334,raise,0,0.5266060829162598
1,8,8,Deal,0,♥8 ♠J,,150,0.13,0.32367679352506357,0,80,160,1,80,-80,6.400000000000006,0.040000000000000036,-118.4,-0.74,raise,0,0.5282330513000488
2,8,8,Flop,0,♥8 ♠J,♣Q ♥7 ♠9,60,0.08333333333333333,0.2608745973749755,2560,0,140,1,140,-320,-153.33333333333337,-0.33333333333333337,-223.33333333333334,-0.8333333333333334,call,0,0.521935224533081
3,8,7,Turn,0,♥8 ♠J,♣Q ♥7 ♠9 ♠7,65,0.06153846153846154,0.24031537464328168,3540,0,4678,1,4678,-460,-2905.0153846153844,-0.5692307692307692,-4344.4,-0.8769230769230769,fold,0,0.5305981636047363
