,N,Nnf,round,first,hole,board,Nsim,prWin,prWinStd,pot,bet,maxBet,NMaxBet,minBet,util_fold,util_call,util_raise_coeff,util_call2,util_raise_coeff2,action,amount,cputime
0,7,6,Deal,0,♦8 ♠J,,40,0.1875,0.38222212128551636,0,0,80,1,80,0,10.0,0.125,-50.0,-0.625,raise,0,0.5246939659118652
1,7,6,Deal,0,♦8 ♠J,,85,0.19411764705882353,0.3842036657131278,0,160,391,1,231,-160,64.40000000000003,0.16470588235294126,-239.2,-0.611764705882353,raise,0,0.5224888324737549
2,7,6,Flop,0,♦8 ♠J,♥5 ♥8 ♦3,25,0.32,0.466476151587624,2346,0,139,1,139,-782,96.60000000000002,0.9199999999999999,-81.31999999999994,-0.36,raise,0,0.5319302082061768
