,N,Nnf,round,first,hole,board,Nsim,prWin,prWinStd,pot,bet,maxBet,NMaxBet,minBet,util_fold,util_call,util_raise_coeff,util_call2,util_raise_coeff2,action,amount,cputime
0,7,7,Deal,0,♠2 ♠Q,,15,0.17619047619047618,0.34686807336141545,0,0,40,1,40,0,9.333333333333329,0.23333333333333317,-25.904761904761905,-0.6476190476190476,raise,0,0.5291731357574463
1,7,7,Deal,0,♠2 ♠Q,,85,0.2310924369747899,0.3945375913943218,0,80,262,1,182,-80,161.82352941176464,0.6176470588235292,-140.9075630252101,-0.5378151260504203,raise,0,0.5226480960845947
2,7,7,Flop,0,♠2 ♠Q,♥A ♠7 ♣7,15,0.13333333333333333,0.339934634239519,1932,0,40,1,40,-524,-269.06666666666666,-0.06666666666666665,-295.7333333333333,-0.7333333333333334,call,0,0.5221588611602783
3,7,7,Turn,0,♠2 ♠Q,♥A ♠7 ♣7 ♦K,15,0.0,0.0,2052,0,80,1,80,-564,-644.0,-1.0,-644.0,-1.0,fold,0,0.5241000652313232
