,N,Nnf,round,first,hole,board,Nsim,prWin,prWinStd,pot,bet,maxBet,NMaxBet,minBet,util_fold,util_call,util_raise_coeff,util_call2,util_raise_coeff2,action,amount,cputime
0,8,8,Deal,0,♦9 ♠Q,,10,0.3666666666666667,0.43333333333333335,0,0,40,1,40,0,77.33333333333334,1.9333333333333336,-10.666666666666664,-0.2666666666666666,raise,0,0.5222580432891846
1,8,7,Deal,0,♦9 ♠Q,,85,0.23725490196078428,0.415686274509804,0,80,144,1,64,-80,95.15294117647053,0.6607843137254898,-75.67058823529413,-0.5254901960784315,raise,0,0.5253567695617676
2,8,7,Flop,0,♦9 ♠Q,♣A ♣5 ♦10,15,0.03333333333333333,0.12472191289246473,1192,0,120,1,120,-288,-340.26666666666665,-0.7666666666666666,-360.26666666666665,-0.9333333333333333,fold,0,0.522716760635376
