,N,Nnf,round,first,hole,board,Nsim,prWin,prWinStd,pot,bet,maxBet,NMaxBet,minBet,util_fold,util_call,util_raise_coeff,util_call2,util_raise_coeff2,action,amount,cputime
0,7,7,Deal,0,♦A ♥4,,45,0.2222222222222222,0.4021546904634191,0,0,80,1,80,0,44.44444444444446,0.5555555555555554,-44.44444444444444,-0.5555555555555556,raise,0,0.520482063293457
1,7,7,Deal,0,♦A ♥4,,115,0.13478260869565217,0.33180493962328544,0,160,220,1,60,-160,-12.434782608695656,-0.05652173913043479,-160.69565217391306,-0.7304347826086957,call,0,0.5208661556243896
2,7,7,Deal,0,♦A ♥4,,155,0.13225806451612904,0.3315526492265702,0,220,250,1,30,-220,-18.548387096774206,-0.0741935483870968,-183.8709677419355,-0.7354838709677419,call,0,0.5167732238769531
3,7,7,Deal,0,♦A ♥4,,185,0.14594594594594595,0.34531191899858243,0,250,271,1,21,-250,5.859459459459458,0.021621621621621623,-191.8972972972973,-0.7081081081081081,raise,0,0.5238089561462402
4,7,7,Flop,0,♦A ♥4,♠6 ♠Q ♥6,10,0.05,0.15000000000000002,1554,0,155,1,155,-542,-565.05,-0.6499999999999999,-603.8,-0.9,fold,0,0.5213849544525146
