,N,Nnf,round,first,hole,board,Nsim,prWin,prWinStd,pot,bet,maxBet,NMaxBet,minBet,util_fold,util_call,util_raise_coeff,util_call2,util_raise_coeff2,action,amount,cputime
0,7,7,Deal,0,♥J ♠A,,80,0.2517857142857143,0.43227197008648266,0,20,226,1,206,-20,172.325,0.7625,-112.19285714285715,-0.49642857142857144,raise,0,0.523165225982666
1,7,7,Flop,1,♥J ♠A,♣8 ♥4 ♥5,5,0.2,0.4000000000000001,2559,0,0,7,40,-452,59.80000000000001,0.40000000000000013,59.80000000000001,-0.6,raise,0,0.5260617733001709
2,7,7,Flop,0,♥J ♠A,♣8 ♥4 ♥5,65,0.11076923076923077,0.30989977383419504,2559,40,84,4,44,-492,-187.40923076923076,-0.22461538461538455,-233.9323076923077,-0.7784615384615384,call,0,0.5269739627838135
3,7,7,Turn,1,♥J ♠A,♣8 ♥4 ♥5 ♦2,5,0.1,0.2,2979,0,0,7,40,-536,-238.09999999999997,-0.29999999999999993,-238.09999999999997,-0.8,call,0,0.5222110748291016
4,7,7,Turn,0,♥J ♠A,♣8 ♥4 ♥5 ♦2,65,0.08205128205128207,0.23772978433844633,2979,40,108,3,68,-576,-337.5384615384615,-0.42564102564102557,-381.8461538461538,-0.8358974358974358,call,0,0.5213167667388916
5,7,7,River,1,♥J ♠A,♣8 ♥4 ♥5 ♦2 ♥A,5,0.0,0.0,3462,0,0,7,40,-644,-644.0,-1.0,-644.0,-1.0,call,0,0.5261180400848389
6,7,7,River,0,♥J ♠A,♣8 ♥4 ♥5 ♦2 ♥A,55,0.09090909090909091,0.28747978728803447,3462,40,123,2,83,-684,-374.0,-0.36363636363636365,-429.9090909090909,-0.8181818181818181,call,0,0.5281710624694824
7,7,7,River,0,♥J ♠A,♣8 ♥4 ♥5 ♦2 ♥A,105,0.10476190476190476,0.3062463845869243,3462,123,206,2,83,-767,-336.2476190476191,-0.2666666666666666,-444.1523809523809,-0.7904761904761904,call,0,0.5257811546325684
