,N,Nnf,round,first,hole,board,Nsim,prWin,prWinStd,pot,bet,maxBet,NMaxBet,minBet,util_fold,util_call,util_raise_coeff,util_call2,util_raise_coeff2,action,amount,cputime
0,7,6,Deal,0,♦10 ♦K,,90,0.2222222222222222,0.40215469046341906,0,10,69,4,59,-10,23.0,0.33333333333333326,-38.333333333333336,-0.5555555555555556,raise,0,0.5284967422485352
1,7,6,Flop,1,♦10 ♦K,♣3 ♠5 ♦3,5,0.0,0.0,828,0,0,7,20,-138,-138.0,-1.0,-138.0,-1.0,call,0,0.5252258777618408
2,7,6,Flop,0,♦10 ♦K,♣3 ♠5 ♦3,80,0.16041666666666665,0.3588598360703583,828,20,69,4,49,-158,-7.762500000000017,-0.03750000000000009,-52.03750000000002,-0.6791666666666667,call,0,0.5211069583892822
3,7,6,Turn,1,♦10 ♦K,♣3 ♠5 ♦3 ♠2,5,0.0,0.0,1242,0,0,7,20,-207,-207.0,-1.0,-207.0,-1.0,call,0,0.5248019695281982
4,7,6,Turn,0,♦10 ♦K,♣3 ♠5 ♦3 ♠2,75,0.05333333333333334,0.22469732728470287,1242,20,66,5,46,-227,-185.64,-0.6799999999999999,-199.71999999999997,-0.8933333333333333,call,0,0.5230491161346436
5,7,6,River,1,♦10 ♦K,♣3 ♠5 ♦3 ♠2 ♣5,5,0.1,0.20000000000000004,1638,0,0,7,20,-273,-109.19999999999999,-0.3999999999999999,-109.19999999999999,-0.8,call,0,0.526392936706543
6,7,6,River,0,♦10 ♦K,♣3 ♠5 ♦3 ♠2 ♣5,80,0.00625,0.055551215108222425,1638,20,67,1,47,-293,-327.25,-0.9625,-328.925,-0.9875,fold,0,0.5261180400848389
