,N,Nnf,round,first,hole,board,Nsim,prWin,prWinStd,pot,bet,maxBet,NMaxBet,minBet,util_fold,util_call,util_raise_coeff,util_call2,util_raise_coeff2,action,amount,cputime
0,7,6,Deal,0,♥A ♣10,,65,0.1967032967032967,0.387810901100884,0,0,64,2,64,0,11.534065934065936,0.18021978021978025,-38.821978021978026,-0.6065934065934067,raise,0,0.5274338722229004
1,7,6,Flop,0,♥A ♣10,♥K ♣A ♥3,50,0.48,0.4791659420284376,768,0,70,1,70,-128,372.24,1.88,237.83999999999997,-0.040000000000000036,raise,0,0.5261209011077881
2,7,5,Turn,0,♥A ♣10,♥K ♣A ♥3 ♠7,50,0.4,0.4898979485566356,1608,0,79,3,79,-268,454.20000000000005,1.0,359.4000000000001,-0.19999999999999996,raise,0,0.5316259860992432
3,7,5,River,0,♥A ♣10,♥K ♣A ♥3 ♠7 ♣7,40,0.425,0.4548351349665063,2398,0,50,3,50,-426,649.4000000000001,1.125,585.6500000000001,-0.15000000000000002,raise,0,0.5284328460693359
4,7,5,River,0,♥A ♣10,♥K ♣A ♥3 ♠7 ♣7,105,0.43333333333333335,0.4349785617778757,2398,100,120,1,20,-526,753.1333333333334,1.166666666666667,597.1333333333334,-0.1333333333333333,raise,0,0.5240709781646729
