,N,Nnf,round,first,hole,board,Nsim,prWin,prWinStd,pot,bet,maxBet,NMaxBet,minBet,util_fold,util_call,util_raise_coeff,util_call2,util_raise_coeff2,action,amount,cputime
0,7,7,Deal,0,♣5 ♥K,,105,0.1712018140589569,0.36258283592112095,0,20,104,1,84,-20,20.63492063492062,0.19841269841269837,-68.39002267573696,-0.6575963718820862,raise,0,0.5236690044403076
1,7,5,Deal,0,♣5 ♥K,,215,0.1673311184939092,0.36320013755533165,0,208,1000,2,792,-208,-163.34440753045396,-0.16334440753045398,-665.3377630121815,-0.6653377630121816,call,0,0.5315237045288086
