,N,Nnf,round,first,hole,board,Nsim,prWin,prWinStd,pot,bet,maxBet,NMaxBet,minBet,util_fold,util_call,util_raise_coeff,util_call2,util_raise_coeff2,action,amount,cputime
0,7,6,Deal,0,♣3 ♠Q,,55,0.14805194805194805,0.3520031585745836,0,20,153,1,133,-20,-17.088311688311705,-0.11168831168831173,-107.69610389610389,-0.7038961038961039,call,0,0.5227329730987549
1,7,6,Flop,1,♣3 ♠Q,♠9 ♣8 ♥7,5,0.0,0.0,459,0,0,7,40,-153,-153.0,-1.0,-153.0,-1.0,call,0,0.5248970985412598
2,7,6,Flop,0,♣3 ♠Q,♠9 ♣8 ♥7,40,0.075,0.26339134382131846,459,40,134,2,94,-193,-192.275,-0.55,-232.47500000000002,-0.85,call,0,0.5244150161743164
3,7,6,Turn,1,♣3 ♠Q,♠9 ♣8 ♥7 ♦K,5,0.0,0.0,861,0,0,7,40,-287,-287.0,-1.0,-287.0,-1.0,call,0,0.5243110656738281
4,7,6,Turn,0,♣3 ♠Q,♠9 ♣8 ♥7 ♦K,45,0.0,0.0,861,40,98,1,58,-327,-385.0,-1.0,-385.0,-1.0,fold,0,0.5211939811706543
