,N,Nnf,round,first,hole,board,Nsim,prWin,prWinStd,pot,bet,maxBet,NMaxBet,minBet,util_fold,util_call,util_raise_coeff,util_call2,util_raise_coeff2,action,amount,cputime
0,7,6,Deal,0,♥5 ♣K,,75,0.06857142857142856,0.24947291374792085,0,80,155,2,75,-80,-91.22857142857144,-0.5885714285714286,-133.74285714285713,-0.8628571428571429,fold,0,0.5284469127655029
