,N,Nnf,round,first,hole,board,Nsim,prWin,prWinStd,pot,bet,maxBet,NMaxBet,minBet,util_fold,util_call,util_raise_coeff,util_call2,util_raise_coeff2,action,amount,cputime
0,7,6,Deal,0,♥2 ♦K,,65,0.15384615384615385,0.34997886664853306,0,80,1000,2,920,-80,-76.92307692307679,-0.07692307692307687,-692.3076923076923,-0.6923076923076923,call,0,0.5265078544616699
1,7,6,Flop,1,♥2 ♦K,♥A ♥Q ♣2,5,0.0,0.0,3040,0,0,7,80,-1000,-1000.0,-1.0,-1000.0,-1.0,call,0,0.5276758670806885
2,7,6,Flop,0,♥2 ♦K,♥A ♥Q ♣2,30,0.1,0.3,3040,80,215,1,135,-1080,-782.0,-0.3999999999999999,-868.0,-0.8,call,0,0.5202460289001465
3,7,6,Turn,1,♥2 ♦K,♥A ♥Q ♣2 ♦J,5,0.2,0.4,3470,0,0,7,80,-1215,-521.0,0.20000000000000018,-521.0,-0.6,raise,0,0.5292422771453857
4,7,6,Turn,0,♥2 ♦K,♥A ♥Q ♣2 ♦J,30,0.2,0.40000000000000013,3470,80,221,1,141,-1295,-476.79999999999995,0.20000000000000018,-653.6,-0.6,raise,0,0.5222749710083008
5,7,6,Turn,0,♥2 ♦K,♥A ♥Q ♣2 ♦J,60,0.15,0.3570714214271425,3470,442,515,1,73,-1657,-746.0,-0.10000000000000009,-1055.0,-0.7,call,0,0.5211391448974609
6,7,6,River,1,♥2 ♦K,♥A ♥Q ♣2 ♦J ♠8,5,0.0,0.0,4500,0,0,7,80,-1730,-1730.0,-1.0,-1730.0,-1.0,call,0,0.5295391082763672
7,7,6,River,0,♥2 ♦K,♥A ♥Q ♣2 ♦J ♠8,30,0.0,0.0,4500,80,314,1,234,-1810,-2044.0,-1.0,-2044.0,-1.0,fold,0,0.5289640426635742
