,N,Nnf,round,first,hole,board,Nsim,prWin,prWinStd,pot,bet,maxBet,NMaxBet,minBet,util_fold,util_call,util_raise_coeff,util_call2,util_raise_coeff2,action,amount,cputime
0,7,7,Deal,0,♥A ♠4,,60,0.12976190476190474,0.32353586124993816,0,40,270,1,230,-40,-24.750000000000057,-0.09166666666666679,-199.92857142857144,-0.7404761904761905,call,0,0.5212500095367432
1,7,6,Flop,0,♥A ♠4,♠10 ♠Q ♥J,35,0.17857142857142858,0.33579026495837594,945,0,40,1,40,-270,-98.39285714285714,0.0714285714285714,-126.96428571428572,-0.6428571428571428,raise,0,0.5247578620910645
2,7,6,Flop,0,♥A ♠4,♠10 ♠Q ♥J,95,0.11403508771929824,0.2786382486713788,945,80,214,1,134,-350,-229.81578947368422,-0.3157894736842106,-327.4298245614035,-0.7719298245614035,call,0,0.526745080947876
3,7,6,Turn,0,♥A ♠4,♠10 ♠Q ♥J ♣10,35,0.08571428571428572,0.2531435020952764,1587,0,40,1,40,-484,-367.4,-0.48571428571428577,-381.1142857142857,-0.8285714285714285,call,0,0.5270016193389893
