,N,Nnf,round,first,hole,board,Nsim,prWin,prWinStd,pot,bet,maxBet,NMaxBet,minBet,util_fold,util_call,util_raise_coeff,util_call2,util_raise_coeff2,action,amount,cputime
0,7,7,Deal,0,♠9 ♠J,,55,0.23896103896103896,0.41296659265042585,0,0,208,1,208,0,139.92727272727274,0.6727272727272726,-108.59220779220779,-0.5220779220779221,raise,0,0.5220699310302734
1,7,6,Flop,0,♠9 ♠J,♠3 ♥5 ♥K,55,0.07272727272727272,0.25968830649246727,1851,0,244,1,244,-416,-418.9090909090909,-0.5636363636363637,-489.8909090909091,-0.8545454545454545,fold,0,0.5214850902557373
