,N,Nnf,round,first,hole,board,Nsim,prWin,prWinStd,pot,bet,maxBet,NMaxBet,minBet,util_fold,util_call,util_raise_coeff,util_call2,util_raise_coeff2,action,amount,cputime
0,8,7,Deal,0,♠A ♣6,,65,0.16153846153846155,0.35200188272761695,0,160,603,2,443,-160,78.85384615384623,0.13076923076923075,-408.18461538461537,-0.676923076923077,raise,0,0.5226068496704102
1,8,7,Flop,1,♠A ♣6,♦K ♠J ♣4,5,0.0,0.0,4904,0,0,8,160,-1206,-1206.0,-1.0,-1206.0,-1.0,call,0,0.5300018787384033
2,8,6,Flop,0,♠A ♣6,♦K ♠J ♣4,50,0.07,0.2238302928559939,4904,160,298,1,138,-1366,-1035.56,-0.58,-1119.0,-0.86,call,0,0.5231859683990479
3,8,6,Flop,0,♠A ♣6,♦K ♠J ♣4,85,0.08235294117647059,0.25259894768922225,4904,298,616,1,318,-1504,-1113.764705882353,-0.5058823529411764,-1316.6823529411765,-0.8352941176470589,call,0,0.5221560001373291
4,8,6,Turn,1,♠A ♣6,♦K ♠J ♣4 ♦9,5,0.0,0.0,6752,0,0,8,160,-1822,-1822.0,-1.0,-1822.0,-1.0,call,0,0.5215222835540771
5,8,6,Turn,0,♠A ♣6,♦K ♠J ♣4 ♦9,40,0.025,0.15612494995995996,6752,160,491,1,331,-1982,-2070.55,-0.85,-2119.65,-0.95,fold,0,0.5230131149291992
