,N,Nnf,round,first,hole,board,Nsim,prWin,prWinStd,pot,bet,maxBet,NMaxBet,minBet,util_fold,util_call,util_raise_coeff,util_call2,util_raise_coeff2,action,amount,cputime
0,7,6,Deal,0,♠9 ♠6,,55,0.21168831168831168,0.4001306920918731,0,0,36,1,36,0,9.724675324675324,0.27012987012987,-20.75844155844156,-0.5766233766233766,raise,0,0.5253782272338867
1,7,6,Flop,0,♠9 ♠6,♠8 ♠3 ♦4,40,0.2,0.4,432,0,46,3,46,-72,23.600000000000023,0.20000000000000018,-13.199999999999989,-0.6,raise,0,0.5279550552368164
2,7,6,Turn,0,♠9 ♠6,♠8 ♠3 ♦4 ♥A,40,0.1,0.30000000000000004,984,0,64,1,64,-164,-91.19999999999999,-0.3999999999999999,-116.8,-0.8,call,0,0.5250310897827148
3,7,6,Turn,0,♠9 ♠6,♠8 ♠3 ♦4 ♥A,115,0.06956521739130435,0.25441284936222247,984,64,69,2,5,-228,-135.74782608695654,-0.5826086956521739,-154.94782608695652,-0.8608695652173913,call,0,0.5266740322113037
4,7,6,River,0,♠9 ♠6,♠8 ♠3 ♦4 ♥A ♦5,40,0.0,0.0,1398,0,56,1,56,-233,-289.0,-1.0,-289.0,-1.0,fold,0,0.5177080631256104
