,N,Nnf,round,first,hole,board,Nsim,prWin,prWinStd,pot,bet,maxBet,NMaxBet,minBet,util_fold,util_call,util_raise_coeff,util_call2,util_raise_coeff2,action,amount,cputime
0,7,7,Deal,0,♣4 ♣7,,10,0.23333333333333334,0.3265986323710904,0,0,80,1,80,0,50.666666666666686,0.6333333333333333,-42.666666666666664,-0.5333333333333333,raise,0,0.5294761657714844
1,7,6,Deal,0,♣4 ♣7,,80,0.17916666666666664,0.37153491685768164,0,160,203,1,43,-160,15.224999999999966,0.07499999999999973,-130.25833333333333,-0.6416666666666667,raise,0,0.5243179798126221
2,7,6,Deal,0,♣4 ♣7,,125,0.15866666666666665,0.35456138788336466,0,406,430,1,24,-406,-20.640000000000043,-0.04800000000000004,-293.5466666666667,-0.6826666666666668,call,0,0.5227940082550049
3,7,6,Deal,0,♣4 ♣7,,165,0.1505050505050505,0.3492291860444468,0,430,616,1,186,-430,-59.73333333333335,-0.09696969696969693,-430.5777777777778,-0.698989898989899,call,0,0.5201401710510254
4,7,6,Flop,0,♣4 ♣7,♦2 ♣J ♠Q,15,0.0,0.0,1928,0,80,1,80,-616,-696.0,-1.0,-696.0,-1.0,fold,0,0.5299310684204102
