,N,Nnf,round,first,hole,board,Nsim,prWin,prWinStd,pot,bet,maxBet,NMaxBet,minBet,util_fold,util_call,util_raise_coeff,util_call2,util_raise_coeff2,action,amount,cputime
0,7,7,Deal,0,♣4 ♣9,,55,0.2333333333333333,0.40151229272853056,0,0,40,1,40,0,25.33333333333333,0.6333333333333331,-21.333333333333336,-0.5333333333333334,raise,0,0.522089958190918
1,7,7,Deal,0,♣4 ♣9,,160,0.16145833333333331,0.35522971587645463,0,80,81,2,1,-80,10.546874999999986,0.13020833333333326,-54.84375,-0.6770833333333334,raise,0,0.5263869762420654
2,7,6,Flop,0,♣4 ♣9,♠10 ♦10 ♥2,40,0.0,0.0,1053,0,70,2,70,-162,-232.0,-1.0,-232.0,-1.0,fold,0,0.5243377685546875
