,N,Nnf,round,first,hole,board,Nsim,prWin,prWinStd,pot,bet,maxBet,NMaxBet,minBet,util_fold,util_call,util_raise_coeff,util_call2,util_raise_coeff2,action,amount,cputime
0,7,6,Deal,0,♠A ♥4,,60,0.16904761904761903,0.3720614266696019,0,10,72,1,62,-10,1.028571428571425,0.014285714285714235,-47.65714285714286,-0.661904761904762,raise,0,0.5236480236053467
1,7,6,Deal,0,♠A ♥4,,100,0.17642857142857143,0.3762672465367222,0,144,147,1,3,-144,8.610000000000014,0.05857142857142872,-95.13,-0.6471428571428571,raise,0,0.5276780128479004
2,7,6,Flop,1,♠A ♥4,♦2 ♣3 ♠Q,5,0.2,0.4000000000000001,882,0,0,7,20,-294,-117.6,0.20000000000000018,-117.6,-0.6,raise,0,0.5273120403289795
3,7,6,Turn,1,♠A ♥4,♦2 ♣3 ♠Q ♣6,5,0.2,0.4,942,0,0,7,20,-314,-125.6,0.20000000000000018,-125.6,-0.6,raise,0,0.529731035232544
4,7,6,Turn,0,♠A ♥4,♦2 ♣3 ♠Q ♣6,45,0.2111111111111111,0.3871389197818743,942,20,53,1,33,-334,-101.0,0.2666666666666666,-145.75555555555556,-0.5777777777777777,raise,0,0.5292022228240967
5,7,6,Turn,0,♠A ♥4,♦2 ♣3 ♠Q ♣6,85,0.13921568627450978,0.3201787274815717,942,106,112,1,6,-420,-201.3058823529412,-0.16470588235294126,-263.6745098039216,-0.7215686274509805,call,0,0.5239241123199463
6,7,6,Turn,0,♠A ♥4,♦2 ♣3 ♠Q ♣6,130,0.1141025641025641,0.29959703376869073,942,112,185,2,73,-426,-264.8615384615385,-0.3153846153846154,-349.2974358974359,-0.7717948717948718,call,0,0.5274028778076172
