,N,Nnf,round,first,hole,board,Nsim,prWin,prWinStd,pot,bet,maxBet,NMaxBet,minBet,util_fold,util_call,util_raise_coeff,util_call2,util_raise_coeff2,action,amount,cputime
0,7,6,Deal,0,♠Q ♣J,,45,0.2365079365079365,0.4150846762839658,0,0,160,1,160,0,67.04761904761904,0.4190476190476189,-84.31746031746032,-0.526984126984127,raise,0,0.5213539600372314
1,7,6,Deal,0,♠Q ♣J,,85,0.21148459383753498,0.39970330073801014,0,320,554,2,234,-320,148.9747899159663,0.26890756302521,-319.67507002801125,-0.57703081232493,raise,0,0.5237970352172852
2,7,6,Flop,0,♠Q ♣J,♥10 ♥9 ♥6,30,0.26666666666666666,0.4422166387140533,3324,0,533,1,533,-1108,98.19999999999982,0.6000000000000001,-470.3333333333335,-0.4666666666666667,raise,0,0.5250890254974365
3,7,5,Turn,0,♠Q ♣J,♥10 ♥9 ♥6 ♣A,25,0.16,0.36660605559646714,6522,0,160,1,160,-2174,-1162.48,-0.19999999999999996,-1239.28,-0.6799999999999999,call,0,0.5234007835388184
4,7,5,River,0,♠Q ♣J,♥10 ♥9 ♥6 ♣A ♠5,15,0.0,0.0,6842,0,592,1,592,-2334,-2926.0,-1.0,-2926.0,-1.0,fold,0,0.5325052738189697
