,N,Nnf,round,first,hole,board,Nsim,prWin,prWinStd,pot,bet,maxBet,NMaxBet,minBet,util_fold,util_call,util_raise_coeff,util_call2,util_raise_coeff2,action,amount,cputime
0,7,7,Deal,0,♠10 ♦10,,5,0.2,0.4000000000000001,0,0,40,1,40,0,16.0,0.40000000000000013,-24.0,-0.6,raise,0,0.5219361782073975
1,7,7,Deal,0,♠10 ♦10,,70,0.29285714285714287,0.4511323621325179,0,80,182,1,102,-80,191.10000000000002,1.0500000000000003,-75.39999999999999,-0.41428571428571426,raise,0,0.5266120433807373
2,7,6,Flop,0,♠10 ♦10,♣Q ♠6 ♠Q,15,0.2,0.4000000000000001,1274,0,45,1,45,-364,-100.19999999999999,0.20000000000000018,-136.2,-0.6,raise,0,0.5326740741729736
3,7,6,Flop,0,♠10 ♦10,♣Q ♠6 ♠Q,55,0.2545454545454545,0.4356054018440341,1274,90,194,1,104,-454,62.58181818181811,0.5272727272727271,-134.9454545454546,-0.49090909090909096,raise,0,0.530332088470459
4,7,6,Turn,0,♠10 ♦10,♣Q ♠6 ♠Q ♣A,20,0.25,0.4330127018922193,2438,0,66,1,66,-752,-109.5,0.5,-175.5,-0.5,raise,0,0.5292458534240723
5,7,6,River,0,♠10 ♦10,♣Q ♠6 ♠Q ♣A ♣9,15,0.13333333333333333,0.33993463423951903,2834,0,95,1,95,-884,-525.1333333333333,-0.19999999999999996,-575.8,-0.7333333333333334,call,0,0.5225620269775391
