,N,Nnf,round,first,hole,board,Nsim,prWin,prWinStd,pot,bet,maxBet,NMaxBet,minBet,util_fold,util_call,util_raise_coeff,util_call2,util_raise_coeff2,action,amount,cputime
0,7,7,Deal,0,♥J ♦A,,65,0.23076923076923078,0.40265391779392,0,40,166,1,126,-40,102.15384615384613,0.6153846153846154,-89.38461538461539,-0.5384615384615384,raise,0,0.526602029800415
1,7,7,Flop,0,♥J ♦A,♠10 ♦J ♣J,35,0.7571428571428571,0.4203982562732047,1328,0,40,1,40,-332,845.4857142857143,4.3,694.0571428571429,0.5142857142857142,raise,0,0.5256919860839844
2,7,7,Flop,0,♥J ♦A,♠10 ♦J ♣J,105,0.7571428571428571,0.40891427506720945,1328,80,282,1,202,-412,1886.085714285714,4.3,818.5142857142857,0.5142857142857142,raise,0,0.5221600532531738
3,7,7,Flop,0,♥J ♦A,♠10 ♦J ♣J,175,0.7685714285714286,0.39912148424217087,1328,564,1128,1,564,-896,5629.302857142858,4.38,1294.56,0.5371428571428571,raise,0,0.5282409191131592
4,7,7,Turn,0,♥J ♦A,♠10 ♦J ♣J ♥A,35,0.9571428571428572,0.18405855323893036,5840,0,40,1,40,-1460,4357.714285714286,5.7,4166.285714285715,0.9142857142857144,raise,0,0.5252180099487305
5,7,7,Turn,0,♥J ♦A,♠10 ♦J ♣J ♥A,105,0.9476190476190476,0.18157786633273923,5840,80,160,1,80,-1540,4975.428571428571,5.633333333333333,4217.333333333333,0.8952380952380952,raise,0,0.5255522727966309
6,7,7,River,0,♥J ♦A,♠10 ♦J ♣J ♥A ♣7,35,1.0,0.0,7120,0,40,1,40,-1780,5580.0,6.0,5380.0,1.0,raise,0,0.522979736328125
7,7,7,River,0,♥J ♦A,♠10 ♦J ♣J ♥A ♣7,105,0.9952380952380953,0.04856209060564558,7120,80,286,1,206,-1860,7012.561904761906,5.966666666666667,5589.371428571429,0.9904761904761905,raise,0,0.5252280235290527
