,N,Nnf,round,first,hole,board,Nsim,prWin,prWinStd,pot,bet,maxBet,NMaxBet,minBet,util_fold,util_call,util_raise_coeff,util_call2,util_raise_coeff2,action,amount,cputime
0,7,7,Deal,0,♥7 ♥K,,90,0.15873015873015872,0.3616819141238378,0,10,120,1,110,-10,13.333333333333343,0.11111111111111116,-81.9047619047619,-0.6825396825396826,raise,0,0.527310848236084
1,7,7,Deal,0,♥7 ♥K,,190,0.16466165413533834,0.36913311578002594,0,240,480,1,240,-240,73.26315789473676,0.15263157894736845,-321.9248120300752,-0.6706766917293233,raise,0,0.523749828338623
2,7,7,Deal,0,♥7 ♥K,,295,0.16198547215496367,0.3661537365166094,0,960,1000,6,40,-960,133.89830508474574,0.13389830508474576,-676.0290556900727,-0.6760290556900727,raise,0,0.5241742134094238
