,N,Nnf,round,first,hole,board,Nsim,prWin,prWinStd,pot,bet,maxBet,NMaxBet,minBet,util_fold,util_call,util_raise_coeff,util_call2,util_raise_coeff2,action,amount,cputime
0,7,6,Deal,0,♣2 ♠K,,50,0.20285714285714285,0.3990703482559721,0,0,40,2,40,0,8.685714285714283,0.21714285714285708,-23.771428571428572,-0.5942857142857143,raise,0,0.5241720676422119
1,7,6,Deal,0,♣2 ♠K,,110,0.1603896103896104,0.36232427941584056,0,80,8983,1,8903,-80,-338.3207792207795,-0.03766233766233773,-6101.44025974026,-0.6792207792207792,fold,0,0.5252399444580078
