,N,Nnf,round,first,hole,board,Nsim,prWin,prWinStd,pot,bet,maxBet,NMaxBet,minBet,util_fold,util_call,util_raise_coeff,util_call2,util_raise_coeff2,action,amount,cputime
0,7,7,Deal,0,♥K ♦7,,105,0.15714285714285714,0.3539860483818248,0,20,58,1,38,-20,5.799999999999997,0.10000000000000009,-39.77142857142857,-0.6857142857142857,raise,0,0.5289509296417236
1,7,7,Flop,0,♥K ♦7,♠J ♣9 ♣J,35,0.04285714285714286,0.18405855323893036,812,0,20,1,20,-116,-95.2,-0.7,-99.4857142857143,-0.9142857142857143,call,0,0.5260322093963623
2,7,6,Flop,0,♥K ♦7,♠J ♣9 ♣J,145,0.04926108374384236,0.19772051468364016,812,20,57,4,37,-136,-116.15270935960592,-0.7044334975369458,-127.38423645320198,-0.9014778325123153,call,0,0.5237228870391846
3,7,6,Turn,1,♥K ♦7,♠J ♣9 ♣J ♥4,5,0.0,0.0,1174,0,0,7,20,-173,-173.0,-1.0,-173.0,-1.0,call,0,0.5269901752471924
4,7,6,Turn,0,♥K ♦7,♠J ♣9 ♣J ♥4,80,0.05,0.20310096011589898,1174,20,72,5,52,-193,-164.7,-0.7,-179.1,-0.9,call,0,0.5219659805297852
5,7,6,River,1,♥K ♦7,♠J ♣9 ♣J ♥4 ♠A,5,0.0,0.0,1606,0,0,7,20,-245,-245.0,-1.0,-245.0,-1.0,call,0,0.5247159004211426
6,7,6,River,0,♥K ♦7,♠J ♣9 ♣J ♥4 ♠A,75,0.0,0.0,1606,20,79,5,59,-265,-324.0,-1.0,-324.0,-1.0,fold,0,0.5263311862945557
