,N,Nnf,round,first,hole,board,Nsim,prWin,prWinStd,pot,bet,maxBet,NMaxBet,minBet,util_fold,util_call,util_raise_coeff,util_call2,util_raise_coeff2,action,amount,cputime
0,7,6,Deal,0,♥A ♣K,,80,0.17232142857142857,0.36937857184294637,0,0,71,1,71,0,2.408928571428575,0.03392857142857153,-46.53035714285714,-0.6553571428571429,raise,0,0.5236499309539795
1,7,6,Flop,0,♥A ♣K,♣10 ♣9 ♣7,50,0.4033333333333334,0.48772715505472714,754,0,50,4,50,-142,233.11333333333334,1.4200000000000004,152.44666666666666,-0.19333333333333325,raise,0,0.5219578742980957
2,7,6,Flop,0,♥A ♣K,♣10 ♣9 ♣7,110,0.36515151515151517,0.4801596191595476,754,100,122,4,22,-242,278.6151515151515,1.190909090909091,100.42121212121214,-0.26969696969696966,raise,0,0.5205109119415283
3,7,6,Turn,0,♥A ♣K,♣10 ♣9 ♣7 ♠J,50,0.16,0.36660605559646714,1974,0,79,1,79,-386,-73.31999999999994,-0.040000000000000036,-123.88,-0.6799999999999999,call,0,0.5262060165405273
4,7,6,Turn,0,♥A ♣K,♣10 ♣9 ♣7 ♠J,115,0.16956521739130434,0.37088001412468513,1974,79,150,1,71,-465,-48.66956521739132,0.017391304347825987,-150.40869565217395,-0.6608695652173913,raise,0,0.5257508754730225
5,7,6,River,0,♥A ♣K,♣10 ♣9 ♣7 ♠J ♥7,50,0.0,0.0,3474,0,59,4,59,-686,-745.0,-1.0,-745.0,-1.0,fold,0,0.5214102268218994
