,N,Nnf,round,first,hole,board,Nsim,prWin,prWinStd,pot,bet,maxBet,NMaxBet,minBet,util_fold,util_call,util_raise_coeff,util_call2,util_raise_coeff2,action,amount,cputime
0,7,6,Deal,0,♣10 ♦5,,45,0.17777777777777778,0.3823255674241167,0,0,40,1,40,0,2.6666666666666714,0.06666666666666665,-25.77777777777778,-0.6444444444444444,raise,0,0.5204949378967285
1,7,6,Flop,0,♣10 ♦5,♦9 ♠4 ♥9,30,0.016666666666666666,0.08975274678557504,240,0,141,1,141,-80,-202.9,-0.9,-212.3,-0.9666666666666667,fold,0,0.5267701148986816
