,N,Nnf,round,first,hole,board,Nsim,prWin,prWinStd,pot,bet,maxBet,NMaxBet,minBet,util_fold,util_call,util_raise_coeff,util_call2,util_raise_coeff2,action,amount,cputime
0,7,7,Deal,0,♦4 ♦9,,100,0.14,0.34698703145794946,0,20,53,5,33,-20,-1.0599999999999952,-0.019999999999999907,-38.16,-0.72,call,0,0.5311281681060791
1,7,6,Deal,0,♦4 ♦9,,205,0.1437862950058072,0.3449513720053712,0,53,116,3,63,-53,-15.924738675958196,-0.13728222996515682,-82.64157955865272,-0.7124274099883856,call,0,0.5236730575561523
2,7,6,Flop,1,♦4 ♦9,♣5 ♣A ♠6,5,0.0,0.0,749,0,0,7,20,-116,-116.0,-1.0,-116.0,-1.0,call,0,0.5235559940338135
3,7,6,Flop,0,♦4 ♦9,♣5 ♣A ♠6,80,0.022916666666666665,0.12840839255195816,749,20,67,2,47,-136,-156.62291666666667,-0.8625,-162.76458333333335,-0.9541666666666667,fold,0,0.5287339687347412
