,N,Nnf,round,first,hole,board,Nsim,prWin,prWinStd,pot,bet,maxBet,NMaxBet,minBet,util_fold,util_call,util_raise_coeff,util_call2,util_raise_coeff2,action,amount,cputime
0,7,6,Deal,0,♥3 ♦9,,50,0.23666666666666664,0.4137766439893764,0,0,70,1,70,0,29.399999999999977,0.41999999999999993,-36.866666666666674,-0.5266666666666667,raise,0,0.5226709842681885
1,7,6,Deal,0,♥3 ♦9,,105,0.16507936507936508,0.36186995098522884,0,140,192,2,52,-140,-1.828571428571422,-0.00952380952380949,-128.6095238095238,-0.6698412698412699,call,0,0.5265800952911377
2,7,6,Deal,0,♥3 ♦9,,160,0.13854166666666665,0.33448855807951205,0,192,276,3,84,-192,-46.57500000000002,-0.16875000000000018,-199.525,-0.7229166666666667,call,0,0.5252659320831299
3,7,6,Flop,0,♥3 ♦9,♦8 ♣Q ♠8,40,0.025,0.10897247358851683,1104,0,110,2,110,-276,-341.9,-0.85,-352.9,-0.95,fold,0,0.5210239887237549
