,N,Nnf,round,first,hole,board,Nsim,prWin,prWinStd,pot,bet,maxBet,NMaxBet,minBet,util_fold,util_call,util_raise_coeff,util_call2,util_raise_coeff2,action,amount,cputime
0,7,7,Deal,0,♣J ♠2,,105,0.16167800453514738,0.3537128600537497,0,20,146,1,126,-20,19.234920634920627,0.13174603174603172,-98.79002267573696,-0.6766439909297053,raise,0,0.5243959426879883
1,7,7,Deal,0,♣J ♠2,,205,0.13960511033681763,0.33244520646669373,0,292,4121,1,3829,-292,-93.81138211382222,-0.02276422764227659,-2970.374680603949,-0.7207897793263647,call,0,0.5184566974639893
