,N,Nnf,round,first,hole,board,Nsim,prWin,prWinStd,pot,bet,maxBet,NMaxBet,minBet,util_fold,util_call,util_raise_coeff,util_call2,util_raise_coeff2,action,amount,cputime
0,8,7,Deal,0,♠A ♦6,,45,0.14444444444444443,0.34354721852756237,0,0,97,1,97,0,1.0777777777777686,0.011111111111111072,-68.97777777777779,-0.7111111111111111,raise,0,0.5267238616943359
1,8,7,Flop,0,♠A ♦6,♣4 ♣K ♥10,30,0.03333333333333333,0.1795054935711501,776,0,806,1,806,-194,-786.0666666666666,-0.7666666666666666,-920.4,-0.9333333333333333,fold,0,0.5272667407989502
