,N,Nnf,round,first,hole,board,Nsim,prWin,prWinStd,pot,bet,maxBet,NMaxBet,minBet,util_fold,util_call,util_raise_coeff,util_call2,util_raise_coeff2,action,amount,cputime
0,7,7,Deal,0,♠Q ♠9,,115,0.2751552795031056,0.4228650618551832,0,20,128,1,108,-20,118.5391304347826,0.9260869565217391,-57.56024844720497,-0.4496894409937888,raise,0,0.5233590602874756
1,7,6,Flop,1,♠Q ♠9,♠J ♣9 ♥3,5,0.0,0.0,1664,0,0,7,20,-256,-256.0,-1.0,-256.0,-1.0,call,0,0.5261907577514648
2,7,6,Flop,0,♠Q ♠9,♠J ♣9 ♥3,85,0.20392156862745098,0.3922254841922271,1664,20,68,3,48,-276,98.52549019607841,0.22352941176470598,43.05882352941177,-0.592156862745098,raise,0,0.5256240367889404
3,7,6,Turn,1,♠Q ♠9,♠J ♣9 ♥3 ♣A,5,0.4,0.48989794855663565,2480,0,0,7,20,-392,600.0,1.4000000000000004,600.0,-0.19999999999999996,raise,0,0.5331599712371826
4,7,6,Turn,0,♠Q ♠9,♠J ♣9 ♥3 ♣A,80,0.18125,0.3811475272122331,2480,20,70,5,50,-412,63.625,0.08749999999999991,12.875,-0.6375,raise,0,0.5232839584350586
