,N,Nnf,round,first,hole,board,Nsim,prWin,prWinStd,pot,bet,maxBet,NMaxBet,minBet,util_fold,util_call,util_raise_coeff,util_call2,util_raise_coeff2,action,amount,cputime
0,7,6,Deal,0,♥J ♣A,,100,0.25285714285714284,0.42599463443971763,0,20,79,1,59,-20,40.854285714285695,0.5171428571428569,-39.048571428571435,-0.49428571428571433,raise,0,0.5243537425994873
1,7,6,Flop,1,♥J ♣A,♥K ♥8 ♣Q,5,0.2,0.4000000000000001,958,0,0,7,20,-158,33.60000000000002,0.20000000000000018,33.60000000000002,-0.6,raise,0,0.5246899127960205
2,7,6,Flop,0,♥J ♣A,♥K ♥8 ♣Q,80,0.19375,0.3912619806472385,958,20,63,1,43,-178,37.85000000000002,0.1625000000000001,-10.974999999999994,-0.6125,raise,0,0.5243258476257324
3,7,6,Turn,1,♥J ♣A,♥K ♥8 ♣Q ♥A,5,0.8,0.4,1714,0,0,7,20,-284,1087.2,3.8000000000000007,1087.2,0.6000000000000001,raise,0,0.5219557285308838
4,7,6,Turn,0,♥J ♣A,♥K ♥8 ♣Q ♥A,80,0.4416666666666666,0.48095680101693583,1714,20,73,3,53,-304,593.4666666666665,1.6499999999999995,464.4999999999999,-0.11666666666666681,raise,0,0.524986743927002
5,7,5,Turn,0,♥J ♣A,♥K ♥8 ♣Q ♥A,140,0.4690476190476191,0.48122929322004204,1714,146,147,2,1,-430,717.6976190476191,1.3452380952380953,510.8476190476191,-0.061904761904761796,raise,0,0.5247392654418945
6,7,5,River,1,♥J ♣A,♥K ♥8 ♣Q ♥A ♦2,5,0.2,0.4000000000000001,2990,0,0,7,20,-578,20.0,0.0,20.0,-0.6,call,0,0.5268340110778809
7,7,5,River,0,♥J ♣A,♥K ♥8 ♣Q ♥A ♦2,55,0.4727272727272727,0.4992556442816722,2990,20,53,3,33,-598,907.7272727272727,1.3636363636363638,832.5636363636363,-0.054545454545454564,raise,0,0.5248851776123047
