,N,Nnf,round,first,hole,board,Nsim,prWin,prWinStd,pot,bet,maxBet,NMaxBet,minBet,util_fold,util_call,util_raise_coeff,util_call2,util_raise_coeff2,action,amount,cputime
0,7,6,Deal,0,♣8 ♦9,,65,0.16666666666666669,0.36280012627331265,0,0,70,1,70,0,0.0,0.0,-46.666666666666664,-0.6666666666666666,call,0,0.5217421054840088
1,7,6,Deal,0,♣8 ♦9,,145,0.14252873563218388,0.3401483282181306,0,70,90,1,20,-70,-13.034482758620697,-0.14482758620689673,-64.3448275862069,-0.7149425287356322,call,0,0.5207951068878174
2,7,6,Deal,0,♣8 ♦9,,220,0.13939393939393938,0.3367456198505358,0,90,111,5,21,-90,-18.16363636363637,-0.1636363636363638,-80.05454545454546,-0.7212121212121212,call,0,0.5202088356018066
3,7,6,Flop,0,♣8 ♦9,♥Q ♦8 ♦2,50,0.2,0.3872983346207417,666,0,73,2,73,-111,36.80000000000001,0.20000000000000018,-21.599999999999966,-0.6,raise,0,0.5223109722137451
4,7,6,Turn,0,♣8 ♦9,♥Q ♦8 ♦2 ♥6,50,0.12,0.32496153618543844,1542,0,74,2,74,-257,-92.68,-0.28,-128.20000000000002,-0.76,call,0,0.5310051441192627
5,7,6,Turn,0,♣8 ♦9,♥Q ♦8 ♦2 ♥6,125,0.12,0.31874754901018454,1542,74,94,2,20,-331,-98.28000000000003,-0.28,-143.4,-0.76,call,0,0.5220978260040283
6,7,5,River,0,♣8 ♦9,♥Q ♦8 ♦2 ♥6 ♦7,40,0.175,0.3799671038392666,2088,0,73,2,73,-351,5.274999999999977,-0.125,-33.05000000000001,-0.65,call,0,0.5240659713745117
