,N,Nnf,round,first,hole,board,Nsim,prWin,prWinStd,pot,bet,maxBet,NMaxBet,minBet,util_fold,util_call,util_raise_coeff,util_call2,util_raise_coeff2,action,amount,cputime
0,7,7,Deal,0,♦9 ♥8,,75,0.13333333333333333,0.3299831645537221,0,40,87,2,47,-40,-5.799999999999997,-0.06666666666666665,-63.8,-0.7333333333333334,call,0,0.5245509147644043
1,7,7,Deal,0,♦9 ♥8,,160,0.17395833333333333,0.37097229372061374,0,87,254,1,167,-87,55.29791666666665,0.2177083333333334,-165.62916666666666,-0.6520833333333333,raise,0,0.5277431011199951
