,N,Nnf,round,first,hole,board,Nsim,prWin,prWinStd,pot,bet,maxBet,NMaxBet,minBet,util_fold,util_call,util_raise_coeff,util_call2,util_raise_coeff2,action,amount,cputime
0,7,6,Deal,0,♦J ♠K,,75,0.21333333333333335,0.4096611065529924,0,10,65,2,55,-10,18.200000000000003,0.28,-37.266666666666666,-0.5733333333333333,raise,0,0.5266592502593994
1,7,6,Flop,1,♦J ♠K,♦7 ♥6 ♦Q,5,0.0,0.0,650,0,0,7,20,-130,-130.0,-1.0,-130.0,-1.0,call,0,0.5306391716003418
2,7,6,Flop,0,♦J ♠K,♦7 ♥6 ♦Q,65,0.09230769230769231,0.2758526319544785,650,20,55,3,35,-150,-94.53846153846153,-0.4461538461538461,-114.84615384615384,-0.8153846153846154,call,0,0.5259139537811279
3,7,6,Flop,0,♦J ♠K,♦7 ♥6 ♦Q,130,0.08461538461538462,0.27131064751612916,650,55,95,3,40,-185,-121.76923076923077,-0.49230769230769234,-153.9230769230769,-0.8307692307692307,call,0,0.5206558704376221
4,7,6,Turn,1,♦J ♠K,♦7 ♥6 ♦Q ♣10,5,0.1,0.20000000000000004,1125,0,0,7,20,-225,-112.5,-0.3999999999999999,-112.5,-0.8,call,0,0.5642111301422119
5,7,6,Turn,0,♦J ♠K,♦7 ♥6 ♦Q ♣10,70,0.14285714285714285,0.3395675521144204,1125,20,79,4,59,-245,-75.57142857142861,-0.1428571428571429,-120.71428571428572,-0.7142857142857143,call,0,0.5284581184387207
6,7,6,River,1,♦J ♠K,♦7 ♥6 ♦Q ♣10 ♠7,5,0.0,0.0,1520,0,0,7,20,-304,-304.0,-1.0,-304.0,-1.0,call,0,0.5286900997161865
7,7,6,River,0,♦J ♠K,♦7 ♥6 ♦Q ♣10 ♠7,70,0.0,0.0,1520,20,35,1,15,-324,-339.0,-1.0,-339.0,-1.0,fold,0,0.5233128070831299
