,N,Nnf,round,first,hole,board,Nsim,prWin,prWinStd,pot,bet,maxBet,NMaxBet,minBet,util_fold,util_call,util_raise_coeff,util_call2,util_raise_coeff2,action,amount,cputime
0,7,7,Deal,0,♦J ♣J,,10,0.4,0.48989794855663565,0,0,20,1,20,0,36.0,1.8000000000000003,-4.0,-0.19999999999999996,raise,0,0.5256710052490234
1,7,7,Deal,0,♦J ♣J,,115,0.2956521739130435,0.45633536568354527,0,40,176,1,136,-40,188.2434782608696,1.0695652173913044,-71.93043478260869,-0.408695652173913,raise,0,0.520622968673706
2,7,7,Deal,0,♦J ♣J,,220,0.29545454545454547,0.45624681590647126,0,352,704,1,352,-352,752.0,1.0681818181818183,-288.0,-0.40909090909090906,raise,0,0.523827075958252
3,7,7,Flop,0,♦J ♣J,♣10 ♦4 ♣6,50,0.38,0.4853864439804639,4928,0,152,1,152,-704,1420.96,1.6600000000000001,1132.16,-0.24,raise,0,0.5239927768707275
4,7,7,Flop,0,♦J ♣J,♣10 ♦4 ♣6,155,0.3096774193548387,0.4623605901204882,4928,304,608,1,304,-1008,1532.0774193548386,1.1677419354838712,590.6580645161291,-0.38064516129032255,raise,0,0.5214188098907471
5,7,7,Turn,0,♦J ♣J,♣10 ♦4 ♣6 ♥10,35,0.2857142857142857,0.45175395145262565,9108,0,20,1,20,-1920,702.2857142857142,1.0,673.7142857142858,-0.4285714285714286,raise,0,0.524730920791626
6,7,7,River,0,♦J ♣J,♣10 ♦4 ♣6 ♥10 ♠A,35,0.2,0.4,9188,0,20,1,20,-1960,-114.39999999999986,0.40000000000000013,-134.39999999999986,-0.6,raise,0,0.5221869945526123
