,N,Nnf,round,first,hole,board,Nsim,prWin,prWinStd,pot,bet,maxBet,NMaxBet,minBet,util_fold,util_call,util_raise_coeff,util_call2,util_raise_coeff2,action,amount,cputime
0,8,8,Deal,0,♥6 ♥8,,90,0.14444444444444443,0.34354721852756237,0,10,106,1,96,-10,16.48888888888888,0.15555555555555545,-75.37777777777778,-0.7111111111111111,raise,0,0.5208802223205566
1,8,8,Flop,1,♥6 ♥8,♥9 ♠4 ♦K,5,0.2,0.4000000000000001,1602,0,0,8,20,-212,108.40000000000003,0.6000000000000001,108.40000000000003,-0.6,raise,0,0.5282697677612305
2,8,7,Flop,0,♥6 ♥8,♥9 ♠4 ♦K,75,0.07333333333333333,0.2542090128658349,1602,20,59,1,39,-232,-123.23333333333332,-0.4866666666666667,-144.86666666666667,-0.8533333333333333,call,0,0.5282988548278809
3,8,7,Flop,0,♥6 ♥8,♥9 ♠4 ♦K,130,0.08076923076923077,0.2689284016371283,1602,59,76,4,17,-271,-115.63846153846154,-0.4346153846153846,-146.33076923076922,-0.8384615384615385,call,0,0.5218069553375244
