,N,Nnf,round,first,hole,board,Nsim,prWin,prWinStd,pot,bet,maxBet,NMaxBet,minBet,util_fold,util_call,util_raise_coeff,util_call2,util_raise_coeff2,action,amount,cputime
0,7,6,Deal,0,♥8 ♥2,,45,0.05873015873015873,0.21680471211382693,0,0,40,1,40,0,-25.904761904761905,-0.6476190476190476,-35.301587301587304,-0.8825396825396825,fold,0,0.5271260738372803
