,N,Nnf,round,first,hole,board,Nsim,prWin,prWinStd,pot,bet,maxBet,NMaxBet,minBet,util_fold,util_call,util_raise_coeff,util_call2,util_raise_coeff2,action,amount,cputime
0,7,7,Deal,0,♣10 ♦K,,90,0.14047619047619048,0.3332397827908114,0,10,104,1,94,-10,-1.7333333333333343,-0.016666666666666607,-74.78095238095239,-0.719047619047619,call,0,0.5282037258148193
1,7,7,Flop,1,♣10 ♦K,♦9 ♦10 ♣Q,5,0.2,0.4,728,0,0,7,20,-104,41.599999999999994,0.40000000000000013,41.599999999999994,-0.6,raise,0,0.5262799263000488
2,7,7,Flop,0,♣10 ♦K,♦9 ♦10 ♣Q,110,0.22272727272727272,0.40780099667921615,728,20,126,1,106,-124,128.59090909090907,0.5590909090909091,-11.727272727272748,-0.5545454545454546,raise,0,0.5246999263763428
3,7,7,Flop,0,♣10 ♦K,♦9 ♦10 ♣Q,220,0.21136363636363636,0.4040791490261356,728,252,504,1,252,-356,291.5636363636364,0.4795454545454545,-241.07272727272726,-0.5772727272727273,raise,0,0.5198967456817627
