,N,Nnf,round,first,hole,board,Nsim,prWin,prWinStd,pot,bet,maxBet,NMaxBet,minBet,util_fold,util_call,util_raise_coeff,util_call2,util_raise_coeff2,action,amount,cputime
0,7,7,Deal,0,♥K ♠9,,75,0.2219047619047619,0.40950830535435423,0,0,150,1,150,0,83.0,0.5533333333333335,-83.42857142857143,-0.5561904761904761,raise,0,0.5292956829071045
1,7,7,Deal,0,♥K ♠9,,185,0.19613899613899613,0.38501507694132014,0,300,600,1,300,-300,223.78378378378375,0.37297297297297294,-364.6332046332046,-0.6077220077220078,raise,0,0.5265998840332031
