,N,Nnf,round,first,hole,board,Nsim,prWin,prWinStd,pot,bet,maxBet,NMaxBet,minBet,util_fold,util_call,util_raise_coeff,util_call2,util_raise_coeff2,action,amount,cputime
0,7,6,Deal,0,♣Q ♣4,,85,0.16442577030812322,0.35286180246589366,0,40,53,1,13,-40,-0.7126050420168113,-0.013445378151260678,-35.57086834733894,-0.6711484593837536,call,0,0.521676778793335
1,7,6,Deal,0,♣Q ♣4,,140,0.1758503401360544,0.3666709262307328,0,53,93,1,40,-53,5.12448979591835,0.055102040816326525,-60.29183673469388,-0.6482993197278912,raise,0,0.5258641242980957
2,7,6,Deal,0,♣Q ♣4,,190,0.16290726817042606,0.3570395136943611,0,186,207,2,21,-186,-4.669172932330838,-0.022556390977443663,-139.5563909774436,-0.6741854636591479,call,0,0.5282540321350098
3,7,6,Flop,1,♣Q ♣4,♣9 ♠2 ♦10,5,0.2,0.4000000000000001,848,0,0,7,40,-207,-37.39999999999998,0.20000000000000018,-37.39999999999998,-0.6,raise,0,0.5321512222290039
4,7,6,Flop,0,♣Q ♣4,♣9 ♠2 ♦10,55,0.15454545454545454,0.35512772699317474,848,40,155,2,115,-247,-87.21818181818185,-0.07272727272727275,-183.03636363636363,-0.6909090909090909,call,0,0.5275728702545166
5,7,6,Turn,1,♣Q ♣4,♣9 ♠2 ♦10 ♥3,5,0.0,0.0,1468,0,0,7,40,-362,-362.0,-1.0,-362.0,-1.0,call,0,0.5223150253295898
6,7,6,Turn,0,♣Q ♣4,♣9 ♠2 ♦10 ♥3,55,0.0,0.0,1468,40,119,2,79,-402,-481.0,-1.0,-481.0,-1.0,fold,0,0.5277738571166992
