,N,Nnf,round,first,hole,board,Nsim,prWin,prWinStd,pot,bet,maxBet,NMaxBet,minBet,util_fold,util_call,util_raise_coeff,util_call2,util_raise_coeff2,action,amount,cputime
0,8,8,Deal,0,♦Q ♠9,,10,0.23333333333333334,0.39581140290126393,0,0,20,1,20,0,17.333333333333336,0.8666666666666667,-10.666666666666666,-0.5333333333333333,raise,0,0.5259857177734375
1,8,8,Deal,0,♦Q ♠9,,105,0.21904761904761905,0.3999433066399251,0,40,150,1,110,-40,112.85714285714283,0.7523809523809524,-84.28571428571429,-0.5619047619047619,raise,0,0.5284469127655029
2,8,7,Flop,0,♦Q ♠9,♦4 ♣K ♥7,15,0.06666666666666667,0.24944382578492946,2250,0,73,1,73,-300,-188.93333333333334,-0.5333333333333333,-213.26666666666668,-0.8666666666666667,call,0,0.5344059467315674
3,8,6,Turn,0,♦Q ♠9,♦4 ♣K ♥7 ♦10,15,0.0,0.0,2688,0,66,1,66,-373,-439.0,-1.0,-439.0,-1.0,fold,0,0.5250759124755859
