,N,Nnf,round,first,hole,board,Nsim,prWin,prWinStd,pot,bet,maxBet,NMaxBet,minBet,util_fold,util_call,util_raise_coeff,util_call2,util_raise_coeff2,action,amount,cputime
0,7,6,Deal,0,♥J ♠10,,45,0.21428571428571427,0.4001133626209525,0,0,80,1,80,0,22.85714285714286,0.2857142857142856,-45.714285714285715,-0.5714285714285714,raise,0,0.5281991958618164
1,7,6,Deal,0,♥J ♠10,,85,0.23697478991596638,0.4165270815788348,0,160,353,2,193,-160,148.91260504201682,0.42184873949579815,-185.69579831932774,-0.5260504201680672,raise,0,0.5232911109924316
2,7,6,Flop,0,♥J ♠10,♦8 ♥10 ♣9,25,0.14,0.332264954516723,2118,0,272,2,272,-706,-453.0,-0.15999999999999992,-605.3199999999999,-0.72,call,0,0.5225479602813721
3,7,6,Turn,0,♥J ♠10,♦8 ♥10 ♣9 ♦4,25,0.14,0.332264954516723,2934,0,168,1,168,-978,-594.1199999999999,-0.15999999999999992,-688.1999999999999,-0.72,call,0,0.5233891010284424
4,7,6,Turn,0,♥J ♠10,♦8 ♥10 ♣9 ♦4,70,0.2357142857142857,0.4116294152635403,2934,168,307,2,139,-1146,-159.22857142857129,0.41428571428571415,-448.6857142857143,-0.5285714285714286,raise,0,0.5262942314147949
5,7,6,River,0,♥J ♠10,♦8 ♥10 ♣9 ♦4 ♣10,25,0.78,0.4019950248448356,4776,0,278,2,278,-1592,3156.3199999999997,3.6799999999999997,2288.96,0.56,raise,0,0.5272409915924072
