,N,Nnf,round,first,hole,board,Nsim,prWin,prWinStd,pot,bet,maxBet,NMaxBet,minBet,util_fold,util_call,util_raise_coeff,util_call2,util_raise_coeff2,action,amount,cputime
0,7,7,Deal,0,♦A ♥8,,10,0.15,0.32015621187164245,0,0,20,1,20,0,1.0,0.050000000000000044,-14.0,-0.7,raise,0,0.5272629261016846
1,7,6,Deal,0,♦A ♥8,,95,0.15789473684210525,0.3499109502862034,0,40,67,2,27,-40,-3.526315789473692,-0.052631578947368474,-45.8421052631579,-0.6842105263157895,call,0,0.5254330635070801
2,7,6,Flop,0,♦A ♥8,♥5 ♣4 ♥K,15,0.2,0.4000000000000001,268,0,54,1,54,-67,-2.5999999999999943,0.20000000000000018,-45.8,-0.6,raise,0,0.525101900100708
3,7,6,Turn,0,♦A ♥8,♥5 ♣4 ♥K ♠9,15,0.0,0.0,592,0,36,1,36,-175,-211.0,-1.0,-211.0,-1.0,fold,0,0.5207509994506836
