,N,Nnf,round,first,hole,board,Nsim,prWin,prWinStd,pot,bet,maxBet,NMaxBet,minBet,util_fold,util_call,util_raise_coeff,util_call2,util_raise_coeff2,action,amount,cputime
0,7,6,Deal,0,♥Q ♥6,,70,0.18537414965986393,0.3679299040195444,0,0,28,1,28,0,3.142857142857139,0.11224489795918347,-17.61904761904762,-0.6292517006802721,raise,0,0.5218920707702637
1,7,6,Deal,0,♥Q ♥6,,150,0.20079365079365077,0.39033501771158347,0,56,72,2,16,-56,14.742857142857133,0.2047619047619047,-43.08571428571429,-0.5984126984126985,raise,0,0.5217189788818359
2,7,6,Flop,0,♥Q ♥6,♦J ♣2 ♥9,50,0.06,0.21540659228538014,864,0,71,2,71,-144,-137.60000000000002,-0.64,-154.64,-0.88,call,0,0.5212039947509766
3,7,6,Flop,0,♥Q ♥6,♦J ♣2 ♥9,130,0.07692307692307693,0.2591520081218926,864,71,103,3,32,-215,-133.0,-0.5384615384615384,-164.69230769230768,-0.8461538461538461,call,0,0.5299487113952637
4,7,6,Turn,0,♥Q ♥6,♦J ♣2 ♥9 ♣6,50,0.16,0.36660605559646714,1482,0,74,2,74,-247,-12.840000000000032,-0.040000000000000036,-60.19999999999999,-0.6799999999999999,call,0,0.5268640518188477
5,7,6,Turn,0,♥Q ♥6,♦J ♣2 ♥9 ♣6,135,0.08148148148148149,0.2735731157425095,1482,74,90,3,16,-321,-172.24444444444444,-0.5111111111111111,-201.57777777777778,-0.837037037037037,call,0,0.5228447914123535
6,7,6,River,0,♥Q ♥6,♦J ♣2 ♥9 ♣6 ♣4,50,0.0,0.0,2022,0,66,2,66,-337,-403.0,-1.0,-403.0,-1.0,fold,0,0.5221450328826904
