,N,Nnf,round,first,hole,board,Nsim,prWin,prWinStd,pot,bet,maxBet,NMaxBet,minBet,util_fold,util_call,util_raise_coeff,util_call2,util_raise_coeff2,action,amount,cputime
0,7,7,Deal,0,♣5 ♦J,,10,0.2,0.4000000000000001,0,0,40,1,40,0,16.0,0.40000000000000013,-24.0,-0.6,raise,0,0.5230910778045654
1,7,6,Deal,0,♣5 ♦J,,120,0.10555555555555556,0.29418227321941615,0,80,172,1,92,-80,-63.06666666666666,-0.3666666666666667,-135.6888888888889,-0.7888888888888889,call,0,0.5311307907104492
2,7,6,Deal,0,♣5 ♦J,,195,0.09487179487179487,0.2757572801949916,0,172,246,4,74,-172,-105.96923076923076,-0.4307692307692308,-199.32307692307694,-0.8102564102564103,call,0,0.5296721458435059
3,7,6,Flop,0,♣5 ♦J,♥4 ♦A ♠2,10,0.0,0.0,1516,0,132,1,132,-246,-378.0,-1.0,-378.0,-1.0,fold,0,0.5273821353912354
