,N,Nnf,round,first,hole,board,Nsim,prWin,prWinStd,pot,bet,maxBet,NMaxBet,minBet,util_fold,util_call,util_raise_coeff,util_call2,util_raise_coeff2,action,amount,cputime
0,7,6,Deal,0,♥8 ♣8,,45,0.18095238095238095,0.3814282741809674,0,0,20,1,20,0,1.7142857142857153,0.08571428571428563,-12.761904761904763,-0.638095238095238,raise,0,0.5263333320617676
1,7,6,Deal,0,♥8 ♣8,,115,0.20993788819875775,0.40595467427019793,0,40,60,1,20,-40,15.577639751552795,0.2596273291925466,-34.80745341614907,-0.5801242236024845,raise,0,0.5249302387237549
2,7,6,Flop,0,♥8 ♣8,♦5 ♥4 ♥J,30,0.18333333333333332,0.3760171390892826,720,0,880,1,880,-120,100.0,0.09999999999999987,-545.3333333333334,-0.6333333333333333,raise,0,0.5215060710906982
