,N,Nnf,round,first,hole,board,Nsim,prWin,prWinStd,pot,bet,maxBet,NMaxBet,minBet,util_fold,util_call,util_raise_coeff,util_call2,util_raise_coeff2,action,amount,cputime
0,8,8,Deal,0,♠8 ♥K,,75,0.18,0.37982452088650975,0,20,72,5,52,-20,31.679999999999993,0.43999999999999995,-46.08,-0.64,raise,0,0.5248219966888428
1,8,8,Deal,0,♠8 ♥K,,160,0.13515625,0.3339430255836129,0,144,292,1,148,-144,23.725000000000023,0.08125000000000004,-213.06875,-0.7296875,raise,0,0.5234827995300293
2,8,8,Deal,0,♠8 ♥K,,245,0.13452380952380952,0.33161974508282555,0,584,1168,1,584,-584,88.9904761904761,0.07619047619047614,-853.7523809523809,-0.730952380952381,raise,0,0.5259702205657959
