,N,Nnf,round,first,hole,board,Nsim,prWin,prWinStd,pot,bet,maxBet,NMaxBet,minBet,util_fold,util_call,util_raise_coeff,util_call2,util_raise_coeff2,action,amount,cputime
0,8,7,Deal,0,♦7 ♣3,,65,0.007692307692307693,0.06153846153846154,0,0,20,3,20,0,-18.923076923076923,-0.9461538461538461,-19.692307692307693,-0.9846153846153847,fold,0,0.5207240581512451
