,N,Nnf,round,first,hole,board,Nsim,prWin,prWinStd,pot,bet,maxBet,NMaxBet,minBet,util_fold,util_call,util_raise_coeff,util_call2,util_raise_coeff2,action,amount,cputime
0,7,6,Deal,0,♦2 ♥8,,45,0.047619047619047616,0.17753668459340236,0,0,20,1,20,0,-14.285714285714286,-0.7142857142857143,-18.095238095238095,-0.9047619047619048,fold,0,0.5238158702850342
