,N,Nnf,round,first,hole,board,Nsim,prWin,prWinStd,pot,bet,maxBet,NMaxBet,minBet,util_fold,util_call,util_raise_coeff,util_call2,util_raise_coeff2,action,amount,cputime
0,7,7,Deal,0,♣10 ♣Q,,15,0.2,0.4000000000000001,0,0,40,1,40,0,16.0,0.40000000000000013,-24.0,-0.6,raise,0,0.5276548862457275
1,7,7,Deal,0,♣10 ♣Q,,90,0.2,0.39299420408505326,0,80,146,4,66,-80,58.400000000000034,0.40000000000000013,-87.6,-0.6,raise,0,0.5253260135650635
2,7,7,Flop,0,♣10 ♣Q,♠7 ♠9 ♥A,10,0.1,0.30000000000000004,1430,0,40,1,40,-292,-161.0,-0.29999999999999993,-181.0,-0.8,call,0,0.5278637409210205
3,7,7,Flop,0,♣10 ♣Q,♠7 ♠9 ♥A,60,0.05,0.21794494717703364,1430,40,80,1,40,-332,-272.5,-0.6499999999999999,-292.5,-0.9,call,0,0.5255839824676514
4,7,7,Flop,0,♣10 ♣Q,♠7 ♠9 ♥A,105,0.05714285714285714,0.2321153829895989,1430,80,196,1,116,-372,-327.8857142857143,-0.6000000000000001,-383.8857142857143,-0.8857142857142857,call,0,0.5204999446868896
5,7,7,Turn,0,♣10 ♣Q,♠7 ♠9 ♥A ♦8,15,0.0,0.0,2088,0,152,1,152,-488,-640.0,-1.0,-640.0,-1.0,fold,0,0.5219547748565674
