,N,Nnf,round,first,hole,board,Nsim,prWin,prWinStd,pot,bet,maxBet,NMaxBet,minBet,util_fold,util_call,util_raise_coeff,util_call2,util_raise_coeff2,action,amount,cputime
0,7,6,Deal,0,♦K ♣9,,55,0.2,0.3884701930767544,0,0,40,2,40,0,8.0,0.20000000000000018,-24.0,-0.6,raise,0,0.5250418186187744
1,7,6,Deal,0,♦K ♣9,,115,0.2217391304347826,0.407491287438608,0,80,136,4,56,-80,44.93913043478261,0.3304347826086955,-75.68695652173913,-0.5565217391304348,raise,0,0.5270140171051025
2,7,6,Flop,0,♦K ♣9,♠Q ♥9 ♥A,40,0.2583333333333333,0.4313254764869178,1360,0,98,3,98,-272,133.2333333333333,0.5499999999999998,31.96666666666664,-0.4833333333333334,raise,0,0.5255641937255859
3,7,6,Flop,0,♦K ♣9,♠Q ♥9 ♥A,100,0.20833333333333331,0.400260331950761,1360,196,200,2,4,-468,61.33333333333326,0.25,-105.33333333333337,-0.5833333333333334,raise,0,0.5271549224853516
4,7,6,Turn,0,♦K ♣9,♠Q ♥9 ♥A ♥10,30,0.07777777777777778,0.2536158269002962,3360,0,83,1,83,-672,-454.93333333333334,-0.5333333333333333,-480.7555555555556,-0.8444444444444444,call,0,0.5232381820678711
5,7,6,Turn,0,♦K ♣9,♠Q ♥9 ♥A ♥10,80,0.060416666666666674,0.22552985451548932,3360,83,169,2,86,-755,-576.7375,-0.6375,-617.5791666666667,-0.8791666666666667,call,0,0.522651195526123
6,7,6,Turn,0,♦K ♣9,♠Q ♥9 ♥A ♥10,130,0.06794871794871796,0.23633251405426856,3360,169,218,3,49,-841,-572.8153846153846,-0.5923076923076922,-632.0666666666666,-0.8641025641025641,call,0,0.5204153060913086
7,7,6,River,0,♦K ♣9,♠Q ♥9 ♥A ♥10 ♣2,25,0.0,0.0,4287,0,110,1,110,-890,-1000.0,-1.0,-1000.0,-1.0,fold,0,0.5293939113616943
