,N,Nnf,round,first,hole,board,Nsim,prWin,prWinStd,pot,bet,maxBet,NMaxBet,minBet,util_fold,util_call,util_raise_coeff,util_call2,util_raise_coeff2,action,amount,cputime
0,7,6,Deal,0,♣4 ♦10,,55,0.11818181818181818,0.3157046428033699,0,0,24,1,24,0,-6.981818181818181,-0.2909090909090909,-18.327272727272728,-0.7636363636363637,fold,0,0.5292820930480957
