,N,Nnf,round,first,hole,board,Nsim,prWin,prWinStd,pot,bet,maxBet,NMaxBet,minBet,util_fold,util_call,util_raise_coeff,util_call2,util_raise_coeff2,action,amount,cputime
0,8,7,Deal,0,♦K ♥7,,90,0.12222222222222222,0.3189488909868295,0,10,65,4,55,-10,-9.388888888888893,-0.1444444444444445,-49.111111111111114,-0.7555555555555555,call,0,0.5227010250091553
1,8,7,Flop,1,♦K ♥7,♣A ♣10 ♣4,5,0.0,0.0,455,0,0,8,20,-65,-65.0,-1.0,-65.0,-1.0,call,0,0.5257041454315186
2,8,6,Flop,0,♦K ♥7,♣A ♣10 ♣4,75,0.0,0.0,455,20,70,4,50,-85,-135.0,-1.0,-135.0,-1.0,fold,0,0.5255401134490967
