,N,Nnf,round,first,hole,board,Nsim,prWin,prWinStd,pot,bet,maxBet,NMaxBet,minBet,util_fold,util_call,util_raise_coeff,util_call2,util_raise_coeff2,action,amount,cputime
0,8,7,Deal,0,♣5 ♠8,,40,0.12083333333333332,0.30728990112487153,0,0,20,1,20,0,-3.0833333333333357,-0.15416666666666679,-15.166666666666668,-0.7583333333333333,fold,0,0.5287737846374512
