,N,Nnf,round,first,hole,board,Nsim,prWin,prWinStd,pot,bet,maxBet,NMaxBet,minBet,util_fold,util_call,util_raise_coeff,util_call2,util_raise_coeff2,action,amount,cputime
0,7,7,Deal,0,♥K ♥A,,75,0.2819047619047619,0.44810915417893094,0,40,238,1,198,-40,231.6533333333333,0.9733333333333332,-103.81333333333333,-0.43619047619047624,raise,0,0.523125171661377
1,7,7,Deal,0,♥K ♥A,,145,0.27684729064039404,0.4387047308384152,0,476,886,1,410,-476,831.0068965517239,0.9379310344827583,-395.42660098522174,-0.4463054187192119,raise,0,0.5262362957000732
2,7,7,Flop,1,♥K ♥A,♠J ♠10 ♣5,5,0.0,0.0,6202,0,0,7,40,-1772,-1772.0,-1.0,-1772.0,-1.0,call,0,0.5253269672393799
3,7,7,Flop,0,♥K ♥A,♠J ♠10 ♣5,45,0.17777777777777778,0.3823255674241167,6202,40,159,2,119,-1812,-630.5555555555557,0.24444444444444446,-771.8888888888889,-0.6444444444444444,raise,0,0.5230929851531982
4,7,7,Turn,1,♥K ♥A,♠J ♠10 ♣5 ♦Q,5,1.0,0.0,7156,0,0,7,40,-2090,5066.0,6.0,5066.0,1.0,raise,0,0.5316920280456543
5,7,7,Turn,0,♥K ♥A,♠J ♠10 ♣5 ♦Q,45,0.6777777777777778,0.4491418429201719,7156,40,146,1,106,-2130,3306.866666666667,3.7444444444444445,2812.0888888888894,0.3555555555555556,raise,0,0.5255889892578125
6,7,7,River,1,♥K ♥A,♠J ♠10 ♣5 ♦Q ♠5,5,0.6,0.48989794855663565,8032,0,0,7,40,-2382,2437.2,3.2,2437.2,0.19999999999999996,raise,0,0.5255379676818848
7,7,7,River,0,♥K ♥A,♠J ♠10 ♣5 ♦Q ♠5,40,0.5125,0.4935521755599908,8032,40,120,1,80,-2422,2044.8999999999996,2.5874999999999995,1737.3999999999996,0.02499999999999991,raise,0,0.5221099853515625
