,N,Nnf,round,first,hole,board,Nsim,prWin,prWinStd,pot,bet,maxBet,NMaxBet,minBet,util_fold,util_call,util_raise_coeff,util_call2,util_raise_coeff2,action,amount,cputime
0,8,8,Deal,0,♦10 ♠J,,10,0.15,0.32015621187164245,0,0,80,1,80,0,16.0,0.19999999999999996,-56.0,-0.7,raise,0,0.5240259170532227
1,8,7,Deal,0,♦10 ♠J,,85,0.2235294117647059,0.40948951256369676,0,160,165,3,5,-160,93.1764705882353,0.5647058823529412,-91.23529411764706,-0.5529411764705883,raise,0,0.5238189697265625
2,8,7,Deal,0,♦10 ♠J,,130,0.2153846153846154,0.40162392252943424,0,330,375,2,45,-330,190.38461538461547,0.5076923076923077,-213.46153846153845,-0.5692307692307692,raise,0,0.5216000080108643
3,8,7,Flop,0,♦10 ♠J,♦A ♦4 ♥J,10,0.4,0.48989794855663565,3080,0,103,1,103,-750,667.4000000000001,1.8000000000000003,461.4000000000001,-0.19999999999999996,raise,0,0.5271611213684082
4,8,7,Turn,0,♦10 ♠J,♦A ♦4 ♥J ♠3,15,0.06666666666666667,0.24944382578492943,3904,0,80,1,80,-956,-738.4000000000001,-0.5333333333333333,-765.0666666666666,-0.8666666666666667,call,0,0.5301609039306641
5,8,7,Turn,0,♦10 ♠J,♦A ♦4 ♥J ♠3,60,0.08333333333333333,0.2763853991962833,3904,80,190,3,110,-1036,-709.8333333333334,-0.41666666666666674,-789.0,-0.8333333333333334,call,0,0.5259442329406738
6,8,7,River,0,♦10 ♠J,♦A ♦4 ♥J ♠3 ♥6,10,0.0,0.0,4664,0,156,1,156,-1146,-1302.0,-1.0,-1302.0,-1.0,fold,0,0.5308032035827637
