,N,Nnf,round,first,hole,board,Nsim,prWin,prWinStd,pot,bet,maxBet,NMaxBet,minBet,util_fold,util_call,util_raise_coeff,util_call2,util_raise_coeff2,action,amount,cputime
0,8,7,Deal,0,♠K ♦9,,35,0.19523809523809524,0.3789830047823151,0,0,20,1,20,0,7.333333333333332,0.3666666666666667,-12.19047619047619,-0.6095238095238096,raise,0,0.5261662006378174
1,8,7,Deal,0,♠K ♦9,,110,0.18484848484848485,0.379623321111925,0,40,91,1,51,-40,26.74848484848485,0.29393939393939394,-57.35757575757576,-0.6303030303030304,raise,0,0.5244040489196777
2,8,7,Flop,0,♠K ♦9,♠2 ♣2 ♥3,25,0.1,0.282842712474619,1274,0,79,1,79,-182,-78.29999999999998,-0.29999999999999993,-117.79999999999998,-0.8,call,0,0.5213258266448975
3,8,6,Flop,0,♠K ♦9,♠2 ♣2 ♥3,95,0.08552631578947369,0.2679497927088998,1274,79,158,1,79,-261,-149.96052631578948,-0.48684210526315785,-204.01315789473682,-0.8289473684210527,call,0,0.5215680599212646
4,8,6,Turn,0,♠K ♦9,♠2 ♣2 ♥3 ♦2,20,0.00625,0.027243118397129205,2222,0,50,1,50,-340,-374.2375,-0.9625,-375.4875,-0.9875,fold,0,0.5262229442596436
