,N,Nnf,round,first,hole,board,Nsim,prWin,prWinStd,pot,bet,maxBet,NMaxBet,minBet,util_fold,util_call,util_raise_coeff,util_call2,util_raise_coeff2,action,amount,cputime
0,8,8,Deal,0,♠6 ♥A,,60,0.11041666666666666,0.30370255688017433,0,0,214,1,214,0,-24.96666666666667,-0.1166666666666667,-166.74166666666667,-0.7791666666666667,fold,0,0.5286331176757812
