,N,Nnf,round,first,hole,board,Nsim,prWin,prWinStd,pot,bet,maxBet,NMaxBet,minBet,util_fold,util_call,util_raise_coeff,util_call2,util_raise_coeff2,action,amount,cputime
0,8,7,Deal,0,♠10 ♠5,,40,0.15,0.3391164991562634,0,0,40,1,40,0,2.0,0.050000000000000044,-28.0,-0.7,raise,0,0.522921085357666
1,8,7,Deal,0,♠10 ♠5,,95,0.14736842105263157,0.3393002412902358,0,80,149,2,69,-80,4.705263157894734,0.03157894736842093,-105.08421052631579,-0.7052631578947368,raise,0,0.5232231616973877
2,8,7,Deal,0,♠10 ♠5,,140,0.1357142857142857,0.3318931472996841,0,298,299,2,1,-298,-14.950000000000045,-0.050000000000000044,-217.84285714285716,-0.7285714285714286,call,0,0.529367208480835
3,8,7,Flop,0,♠10 ♠5,♣3 ♥K ♦3,15,0.0,0.0,1265,0,91,1,91,-299,-390.0,-1.0,-390.0,-1.0,fold,0,0.5253589153289795
