,N,Nnf,round,first,hole,board,Nsim,prWin,prWinStd,pot,bet,maxBet,NMaxBet,minBet,util_fold,util_call,util_raise_coeff,util_call2,util_raise_coeff2,action,amount,cputime
0,7,7,Deal,0,♠8 ♣8,,65,0.23296703296703297,0.42048729358009296,0,80,350,1,270,-80,220.76923076923083,0.6307692307692307,-186.9230769230769,-0.5340659340659341,raise,0,0.5284559726715088
1,7,7,Deal,0,♠8 ♣8,,135,0.21587301587301586,0.4103228331599967,0,700,1400,1,700,-700,715.5555555555552,0.5111111111111111,-795.5555555555557,-0.5682539682539682,raise,0,0.5244171619415283
