,N,Nnf,round,first,hole,board,Nsim,prWin,prWinStd,pot,bet,maxBet,NMaxBet,minBet,util_fold,util_call,util_raise_coeff,util_call2,util_raise_coeff2,action,amount,cputime
0,7,7,Deal,0,♥10 ♠9,,55,0.16623376623376623,0.3692881748905803,0,0,40,1,40,0,6.545454545454547,0.16363636363636358,-26.7012987012987,-0.6675324675324675,raise,0,0.5222489833831787
1,7,7,Deal,0,♥10 ♠9,,170,0.14789915966386555,0.35398405348170964,0,80,3472,1,3392,-80,122.5411764705882,0.03529411764705892,-2444.9882352941177,-0.7042016806722688,raise,0,0.5260422229766846
