,N,Nnf,round,first,hole,board,Nsim,prWin,prWinStd,pot,bet,maxBet,NMaxBet,minBet,util_fold,util_call,util_raise_coeff,util_call2,util_raise_coeff2,action,amount,cputime
0,7,7,Deal,0,♥10 ♠10,,10,0.3,0.45825756949558394,0,0,20,1,20,0,22.0,1.1,-8.0,-0.4,raise,0,0.5220837593078613
1,7,7,Deal,0,♥10 ♠10,,120,0.21904761904761905,0.41112643226951195,0,40,146,1,106,-40,77.86666666666667,0.5333333333333332,-82.03809523809524,-0.5619047619047619,raise,0,0.5233678817749023
2,7,7,Deal,0,♥10 ♠10,,230,0.22298136645962732,0.4149649418153822,0,292,584,1,292,-292,327.54782608695643,0.5608695652173912,-323.5577639751553,-0.5540372670807454,raise,0,0.5275132656097412
