,N,Nnf,round,first,hole,board,Nsim,prWin,prWinStd,pot,bet,maxBet,NMaxBet,minBet,util_fold,util_call,util_raise_coeff,util_call2,util_raise_coeff2,action,amount,cputime
0,8,8,Deal,0,♥K ♥5,,50,0.16,0.36660605559646714,0,0,82,1,82,0,22.960000000000008,0.28,-55.76,-0.6799999999999999,raise,0,0.5255680084228516
1,8,7,Flop,0,♥K ♥5,♥2 ♥J ♦K,30,0.5,0.5,902,0,61,1,61,-164,439.5,2.5,287.0,0.0,raise,0,0.5263359546661377
2,8,7,Turn,0,♥K ♥5,♥2 ♥J ♦K ♥A,20,0.95,0.21794494717703372,1398,0,29,1,29,-286,1205.9499999999998,5.6499999999999995,1068.1999999999998,0.8999999999999999,raise,0,0.5220458507537842
3,8,7,Turn,0,♥K ♥5,♥2 ♥J ♦K ♥A,65,0.9538461538461539,0.2098181799536286,1398,58,63,2,5,-344,1405.123076923077,5.676923076923077,1104.6615384615386,0.9076923076923078,raise,0,0.5203540325164795
4,8,7,River,0,♥K ♥5,♥2 ♥J ♦K ♥A ♥9,20,1.0,0.0,1902,0,41,2,41,-412,1736.0,6.0,1531.0,1.0,raise,0,0.5249969959259033
