,N,Nnf,round,first,hole,board,Nsim,prWin,prWinStd,pot,bet,maxBet,NMaxBet,minBet,util_fold,util_call,util_raise_coeff,util_call2,util_raise_coeff2,action,amount,cputime
0,7,7,Deal,0,♦3 ♠K,,60,0.15833333333333333,0.3593010189551683,0,0,86,1,86,0,9.316666666666663,0.10833333333333339,-58.766666666666666,-0.6833333333333333,raise,0,0.5231492519378662
1,7,6,Flop,0,♦3 ♠K,♣4 ♦K ♣K,50,0.66,0.440908153700972,1118,0,66,3,66,-172,761.24,2.96,587.0,0.32000000000000006,raise,0,0.5238070487976074
2,7,6,Turn,0,♦3 ♠K,♣4 ♦K ♣K ♦A,45,0.6777777777777778,0.4365973934308556,1910,0,292,2,292,-304,1886.0222222222224,3.0666666666666664,1094.377777777778,0.3555555555555556,raise,0,0.5255069732666016
3,7,6,River,1,♦3 ♠K,♣4 ♦K ♣K ♦A ♥9,5,0.9,0.2,4246,0,0,7,20,-888,2933.4,4.4,2933.4,0.8,raise,0,0.527940034866333
4,7,6,River,0,♦3 ♠K,♣4 ♦K ♣K ♦A ♥9,30,0.8833333333333333,0.2477678124553084,4246,20,32,1,12,-908,3000.233333333333,4.3,2887.1666666666665,0.7666666666666666,raise,0,0.5216982364654541
5,7,6,River,0,♦3 ♠K,♣4 ♦K ♣K ♦A ♥9,60,0.7583333333333333,0.39255219044379586,4246,64,87,1,23,-952,2640.733333333333,3.55,2376.833333333333,0.5166666666666666,raise,0,0.5233900547027588
