,N,Nnf,round,first,hole,board,Nsim,prWin,prWinStd,pot,bet,maxBet,NMaxBet,minBet,util_fold,util_call,util_raise_coeff,util_call2,util_raise_coeff2,action,amount,cputime
0,7,6,Deal,0,♦Q ♠J,,70,0.2714285714285714,0.4446966404649538,0,0,20,3,20,0,12.57142857142857,0.6285714285714286,-9.142857142857144,-0.4571428571428572,raise,0,0.5243041515350342
1,7,6,Deal,0,♦Q ♠J,,145,0.2517241379310345,0.43201268312733315,0,40,97,1,57,-40,49.50344827586207,0.510344827586207,-48.16551724137931,-0.496551724137931,raise,0,0.5274660587310791
2,7,6,Flop,0,♦Q ♠J,♦6 ♠5 ♥3,50,0.025,0.1436140661634507,1164,0,61,3,61,-194,-216.75,-0.85,-222.85,-0.95,fold,0,0.5220339298248291
