,N,Nnf,round,first,hole,board,Nsim,prWin,prWinStd,pot,bet,maxBet,NMaxBet,minBet,util_fold,util_call,util_raise_coeff,util_call2,util_raise_coeff2,action,amount,cputime
0,8,8,Deal,0,♣9 ♦K,,25,0.18,0.3709447398198282,0,0,20,2,20,0,8.799999999999997,0.43999999999999995,-12.8,-0.64,raise,0,0.5283238887786865
1,8,8,Deal,0,♣9 ♦K,,95,0.19473684210526315,0.3790204607871333,0,40,64,3,24,-40,35.705263157894734,0.5578947368421052,-39.07368421052632,-0.6105263157894737,raise,0,0.5246868133544922
2,8,8,Deal,0,♣9 ♦K,,160,0.171875,0.36677170607204695,0,128,139,1,11,-128,52.125,0.375,-91.21875,-0.65625,raise,0,0.5288600921630859
3,8,8,Flop,0,♣9 ♦K,♦7 ♥J ♦10,40,0.2375,0.4029190365321549,1390,0,70,1,70,-278,115.125,0.8999999999999999,15.375,-0.525,raise,0,0.5269899368286133
4,8,7,Turn,0,♣9 ♦K,♦7 ♥J ♦10 ♠9,45,0.07777777777777778,0.23465235646603197,1950,0,42,2,42,-418,-285.4666666666667,-0.4555555555555555,-301.8,-0.8444444444444444,call,0,0.5239920616149902
5,8,6,River,0,♣9 ♦K,♦7 ♥J ♦10 ♠9 ♥9,30,0.8166666666666667,0.3760171390892826,2096,0,72,2,72,-460,1532.5333333333333,3.9000000000000004,1297.3333333333333,0.6333333333333333,raise,0,0.5293118953704834
