,N,Nnf,round,first,hole,board,Nsim,prWin,prWinStd,pot,bet,maxBet,NMaxBet,minBet,util_fold,util_call,util_raise_coeff,util_call2,util_raise_coeff2,action,amount,cputime
0,7,6,Deal,0,♦9 ♣10,,65,0.2153846153846154,0.4110888989503812,0,20,117,2,97,-20,34.20000000000002,0.2923076923076924,-66.6,-0.5692307692307692,raise,0,0.5294539928436279
1,7,6,Flop,1,♦9 ♣10,♥K ♥3 ♣7,5,0.2,0.4,936,0,0,7,40,-234,-46.79999999999998,0.20000000000000018,-46.79999999999998,-0.6,raise,0,0.5220639705657959
2,7,6,Flop,0,♦9 ♣10,♥K ♥3 ♣7,60,0.08333333333333333,0.2763853991962833,936,40,135,2,95,-274,-223.5,-0.5,-268.5,-0.8333333333333334,call,0,0.5208320617675781
3,7,6,Flop,0,♦9 ♣10,♥K ♥3 ♣7,110,0.06363636363636363,0.24410402876541004,936,135,145,3,10,-369,-264.0727272727273,-0.6181818181818182,-300.9818181818182,-0.8727272727272728,call,0,0.5276570320129395
4,7,6,Turn,1,♦9 ♣10,♥K ♥3 ♣7 ♠9,5,0.0,0.0,1516,0,0,7,40,-379,-379.0,-1.0,-379.0,-1.0,call,0,0.5243051052093506
5,7,6,Turn,0,♦9 ♣10,♥K ♥3 ♣7 ♠9,55,0.14545454545454545,0.33942099459262665,1516,40,134,3,94,-419,-175.54545454545456,-0.12727272727272732,-253.5090909090909,-0.7090909090909091,call,0,0.5287179946899414
6,7,6,River,1,♦9 ♣10,♥K ♥3 ♣7 ♠9 ♣A,5,0.2,0.4000000000000001,2052,0,0,7,40,-513,-102.59999999999997,0.20000000000000018,-102.59999999999997,-0.6,raise,0,0.5267021656036377
7,7,6,River,0,♦9 ♣10,♥K ♥3 ♣7 ♠9 ♣A,55,0.09090909090909091,0.2874797872880344,2052,40,134,3,94,-553,-387.3636363636364,-0.4545454545454546,-436.09090909090907,-0.8181818181818181,call,0,0.5224049091339111
