,N,Nnf,round,first,hole,board,Nsim,prWin,prWinStd,pot,bet,maxBet,NMaxBet,minBet,util_fold,util_call,util_raise_coeff,util_call2,util_raise_coeff2,action,amount,cputime
0,7,7,Deal,0,♣K ♥J,,10,0.3,0.45825756949558394,0,0,20,1,20,0,22.0,1.1,-8.0,-0.4,raise,0,0.5282869338989258
1,7,7,Deal,0,♣K ♥J,,115,0.24596273291925466,0.41789935066840034,0,40,80,1,40,-40,57.73913043478262,0.7217391304347827,-40.64596273291925,-0.5080745341614907,raise,0,0.5244119167327881
2,7,6,Flop,0,♣K ♥J,♥3 ♣10 ♥2,40,0.075,0.26339134382131846,1120,0,65,1,65,-160,-111.75,-0.55,-131.25,-0.85,call,0,0.5228302478790283
3,7,6,Flop,0,♣K ♥J,♥3 ♣10 ♥2,110,0.11363636363636363,0.3137680882804057,1120,65,142,1,77,-225,-77.90909090909093,-0.31818181818181823,-142.45454545454547,-0.7727272727272727,call,0,0.5224528312683105
4,7,6,Turn,0,♣K ♥J,♥3 ♣10 ♥2 ♣2,10,0.1,0.30000000000000004,1972,0,52,1,52,-302,-125.59999999999997,-0.3999999999999999,-146.39999999999998,-0.8,call,0,0.5272479057312012
5,7,6,Turn,0,♣K ♥J,♥3 ♣10 ♥2 ♣2,80,0.025,0.15612494995995993,1972,52,126,1,74,-354,-359.8,-0.85,-372.4,-0.95,fold,0,0.5205461978912354
