,N,Nnf,round,first,hole,board,Nsim,prWin,prWinStd,pot,bet,maxBet,NMaxBet,minBet,util_fold,util_call,util_raise_coeff,util_call2,util_raise_coeff2,action,amount,cputime
0,7,7,Deal,0,♥2 ♥6,,50,0.11285714285714285,0.30441982289500885,0,0,80,1,80,0,-16.799999999999997,-0.21000000000000008,-61.94285714285714,-0.7742857142857142,fold,0,0.5211231708526611
