,N,Nnf,round,first,hole,board,Nsim,prWin,prWinStd,pot,bet,maxBet,NMaxBet,minBet,util_fold,util_call,util_raise_coeff,util_call2,util_raise_coeff2,action,amount,cputime
0,7,7,Deal,0,♦10 ♠4,,55,0.13787878787878788,0.3337944469016361,0,20,92,1,72,-20,-3.2060606060606034,-0.034848484848484906,-66.63030303030303,-0.7242424242424242,call,0,0.5309150218963623
1,7,7,Deal,0,♦10 ♠4,,125,0.12866666666666665,0.3206770615085803,0,92,133,2,41,-92,-13.211333333333343,-0.0993333333333335,-98.77466666666666,-0.7426666666666667,call,0,0.529155969619751
2,7,7,Flop,1,♦10 ♠4,♦5 ♥9 ♣3,5,0.2,0.4,532,0,0,7,40,-133,-26.599999999999994,0.40000000000000013,-26.599999999999994,-0.6,raise,0,0.5251851081848145
3,7,7,Flop,0,♦10 ♠4,♦5 ♥9 ♣3,80,0.06875,0.24677608777999543,532,40,138,1,98,-173,-168.0125,-0.5187499999999999,-215.45,-0.8625,call,0,0.5277731418609619
4,7,7,Flop,0,♦10 ♠4,♦5 ♥9 ♣3,150,0.05,0.21408720964441877,532,138,342,1,204,-271,-328.7,-0.6499999999999999,-414.2,-0.9,fold,0,0.5255701541900635
