,N,Nnf,round,first,hole,board,Nsim,prWin,prWinStd,pot,bet,maxBet,NMaxBet,minBet,util_fold,util_call,util_raise_coeff,util_call2,util_raise_coeff2,action,amount,cputime
0,8,8,Deal,0,♠K ♥9,,70,0.16428571428571428,0.36568359246200594,0,0,1000,1,1000,0,314.2857142857142,0.3142857142857143,-671.4285714285714,-0.6714285714285715,raise,0,0.5239357948303223
