,N,Nnf,round,first,hole,board,Nsim,prWin,prWinStd,pot,bet,maxBet,NMaxBet,minBet,util_fold,util_call,util_raise_coeff,util_call2,util_raise_coeff2,action,amount,cputime
0,7,6,Deal,0,♣3 ♣8,,65,0.14615384615384616,0.33653296698811314,0,80,165,2,85,-80,-20.307692307692292,-0.12307692307692308,-116.76923076923077,-0.7076923076923076,call,0,0.5209100246429443
1,7,6,Flop,1,♣3 ♣8,♥J ♠Q ♠3,5,0.2,0.4000000000000001,535,0,0,7,80,-165,-58.0,0.20000000000000018,-58.0,-0.6,raise,0,0.5224878787994385
2,7,6,Flop,0,♣3 ♣8,♥J ♠Q ♠3,45,0.07777777777777778,0.25724082006200505,535,80,319,2,239,-245,-293.52222222222224,-0.5333333333333333,-392.76666666666665,-0.8444444444444444,fold,0,0.5258626937866211
