,N,Nnf,round,first,hole,board,Nsim,prWin,prWinStd,pot,bet,maxBet,NMaxBet,minBet,util_fold,util_call,util_raise_coeff,util_call2,util_raise_coeff2,action,amount,cputime
0,7,6,Deal,0,♥7 ♣A,,40,0.17857142857142855,0.36210833873247356,0,0,20,1,20,0,1.428571428571427,0.07142857142857117,-12.857142857142858,-0.6428571428571429,raise,0,0.5235481262207031
1,7,6,Deal,0,♥7 ♣A,,120,0.1845238095238095,0.3756607934640395,0,40,53,5,13,-40,5.678571428571416,0.10714285714285698,-33.44047619047619,-0.6309523809523809,raise,0,0.5241589546203613
2,7,6,Deal,0,♥7 ♣A,,195,0.18791208791208788,0.37815186455862193,0,106,121,4,15,-106,15.42417582417579,0.12747252747252724,-75.52527472527473,-0.6241758241758242,raise,0,0.530858039855957
3,7,6,Flop,0,♥7 ♣A,♦5 ♠4 ♣2,30,0.16666666666666666,0.37267799624996495,1452,0,37,1,37,-242,0.0,0.0,-24.666666666666657,-0.6666666666666667,call,0,0.5304648876190186
4,7,5,Turn,0,♥7 ♣A,♦5 ♠4 ♣2 ♠8,20,0.05,0.21794494717703364,1657,0,20,1,20,-279,-211.14999999999998,-0.75,-214.14999999999998,-0.9,call,0,0.5234339237213135
5,7,4,Turn,0,♥7 ♣A,♦5 ♠4 ♣2 ♠8,85,0.12352941176470589,0.2860057830857228,1657,20,79,3,59,-299,-114.2764705882353,-0.5058823529411764,-133.7941176470588,-0.7529411764705882,call,0,0.5279779434204102
6,7,4,River,0,♥7 ♣A,♦5 ♠4 ♣2 ♠8 ♦4,15,0.0,0.0,1973,0,63,1,63,-358,-421.0,-1.0,-421.0,-1.0,fold,0,0.5268099308013916
