,N,Nnf,round,first,hole,board,Nsim,prWin,prWinStd,pot,bet,maxBet,NMaxBet,minBet,util_fold,util_call,util_raise_coeff,util_call2,util_raise_coeff2,action,amount,cputime
0,7,7,Deal,0,♣K ♦A,,70,0.2020408163265306,0.390292450073988,0,0,86,1,86,0,35.62857142857142,0.41428571428571415,-51.248979591836736,-0.5959183673469388,raise,0,0.5228238105773926
1,7,7,Deal,0,♣K ♦A,,180,0.2265873015873016,0.4119687918548358,0,172,344,1,172,-172,201.62222222222226,0.586111111111111,-188.1079365079365,-0.5468253968253969,raise,0,0.5258769989013672
