,N,Nnf,round,first,hole,board,Nsim,prWin,prWinStd,pot,bet,maxBet,NMaxBet,minBet,util_fold,util_call,util_raise_coeff,util_call2,util_raise_coeff2,action,amount,cputime
0,8,7,Deal,0,♥K ♠6,,45,0.2111111111111111,0.40123266856150636,0,0,68,1,68,0,32.488888888888894,0.47777777777777786,-39.28888888888889,-0.5777777777777777,raise,0,0.5229787826538086
1,8,7,Flop,0,♥K ♠6,♠K ♦K ♠8,30,0.6166666666666667,0.45977047413779076,544,0,100,3,100,-136,531.1333333333334,3.3166666666666664,222.80000000000007,0.2333333333333334,raise,0,0.5206687450408936
2,8,6,Turn,0,♥K ♠6,♠K ♦K ♠8 ♣7,30,0.38333333333333336,0.44127340982912416,1244,0,100,2,100,-336,270.8666666666667,1.3000000000000003,117.5333333333333,-0.23333333333333328,raise,0,0.5267367362976074
3,8,6,River,0,♥K ♠6,♠K ♦K ♠8 ♣7 ♦9,20,0.35,0.45,1844,0,100,2,100,-536,219.39999999999998,1.0999999999999996,79.39999999999998,-0.30000000000000004,raise,0,0.5244290828704834
