,N,Nnf,round,first,hole,board,Nsim,prWin,prWinStd,pot,bet,maxBet,NMaxBet,minBet,util_fold,util_call,util_raise_coeff,util_call2,util_raise_coeff2,action,amount,cputime
0,7,7,Deal,0,♣3 ♥A,,55,0.13593073593073593,0.3334468800816293,0,20,172,1,152,-20,-8.339393939393943,-0.048484848484848464,-125.23982683982683,-0.7281385281385282,call,0,0.5292220115661621
1,7,7,Flop,1,♣3 ♥A,♣6 ♥3 ♠Q,5,0.0,0.0,688,0,0,7,40,-172,-172.0,-1.0,-172.0,-1.0,call,0,0.5239109992980957
2,7,7,Flop,0,♣3 ♥A,♣6 ♥3 ♠Q,75,0.16666666666666666,0.36817870057290875,688,40,208,1,168,-212,-22.666666666666686,0.16666666666666652,-196.0,-0.6666666666666667,raise,0,0.5235402584075928
3,7,7,Flop,0,♣3 ♥A,♣6 ♥3 ♠Q,145,0.16206896551724137,0.36616728144712507,688,416,828,1,412,-588,50.85517241379284,0.1344827586206896,-620.1103448275862,-0.6758620689655173,raise,0,0.5200302600860596
