,N,Nnf,round,first,hole,board,Nsim,prWin,prWinStd,pot,bet,maxBet,NMaxBet,minBet,util_fold,util_call,util_raise_coeff,util_call2,util_raise_coeff2,action,amount,cputime
0,7,6,Deal,0,♠J ♥6,,65,0.14835164835164835,0.3472944751670898,0,10,32,1,22,-10,-3.516483516483518,-0.10989010989010994,-22.505494505494504,-0.7032967032967032,call,0,0.5296318531036377
1,7,6,Deal,0,♠J ♥6,,120,0.15535714285714286,0.3460985787177928,0,32,100,1,68,-32,-6.785714285714278,-0.06785714285714284,-68.92857142857143,-0.6892857142857143,call,0,0.5252418518066406
2,7,6,Deal,0,♠J ♥6,,170,0.1449579831932773,0.3360517230122618,0,100,116,3,16,-100,-15.109243697479002,-0.13025210084033623,-82.36974789915968,-0.7100840336134454,call,0,0.5279207229614258
3,7,6,Flop,1,♠J ♥6,♥J ♦8 ♠A,5,0.0,0.0,464,0,0,7,20,-116,-116.0,-1.0,-116.0,-1.0,call,0,0.529296875
4,7,6,Flop,0,♠J ♥6,♥J ♦8 ♠A,55,0.2,0.38847019307675457,464,20,63,1,43,-136,-10.599999999999966,0.20000000000000018,-60.999999999999986,-0.6,raise,0,0.526634931564331
5,7,6,Flop,0,♠J ♥6,♥J ♦8 ♠A,105,0.20476190476190476,0.39457776163555425,464,126,128,1,2,-242,8.26666666666668,0.22857142857142865,-96.57142857142856,-0.5904761904761905,raise,0,0.5280230045318604
6,7,6,Turn,1,♠J ♥6,♥J ♦8 ♠A ♥9,5,0.0,0.0,1488,0,0,7,20,-372,-372.0,-1.0,-372.0,-1.0,call,0,0.5249946117401123
7,7,6,Turn,0,♠J ♥6,♥J ♦8 ♠A ♥9,55,0.15454545454545454,0.34208886767685054,1488,20,78,1,58,-392,-147.7090909090909,-0.07272727272727275,-195.92727272727274,-0.6909090909090909,call,0,0.5213861465454102
