,N,Nnf,round,first,hole,board,Nsim,prWin,prWinStd,pot,bet,maxBet,NMaxBet,minBet,util_fold,util_call,util_raise_coeff,util_call2,util_raise_coeff2,action,amount,cputime
0,7,6,Deal,0,♠6 ♦9,,80,0.12678571428571428,0.33042470351636477,0,160,194,2,34,-160,-46.42142857142858,-0.23928571428571432,-144.80714285714285,-0.7464285714285714,call,0,0.5290060043334961
1,7,6,Flop,1,♠6 ♦9,♣A ♦2 ♥J,5,0.0,0.0,662,0,0,7,160,-194,-194.0,-1.0,-194.0,-1.0,call,0,0.5240738391876221
2,7,6,Flop,0,♠6 ♦9,♣A ♦2 ♥J,40,0.05,0.21794494717703367,662,160,514,2,354,-354,-520.7,-0.7,-623.5,-0.9,fold,0,0.5272769927978516
