,N,Nnf,round,first,hole,board,Nsim,prWin,prWinStd,pot,bet,maxBet,NMaxBet,minBet,util_fold,util_call,util_raise_coeff,util_call2,util_raise_coeff2,action,amount,cputime
0,8,8,Deal,0,♥4 ♥10,,70,0.12857142857142856,0.3238795442501324,0,40,284,1,244,-40,8.1142857142857,0.02857142857142847,-210.9714285714286,-0.7428571428571429,raise,0,0.5281319618225098
1,8,8,Deal,0,♥4 ♥10,,145,0.14482758620689656,0.34198831084737763,0,568,940,1,372,-568,149.1034482758621,0.1586206896551725,-667.7241379310344,-0.7103448275862069,raise,0,0.5283732414245605
