,N,Nnf,round,first,hole,board,Nsim,prWin,prWinStd,pot,bet,maxBet,NMaxBet,minBet,util_fold,util_call,util_raise_coeff,util_call2,util_raise_coeff2,action,amount,cputime
0,8,7,Deal,0,♥5 ♦K,,50,0.17,0.3551056180912941,0,0,63,1,63,0,11.969999999999999,0.19000000000000017,-41.58,-0.6599999999999999,raise,0,0.5230898857116699
1,8,7,Deal,0,♥5 ♦K,,115,0.13043478260869565,0.323613809842233,0,126,133,1,7,-126,-11.565217391304358,-0.08695652173913049,-98.30434782608697,-0.7391304347826086,call,0,0.5205721855163574
2,8,7,Deal,0,♥5 ♦K,,180,0.12962962962962965,0.316985977196735,0,133,167,3,34,-133,-15.462962962962933,-0.09259259259259245,-123.7037037037037,-0.7407407407407407,call,0,0.5214641094207764
3,8,7,Flop,0,♥5 ♦K,♥4 ♥K ♦4,30,0.23333333333333334,0.4027681991198189,1002,0,54,1,54,-167,101.0,0.6333333333333333,38.0,-0.5333333333333333,raise,0,0.5206432342529297
4,8,6,Flop,0,♥5 ♦K,♥4 ♥K ♦4,95,0.24210526315789474,0.39645241232139966,1002,108,123,1,15,-275,131.26315789473688,0.4526315789473685,12.147368421052647,-0.5157894736842106,raise,0,0.5230488777160645
5,8,6,Turn,0,♥5 ♦K,♥4 ♥K ♦4 ♦J,30,0.18333333333333332,0.32871804872193366,2232,0,48,1,48,-413,1.0,0.09999999999999987,-34.19999999999999,-0.6333333333333333,raise,0,0.5233922004699707
6,8,6,Turn,0,♥5 ♦K,♥4 ♥K ♦4 ♦J,85,0.203921568627451,0.34430613239204455,2232,96,103,1,7,-509,65.17647058823536,0.22352941176470598,-18.839215686274486,-0.5921568627450979,raise,0,0.5246548652648926
7,8,6,River,0,♥5 ♦K,♥4 ♥K ♦4 ♦J ♠6,30,0.13888888888888887,0.2512315345465559,3262,0,53,2,53,-619,-174.77777777777783,-0.16666666666666674,-204.22222222222229,-0.7222222222222223,call,0,0.530177116394043
