,N,Nnf,round,first,hole,board,Nsim,prWin,prWinStd,pot,bet,maxBet,NMaxBet,minBet,util_fold,util_call,util_raise_coeff,util_call2,util_raise_coeff2,action,amount,cputime
0,7,7,Deal,0,♦9 ♦K,,40,0.2375,0.41814321709194324,0,0,160,1,160,0,106.0,0.6624999999999999,-84.0,-0.525,raise,0,0.5240271091461182
1,7,6,Flop,0,♦9 ♦K,♥K ♠8 ♣2,30,0.38333333333333336,0.4775516260631468,1120,0,284,1,284,-320,478.5333333333333,1.3000000000000003,43.06666666666672,-0.23333333333333328,raise,0,0.5291478633880615
2,7,6,Turn,0,♦9 ♦K,♥K ♠8 ♣2 ♥3,25,0.3,0.44721359549995787,2824,0,80,2,80,-888,23.199999999999932,0.7999999999999998,-72.80000000000007,-0.4,raise,0,0.5213179588317871
3,7,6,Turn,0,♦9 ♦K,♥K ♠8 ♣2 ♥3,70,0.32857142857142857,0.4620274751084637,2824,160,350,1,190,-1048,379.88571428571413,0.9714285714285715,-80.11428571428587,-0.34285714285714286,raise,0,0.5214922428131104
4,7,6,River,0,♦9 ♦K,♥K ♠8 ♣2 ♥3 ♦4,15,0.2,0.35590260840104376,4336,0,105,1,105,-1588,-699.8,0.20000000000000018,-783.8,-0.6,raise,0,0.5289299488067627
5,7,6,River,0,♦9 ♦K,♥K ♠8 ♣2 ♥3 ♦4,45,0.32222222222222224,0.44914184292017195,4336,210,406,1,196,-1798,188.08888888888896,0.9333333333333336,-335.20000000000005,-0.3555555555555555,raise,0,0.5221171379089355
