,N,Nnf,round,first,hole,board,Nsim,prWin,prWinStd,pot,bet,maxBet,NMaxBet,minBet,util_fold,util_call,util_raise_coeff,util_call2,util_raise_coeff2,action,amount,cputime
0,7,6,Deal,0,♣6 ♣8,,65,0.13846153846153847,0.3453837587791331,0,0,59,1,59,0,-9.984615384615381,-0.16923076923076918,-42.661538461538456,-0.7230769230769231,fold,0,0.5261971950531006
