,N,Nnf,round,first,hole,board,Nsim,prWin,prWinStd,pot,bet,maxBet,NMaxBet,minBet,util_fold,util_call,util_raise_coeff,util_call2,util_raise_coeff2,action,amount,cputime
0,8,8,Deal,0,♠Q ♠6,,70,0.22619047619047616,0.3924240036484209,0,20,48,2,28,-20,38.85714285714285,0.8095238095238093,-26.28571428571429,-0.5476190476190477,raise,0,0.5208878517150879
1,8,7,Deal,0,♠Q ♠6,,140,0.20238095238095238,0.38151000854671585,0,96,127,1,31,-96,52.91666666666666,0.41666666666666674,-75.5952380952381,-0.5952380952380952,raise,0,0.5233631134033203
2,8,7,Flop,1,♠Q ♠6,♥10 ♦J ♦A,0,,,1064,0,0,8,20,-254,,,,,call,0,0.5233180522918701
3,8,7,Flop,0,♠Q ♠6,♥10 ♦J ♦A,50,0.15333333333333332,0.30155154341063045,1064,20,61,2,41,-274,-86.38000000000002,0.07333333333333325,-133.1466666666667,-0.6933333333333334,raise,0,0.5275692939758301
4,8,7,Flop,0,♠Q ♠6,♥10 ♦J ♦A,95,0.12368421052631579,0.2751562973953287,1064,122,138,1,16,-376,-140.92105263157896,-0.13421052631578956,-226.26315789473685,-0.7526315789473684,call,0,0.5247848033905029
5,8,7,Turn,1,♠Q ♠6,♥10 ♦J ♦A ♦5,5,0.0,0.0,1616,0,0,8,20,-392,-392.0,-1.0,-392.0,-1.0,call,0,0.5322659015655518
6,8,7,Turn,0,♠Q ♠6,♥10 ♦J ♦A ♦5,45,0.03333333333333333,0.1632993161855452,1616,20,608,2,588,-412,-804.2666666666667,-0.7666666666666666,-905.6,-0.9333333333333333,fold,0,0.5238711833953857
