,N,Nnf,round,first,hole,board,Nsim,prWin,prWinStd,pot,bet,maxBet,NMaxBet,minBet,util_fold,util_call,util_raise_coeff,util_call2,util_raise_coeff2,action,amount,cputime
0,7,7,Deal,0,♥5 ♦10,,25,0.18,0.3709447398198282,0,0,150,1,150,0,39.0,0.26,-96.0,-0.64,raise,0,0.523125171661377
1,7,7,Deal,0,♥5 ♦10,,80,0.1375,0.3257203555198846,0,300,393,2,93,-300,-14.737500000000011,-0.03749999999999987,-284.925,-0.725,call,0,0.5215330123901367
2,7,6,Flop,0,♥5 ♦10,♦5 ♥6 ♣4,30,0.16666666666666666,0.37267799624996495,1479,0,205,1,205,-393,-146.5,0.0,-283.1666666666667,-0.6666666666666667,call,0,0.5214049816131592
3,7,6,Turn,0,♥5 ♦10,♦5 ♥6 ♣4 ♥2,15,0.13333333333333333,0.339934634239519,1935,0,12288,1,12288,-598,-2797.5999999999985,-0.19999999999999996,-9351.2,-0.7333333333333334,fold,0,0.5262751579284668
