,N,Nnf,round,first,hole,board,Nsim,prWin,prWinStd,pot,bet,maxBet,NMaxBet,minBet,util_fold,util_call,util_raise_coeff,util_call2,util_raise_coeff2,action,amount,cputime
0,8,8,Deal,0,♥10 ♣9,,10,0.2,0.4000000000000001,0,0,20,1,20,0,12.0,0.6000000000000001,-12.0,-0.6,raise,0,0.5300009250640869
1,8,6,Flop,0,♥10 ♣9,♣K ♦J ♦8,35,0.15714285714285714,0.35398604838182474,160,0,40,1,40,-40,-17.14285714285714,-0.05714285714285716,-42.285714285714285,-0.6857142857142857,call,0,0.5255889892578125
2,8,5,Turn,0,♥10 ♣9,♣K ♦J ♦8 ♣5,10,0.0,0.0,240,0,20,1,20,-80,-100.0,-1.0,-100.0,-1.0,fold,0,0.5271530151367188
