,N,Nnf,round,first,hole,board,Nsim,prWin,prWinStd,pot,bet,maxBet,NMaxBet,minBet,util_fold,util_call,util_raise_coeff,util_call2,util_raise_coeff2,action,amount,cputime
0,7,6,Deal,0,♣J ♠4,,55,0.11168831168831168,0.2964739087105798,0,40,318,1,278,-40,-104.89870129870133,-0.32987012987012987,-246.96623376623376,-0.7766233766233767,fold,0,0.5232229232788086
