,N,Nnf,round,first,hole,board,Nsim,prWin,prWinStd,pot,bet,maxBet,NMaxBet,minBet,util_fold,util_call,util_raise_coeff,util_call2,util_raise_coeff2,action,amount,cputime
0,8,8,Deal,0,♠K ♣6,,40,0.1375,0.3351771919447981,0,0,48,1,48,0,4.800000000000004,0.10000000000000009,-34.8,-0.725,raise,0,0.5275096893310547
1,8,8,Deal,0,♠K ♣6,,75,0.14,0.332264954516723,0,96,253,1,157,-96,30.360000000000014,0.1200000000000001,-182.16,-0.72,raise,0,0.5284740924835205
2,8,8,Deal,0,♠K ♣6,,110,0.11818181818181818,0.30842173552158864,0,506,520,1,14,-506,-28.363636363636374,-0.054545454545454564,-397.0909090909091,-0.7636363636363637,call,0,0.521446943283081
3,8,8,Flop,0,♠K ♣6,♣K ♠6 ♥7,15,0.43333333333333335,0.4784233364802441,1642,0,222,1,222,-520,739.1333333333332,2.466666666666667,161.93333333333328,-0.1333333333333333,raise,0,0.5245511531829834
4,8,7,Turn,0,♠K ♣6,♣K ♠6 ♥7 ♠A,10,0.6,0.48989794855663565,2530,0,192,1,192,-964,1168.3999999999996,3.2,592.4000000000001,0.19999999999999996,raise,0,0.5294797420501709
5,8,7,Turn,0,♠K ♣6,♣K ♠6 ♥7 ♠A,35,0.5952380952380952,0.4769042269925441,2530,384,496,1,112,-1348,2112.6190476190477,3.166666666666667,636.4285714285716,0.19047619047619047,raise,0,0.5245997905731201
6,8,7,River,0,♠K ♣6,♣K ♠6 ♥7 ♠A ♦A,15,0.2888888888888889,0.4365973934308556,4514,0,8552,1,8552,-1956,8090.088888888891,1.0222222222222226,-4262.799999999999,-0.42222222222222217,raise,0,0.5260322093963623
