,N,Nnf,round,first,hole,board,Nsim,prWin,prWinStd,pot,bet,maxBet,NMaxBet,minBet,util_fold,util_call,util_raise_coeff,util_call2,util_raise_coeff2,action,amount,cputime
0,7,6,Deal,0,♣7 ♠7,,45,0.1365079365079365,0.33934117248413515,0,0,80,1,80,0,-14.476190476190482,-0.18095238095238098,-58.158730158730165,-0.7269841269841271,fold,0,0.5209107398986816
