,N,Nnf,round,first,hole,board,Nsim,prWin,prWinStd,pot,bet,maxBet,NMaxBet,minBet,util_fold,util_call,util_raise_coeff,util_call2,util_raise_coeff2,action,amount,cputime
0,7,7,Deal,0,♣4 ♦4,,55,0.18181818181818182,0.3856946079199351,0,20,212,1,192,-20,57.81818181818181,0.2727272727272727,-134.9090909090909,-0.6363636363636364,raise,0,0.5217070579528809
1,7,7,Flop,1,♣4 ♦4,♥9 ♥3 ♠9,5,0.2,0.4000000000000001,1696,0,0,7,40,-424,-84.79999999999995,0.40000000000000013,-84.79999999999995,-0.6,raise,0,0.5238051414489746
2,7,6,Flop,0,♣4 ♦4,♥9 ♥3 ♠9,75,0.13333333333333333,0.3399346342395189,1696,40,95,2,55,-464,-216.86666666666667,-0.19999999999999996,-267.5333333333333,-0.7333333333333334,call,0,0.5217640399932861
3,7,6,Turn,1,♣4 ♦4,♥9 ♥3 ♠9 ♥A,5,0.0,0.0,1981,0,0,7,40,-519,-519.0,-1.0,-519.0,-1.0,call,0,0.5274100303649902
4,7,6,Turn,0,♣4 ♦4,♥9 ♥3 ♠9 ♥A,40,0.1,0.30000000000000004,1981,40,92,1,52,-559,-357.7,-0.3999999999999999,-394.5,-0.8,call,0,0.5226209163665771
5,7,6,Turn,0,♣4 ♦4,♥9 ♥3 ♠9 ♥A,80,0.0875,0.2825663638864329,1981,92,205,2,113,-611,-443.0375,-0.4750000000000001,-514.7875,-0.825,call,0,0.5272471904754639
