,N,Nnf,round,first,hole,board,Nsim,prWin,prWinStd,pot,bet,maxBet,NMaxBet,minBet,util_fold,util_call,util_raise_coeff,util_call2,util_raise_coeff2,action,amount,cputime
0,7,7,Deal,0,♥Q ♥J,,75,0.30857142857142855,0.45283085397632217,0,0,110,1,110,0,127.6,1.1599999999999997,-42.114285714285714,-0.3828571428571429,raise,0,0.5233962535858154
1,7,7,Deal,0,♥Q ♥J,,180,0.2563492063492063,0.43263869552632145,0,220,440,1,220,-220,349.55555555555543,0.7944444444444443,-214.41269841269843,-0.48730158730158735,raise,0,0.5252578258514404
2,7,7,Flop,0,♥Q ♥J,♥4 ♠5 ♠6,95,0.08982456140350877,0.2788058782725188,6160,0,59,6,59,-880,-348.5831578947368,-0.3712280701754387,-375.0814035087719,-0.8203508771929825,call,0,0.5300719738006592
3,7,7,Turn,0,♥Q ♥J,♥4 ♠5 ♠6 ♦J,90,0.2777777777777778,0.44790320823880836,6573,0,61,4,61,-939,944.4444444444446,0.9444444444444446,859.7222222222224,-0.4444444444444444,raise,0,0.5207960605621338
