,N,Nnf,round,first,hole,board,Nsim,prWin,prWinStd,pot,bet,maxBet,NMaxBet,minBet,util_fold,util_call,util_raise_coeff,util_call2,util_raise_coeff2,action,amount,cputime
0,7,7,Deal,0,♥10 ♠6,,45,0.14761904761904762,0.3428571428571429,0,0,40,1,40,0,1.3333333333333357,0.03333333333333344,-28.19047619047619,-0.7047619047619047,raise,0,0.5240740776062012
1,7,7,Deal,0,♥10 ♠6,,115,0.14016563146997932,0.3249426832324266,0,80,192,1,112,-80,-3.617391304347791,-0.018840579710144745,-138.17639751552792,-0.7196687370600414,call,0,0.5238149166107178
2,7,7,Flop,0,♥10 ♠6,♦A ♠5 ♠3,60,0.016666666666666666,0.12801909579781015,768,0,124,1,124,-192,-288.73333333333335,-0.8833333333333333,-299.06666666666666,-0.9666666666666667,fold,0,0.5264852046966553
