,N,Nnf,round,first,hole,board,Nsim,prWin,prWinStd,pot,bet,maxBet,NMaxBet,minBet,util_fold,util_call,util_raise_coeff,util_call2,util_raise_coeff2,action,amount,cputime
0,8,8,Deal,0,♥J ♥2,,60,0.11666666666666667,0.3077697552103231,0,20,132,3,112,-20,-8.799999999999997,-0.06666666666666665,-101.2,-0.7666666666666666,call,0,0.5238687992095947
1,8,7,Deal,0,♥J ♥2,,135,0.15432098765432098,0.35114722600809606,0,132,277,2,145,-132,22.228395061728406,0.08024691358024683,-191.50617283950618,-0.691358024691358,raise,0,0.5278029441833496
2,8,7,Flop,1,♥J ♥2,♥Q ♥3 ♥7,5,0.6,0.48989794855663565,2348,0,0,8,40,-554,854.8,3.2,854.8,0.19999999999999996,raise,0,0.5267879962921143
3,8,7,Flop,0,♥J ♥2,♥Q ♥3 ♥7,45,0.7111111111111111,0.45324617898602526,2348,40,133,1,93,-594,1644.7333333333336,3.977777777777778,1171.8444444444444,0.4222222222222223,raise,0,0.5226030349731445
