,N,Nnf,round,first,hole,board,Nsim,prWin,prWinStd,pot,bet,maxBet,NMaxBet,minBet,util_fold,util_call,util_raise_coeff,util_call2,util_raise_coeff2,action,amount,cputime
0,8,7,Deal,0,♦7 ♦10,,90,0.18333333333333332,0.38333333333333336,0,10,106,1,96,-10,30.03333333333333,0.2833333333333332,-67.13333333333333,-0.6333333333333333,raise,0,0.5263502597808838
1,8,7,Deal,0,♦7 ♦10,,185,0.14932432432432433,0.3536721687125533,0,212,424,1,212,-212,19.194594594594605,0.04527027027027031,-297.372972972973,-0.7013513513513514,raise,0,0.5244081020355225
