,N,Nnf,round,first,hole,board,Nsim,prWin,prWinStd,pot,bet,maxBet,NMaxBet,minBet,util_fold,util_call,util_raise_coeff,util_call2,util_raise_coeff2,action,amount,cputime
0,7,7,Deal,0,♥Q ♠7,,100,0.18119047619047618,0.3690383255358253,0,20,146,1,126,-20,39.17666666666665,0.2683333333333333,-93.09238095238095,-0.6376190476190476,raise,0,0.5219519138336182
1,7,7,Deal,0,♥Q ♠7,,210,0.14342403628117914,0.33863966000661333,0,292,584,1,292,-292,2.3174603174602453,0.003968253968253954,-416.48072562358277,-0.7131519274376417,raise,0,0.523021936416626
