,N,Nnf,round,first,hole,board,Nsim,prWin,prWinStd,pot,bet,maxBet,NMaxBet,minBet,util_fold,util_call,util_raise_coeff,util_call2,util_raise_coeff2,action,amount,cputime
0,7,7,Deal,0,♣J ♥Q,,45,0.3142857142857143,0.46129070622142226,0,0,40,1,40,0,48.0,1.2000000000000002,-14.857142857142858,-0.37142857142857144,raise,0,0.523918867111206
1,7,7,Flop,0,♣J ♥Q,♠A ♦7 ♥K,60,0.15,0.3570714214271425,320,0,110,1,110,-80,-26.5,0.050000000000000044,-109.0,-0.7,raise,0,0.5260381698608398
2,7,7,Flop,0,♣J ♥Q,♠A ♦7 ♥K,130,0.15,0.3543683437849987,320,220,440,1,220,-300,-10.0,0.050000000000000044,-340.0,-0.7,raise,0,0.5218758583068848
3,7,7,Turn,0,♣J ♥Q,♠A ♦7 ♥K ♦5,30,0.13333333333333333,0.33993463423951903,3746,0,72,1,72,-960,-465.33333333333337,-0.06666666666666665,-513.3333333333334,-0.7333333333333334,call,0,0.5252878665924072
