,N,Nnf,round,first,hole,board,Nsim,prWin,prWinStd,pot,bet,maxBet,NMaxBet,minBet,util_fold,util_call,util_raise_coeff,util_call2,util_raise_coeff2,action,amount,cputime
0,7,7,Deal,0,♥6 ♠2,,45,0.09206349206349206,0.28437073874995167,0,0,160,1,160,0,-56.8888888888889,-0.3555555555555556,-130.53968253968253,-0.8158730158730159,fold,0,0.5215549468994141
