,N,Nnf,round,first,hole,board,Nsim,prWin,prWinStd,pot,bet,maxBet,NMaxBet,minBet,util_fold,util_call,util_raise_coeff,util_call2,util_raise_coeff2,action,amount,cputime
0,7,7,Deal,0,♥J ♦7,,90,0.13333333333333333,0.33166247903553997,0,10,146,1,136,-10,-9.733333333333348,-0.06666666666666665,-107.06666666666666,-0.7333333333333334,call,0,0.5229392051696777
1,7,7,Flop,1,♥J ♦7,♦10 ♥5 ♥10,5,0.0,0.0,1022,0,0,7,20,-146,-146.0,-1.0,-146.0,-1.0,call,0,0.5278341770172119
2,7,7,Flop,0,♥J ♦7,♦10 ♥5 ♥10,110,0.03766233766233766,0.17488641713108313,1022,20,150,1,130,-166,-217.96363636363637,-0.7363636363636363,-246.2103896103896,-0.9246753246753247,fold,0,0.5217671394348145
