,N,Nnf,round,first,hole,board,Nsim,prWin,prWinStd,pot,bet,maxBet,NMaxBet,minBet,util_fold,util_call,util_raise_coeff,util_call2,util_raise_coeff2,action,amount,cputime
0,7,6,Deal,0,♣3 ♥8,,45,0.08095238095238096,0.2571428571428572,0,0,20,1,20,0,-10.285714285714285,-0.5142857142857142,-16.761904761904763,-0.8380952380952381,fold,0,0.5239577293395996
