,N,Nnf,round,first,hole,board,Nsim,prWin,prWinStd,pot,bet,maxBet,NMaxBet,minBet,util_fold,util_call,util_raise_coeff,util_call2,util_raise_coeff2,action,amount,cputime
0,7,6,Deal,0,♣4 ♦4,,55,0.18181818181818182,0.3856946079199351,0,0,71,1,71,0,6.4545454545454675,0.09090909090909083,-45.18181818181818,-0.6363636363636364,raise,0,0.528562068939209
1,7,6,Flop,0,♣4 ♦4,♦7 ♦3 ♠A,40,0.075,0.26339134382131846,852,0,62,2,62,-142,-112.2,-0.55,-130.8,-0.85,call,0,0.528407096862793
2,7,6,Turn,0,♣4 ♦4,♦7 ♦3 ♠A ♣7,25,0.0,0.0,1128,0,62,1,62,-204,-266.0,-1.0,-266.0,-1.0,fold,0,0.5258519649505615
