,N,Nnf,round,first,hole,board,Nsim,prWin,prWinStd,pot,bet,maxBet,NMaxBet,minBet,util_fold,util_call,util_raise_coeff,util_call2,util_raise_coeff2,action,amount,cputime
0,7,7,Deal,0,♥K ♣4,,45,0.20317460317460317,0.39896565687295893,0,0,80,1,80,0,33.77777777777777,0.4222222222222223,-47.492063492063494,-0.5936507936507937,raise,0,0.521324634552002
1,7,7,Deal,0,♥K ♣4,,125,0.19714285714285715,0.38897038342741924,0,160,320,1,160,-160,121.60000000000002,0.3800000000000001,-193.82857142857142,-0.6057142857142856,raise,0,0.5231502056121826
2,7,6,Flop,0,♥K ♣4,♣K ♠8 ♦4,60,0.6972222222222222,0.4508137361387273,3200,0,152,1,152,-640,2074.9777777777776,3.1833333333333336,1651.0666666666666,0.3944444444444444,raise,0,0.5290811061859131
