,N,Nnf,round,first,hole,board,Nsim,prWin,prWinStd,pot,bet,maxBet,NMaxBet,minBet,util_fold,util_call,util_raise_coeff,util_call2,util_raise_coeff2,action,amount,cputime
0,7,6,Deal,0,♠Q ♠10,,80,0.3080357142857143,0.4427122098669813,0,20,47,2,27,-20,39.866071428571445,0.8482142857142858,-18.044642857142854,-0.3839285714285714,raise,0,0.5214560031890869
1,7,6,Flop,1,♠Q ♠10,♠7 ♣A ♥Q,5,0.4,0.48989794855663565,386,0,0,7,20,-94,60.400000000000006,1.4000000000000004,60.400000000000006,-0.19999999999999996,raise,0,0.5277910232543945
2,7,6,Flop,0,♠Q ♠10,♠7 ♣A ♥Q,55,0.3,0.4431293675255978,386,20,61,2,41,-114,70.60000000000002,0.7999999999999998,-2.5999999999999943,-0.4,raise,0,0.5303981304168701
3,7,6,Turn,1,♠Q ♠10,♠7 ♣A ♥Q ♦K,5,0.0,0.0,874,0,0,7,20,-216,-216.0,-1.0,-216.0,-1.0,call,0,0.5230107307434082
4,7,6,Turn,0,♠Q ♠10,♠7 ♣A ♥Q ♦K,50,0.03,0.15524174696260024,874,20,681,2,661,-236,-748.2,-0.8200000000000001,-829.9200000000001,-0.94,fold,0,0.5206787586212158
