,N,Nnf,round,first,hole,board,Nsim,prWin,prWinStd,pot,bet,maxBet,NMaxBet,minBet,util_fold,util_call,util_raise_coeff,util_call2,util_raise_coeff2,action,amount,cputime
0,7,6,Deal,0,♥7 ♣4,,40,0.06607142857142857,0.22889903977116915,0,0,20,1,20,0,-12.071428571428571,-0.6035714285714285,-17.357142857142858,-0.8678571428571429,fold,0,0.5324170589447021
