,N,Nnf,round,first,hole,board,Nsim,prWin,prWinStd,pot,bet,maxBet,NMaxBet,minBet,util_fold,util_call,util_raise_coeff,util_call2,util_raise_coeff2,action,amount,cputime
0,7,7,Deal,0,♦5 ♠9,,40,0.175,0.3799671038392666,0,0,40,1,40,0,9.0,0.22499999999999987,-26.0,-0.65,raise,0,0.5211989879608154
1,7,7,Deal,0,♦5 ♠9,,145,0.14482758620689656,0.35192691923236064,0,80,160,1,80,-80,2.2068965517241566,0.01379310344827589,-113.6551724137931,-0.7103448275862069,raise,0,0.5254769325256348
2,7,7,Flop,0,♦5 ♠9,♥4 ♥K ♣6,60,0.058333333333333334,0.22530843057659622,2240,0,34,2,34,-320,-209.45000000000002,-0.5916666666666667,-219.36666666666667,-0.8833333333333333,call,0,0.5228519439697266
3,7,7,Flop,0,♦5 ♠9,♥4 ♥K ♣6,165,0.03636363636363636,0.17891623538333956,2240,34,62,4,28,-354,-284.76363636363635,-0.7454545454545455,-296.0363636363636,-0.9272727272727272,call,0,0.5264060497283936
4,7,7,Turn,0,♦5 ♠9,♥4 ♥K ♣6 ♥8,55,0.0,0.0,2674,0,65,2,65,-382,-447.0,-1.0,-447.0,-1.0,fold,0,0.5217490196228027
