,N,Nnf,round,first,hole,board,Nsim,prWin,prWinStd,pot,bet,maxBet,NMaxBet,minBet,util_fold,util_call,util_raise_coeff,util_call2,util_raise_coeff2,action,amount,cputime
0,7,7,Deal,0,♥4 ♦10,,70,0.12857142857142856,0.3238795442501324,0,20,150,1,130,-20,-15.0,-0.10000000000000009,-111.42857142857143,-0.7428571428571429,call,0,0.5251288414001465
1,7,7,Flop,0,♥4 ♦10,♣8 ♠6 ♠7,35,0.21428571428571427,0.3791624616646549,750,0,18,1,18,-150,19.714285714285694,0.5,0.4285714285714164,-0.5714285714285714,raise,0,0.5257718563079834
2,7,7,Flop,0,♥4 ♦10,♣8 ♠6 ♠7,90,0.12314814814814813,0.29716452653354164,750,36,65,2,29,-186,-66.6064814814815,-0.13796296296296306,-106.62962962962965,-0.7537037037037038,call,0,0.5264899730682373
3,7,7,Flop,0,♥4 ♦10,♣8 ♠6 ♠7,135,0.12098765432098767,0.29057883883032376,750,65,139,1,74,-215,-80.53827160493825,-0.15308641975308634,-164.62469135802468,-0.7580246913580246,call,0,0.5287818908691406
4,7,7,Turn,1,♥4 ♦10,♣8 ♠6 ♠7 ♠5,5,0.1,0.20000000000000004,1324,0,0,7,20,-289,-156.6,-0.29999999999999993,-156.6,-0.8,call,0,0.523535966873169
5,7,7,Turn,0,♥4 ♦10,♣8 ♠6 ♠7 ♠5,50,0.155,0.335,1324,20,71,2,51,-309,-77.745,0.08499999999999996,-132.77,-0.69,raise,0,0.52683424949646
6,7,7,River,1,♥4 ♦10,♣8 ♠6 ♠7 ♠5 ♥K,5,0.3,0.39999999999999997,1892,0,0,7,20,-431,136.60000000000002,1.1,136.60000000000002,-0.4,raise,0,0.5237970352172852
