,N,Nnf,round,first,hole,board,Nsim,prWin,prWinStd,pot,bet,maxBet,NMaxBet,minBet,util_fold,util_call,util_raise_coeff,util_call2,util_raise_coeff2,action,amount,cputime
0,7,7,Deal,0,♣A ♥A,,80,0.41428571428571426,0.49104220692277756,0,40,212,1,172,-40,402.79999999999995,1.9,-36.342857142857156,-0.17142857142857149,raise,0,0.5303118228912354
1,7,7,Flop,0,♣A ♥A,♥9 ♣7 ♦Q,35,0.2857142857142857,0.45175395145262565,2120,0,40,1,40,-424,221.71428571428567,1.0,164.57142857142856,-0.4285714285714286,raise,0,0.5264871120452881
2,7,7,Flop,0,♣A ♥A,♥9 ♣7 ♦Q,120,0.3958333333333333,0.4868942105039063,2120,80,155,4,75,-504,689.6458333333333,1.770833333333333,382.875,-0.20833333333333337,raise,0,0.5273280143737793
3,7,7,Flop,0,♣A ♥A,♥9 ♣7 ♦Q,205,0.3780487804878049,0.48364076323689514,2120,310,576,1,266,-734,1325.7560975609758,1.6463414634146343,236.97560975609758,-0.24390243902439024,raise,0,0.5238802433013916
