,N,Nnf,round,first,hole,board,Nsim,prWin,prWinStd,pot,bet,maxBet,NMaxBet,minBet,util_fold,util_call,util_raise_coeff,util_call2,util_raise_coeff2,action,amount,cputime
0,8,7,Deal,0,♥4 ♣2,,75,0.09333333333333334,0.29089898972361905,0,0,77,1,77,0,-26.693333333333328,-0.3466666666666667,-62.626666666666665,-0.8133333333333334,fold,0,0.5209980010986328
