,N,Nnf,round,first,hole,board,Nsim,prWin,prWinStd,pot,bet,maxBet,NMaxBet,minBet,util_fold,util_call,util_raise_coeff,util_call2,util_raise_coeff2,action,amount,cputime
0,7,6,Deal,0,♥4 ♦7,,65,0.046153846153846156,0.20981817995362856,0,0,123,2,123,0,-88.93846153846154,-0.7230769230769231,-111.64615384615385,-0.9076923076923077,fold,0,0.521111011505127
