,N,Nnf,round,first,hole,board,Nsim,prWin,prWinStd,pot,bet,maxBet,NMaxBet,minBet,util_fold,util_call,util_raise_coeff,util_call2,util_raise_coeff2,action,amount,cputime
0,7,6,Deal,0,♦8 ♠A,,45,0.17777777777777778,0.3675074535231384,0,0,40,1,40,0,2.6666666666666714,0.06666666666666665,-25.77777777777778,-0.6444444444444444,raise,0,0.5247197151184082
1,7,6,Deal,0,♦8 ♠A,,95,0.14887218045112782,0.33896017748711793,0,80,130,2,50,-80,-13.87969924812029,-0.10676691729323307,-91.29323308270676,-0.7022556390977444,call,0,0.5250229835510254
2,7,6,Deal,0,♦8 ♠A,,150,0.16095238095238096,0.35246331083891325,0,130,223,1,93,-130,-7.645714285714291,-0.03428571428571425,-151.21523809523808,-0.6780952380952381,call,0,0.5215640068054199
3,7,6,Deal,0,♦8 ♠A,,195,0.20329670329670327,0.3903394052180104,0,223,236,3,13,-223,51.868131868131854,0.21978021978021967,-140.04395604395606,-0.5934065934065935,raise,0,0.5255279541015625
4,7,6,Flop,0,♦8 ♠A,♥J ♠8 ♣6,25,0.36,0.48,1888,0,154,1,154,-472,386.31999999999994,1.1600000000000001,164.55999999999995,-0.28,raise,0,0.5277490615844727
5,7,6,Flop,0,♦8 ♠A,♥J ♠8 ♣6,75,0.2733333333333333,0.44191502451137465,1888,308,3726,1,3418,-780,2428.6933333333327,0.6399999999999999,-1645.0666666666666,-0.45333333333333337,raise,0,0.5207228660583496
