,N,Nnf,round,first,hole,board,Nsim,prWin,prWinStd,pot,bet,maxBet,NMaxBet,minBet,util_fold,util_call,util_raise_coeff,util_call2,util_raise_coeff2,action,amount,cputime
0,7,6,Deal,0,♥K ♣Q,,55,0.20519480519480518,0.39829286580215745,0,0,148,1,148,0,34.212987012987014,0.23116883116883113,-87.26233766233767,-0.5896103896103897,raise,0,0.5259749889373779
1,7,6,Flop,0,♥K ♣Q,♣7 ♦2 ♠A,30,0.1,0.3,1153,0,89,1,89,-296,-216.29999999999998,-0.3999999999999999,-251.89999999999998,-0.8,call,0,0.52475905418396
2,7,6,Turn,0,♥K ♣Q,♣7 ♦2 ♠A ♦7,30,0.01111111111111111,0.05983516452371671,1420,0,93,2,93,-385,-456.02222222222224,-0.9333333333333333,-460.15555555555557,-0.9777777777777777,fold,0,0.526771068572998
