,N,Nnf,round,first,hole,board,Nsim,prWin,prWinStd,pot,bet,maxBet,NMaxBet,minBet,util_fold,util_call,util_raise_coeff,util_call2,util_raise_coeff2,action,amount,cputime
0,7,7,Deal,0,♠9 ♠8,,105,0.20136054421768707,0.3874590109524063,0,20,138,1,118,-20,56.514285714285705,0.4095238095238094,-82.42448979591836,-0.5972789115646259,raise,0,0.5264811515808105
1,7,7,Deal,0,♠9 ♠8,,210,0.17210884353741496,0.3670986815445714,0,276,552,1,276,-276,113.02857142857135,0.2047619047619047,-361.9918367346939,-0.6557823129251701,raise,0,0.5262000560760498
