,N,Nnf,round,first,hole,board,Nsim,prWin,prWinStd,pot,bet,maxBet,NMaxBet,minBet,util_fold,util_call,util_raise_coeff,util_call2,util_raise_coeff2,action,amount,cputime
0,8,8,Deal,0,♥3 ♥5,,80,0.14375,0.34635377506243525,0,20,67,5,47,-20,10.049999999999997,0.1499999999999999,-47.7375,-0.7125,raise,0,0.5279726982116699
1,8,8,Deal,0,♥3 ♥5,,160,0.125,0.32596012026013244,0,134,268,1,134,-134,0.0,0.0,-201.0,-0.75,call,0,0.5205082893371582
2,8,8,Flop,0,♥3 ♥5,♥10 ♦Q ♣4,35,0.05714285714285714,0.2321153829895989,1608,0,20,1,20,-268,-186.9714285714286,-0.5428571428571429,-193.82857142857142,-0.8857142857142857,call,0,0.5267539024353027
3,8,8,Flop,0,♥3 ♥5,♥10 ♦Q ♣4,130,0.05384615384615385,0.2257138577095571,1608,20,58,1,38,-288,-214.43076923076922,-0.5692307692307692,-233.16923076923075,-0.8923076923076922,call,0,0.520251989364624
4,8,8,Flop,0,♥3 ♥5,♥10 ♦Q ♣4,220,0.06363636363636363,0.24410402876541007,1608,58,74,4,16,-326,-202.0,-0.49090909090909096,-230.25454545454545,-0.8727272727272728,call,0,0.5303182601928711
5,8,8,Flop,0,♥3 ♥5,♥10 ♦Q ♣4,310,0.08548387096774193,0.2781545023169842,1608,74,156,1,82,-342,-179.85806451612905,-0.31612903225806455,-259.8709677419355,-0.8290322580645162,call,0,0.5258922576904297
6,8,8,Turn,0,♥3 ♥5,♥10 ♦Q ♣4 ♠4,35,0.0,0.0,2544,0,20,1,20,-424,-444.0,-1.0,-444.0,-1.0,fold,0,0.5305888652801514
