,N,Nnf,round,first,hole,board,Nsim,prWin,prWinStd,pot,bet,maxBet,NMaxBet,minBet,util_fold,util_call,util_raise_coeff,util_call2,util_raise_coeff2,action,amount,cputime
0,7,6,Deal,0,♠9 ♠2,,80,0.16428571428571428,0.35988235039030325,0,20,65,2,45,-20,-0.9285714285714306,-0.014285714285714235,-43.64285714285714,-0.6714285714285715,call,0,0.5230379104614258
1,7,6,Flop,1,♠9 ♠2,♠6 ♠A ♥7,5,0.0,0.0,270,0,0,7,20,-65,-65.0,-1.0,-65.0,-1.0,call,0,0.5259759426116943
2,7,6,Flop,0,♠9 ♠2,♠6 ♠A ♥7,55,0.23636363636363636,0.424848052565379,270,20,50,2,30,-85,19.72727272727272,0.4181818181818182,-27.545454545454547,-0.5272727272727273,raise,0,0.5262761116027832
3,7,6,Flop,0,♠9 ♠2,♠6 ♠A ♥7,105,0.23809523809523808,0.4259177099999599,270,100,119,2,19,-165,50.28571428571428,0.4285714285714284,-63.047619047619065,-0.5238095238095238,raise,0,0.5221257209777832
4,7,6,Turn,1,♠9 ♠2,♠6 ♠A ♥7 ♣A,5,0.0,0.0,1222,0,0,7,20,-303,-303.0,-1.0,-303.0,-1.0,call,0,0.5224828720092773
5,7,6,Turn,0,♠9 ♠2,♠6 ♠A ♥7 ♣A,55,0.07272727272727272,0.25968830649246727,1222,20,78,1,58,-323,-258.0909090909091,-0.5636363636363637,-280.78181818181815,-0.8545454545454545,call,0,0.524960994720459
6,7,6,Turn,0,♠9 ♠2,♠6 ♠A ♥7 ♣A,105,0.08095238095238096,0.26836195816391184,1222,78,89,3,11,-381,-249.84761904761905,-0.5142857142857142,-278.6666666666667,-0.8380952380952381,call,0,0.534559965133667
7,7,6,River,1,♠9 ♠2,♠6 ♠A ♥7 ♣A ♠4,5,0.6,0.48989794855663565,1578,0,0,7,20,-392,554.8,2.5999999999999996,554.8,0.19999999999999996,raise,0,0.5285828113555908
8,7,6,River,0,♠9 ♠2,♠6 ♠A ♥7 ♣A ♠4,55,0.7272727272727273,0.44536177141512323,1578,20,2435,2,2415,-412,8946.09090909091,3.3636363636363633,1862.454545454546,0.4545454545454546,raise,0,0.5235350131988525
