,N,Nnf,round,first,hole,board,Nsim,prWin,prWinStd,pot,bet,maxBet,NMaxBet,minBet,util_fold,util_call,util_raise_coeff,util_call2,util_raise_coeff2,action,amount,cputime
0,8,7,Deal,0,♦3 ♠9,,90,0.10694444444444444,0.30251326366187326,0,20,67,1,47,-20,-16.84305555555555,-0.2513888888888889,-52.669444444444444,-0.7861111111111111,call,0,0.5284929275512695
1,8,7,Deal,0,♦3 ♠9,,155,0.10080645161290322,0.297196841401489,0,67,91,5,24,-67,-26.786290322580655,-0.2943548387096775,-72.65322580645162,-0.7983870967741935,call,0,0.5260908603668213
2,8,7,Flop,1,♦3 ♠9,♠5 ♣9 ♣K,5,0.2,0.4,556,0,0,8,20,-91,20.200000000000003,0.40000000000000013,20.200000000000003,-0.6,raise,0,0.5270731449127197
3,8,7,Flop,0,♦3 ♠9,♠5 ♣9 ♣K,65,0.12307692307692308,0.30421107589669516,556,20,77,1,57,-111,-33.230769230769226,-0.1384615384615384,-80.61538461538461,-0.7538461538461538,call,0,0.5254900455474854
4,8,7,Flop,0,♦3 ♠9,♠5 ♣9 ♣K,135,0.14074074074074075,0.3313935327150746,556,77,131,5,54,-168,-14.688888888888897,-0.014814814814814725,-106.87407407407407,-0.7185185185185186,call,0,0.521033763885498
5,8,7,Turn,1,♦3 ♠9,♠5 ♣9 ♣K ♠J,5,0.2,0.4000000000000001,1342,0,0,8,20,-222,46.400000000000034,0.40000000000000013,46.400000000000034,-0.6,raise,0,0.5218918323516846
6,8,7,Turn,0,♦3 ♠9,♠5 ♣9 ♣K ♠J,65,0.08461538461538462,0.2713106475161292,1342,20,71,5,51,-242,-137.39230769230767,-0.4076923076923077,-167.43076923076922,-0.8307692307692307,call,0,0.5298728942871094
