,N,Nnf,round,first,hole,board,Nsim,prWin,prWinStd,pot,bet,maxBet,NMaxBet,minBet,util_fold,util_call,util_raise_coeff,util_call2,util_raise_coeff2,action,amount,cputime
0,7,6,Deal,0,♥9 ♦Q,,90,0.16111111111111112,0.3561193446786077,0,40,159,3,119,-40,-5.300000000000011,-0.033333333333333215,-107.76666666666667,-0.6777777777777778,call,0,0.5220170021057129
1,7,6,Flop,1,♥9 ♦Q,♥J ♥8 ♦2,5,0.06666666666666667,0.13333333333333333,815,0,0,7,40,-159,-104.66666666666666,-0.6,-104.66666666666666,-0.8666666666666667,call,0,0.5220279693603516
2,7,6,Flop,0,♥9 ♦Q,♥J ♥8 ♦2,65,0.18205128205128204,0.37635575655197484,815,40,51,2,11,-199,-5.92051282051284,0.0923076923076922,-43.05897435897438,-0.6358974358974359,raise,0,0.5297000408172607
3,7,6,Flop,0,♥9 ♦Q,♥J ♥8 ♦2,130,0.18333333333333332,0.38221688030455114,815,102,160,4,58,-261,6.416666666666629,0.09999999999999987,-110.91666666666669,-0.6333333333333333,raise,0,0.5291178226470947
4,7,6,Turn,1,♥9 ♦Q,♥J ♥8 ♦2 ♣7,5,0.0,0.0,2415,0,0,7,40,-479,-479.0,-1.0,-479.0,-1.0,call,0,0.5215449333190918
5,7,6,Turn,0,♥9 ♦Q,♥J ♥8 ♦2 ♣7,65,0.11538461538461539,0.31340844288405173,2415,40,122,1,82,-519,-237.88461538461536,-0.3076923076923077,-294.1923076923077,-0.7692307692307692,call,0,0.5276968479156494
6,7,6,Turn,0,♥9 ♦Q,♥J ♥8 ♦2 ♣7,135,0.1259259259259259,0.326136295744464,2415,122,135,3,13,-601,-207.8888888888889,-0.24444444444444446,-275.8888888888889,-0.7481481481481482,call,0,0.5251030921936035
7,7,6,River,1,♥9 ♦Q,♥J ♥8 ♦2 ♣7 ♠8,5,0.0,0.0,3090,0,0,7,40,-614,-614.0,-1.0,-614.0,-1.0,call,0,0.5283820629119873
8,7,6,River,0,♥9 ♦Q,♥J ♥8 ♦2 ♣7 ♠8,70,0.0,0.0,3090,40,159,2,119,-654,-773.0,-1.0,-773.0,-1.0,fold,0,0.5267970561981201
