,N,Nnf,round,first,hole,board,Nsim,prWin,prWinStd,pot,bet,maxBet,NMaxBet,minBet,util_fold,util_call,util_raise_coeff,util_call2,util_raise_coeff2,action,amount,cputime
0,7,6,Deal,0,♥A ♦K,,80,0.29375,0.4520353277123372,0,0,73,2,73,0,55.66250000000002,0.7625000000000002,-30.112499999999997,-0.4125,raise,0,0.5295231342315674
1,7,6,Flop,0,♥A ♦K,♦8 ♠9 ♣6,60,0.08333333333333333,0.27638539919628335,876,0,79,3,79,-146,-112.5,-0.5,-138.83333333333331,-0.8333333333333334,call,0,0.524986743927002
2,7,6,Flop,0,♥A ♦K,♦8 ♠9 ♣6,150,0.05333333333333334,0.22469732728470287,876,79,94,5,15,-225,-163.2,-0.6799999999999999,-183.25333333333333,-0.8933333333333333,call,0,0.5261809825897217
3,7,5,Turn,0,♥A ♦K,♦8 ♠9 ♣6 ♦J,65,0.046153846153846156,0.20981817995362853,1440,0,70,1,70,-240,-227.3846153846154,-0.7692307692307692,-237.07692307692307,-0.9076923076923077,call,0,0.5307619571685791
4,7,5,Turn,0,♥A ♦K,♦8 ♠9 ♣6 ♦J,130,0.06923076923076923,0.25384615384615383,1440,70,382,3,312,-310,-390.0769230769231,-0.6538461538461539,-469.4153846153846,-0.8615384615384616,fold,0,0.5207669734954834
