,N,Nnf,round,first,hole,board,Nsim,prWin,prWinStd,pot,bet,maxBet,NMaxBet,minBet,util_fold,util_call,util_raise_coeff,util_call2,util_raise_coeff2,action,amount,cputime
0,7,7,Deal,0,♣5 ♣8,,15,0.3,0.4396968652757639,0,0,40,1,40,0,44.0,1.1,-16.0,-0.4,raise,0,0.5210590362548828
1,7,6,Deal,0,♣5 ♣8,,85,0.14705882352941177,0.3499876418974946,0,80,146,2,66,-80,-17.176470588235276,-0.11764705882352944,-103.05882352941177,-0.7058823529411764,call,0,0.5236959457397461
2,7,6,Flop,0,♣5 ♣8,♦3 ♠3 ♥Q,15,0.03333333333333333,0.12472191289246472,478,0,152,1,152,-146,-251.66666666666669,-0.8,-271.93333333333334,-0.9333333333333333,fold,0,0.5277268886566162
