,N,Nnf,round,first,hole,board,Nsim,prWin,prWinStd,pot,bet,maxBet,NMaxBet,minBet,util_fold,util_call,util_raise_coeff,util_call2,util_raise_coeff2,action,amount,cputime
0,7,6,Deal,0,♠9 ♠7,,45,0.22539682539682537,0.41457449036630833,0,0,20,1,20,0,7.0476190476190474,0.35238095238095224,-10.984126984126984,-0.5492063492063493,raise,0,0.5272927284240723
1,7,6,Flop,0,♠9 ♠7,♦K ♦8 ♣3,30,0.03333333333333333,0.17950549357115012,240,0,53,2,53,-40,-74.4,-0.8,-81.46666666666667,-0.9333333333333333,fold,0,0.529437780380249
