,N,Nnf,round,first,hole,board,Nsim,prWin,prWinStd,pot,bet,maxBet,NMaxBet,minBet,util_fold,util_call,util_raise_coeff,util_call2,util_raise_coeff2,action,amount,cputime
0,7,7,Deal,0,♦A ♠8,,55,0.2,0.37658754867650873,0,20,148,1,128,-20,59.20000000000002,0.40000000000000013,-88.8,-0.6,raise,0,0.521373987197876
1,7,7,Deal,0,♦A ♠8,,125,0.216,0.3966661064421814,0,296,592,1,296,-296,303.10400000000004,0.512,-336.256,-0.5680000000000001,raise,0,0.5220351219177246
2,7,7,Flop,1,♦A ♠8,♦Q ♣3 ♥10,5,0.2,0.4,3995,0,0,7,40,-1184,-385.0,0.40000000000000013,-385.0,-0.6,raise,0,0.5218691825866699
3,7,7,Turn,1,♦A ♠8,♦Q ♣3 ♥10 ♥J,5,0.0,0.0,4115,0,0,7,40,-1224,-1224.0,-1.0,-1224.0,-1.0,call,0,0.5208241939544678
4,7,7,River,1,♦A ♠8,♦Q ♣3 ♥10 ♥J ♥3,5,0.0,0.0,4235,0,0,7,40,-1264,-1264.0,-1.0,-1264.0,-1.0,call,0,0.5226690769195557
5,7,6,River,0,♦A ♠8,♦Q ♣3 ♥10 ♥J ♥3,65,0.0,0.0,4235,40,92,1,52,-1304,-1356.0,-1.0,-1356.0,-1.0,fold,0,0.5197010040283203
