,N,Nnf,round,first,hole,board,Nsim,prWin,prWinStd,pot,bet,maxBet,NMaxBet,minBet,util_fold,util_call,util_raise_coeff,util_call2,util_raise_coeff2,action,amount,cputime
0,8,7,Deal,0,♠9 ♠5,,60,0.14166666666666666,0.34268141991586815,0,20,143,2,123,-20,-1.1916666666666629,-0.008333333333333304,-102.48333333333333,-0.7166666666666667,call,0,0.5289011001586914
1,8,7,Flop,1,♠9 ♠5,♦3 ♦A ♦6,5,0.0,0.0,572,0,0,8,40,-143,-143.0,-1.0,-143.0,-1.0,call,0,0.5254769325256348
2,8,6,Flop,0,♠9 ♠5,♦3 ♦A ♦6,45,0.022222222222222223,0.14740554623801777,572,40,129,1,89,-183,-242.0888888888889,-0.8666666666666667,-253.55555555555554,-0.9555555555555556,fold,0,0.5292630195617676
