,N,Nnf,round,first,hole,board,Nsim,prWin,prWinStd,pot,bet,maxBet,NMaxBet,minBet,util_fold,util_call,util_raise_coeff,util_call2,util_raise_coeff2,action,amount,cputime
0,7,6,Deal,0,♦3 ♦A,,50,0.24,0.4029888335921977,0,0,40,2,40,0,17.599999999999994,0.43999999999999995,-20.8,-0.52,raise,0,0.5300719738006592
1,7,6,Deal,0,♦3 ♦A,,105,0.19523809523809524,0.3810714099760487,0,80,5923,1,5843,-80,1015.3714285714286,0.17142857142857149,-3610.209523809524,-0.6095238095238096,raise,0,0.5232188701629639
