,N,Nnf,round,first,hole,board,Nsim,prWin,prWinStd,pot,bet,maxBet,NMaxBet,minBet,util_fold,util_call,util_raise_coeff,util_call2,util_raise_coeff2,action,amount,cputime
0,7,6,Deal,0,♠6 ♠4,,100,0.14476190476190476,0.3322035274849883,0,20,72,1,52,-20,-9.462857142857139,-0.13142857142857145,-51.15428571428571,-0.7104761904761905,call,0,0.5234470367431641
1,7,6,Flop,1,♠6 ♠4,♣3 ♦3 ♥3,5,0.0,0.0,442,0,0,7,20,-72,-72.0,-1.0,-72.0,-1.0,call,0,0.5252799987792969
2,7,6,Flop,0,♠6 ♠4,♣3 ♦3 ♥3,80,0.03660714285714285,0.16598259913101043,442,20,73,2,53,-92,-112.78571428571429,-0.7803571428571429,-123.475,-0.9267857142857143,fold,0,0.5226151943206787
