,N,Nnf,round,first,hole,board,Nsim,prWin,prWinStd,pot,bet,maxBet,NMaxBet,minBet,util_fold,util_call,util_raise_coeff,util_call2,util_raise_coeff2,action,amount,cputime
0,7,6,Deal,0,♠5 ♥K,,65,0.17362637362637362,0.3633459610411306,0,80,279,2,199,-80,11.65054945054942,0.04175824175824161,-182.11648351648353,-0.6527472527472528,raise,0,0.5264408588409424
1,7,6,Flop,1,♠5 ♥K,♥3 ♥8 ♥9,5,0.4,0.48989794855663565,1714,0,0,7,80,-558,127.60000000000002,1.4000000000000004,127.60000000000002,-0.19999999999999996,raise,0,0.5210070610046387
2,7,6,Flop,0,♠5 ♥K,♥3 ♥8 ♥9,45,0.29629629629629634,0.45118347652862417,1714,80,280,2,200,-638,167.6296296296298,0.7777777777777781,-164.22222222222217,-0.40740740740740733,raise,0,0.5230667591094971
3,7,6,Turn,1,♠5 ♥K,♥3 ♥8 ♥9 ♦J,5,0.4,0.48989794855663565,3394,0,0,7,80,-1118,239.60000000000014,1.4000000000000004,239.60000000000014,-0.19999999999999996,raise,0,0.5278630256652832
4,7,6,Turn,0,♠5 ♥K,♥3 ♥8 ♥9 ♦J,45,0.17777777777777778,0.3823255674241168,3394,80,292,2,212,-1198,-495.15555555555545,0.06666666666666665,-702.8,-0.6444444444444444,raise,0,0.5217399597167969
5,7,6,Turn,0,♠5 ♥K,♥3 ♥8 ♥9 ♦J,85,0.20588235294117646,0.4006914439041506,3394,584,605,1,21,-1702,-276.8823529411766,0.23529411764705888,-775.1176470588235,-0.5882352941176471,raise,0,0.525209903717041
6,7,6,River,1,♠5 ♥K,♥3 ♥8 ♥9 ♦J ♣A,5,0.0,0.0,7024,0,0,7,80,-2328,-2328.0,-1.0,-2328.0,-1.0,call,0,0.5312070846557617
7,7,6,River,0,♠5 ♥K,♥3 ♥8 ♥9 ♦J ♣A,50,0.0,0.0,7024,80,292,1,212,-2408,-2620.0,-1.0,-2620.0,-1.0,fold,0,0.5249440670013428
