,N,Nnf,round,first,hole,board,Nsim,prWin,prWinStd,pot,bet,maxBet,NMaxBet,minBet,util_fold,util_call,util_raise_coeff,util_call2,util_raise_coeff2,action,amount,cputime
0,7,6,Deal,0,♣6 ♠A,,45,0.18095238095238095,0.3665738905508139,0,0,20,1,20,0,1.7142857142857153,0.08571428571428563,-12.761904761904763,-0.638095238095238,raise,0,0.52205491065979
1,7,6,Deal,0,♣6 ♠A,,95,0.1593984962406015,0.35698532338853534,0,40,94,1,54,-40,-4.099248120300743,-0.043609022556390986,-64.03308270676692,-0.6812030075187969,call,0,0.5320160388946533
2,7,6,Deal,0,♣6 ♠A,,150,0.15428571428571428,0.3507116186495427,0,94,121,1,27,-94,-8.988571428571419,-0.07428571428571429,-83.66285714285715,-0.6914285714285715,call,0,0.5235610008239746
3,7,6,Flop,0,♣6 ♠A,♦5 ♦A ♦10,25,0.16,0.36660605559646714,484,0,70,1,70,-121,-46.360000000000014,-0.040000000000000036,-91.16,-0.6799999999999999,call,0,0.523292064666748
4,7,6,Turn,0,♣6 ♠A,♦5 ♦A ♦10 ♥K,25,0.12,0.32496153618543844,764,0,59,2,59,-191,-115.84,-0.28,-144.16000000000003,-0.76,call,0,0.5305349826812744
5,7,6,River,0,♣6 ♠A,♦5 ♦A ♦10 ♥K ♠3,25,0.2,0.4,1000,0,20,2,20,-250,-46.0,0.20000000000000018,-62.0,-0.6,raise,0,0.5260381698608398
6,7,6,River,0,♣6 ♠A,♦5 ♦A ♦10 ♥K ♠3,80,0.1625,0.36033838263498935,1000,40,70,1,30,-290,-89.25,-0.02499999999999991,-134.75,-0.675,call,0,0.5234208106994629
7,7,6,River,0,♣6 ♠A,♦5 ♦A ♦10 ♥K ♠3,130,0.2,0.39026618135279456,1000,70,135,1,65,-320,-23.0,0.20000000000000018,-131.0,-0.6,raise,0,0.5251448154449463
