,N,Nnf,round,first,hole,board,Nsim,prWin,prWinStd,pot,bet,maxBet,NMaxBet,minBet,util_fold,util_call,util_raise_coeff,util_call2,util_raise_coeff2,action,amount,cputime
0,7,6,Deal,0,♣10 ♥8,,40,0.19107142857142856,0.38111929007242096,0,0,80,1,80,0,11.714285714285708,0.14642857142857135,-49.42857142857143,-0.6178571428571429,raise,0,0.5240039825439453
1,7,6,Deal,0,♣10 ♥8,,80,0.1392857142857143,0.3348202380931217,0,160,314,1,154,-160,-51.58571428571429,-0.16428571428571426,-226.5285714285714,-0.7214285714285714,call,0,0.5193190574645996
