,N,Nnf,round,first,hole,board,Nsim,prWin,prWinStd,pot,bet,maxBet,NMaxBet,minBet,util_fold,util_call,util_raise_coeff,util_call2,util_raise_coeff2,action,amount,cputime
0,8,8,Deal,0,♦8 ♠6,,10,0.2,0.4000000000000001,0,0,20,1,20,0,12.0,0.6000000000000001,-12.0,-0.6,raise,0,0.5214300155639648
1,8,8,Deal,0,♦8 ♠6,,80,0.1703125,0.3698837180030367,0,40,162,1,122,-40,58.724999999999994,0.36250000000000004,-106.81875,-0.659375,raise,0,0.5215160846710205
2,8,8,Deal,0,♦8 ♠6,,160,0.10703125,0.3029306319496883,0,324,648,1,324,-324,-93.14999999999998,-0.14375000000000004,-509.2875,-0.7859375,call,0,0.5280561447143555
3,8,8,Flop,0,♦8 ♠6,♣3 ♣9 ♣Q,45,0.0,0.0,3240,0,138,1,138,-648,-786.0,-1.0,-786.0,-1.0,fold,0,0.5228271484375
