,N,Nnf,round,first,hole,board,Nsim,prWin,prWinStd,pot,bet,maxBet,NMaxBet,minBet,util_fold,util_call,util_raise_coeff,util_call2,util_raise_coeff2,action,amount,cputime
0,7,7,Deal,0,♣Q ♣K,,60,0.14166666666666666,0.34268141991586815,0,0,124,1,124,0,-1.0333333333333314,-0.008333333333333304,-88.86666666666667,-0.7166666666666667,fold,0,0.5201759338378906
