,N,Nnf,round,first,hole,board,Nsim,prWin,prWinStd,pot,bet,maxBet,NMaxBet,minBet,util_fold,util_call,util_raise_coeff,util_call2,util_raise_coeff2,action,amount,cputime
0,7,7,Deal,0,♣9 ♣10,,60,0.19444444444444445,0.37535990959130816,0,0,74,1,74,0,26.72222222222223,0.36111111111111116,-45.22222222222222,-0.6111111111111112,raise,0,0.5220909118652344
1,7,7,Deal,0,♣9 ♣10,,150,0.2311111111111111,0.41400781289222366,0,148,296,1,148,-148,182.86222222222216,0.6177777777777778,-159.18222222222224,-0.5377777777777778,raise,0,0.5235252380371094
