,N,Nnf,round,first,hole,board,Nsim,prWin,prWinStd,pot,bet,maxBet,NMaxBet,minBet,util_fold,util_call,util_raise_coeff,util_call2,util_raise_coeff2,action,amount,cputime
0,7,6,Deal,0,♠J ♠A,,80,0.3142857142857143,0.46257928167691936,0,10,67,1,57,-10,59.34285714285714,0.8857142857142857,-24.885714285714286,-0.37142857142857144,raise,0,0.5303349494934082
1,7,6,Flop,1,♠J ♠A,♦2 ♥8 ♠7,5,0.0,0.0,670,0,0,7,20,-134,-134.0,-1.0,-134.0,-1.0,call,0,0.5272119045257568
2,7,6,Flop,0,♠J ♠A,♦2 ♥8 ♠7,70,0.19285714285714287,0.38998953413481996,670,20,34,3,14,-154,0.5571428571428783,0.15714285714285725,-25.67142857142855,-0.6142857142857143,raise,0,0.5232760906219482
3,7,6,Flop,0,♠J ♠A,♦2 ♥8 ♠7,135,0.14074074074074075,0.34238732589391313,670,68,111,2,43,-202,-56.97037037037035,-0.15555555555555545,-119.45925925925926,-0.7185185185185186,call,0,0.5270950794219971
4,7,6,Turn,1,♠J ♠A,♦2 ♥8 ♠7 ♦7,5,0.0,0.0,1225,0,0,7,20,-245,-245.0,-1.0,-245.0,-1.0,call,0,0.5291628837585449
5,7,6,Turn,0,♠J ♠A,♦2 ♥8 ♠7 ♦7,65,0.03076923076923077,0.1726918793895665,1225,20,76,1,56,-265,-269.2769230769231,-0.8153846153846154,-278.63076923076926,-0.9384615384615385,fold,0,0.5211620330810547
