,N,Nnf,round,first,hole,board,Nsim,prWin,prWinStd,pot,bet,maxBet,NMaxBet,minBet,util_fold,util_call,util_raise_coeff,util_call2,util_raise_coeff2,action,amount,cputime
0,8,8,Deal,0,♦K ♦10,,55,0.20909090909090908,0.4010317272747777,0,40,282,1,242,-40,189.7090909090909,0.6727272727272726,-164.07272727272726,-0.5818181818181818,raise,0,0.5278878211975098
1,8,7,Deal,0,♦K ♦10,,130,0.18461538461538463,0.3829965933693724,0,564,1523,1,959,-564,445.18461538461565,0.2923076923076924,-960.6615384615384,-0.6307692307692307,raise,0,0.5313510894775391
