,N,Nnf,round,first,hole,board,Nsim,prWin,prWinStd,pot,bet,maxBet,NMaxBet,minBet,util_fold,util_call,util_raise_coeff,util_call2,util_raise_coeff2,action,amount,cputime
0,8,7,Deal,0,♦A ♥A,,70,0.35714285714285715,0.4791574237499549,0,80,140,2,60,-80,210.0,1.5,-40.0,-0.2857142857142857,raise,0,0.5221891403198242
1,8,7,Deal,0,♦A ♥A,,115,0.41739130434782606,0.49312858708722873,0,280,415,2,135,-280,797.5217391304348,1.9217391304347826,-68.56521739130437,-0.16521739130434787,raise,0,0.5202972888946533
2,8,7,Flop,1,♦A ♥A,♠A ♣3 ♠6,5,0.8,0.4,3360,0,0,8,80,-830,1858.0,4.6000000000000005,1858.0,0.6000000000000001,raise,0,0.5228550434112549
3,8,6,Flop,0,♦A ♥A,♠A ♣3 ♠6,45,0.7555555555555555,0.4297573245736382,3360,80,100,1,20,-910,2062.0,3.533333333333333,1759.7777777777778,0.5111111111111111,raise,0,0.522036075592041
4,8,6,Flop,0,♦A ♥A,♠A ♣3 ♠6,85,0.7529411764705882,0.4313012418781967,3360,200,314,1,114,-1030,2804.423529411765,3.5176470588235293,1858.7294117647061,0.5058823529411764,raise,0,0.5299258232116699
5,8,6,Turn,1,♦A ♥A,♠A ♣3 ♠6 ♦4,5,0.6,0.48989794855663565,4786,0,0,8,80,-1458,1413.6,2.5999999999999996,1413.6,0.19999999999999996,raise,0,0.5277040004730225
6,8,6,Turn,0,♦A ♥A,♠A ♣3 ♠6 ♦4,30,0.6333333333333333,0.4818944098266986,4786,80,216,1,136,-1538,2177.9333333333334,2.8,1630.7333333333331,0.2666666666666666,raise,0,0.521104097366333
7,8,6,Turn,0,♦A ♥A,♠A ♣3 ♠6 ♦4,55,0.6727272727272727,0.46921774183868875,4786,432,486,1,54,-1890,3237.3454545454542,3.036363636363636,1929.5636363636363,0.34545454545454546,raise,0,0.5210211277008057
