,N,Nnf,round,first,hole,board,Nsim,prWin,prWinStd,pot,bet,maxBet,NMaxBet,minBet,util_fold,util_call,util_raise_coeff,util_call2,util_raise_coeff2,action,amount,cputime
0,7,6,Deal,0,♣3 ♠3,,80,0.16607142857142856,0.3680088106199056,0,40,1146,2,1106,-40,-4.092857142857156,-0.0035714285714285587,-765.3642857142858,-0.6678571428571429,call,0,0.5225889682769775
