,N,Nnf,round,first,hole,board,Nsim,prWin,prWinStd,pot,bet,maxBet,NMaxBet,minBet,util_fold,util_call,util_raise_coeff,util_call2,util_raise_coeff2,action,amount,cputime
0,7,7,Deal,0,♦J ♠K,,55,0.23636363636363636,0.424848052565379,0,0,40,1,40,0,26.181818181818187,0.6545454545454545,-21.09090909090909,-0.5272727272727273,raise,0,0.5213780403137207
1,7,6,Deal,0,♦J ♠K,,165,0.21212121212121213,0.4050870282533579,0,80,1000,2,920,-80,272.72727272727275,0.2727272727272727,-575.7575757575758,-0.5757575757575757,raise,0,0.5307471752166748
