,N,Nnf,round,first,hole,board,Nsim,prWin,prWinStd,pot,bet,maxBet,NMaxBet,minBet,util_fold,util_call,util_raise_coeff,util_call2,util_raise_coeff2,action,amount,cputime
0,7,7,Deal,0,♠K ♦5,,55,0.15454545454545454,0.35512772699317474,0,0,50,1,50,0,4.090909090909086,0.08181818181818179,-34.54545454545455,-0.6909090909090909,raise,0,0.5270776748657227
1,7,7,Flop,0,♠K ♦5,♦3 ♥5 ♣3,70,0.15,0.3417392489687339,700,0,140,1,140,-100,12.0,0.050000000000000044,-93.0,-0.7,raise,0,0.5278408527374268
2,7,7,Flop,0,♠K ♦5,♦3 ♥5 ♣3,175,0.16,0.3547232321522957,700,280,900,2,620,-380,120.0,0.1200000000000001,-600.0,-0.6799999999999999,raise,0,0.5214288234710693
