,N,Nnf,round,first,hole,board,Nsim,prWin,prWinStd,pot,bet,maxBet,NMaxBet,minBet,util_fold,util_call,util_raise_coeff,util_call2,util_raise_coeff2,action,amount,cputime
0,7,7,Deal,0,♠Q ♥8,,10,0.2,0.33166247903554,0,0,80,1,80,0,32.0,0.40000000000000013,-48.0,-0.6,raise,0,0.5238840579986572
1,7,6,Deal,0,♠Q ♥8,,85,0.14873949579831933,0.32339951555834345,0,160,290,1,130,-160,-31.193277310924373,-0.1075630252100841,-203.7310924369748,-0.7025210084033613,call,0,0.5213849544525146
2,7,6,Flop,0,♠Q ♥8,♥A ♣K ♣2,15,0.0,0.0,950,0,213,1,213,-290,-503.0,-1.0,-503.0,-1.0,fold,0,0.5222501754760742
