,N,Nnf,round,first,hole,board,Nsim,prWin,prWinStd,pot,bet,maxBet,NMaxBet,minBet,util_fold,util_call,util_raise_coeff,util_call2,util_raise_coeff2,action,amount,cputime
0,7,7,Deal,0,♣3 ♣6,,15,0.2,0.4000000000000001,0,0,20,1,20,0,8.0,0.40000000000000013,-12.0,-0.6,raise,0,0.5216360092163086
1,7,7,Deal,0,♣3 ♣6,,110,0.15,0.3538746568027622,0,40,138,1,98,-40,6.900000000000006,0.050000000000000044,-96.6,-0.7,raise,0,0.5252790451049805
