,N,Nnf,round,first,hole,board,Nsim,prWin,prWinStd,pot,bet,maxBet,NMaxBet,minBet,util_fold,util_call,util_raise_coeff,util_call2,util_raise_coeff2,action,amount,cputime
0,7,7,Deal,0,♥8 ♠6,,10,0.2,0.4000000000000001,0,0,40,1,40,0,16.0,0.40000000000000013,-24.0,-0.6,raise,0,0.5249490737915039
1,7,7,Deal,0,♥8 ♠6,,85,0.12521008403361344,0.31506890238113316,0,80,160,1,80,-80,-19.764705882352928,-0.12352941176470589,-119.9327731092437,-0.7495798319327731,call,0,0.5220239162445068
2,7,7,Deal,0,♥8 ♠6,,155,0.10737327188940092,0.29494023602657526,0,160,404,1,244,-160,-100.34838709677422,-0.24838709677419357,-317.24239631336405,-0.7852534562211981,call,0,0.5242960453033447
3,7,7,Flop,0,♥8 ♠6,♥10 ♦7 ♠J,45,0.09259259259259257,0.23974151603973717,1616,0,310,1,310,-404,-363.4444444444445,-0.35185185185185197,-506.96296296296305,-0.8148148148148149,call,0,0.5282807350158691
4,7,7,Turn,0,♥8 ♠6,♥10 ♦7 ♠J ♠3,45,0.022222222222222223,0.14740554623801777,2856,0,244,1,244,-714,-856.5777777777778,-0.8444444444444444,-883.6888888888889,-0.9555555555555556,fold,0,0.5256688594818115
