,N,Nnf,round,first,hole,board,Nsim,prWin,prWinStd,pot,bet,maxBet,NMaxBet,minBet,util_fold,util_call,util_raise_coeff,util_call2,util_raise_coeff2,action,amount,cputime
0,7,7,Deal,0,♦7 ♠Q,,50,0.12666666666666665,0.32584931759599833,0,80,320,1,240,-80,-36.26666666666665,-0.11333333333333351,-238.93333333333334,-0.7466666666666667,call,0,0.5237319469451904
1,7,7,Deal,0,♦7 ♠Q,,125,0.1798095238095238,0.3697576089040002,0,320,1002,1,682,-320,259.18399999999997,0.2586666666666666,-641.6617142857143,-0.6403809523809524,raise,0,0.5226271152496338
