,N,Nnf,round,first,hole,board,Nsim,prWin,prWinStd,pot,bet,maxBet,NMaxBet,minBet,util_fold,util_call,util_raise_coeff,util_call2,util_raise_coeff2,action,amount,cputime
0,7,7,Deal,0,♠J ♣9,,45,0.16984126984126982,0.364305598240056,0,0,40,1,40,0,7.55555555555555,0.18888888888888866,-26.412698412698415,-0.6603174603174604,raise,0,0.5224108695983887
1,7,7,Deal,0,♠J ♣9,,150,0.14761904761904762,0.3488237442249988,0,80,182,1,102,-80,6.066666666666663,0.03333333333333344,-128.26666666666665,-0.7047619047619047,raise,0,0.5270287990570068
2,7,6,Flop,0,♠J ♣9,♠9 ♦2 ♠6,20,0.225,0.4023369234857771,2212,0,61,1,61,-364,155.04999999999995,0.3500000000000001,100.14999999999998,-0.55,raise,0,0.5259499549865723
3,7,6,Flop,0,♠J ♣9,♠9 ♦2 ♠6,85,0.22941176470588234,0.40982737525530255,2212,122,913,2,791,-486,487.17647058823513,0.3764705882352941,-350.63529411764716,-0.5411764705882354,raise,0,0.5246968269348145
4,7,6,Turn,0,♠J ♣9,♠9 ♦2 ♠6 ♦10,20,0.3,0.45825756949558394,8628,0,62,1,62,-2190,448.0,0.7999999999999998,373.5999999999999,-0.4,raise,0,0.5206568241119385
5,7,6,Turn,0,♠J ♣9,♠9 ♦2 ♠6 ♦10,45,0.24444444444444444,0.4297573245736382,8628,124,132,1,8,-2314,-19.333333333333485,0.46666666666666656,-148.4000000000001,-0.5111111111111111,raise,0,0.529245138168335
6,7,6,River,0,♠J ♣9,♠9 ♦2 ♠6 ♦10 ♦8,15,0.0,0.0,9156,0,66,1,66,-2454,-2520.0,-1.0,-2520.0,-1.0,fold,0,0.527717113494873
