,N,Nnf,round,first,hole,board,Nsim,prWin,prWinStd,pot,bet,maxBet,NMaxBet,minBet,util_fold,util_call,util_raise_coeff,util_call2,util_raise_coeff2,action,amount,cputime
0,7,7,Deal,0,♦8 ♥Q,,70,0.13809523809523808,0.33567206759194496,0,80,278,3,198,-80,-9.266666666666708,-0.03333333333333344,-201.21904761904761,-0.7238095238095239,call,0,0.5271437168121338
1,7,7,Flop,0,♦8 ♥Q,♠7 ♠8 ♠Q,35,0.2857142857142857,0.45175395145262565,1112,0,80,1,80,-278,119.71428571428567,1.0,5.428571428571445,-0.4285714285714286,raise,0,0.5285100936889648
2,7,6,Flop,0,♦8 ♥Q,♠7 ♠8 ♠Q,115,0.4012422360248447,0.4890625014443925,1112,160,288,2,128,-438,573.5279503105589,1.4074534161490684,111.29689440993786,-0.19751552795031058,raise,0,0.5201001167297363
3,7,6,Turn,1,♦8 ♥Q,♠7 ♠8 ♠Q ♥K,5,0.6,0.48989794855663565,2920,0,0,7,80,-854,898.0,2.5999999999999996,898.0,0.19999999999999996,raise,0,0.5243887901306152
4,7,6,Turn,0,♦8 ♥Q,♠7 ♠8 ♠Q ♥K,60,0.35,0.4769696007084729,2920,80,3070,2,2990,-934,3545.0,1.0999999999999996,-753.0,-0.30000000000000004,raise,0,0.5308752059936523
