,N,Nnf,round,first,hole,board,Nsim,prWin,prWinStd,pot,bet,maxBet,NMaxBet,minBet,util_fold,util_call,util_raise_coeff,util_call2,util_raise_coeff2,action,amount,cputime
0,7,6,Deal,0,♥6 ♣Q,,90,0.06825396825396825,0.22610552567939676,0,10,56,2,46,-10,-33.06666666666667,-0.5904761904761905,-48.355555555555554,-0.8634920634920635,fold,0,0.5267691612243652
