,N,Nnf,round,first,hole,board,Nsim,prWin,prWinStd,pot,bet,maxBet,NMaxBet,minBet,util_fold,util_call,util_raise_coeff,util_call2,util_raise_coeff2,action,amount,cputime
0,7,7,Deal,0,♦A ♣9,,15,0.2,0.35590260840104376,0,0,80,1,80,0,32.0,0.40000000000000013,-48.0,-0.6,raise,0,0.5227558612823486
1,7,7,Deal,0,♦A ♣9,,85,0.13529411764705881,0.328886135258691,0,160,320,1,160,-160,-16.94117647058829,-0.05294117647058827,-233.41176470588238,-0.7294117647058824,call,0,0.5276970863342285
