,N,Nnf,round,first,hole,board,Nsim,prWin,prWinStd,pot,bet,maxBet,NMaxBet,minBet,util_fold,util_call,util_raise_coeff,util_call2,util_raise_coeff2,action,amount,cputime
0,7,7,Deal,0,♠K ♣A,,85,0.21932773109243697,0.40846214606154163,0,40,242,1,202,-40,129.54117647058825,0.5352941176470587,-135.8453781512605,-0.561344537815126,raise,0,0.5279421806335449
1,7,7,Deal,0,♠K ♣A,,180,0.26190476190476186,0.43572079100009736,0,484,798,1,314,-484,664.9999999999998,0.833333333333333,-380.00000000000006,-0.4761904761904763,raise,0,0.5303349494934082
