,N,Nnf,round,first,hole,board,Nsim,prWin,prWinStd,pot,bet,maxBet,NMaxBet,minBet,util_fold,util_call,util_raise_coeff,util_call2,util_raise_coeff2,action,amount,cputime
0,8,8,Deal,0,♣K ♦K,,90,0.26666666666666666,0.44221663871405337,0,40,288,1,248,-40,326.4,1.1333333333333333,-134.4,-0.4666666666666667,raise,0,0.5226330757141113
1,8,7,Flop,0,♣K ♦K,♦9 ♦8 ♥7,30,0.16666666666666666,0.37267799624996495,3285,0,40,1,40,-576,-21.83333333333337,0.16666666666666652,-55.16666666666663,-0.6666666666666667,raise,0,0.5236177444458008
2,8,7,Flop,0,♣K ♦K,♦9 ♦8 ♥7,105,0.17333333333333334,0.37651703728394464,3285,80,134,2,54,-656,21.98666666666668,0.21333333333333337,-94.14666666666665,-0.6533333333333333,raise,0,0.5201311111450195
3,8,7,Turn,0,♣K ♦K,♦9 ♦8 ♥7 ♥4,35,0.17142857142857143,0.3768830273792263,4625,0,40,1,40,-844,-43.14285714285711,0.19999999999999996,-77.42857142857144,-0.6571428571428571,raise,0,0.5312299728393555
4,8,7,Turn,0,♣K ♦K,♦9 ♦8 ♥7 ♥4,110,0.17272727272727273,0.3780113252053053,4625,80,160,1,80,-924,-11.68181818181813,0.209090909090909,-149.86363636363637,-0.6545454545454545,raise,0,0.5261719226837158
