,N,Nnf,round,first,hole,board,Nsim,prWin,prWinStd,pot,bet,maxBet,NMaxBet,minBet,util_fold,util_call,util_raise_coeff,util_call2,util_raise_coeff2,action,amount,cputime
0,7,7,Deal,0,♥A ♥5,,65,0.18681318681318682,0.38733730725380583,0,0,88,1,88,0,27.076923076923066,0.3076923076923077,-55.120879120879124,-0.6263736263736264,raise,0,0.5245847702026367
1,7,7,Deal,0,♥A ♥5,,170,0.1869747899159664,0.3823125382661051,0,176,352,1,176,-176,108.7058823529411,0.3088235294117647,-220.36974789915968,-0.6260504201680672,raise,0,0.5222923755645752
2,7,6,Flop,0,♥A ♥5,♣6 ♣K ♣A,35,0.2238095238095238,0.40028334635557167,4576,0,137,1,137,-704,367.1238095238093,0.34285714285714275,244.47619047619037,-0.5523809523809524,raise,0,0.5228791236877441
3,7,6,Turn,0,♥A ♥5,♣6 ♣K ♣A ♠6,40,0.1375,0.27357585785299116,6220,0,144,3,144,-978,-147.94999999999982,-0.17499999999999993,-227.14999999999986,-0.725,call,0,0.523514986038208
