,N,Nnf,round,first,hole,board,Nsim,prWin,prWinStd,pot,bet,maxBet,NMaxBet,minBet,util_fold,util_call,util_raise_coeff,util_call2,util_raise_coeff2,action,amount,cputime
0,8,7,Deal,0,♥7 ♠3,,65,0.06153846153846154,0.24031537464328168,0,0,75,3,75,0,-42.692307692307686,-0.5692307692307692,-65.76923076923077,-0.8769230769230769,fold,0,0.5261061191558838
