,N,Nnf,round,first,hole,board,Nsim,prWin,prWinStd,pot,bet,maxBet,NMaxBet,minBet,util_fold,util_call,util_raise_coeff,util_call2,util_raise_coeff2,action,amount,cputime
0,8,8,Deal,0,♠10 ♠Q,,40,0.2583333333333333,0.41658332499833295,0,0,40,1,40,0,42.66666666666666,1.0666666666666664,-19.333333333333336,-0.4833333333333334,raise,0,0.5269131660461426
1,8,7,Flop,0,♠10 ♠Q,♠K ♥8 ♠J,25,0.4,0.4898979485566356,600,0,75,1,75,-80,295.0,1.8000000000000003,145.0,-0.19999999999999996,raise,0,0.5305647850036621
2,8,6,Flop,0,♠10 ♠Q,♠K ♥8 ♠J,100,0.45,0.49749371855331,600,150,920,3,770,-230,1754.0,1.7000000000000002,98.0,-0.09999999999999998,raise,0,0.5213398933410645
