,N,Nnf,round,first,hole,board,Nsim,prWin,prWinStd,pot,bet,maxBet,NMaxBet,minBet,util_fold,util_call,util_raise_coeff,util_call2,util_raise_coeff2,action,amount,cputime
0,8,7,Deal,0,♥A ♥3,,70,0.17857142857142858,0.3783017907675817,0,10,72,1,62,-10,18.0,0.25,-46.285714285714285,-0.6428571428571428,raise,0,0.5208938121795654
1,8,7,Deal,0,♥A ♥3,,155,0.14919354838709678,0.35071837974913805,0,144,288,1,144,-144,12.774193548387075,0.04435483870967749,-202.06451612903226,-0.7016129032258065,raise,0,0.5201473236083984
2,8,7,Flop,1,♥A ♥3,♣8 ♥7 ♣4,5,0.2,0.4000000000000001,3423,0,0,8,20,-576,108.60000000000002,0.40000000000000013,108.60000000000002,-0.6,raise,0,0.5303757190704346
3,8,7,Flop,0,♥A ♥3,♣8 ♥7 ♣4,55,0.05454545454545454,0.22709083630539628,3423,20,75,1,55,-596,-435.6545454545455,-0.6181818181818182,-456.1090909090909,-0.8909090909090909,call,0,0.5256481170654297
4,8,7,Flop,0,♥A ♥3,♣8 ♥7 ♣4,115,0.08289855072463768,0.2614476686219468,3423,75,80,3,5,-651,-325.81507246376805,-0.4197101449275362,-358.97449275362317,-0.8342028985507246,call,0,0.5262632369995117
5,8,7,Turn,1,♥A ♥3,♣8 ♥7 ♣4 ♠3,5,0.2,0.4000000000000001,3823,0,0,8,20,-656,108.60000000000002,0.40000000000000013,108.60000000000002,-0.6,raise,0,0.534520149230957
6,8,7,Turn,0,♥A ♥3,♣8 ♥7 ♣4 ♠3,60,0.06666666666666667,0.2494438257849294,3823,20,57,3,37,-676,-431.5333333333333,-0.5333333333333333,-450.5333333333333,-0.8666666666666667,call,0,0.5296521186828613
7,8,7,River,1,♥A ♥3,♣8 ♥7 ♣4 ♠3 ♥2,5,0.0,0.0,4108,0,0,8,20,-713,-713.0,-1.0,-713.0,-1.0,call,0,0.5245919227600098
8,8,7,River,0,♥A ♥3,♣8 ♥7 ♣4 ♠3 ♥2,60,0.016666666666666666,0.12801909579781015,4108,20,52,3,32,-733,-690.4666666666667,-0.8833333333333333,-694.8,-0.9666666666666667,call,0,0.5227949619293213
