,N,Nnf,round,first,hole,board,Nsim,prWin,prWinStd,pot,bet,maxBet,NMaxBet,minBet,util_fold,util_call,util_raise_coeff,util_call2,util_raise_coeff2,action,amount,cputime
0,7,7,Deal,0,♠2 ♥Q,,40,0.14523809523809522,0.33161974508282555,0,0,160,1,160,0,2.6666666666666288,0.016666666666666607,-113.52380952380953,-0.7095238095238096,raise,0,0.5239372253417969
1,7,7,Deal,0,♠2 ♥Q,,115,0.12567287784679088,0.30498419406983357,0,320,640,1,320,-320,-76.98550724637698,-0.12028985507246381,-479.1387163561077,-0.7486542443064182,call,0,0.529843807220459
2,7,6,Flop,0,♠2 ♥Q,♦8 ♣J ♠3,60,0.025,0.1421560175769332,2560,0,122,1,122,-640,-679.7,-0.85,-691.9,-0.95,fold,0,0.5258169174194336
