,N,Nnf,round,first,hole,board,Nsim,prWin,prWinStd,pot,bet,maxBet,NMaxBet,minBet,util_fold,util_call,util_raise_coeff,util_call2,util_raise_coeff2,action,amount,cputime
0,7,7,Deal,0,♦K ♣5,,80,0.15625,0.34089725358236606,0,0,124,1,124,0,11.625,0.09375,-85.25,-0.6875,raise,0,0.5223112106323242
1,7,6,Flop,0,♦K ♣5,♥7 ♣9 ♣6,90,0.07222222222222222,0.2534332161768232,1736,0,60,4,60,-248,-156.62222222222223,-0.5666666666666667,-173.95555555555558,-0.8555555555555556,call,0,0.5303888320922852
2,7,6,Turn,0,♦K ♣5,♥7 ♣9 ♣6 ♣10,55,0.01818181818181818,0.133608531424537,2082,0,67,3,67,-308,-329.83636363636367,-0.8909090909090909,-334.7090909090909,-0.9636363636363636,fold,0,0.5221147537231445
