,N,Nnf,round,first,hole,board,Nsim,prWin,prWinStd,pot,bet,maxBet,NMaxBet,minBet,util_fold,util_call,util_raise_coeff,util_call2,util_raise_coeff2,action,amount,cputime
0,7,7,Deal,0,♣A ♦K,,65,0.17142857142857143,0.3743754610965729,0,0,126,1,126,0,25.200000000000017,0.19999999999999996,-82.8,-0.6571428571428571,raise,0,0.5308129787445068
1,7,7,Flop,0,♣A ♦K,♦J ♦7 ♣9,80,0.16875,0.3703355741756387,1764,0,112,1,112,-252,65.97500000000002,0.18125000000000013,-28.524999999999977,-0.6625,raise,0,0.5608367919921875
