,N,Nnf,round,first,hole,board,Nsim,prWin,prWinStd,pot,bet,maxBet,NMaxBet,minBet,util_fold,util_call,util_raise_coeff,util_call2,util_raise_coeff2,action,amount,cputime
0,8,8,Deal,0,♦3 ♣4,,70,0.07857142857142857,0.2623481096029565,0,80,250,1,170,-80,-92.85714285714286,-0.37142857142857144,-210.71428571428572,-0.8428571428571429,fold,0,0.5335519313812256
