,N,Nnf,round,first,hole,board,Nsim,prWin,prWinStd,pot,bet,maxBet,NMaxBet,minBet,util_fold,util_call,util_raise_coeff,util_call2,util_raise_coeff2,action,amount,cputime
0,7,7,Deal,0,♦4 ♠3,,55,0.07532467532467534,0.24152352771005678,0,20,84,1,64,-20,-39.709090909090904,-0.47272727272727266,-71.34545454545454,-0.8493506493506493,fold,0,0.522960901260376
