,N,Nnf,round,first,hole,board,Nsim,prWin,prWinStd,pot,bet,maxBet,NMaxBet,minBet,util_fold,util_call,util_raise_coeff,util_call2,util_raise_coeff2,action,amount,cputime
0,8,8,Deal,0,♥J ♣J,,55,0.2727272727272727,0.44536177141512323,0,20,306,1,286,-20,361.6363636363636,1.1818181818181817,-139.0909090909091,-0.4545454545454546,raise,0,0.5289788246154785
1,8,7,Deal,0,♥J ♣J,,130,0.3,0.458257569495584,0,612,1224,1,612,-612,1346.4,1.1,-489.6,-0.4,raise,0,0.5210371017456055
