,N,Nnf,round,first,hole,board,Nsim,prWin,prWinStd,pot,bet,maxBet,NMaxBet,minBet,util_fold,util_call,util_raise_coeff,util_call2,util_raise_coeff2,action,amount,cputime
0,7,6,Deal,0,♣6 ♥4,,65,0.14835164835164835,0.34729447516708983,0,80,243,2,163,-80,-26.7032967032967,-0.10989010989010994,-170.90109890109892,-0.7032967032967032,call,0,0.5211420059204102
1,7,6,Flop,1,♣6 ♥4,♠A ♠J ♣8,5,0.0,0.0,769,0,0,7,80,-243,-243.0,-1.0,-243.0,-1.0,call,0,0.5237960815429688
2,7,6,Flop,0,♣6 ♥4,♠A ♠J ♣8,40,0.0,0.0,769,80,170,1,90,-323,-413.0,-1.0,-413.0,-1.0,fold,0,0.527336835861206
