,N,Nnf,round,first,hole,board,Nsim,prWin,prWinStd,pot,bet,maxBet,NMaxBet,minBet,util_fold,util_call,util_raise_coeff,util_call2,util_raise_coeff2,action,amount,cputime
0,7,6,Deal,0,♥5 ♣3,,65,0.07142857142857142,0.2300092142035278,0,40,150,1,110,-40,-85.71428571428572,-0.5714285714285714,-128.57142857142858,-0.8571428571428572,fold,0,0.5226819515228271
