,N,Nnf,round,first,hole,board,Nsim,prWin,prWinStd,pot,bet,maxBet,NMaxBet,minBet,util_fold,util_call,util_raise_coeff,util_call2,util_raise_coeff2,action,amount,cputime
0,7,7,Deal,0,♠A ♠10,,55,0.20259740259740258,0.3991557966191905,0,20,80,1,60,-20,33.45454545454544,0.418181818181818,-47.58441558441559,-0.5948051948051949,raise,0,0.5310337543487549
1,7,7,Deal,0,♠A ♠10,,125,0.20514285714285713,0.40009957944165325,0,160,320,1,160,-160,139.51999999999992,0.43599999999999994,-188.70857142857145,-0.5897142857142857,raise,0,0.5216319561004639
2,7,7,Flop,1,♠A ♠10,♣4 ♥2 ♥9,5,0.2,0.4,2560,0,0,7,40,-640,-128.0,0.40000000000000013,-128.0,-0.6,raise,0,0.5272378921508789
