,N,Nnf,round,first,hole,board,Nsim,prWin,prWinStd,pot,bet,maxBet,NMaxBet,minBet,util_fold,util_call,util_raise_coeff,util_call2,util_raise_coeff2,action,amount,cputime
0,7,6,Deal,0,♣Q ♦10,,70,0.12108843537414966,0.31859402361180694,0,40,86,1,46,-40,-23.518367346938774,-0.273469387755102,-65.17278911564625,-0.7578231292517007,call,0,0.5241508483886719
1,7,6,Deal,0,♣Q ♦10,,110,0.17705627705627705,0.3715219007055269,0,86,209,1,123,-86,13.02857142857144,0.06233766233766236,-134.9904761904762,-0.645887445887446,raise,0,0.5233108997344971
2,7,6,Flop,1,♣Q ♦10,♥7 ♦5 ♥K,5,0.2,0.4,1274,0,0,7,40,-418,-163.2,0.20000000000000018,-163.2,-0.6,raise,0,0.5291650295257568
3,7,6,Flop,0,♣Q ♦10,♥7 ♦5 ♥K,45,0.1111111111111111,0.3142696805273545,1274,40,121,2,81,-458,-316.7777777777778,-0.33333333333333337,-370.55555555555554,-0.7777777777777778,call,0,0.5255849361419678
4,7,6,Turn,1,♣Q ♦10,♥7 ♦5 ♥K ♠6,5,0.0,0.0,1637,0,0,7,40,-539,-539.0,-1.0,-539.0,-1.0,call,0,0.5254740715026855
5,7,6,Turn,0,♣Q ♦10,♥7 ♦5 ♥K ♠6,45,0.022222222222222223,0.14740554623801777,1637,40,76,1,36,-579,-568.4888888888888,-0.8666666666666667,-575.2444444444444,-0.9555555555555556,call,0,0.5232639312744141
6,7,6,Turn,0,♣Q ♦10,♥7 ♦5 ♥K ♠6,85,0.023529411764705882,0.15157763207911915,1637,76,136,2,60,-615,-617.2823529411764,-0.8588235294117648,-630.0823529411764,-0.9529411764705882,fold,0,0.5245189666748047
