,N,Nnf,round,first,hole,board,Nsim,prWin,prWinStd,pot,bet,maxBet,NMaxBet,minBet,util_fold,util_call,util_raise_coeff,util_call2,util_raise_coeff2,action,amount,cputime
0,7,7,Deal,0,♦Q ♣5,,10,0.2,0.4,0,0,40,1,40,0,16.0,0.40000000000000013,-24.0,-0.6,raise,0,0.5254900455474854
1,7,7,Deal,0,♦Q ♣5,,85,0.11568627450980393,0.3110424486212302,0,80,160,1,80,-80,-30.431372549019585,-0.19019607843137254,-122.98039215686273,-0.7686274509803921,call,0,0.5238618850708008
2,7,7,Deal,0,♦Q ♣5,,155,0.13763440860215054,0.33287516205236545,0,160,222,2,62,-160,-8.116129032258073,-0.03655913978494629,-160.89032258064515,-0.7247311827956989,call,0,0.5294220447540283
3,7,7,Flop,0,♦Q ♣5,♥7 ♠J ♦9,45,0.06666666666666667,0.2494438257849294,888,0,90,1,90,-222,-210.8,-0.5333333333333333,-240.8,-0.8666666666666667,call,0,0.5220921039581299
4,7,7,Flop,0,♦Q ♣5,♥7 ♠J ♦9,115,0.04782608695652174,0.20824226112744434,888,90,109,2,19,-312,-252.0391304347826,-0.6652173913043478,-278.10434782608695,-0.9043478260869565,call,0,0.5238311290740967
5,7,7,Flop,0,♦Q ♣5,♥7 ♠J ♦9,185,0.062162162162162166,0.23290335700335701,888,109,416,1,307,-331,-401.78378378378375,-0.5648648648648649,-531.081081081081,-0.8756756756756756,fold,0,0.5210340023040771
