,N,Nnf,round,first,hole,board,Nsim,prWin,prWinStd,pot,bet,maxBet,NMaxBet,minBet,util_fold,util_call,util_raise_coeff,util_call2,util_raise_coeff2,action,amount,cputime
0,7,7,Deal,0,♣2 ♣10,,10,0.2,0.4000000000000001,0,0,80,1,80,0,32.0,0.40000000000000013,-48.0,-0.6,raise,0,0.526818037033081
1,7,7,Flop,0,♣2 ♣10,♣5 ♥9 ♥3,45,0.1111111111111111,0.3142696805273545,640,0,628,1,628,-160,-228.44444444444446,-0.22222222222222232,-577.3333333333334,-0.7777777777777778,fold,0,0.5200259685516357
