,N,Nnf,round,first,hole,board,Nsim,prWin,prWinStd,pot,bet,maxBet,NMaxBet,minBet,util_fold,util_call,util_raise_coeff,util_call2,util_raise_coeff2,action,amount,cputime
0,7,6,Deal,0,♦Q ♠Q,,45,0.3111111111111111,0.4629481479111035,0,0,40,1,40,0,34.66666666666667,0.8666666666666667,-15.11111111111111,-0.37777777777777777,raise,0,0.531170129776001
1,7,6,Deal,0,♦Q ♠Q,,85,0.36470588235294116,0.48134758930538313,0,80,113,2,33,-80,134.2705882352941,1.1882352941176468,-30.576470588235296,-0.2705882352941177,raise,0,0.5260181427001953
2,7,6,Deal,0,♦Q ♠Q,,125,0.352,0.4775939698111775,0,226,270,1,44,-226,300.24,1.112,-79.92000000000002,-0.29600000000000004,raise,0,0.5203549861907959
