,N,Nnf,round,first,hole,board,Nsim,prWin,prWinStd,pot,bet,maxBet,NMaxBet,minBet,util_fold,util_call,util_raise_coeff,util_call2,util_raise_coeff2,action,amount,cputime
0,7,7,Deal,0,♣10 ♥Q,,65,0.21208791208791208,0.389615845654566,0,20,126,1,106,-20,61.061538461538476,0.48461538461538467,-72.55384615384615,-0.5758241758241758,raise,0,0.5240499973297119
1,7,6,Flop,1,♣10 ♥Q,♥6 ♠8 ♣6,5,0.1,0.20000000000000004,882,0,0,7,20,-252,-163.8,-0.3999999999999999,-163.8,-0.8,call,0,0.5233211517333984
2,7,6,Flop,0,♣10 ♥Q,♥6 ♠8 ♣6,45,0.16296296296296295,0.33052313358997193,882,20,68,1,48,-272,-109.7777777777778,-0.022222222222222365,-154.10370370370373,-0.674074074074074,call,0,0.5248699188232422
3,7,6,Turn,1,♣10 ♥Q,♥6 ♠8 ♣6 ♦7,5,0.0,0.0,1086,0,0,7,20,-320,-320.0,-1.0,-320.0,-1.0,call,0,0.524122953414917
4,7,6,Turn,0,♣10 ♥Q,♥6 ♠8 ♣6 ♦7,45,0.08888888888888889,0.257240820062005,1086,20,43,2,23,-340,-243.53333333333333,-0.4666666666666667,-258.8222222222222,-0.8222222222222222,call,0,0.5204629898071289
5,7,6,River,1,♣10 ♥Q,♥6 ♠8 ♣6 ♦7 ♣J,5,0.0,0.0,1215,0,0,7,20,-363,-363.0,-1.0,-363.0,-1.0,call,0,0.531562089920044
6,7,6,River,0,♣10 ♥Q,♥6 ♠8 ♣6 ♦7 ♣J,45,0.0,0.0,1215,20,54,1,34,-383,-417.0,-1.0,-417.0,-1.0,fold,0,0.5216891765594482
