,N,Nnf,round,first,hole,board,Nsim,prWin,prWinStd,pot,bet,maxBet,NMaxBet,minBet,util_fold,util_call,util_raise_coeff,util_call2,util_raise_coeff2,action,amount,cputime
0,7,7,Deal,0,♣K ♦A,,55,0.22987012987012986,0.41262337989342895,0,0,40,1,40,0,24.36363636363636,0.6090909090909091,-21.61038961038961,-0.5402597402597402,raise,0,0.5222980976104736
1,7,7,Deal,0,♣K ♦A,,160,0.20491071428571428,0.3958588147455286,0,80,88,3,8,-80,38.22500000000001,0.43437499999999996,-51.93571428571428,-0.5901785714285714,raise,0,0.5237040519714355
2,7,7,Deal,0,♣K ♦A,,275,0.241038961038961,0.4202310041064065,0,176,352,1,176,-176,241.91999999999985,0.687272727272727,-182.30857142857147,-0.517922077922078,raise,0,0.5216448307037354
3,7,7,Flop,0,♣K ♦A,♣3 ♣6 ♦3,65,0.15384615384615385,0.36080121229410994,2464,0,77,4,77,-352,33.0,0.0769230769230771,-26.230769230769226,-0.6923076923076923,raise,0,0.5292720794677734
4,7,7,Turn,0,♣K ♦A,♣3 ♣6 ♦3 ♥2,70,0.07142857142857142,0.2432769480846628,3542,0,494,2,494,-506,-500.0,-0.5,-676.4285714285714,-0.8571428571428572,call,0,0.5253088474273682
