,N,Nnf,round,first,hole,board,Nsim,prWin,prWinStd,pot,bet,maxBet,NMaxBet,minBet,util_fold,util_call,util_raise_coeff,util_call2,util_raise_coeff2,action,amount,cputime
0,7,7,Deal,0,♦J ♠6,,40,0.2,0.4000000000000001,0,0,80,1,80,0,32.0,0.40000000000000013,-48.0,-0.6,raise,0,0.5279529094696045
1,7,7,Deal,0,♦J ♠6,,125,0.2,0.39496835316263,0,160,320,1,160,-160,128.0,0.40000000000000013,-192.0,-0.6,raise,0,0.5293118953704834
2,7,6,Flop,0,♦J ♠6,♦3 ♠8 ♠4,50,0.09,0.277308492477241,3200,0,123,2,123,-640,-408.58,-0.45999999999999996,-452.86,-0.8200000000000001,call,0,0.5217299461364746
3,7,6,Turn,0,♦J ♠6,♦3 ♠8 ♠4 ♥K,30,0.0,0.0,3692,0,90,2,90,-763,-853.0,-1.0,-853.0,-1.0,fold,0,0.5252630710601807
