,N,Nnf,round,first,hole,board,Nsim,prWin,prWinStd,pot,bet,maxBet,NMaxBet,minBet,util_fold,util_call,util_raise_coeff,util_call2,util_raise_coeff2,action,amount,cputime
0,7,7,Deal,0,♠10 ♦J,,70,0.21428571428571427,0.4103259033241449,0,40,102,1,62,-40,51.0,0.5,-58.285714285714285,-0.5714285714285714,raise,0,0.5270218849182129
1,7,7,Flop,0,♠10 ♦J,♦4 ♣J ♥9,35,0.21428571428571427,0.3833259389999639,816,0,40,1,40,-204,-9.142857142857139,0.5,-52.0,-0.5714285714285714,raise,0,0.5282220840454102
2,7,7,Turn,1,♠10 ♦J,♦4 ♣J ♥9 ♦5,5,0.2,0.4000000000000001,1104,0,0,7,40,-284,-63.19999999999999,0.40000000000000013,-63.19999999999999,-0.6,raise,0,0.5244238376617432
3,7,7,Turn,0,♠10 ♦J,♦4 ♣J ♥9 ♦5,45,0.26666666666666666,0.4422166387140534,1104,40,122,2,82,-324,116.13333333333333,0.8666666666666667,-46.53333333333336,-0.4666666666666667,raise,0,0.5247311592102051
4,7,7,River,1,♠10 ♦J,♦4 ♣J ♥9 ♦5 ♠3,5,0.2,0.4,1836,0,0,7,40,-528,-160.79999999999995,0.40000000000000013,-160.79999999999995,-0.6,raise,0,0.5268378257751465
5,7,7,River,0,♠10 ♦J,♦4 ♣J ♥9 ♦5 ♠3,45,0.28888888888888886,0.45324617898602526,1836,40,157,1,117,-568,162.8888888888889,1.0222222222222221,-63.888888888888914,-0.4222222222222223,raise,0,0.5261268615722656
