,N,Nnf,round,first,hole,board,Nsim,prWin,prWinStd,pot,bet,maxBet,NMaxBet,minBet,util_fold,util_call,util_raise_coeff,util_call2,util_raise_coeff2,action,amount,cputime
0,7,7,Deal,0,♥6 ♥2,,80,0.15803571428571428,0.3495065307701995,0,0,138,1,138,0,14.662499999999994,0.10624999999999996,-94.38214285714287,-0.6839285714285714,raise,0,0.5242922306060791
1,7,7,Deal,0,♥6 ♥2,,190,0.16390977443609023,0.3621266823530436,0,276,552,1,276,-276,81.34736842105269,0.1473684210526316,-371.0436090225564,-0.6721804511278195,raise,0,0.523453950881958
