,N,Nnf,round,first,hole,board,Nsim,prWin,prWinStd,pot,bet,maxBet,NMaxBet,minBet,util_fold,util_call,util_raise_coeff,util_call2,util_raise_coeff2,action,amount,cputime
0,7,7,Deal,0,♦5 ♣2,,10,0.2,0.4000000000000001,0,0,40,1,40,0,16.0,0.40000000000000013,-24.0,-0.6,raise,0,0.5296440124511719
1,7,6,Deal,0,♦5 ♣2,,85,0.14313725490196078,0.33834752329604695,0,80,157,2,77,-80,-22.164705882352933,-0.14117647058823535,-112.05490196078432,-0.7137254901960784,call,0,0.5226888656616211
2,7,6,Flop,0,♦5 ♣2,♦2 ♥K ♥10,15,0.13333333333333333,0.3399346342395189,511,0,40,1,40,-157,-96.86666666666667,-0.19999999999999996,-118.2,-0.7333333333333334,call,0,0.5218000411987305
3,7,6,Flop,0,♦5 ♣2,♦2 ♥K ♥10,55,0.09090909090909091,0.2874797872880344,511,40,80,1,40,-197,-146.9090909090909,-0.4545454545454546,-176.0,-0.8181818181818181,call,0,0.5236270427703857
4,7,6,Flop,0,♦5 ♣2,♦2 ♥K ♥10,95,0.10526315789473684,0.30689220499185804,511,80,104,2,24,-237,-141.5263157894737,-0.368421052631579,-185.31578947368422,-0.7894736842105263,call,0,0.5294637680053711
5,7,6,Turn,0,♦5 ♣2,♦2 ♥K ♥10 ♠8,15,0.13333333333333333,0.339934634239519,823,0,107,1,107,-261,-172.66666666666669,-0.19999999999999996,-229.73333333333335,-0.7333333333333334,call,0,0.5316598415374756
6,7,6,Turn,0,♦5 ♣2,♦2 ♥K ♥10 ♠8,55,0.08181818181818182,0.265666167203681,823,107,254,1,147,-368,-322.9727272727273,-0.509090909090909,-406.1,-0.8363636363636364,call,0,0.5211131572723389
7,7,6,River,0,♦5 ♣2,♦2 ♥K ♥10 ♠8 ♣K,15,0.0,0.0,1585,0,107,1,107,-515,-622.0,-1.0,-622.0,-1.0,fold,0,0.5271668434143066
