,N,Nnf,round,first,hole,board,Nsim,prWin,prWinStd,pot,bet,maxBet,NMaxBet,minBet,util_fold,util_call,util_raise_coeff,util_call2,util_raise_coeff2,action,amount,cputime
0,7,7,Deal,0,♣8 ♦A,,45,0.17407407407407408,0.34952446629345263,0,0,40,1,40,0,8.74074074074074,0.21851851851851856,-26.074074074074076,-0.6518518518518519,raise,0,0.5236148834228516
1,7,7,Flop,0,♣8 ♦A,♥6 ♥J ♠K,55,0.07272727272727272,0.25968830649246727,560,0,55,3,55,-80,-66.27272727272728,-0.49090909090909096,-86.27272727272728,-0.8545454545454545,call,0,0.5233030319213867
2,7,6,Flop,0,♣8 ♦A,♥6 ♥J ♠K,165,0.06565656565656565,0.24183429901649164,560,55,127,2,72,-135,-120.20202020202021,-0.6060606060606061,-153.55555555555557,-0.8686868686868687,call,0,0.5279781818389893
3,7,6,Flop,0,♣8 ♦A,♥6 ♥J ♠K,245,0.0761904761904762,0.25394841192330253,560,127,920,1,793,-207,-536.7619047619047,-0.5428571428571428,-817.1428571428571,-0.8476190476190476,fold,0,0.5292432308197021
