,N,Nnf,round,first,hole,board,Nsim,prWin,prWinStd,pot,bet,maxBet,NMaxBet,minBet,util_fold,util_call,util_raise_coeff,util_call2,util_raise_coeff2,action,amount,cputime
0,7,5,Deal,0,♠7 ♠3,,100,0.15642857142857142,0.3580980084745926,0,20,66,4,46,-20,-14.378571428571433,-0.21785714285714297,-45.35142857142857,-0.6871428571428572,call,0,0.5237278938293457
1,7,5,Flop,1,♠7 ♠3,♦6 ♦9 ♦Q,5,0.0,0.0,340,0,0,7,20,-66,-66.0,-1.0,-66.0,-1.0,call,0,0.5217149257659912
2,7,5,Flop,0,♠7 ♠3,♦6 ♦9 ♦Q,65,0.0,0.0,340,20,57,3,37,-86,-123.0,-1.0,-123.0,-1.0,fold,0,0.5249450206756592
