,N,Nnf,round,first,hole,board,Nsim,prWin,prWinStd,pot,bet,maxBet,NMaxBet,minBet,util_fold,util_call,util_raise_coeff,util_call2,util_raise_coeff2,action,amount,cputime
0,8,8,Deal,0,♥Q ♥9,,50,0.21666666666666665,0.4003470716488105,0,0,40,3,40,0,29.33333333333333,0.7333333333333332,-22.666666666666668,-0.5666666666666667,raise,0,0.5303292274475098
1,8,8,Deal,0,♥Q ♥9,,130,0.22948717948717948,0.4161614293825413,0,80,195,2,115,-80,163.0,0.8358974358974358,-105.5,-0.5410256410256411,raise,0,0.5233142375946045
2,8,8,Deal,0,♥Q ♥9,,215,0.19922480620155036,0.3907515036130595,0,390,780,1,390,-390,463.1627906976744,0.5937984496124029,-469.2093023255814,-0.6015503875968993,raise,0,0.523841142654419
3,8,8,Flop,0,♥Q ♥9,♠J ♠2 ♦J,55,0.07272727272727272,0.24155145919248044,8375,0,101,1,101,-1560,-993.1454545454546,-0.4181818181818182,-1037.2181818181818,-0.8545454545454545,call,0,0.5229566097259521
4,8,8,Flop,0,♥Q ♥9,♠J ♠2 ♦J,95,0.042105263157894736,0.1872678618384968,8375,101,141,1,40,-1661,-1300.8736842105263,-0.6631578947368422,-1336.4947368421053,-0.9157894736842105,call,0,0.5230839252471924
5,8,8,Turn,0,♥Q ♥9,♠J ♠2 ♦J ♣J,25,0.05333333333333333,0.20396078054371136,8991,0,101,1,101,-1701,-1279.3866666666668,-0.5733333333333334,-1311.7066666666667,-0.8933333333333333,call,0,0.5285279750823975
6,8,8,Turn,0,♥Q ♥9,♠J ♠2 ♦J ♣J,70,0.05238095238095238,0.19011871216835363,8991,101,223,1,122,-1802,-1359.595238095238,-0.5809523809523809,-1429.6809523809525,-0.8952380952380953,call,0,0.5200250148773193
7,8,8,River,0,♥Q ♥9,♠J ♠2 ♦J ♣J ♠4,25,0.0,0.0,9883,0,40,2,40,-1924,-1964.0,-1.0,-1964.0,-1.0,fold,0,0.5274741649627686
