,N,Nnf,round,first,hole,board,Nsim,prWin,prWinStd,pot,bet,maxBet,NMaxBet,minBet,util_fold,util_call,util_raise_coeff,util_call2,util_raise_coeff2,action,amount,cputime
0,8,7,Deal,0,♣5 ♣A,,60,0.21388888888888888,0.3897906212251158,0,10,68,2,58,-10,33.8111111111111,0.49722222222222223,-38.91111111111111,-0.5722222222222222,raise,0,0.526298999786377
1,8,7,Flop,1,♣5 ♣A,♦9 ♥K ♠6,5,0.0,0.0,544,0,0,8,20,-136,-136.0,-1.0,-136.0,-1.0,call,0,0.5287127494812012
2,8,6,Flop,0,♣5 ♣A,♦9 ♥K ♠6,50,0.02,0.13999999999999999,544,20,69,1,49,-156,-185.84,-0.88,-191.36,-0.96,fold,0,0.5255122184753418
