,N,Nnf,round,first,hole,board,Nsim,prWin,prWinStd,pot,bet,maxBet,NMaxBet,minBet,util_fold,util_call,util_raise_coeff,util_call2,util_raise_coeff2,action,amount,cputime
0,7,6,Deal,0,♦Q ♥K,,55,0.20909090909090908,0.4010317272747777,0,20,40,2,20,-20,10.18181818181818,0.2545454545454544,-23.272727272727273,-0.5818181818181818,raise,0,0.5223519802093506
1,7,6,Deal,0,♦Q ♥K,,95,0.20526315789473684,0.40062278387336975,0,80,173,2,93,-80,40.06315789473686,0.2315789473684211,-101.97894736842105,-0.5894736842105264,raise,0,0.5202150344848633
2,7,6,Flop,1,♦Q ♥K,♥10 ♠J ♦A,5,0.8,0.4,1038,0,0,7,40,-346,484.4000000000001,3.8000000000000007,484.4000000000001,0.6000000000000001,raise,0,0.523184061050415
3,7,6,Flop,0,♦Q ♥K,♥10 ♠J ♦A,40,0.5,0.5,1038,40,6761,1,6721,-386,13695.0,2.0,173.0,0.0,raise,0,0.5236608982086182
