,N,Nnf,round,first,hole,board,Nsim,prWin,prWinStd,pot,bet,maxBet,NMaxBet,minBet,util_fold,util_call,util_raise_coeff,util_call2,util_raise_coeff2,action,amount,cputime
0,7,6,Deal,0,♥7 ♥8,,85,0.11932773109243697,0.3219441682252931,0,10,146,1,136,-10,-41.468907563025226,-0.28403361344537825,-111.1563025210084,-0.761344537815126,fold,0,0.5256438255310059
