,N,Nnf,round,first,hole,board,Nsim,prWin,prWinStd,pot,bet,maxBet,NMaxBet,minBet,util_fold,util_call,util_raise_coeff,util_call2,util_raise_coeff2,action,amount,cputime
0,8,7,Deal,0,♠Q ♠5,,60,0.25555555555555554,0.41216082202203125,0,0,385,1,385,0,303.7222222222222,0.7888888888888888,-188.22222222222223,-0.48888888888888893,raise,0,0.524284839630127
1,8,7,Flop,0,♠Q ♠5,♦8 ♥10 ♥Q,25,0.04,0.19595917942265423,3582,0,82,1,82,-770,-685.76,-0.72,-702.16,-0.92,call,0,0.5231552124023438
2,8,6,Flop,0,♠Q ♠5,♦8 ♥10 ♥Q,65,0.05128205128205128,0.21268144977772022,3582,82,4694,2,4612,-852,-3836.0,-0.6923076923076923,-4798.871794871795,-0.8974358974358975,fold,0,0.5213017463684082
