,N,Nnf,round,first,hole,board,Nsim,prWin,prWinStd,pot,bet,maxBet,NMaxBet,minBet,util_fold,util_call,util_raise_coeff,util_call2,util_raise_coeff2,action,amount,cputime
0,7,6,Deal,0,♠8 ♥2,,55,0.11168831168831168,0.3114284631131816,0,0,40,1,40,0,-13.194805194805198,-0.32987012987012987,-31.064935064935064,-0.7766233766233767,fold,0,0.5277230739593506
