,N,Nnf,round,first,hole,board,Nsim,prWin,prWinStd,pot,bet,maxBet,NMaxBet,minBet,util_fold,util_call,util_raise_coeff,util_call2,util_raise_coeff2,action,amount,cputime
0,7,6,Deal,0,♥J ♠7,,55,0.1844155844155844,0.3729466750969177,0,40,91,1,51,-40,9.690909090909088,0.10649350649350642,-57.43636363636364,-0.6311688311688313,raise,0,0.5246090888977051
1,7,6,Deal,0,♥J ♠7,,95,0.18721804511278195,0.3764237487197906,0,182,351,1,169,-182,43.2812030075188,0.1233082706766917,-219.57293233082706,-0.6255639097744361,raise,0,0.5216367244720459
2,7,6,Flop,1,♥J ♠7,♥3 ♥9 ♥10,5,0.4,0.48989794855663565,2106,0,0,7,80,-702,140.4000000000001,1.4000000000000004,140.4000000000001,-0.19999999999999996,raise,0,0.5276310443878174
3,7,6,Flop,0,♥J ♠7,♥3 ♥9 ♥10,40,0.25,0.4330127018922193,2106,80,285,2,205,-782,-33.0,0.5,-318.0,-0.5,raise,0,0.521622896194458
4,7,6,Turn,1,♥J ♠7,♥3 ♥9 ♥10 ♥K,5,0.4,0.48989794855663565,3544,0,0,7,80,-1272,145.60000000000014,1.4000000000000004,145.60000000000014,-0.19999999999999996,raise,0,0.5270481109619141
5,7,6,Turn,0,♥J ♠7,♥3 ♥9 ♥10 ♥K,30,0.36666666666666664,0.48189440982669857,3544,80,319,1,239,-1352,410.2666666666664,1.1999999999999997,-57.600000000000136,-0.2666666666666667,raise,0,0.5177910327911377
