,N,Nnf,round,first,hole,board,Nsim,prWin,prWinStd,pot,bet,maxBet,NMaxBet,minBet,util_fold,util_call,util_raise_coeff,util_call2,util_raise_coeff2,action,amount,cputime
0,7,7,Deal,0,♥2 ♦A,,55,0.16363636363636364,0.3574473318425001,0,0,146,1,146,0,21.23636363636365,0.1454545454545455,-98.21818181818182,-0.6727272727272727,raise,0,0.5318758487701416
1,7,7,Deal,0,♥2 ♦A,,165,0.14242424242424243,0.34291999511353743,0,292,419,1,127,-292,-1.2696969696969518,-0.00303030303030305,-299.6484848484848,-0.7151515151515151,call,0,0.5259180068969727
2,7,7,Flop,0,♥2 ♦A,♥5 ♦10 ♦3,25,0.04,0.19595917942265428,2933,0,45,2,45,-419,-334.08,-0.72,-343.08,-0.92,call,0,0.5198910236358643
3,7,7,Flop,0,♥2 ♦A,♥5 ♦10 ♦3,75,0.12,0.32496153618543844,2933,45,79,1,34,-464,-79.68,-0.16000000000000003,-127.08000000000004,-0.76,call,0,0.5256798267364502
4,7,7,Flop,0,♥2 ♦A,♥5 ♦10 ♦3,130,0.12692307692307692,0.32998565505848687,2933,79,110,3,31,-498,-59.003846153846155,-0.11153846153846159,-128.81153846153848,-0.7461538461538462,call,0,0.520219087600708
5,7,7,Turn,0,♥2 ♦A,♥5 ♦10 ♦3 ♠3,30,0.03333333333333333,0.17950549357115012,3373,0,71,1,71,-529,-471.0,-0.7666666666666666,-482.8333333333333,-0.9333333333333333,call,0,0.5284521579742432
6,7,7,Turn,0,♥2 ♦A,♥5 ♦10 ♦3 ♠3,85,0.011764705882352941,0.1078253104695492,3373,71,145,1,74,-600,-622.3764705882353,-0.9176470588235294,-630.9058823529411,-0.9764705882352941,fold,0,0.5237913131713867
