,N,Nnf,round,first,hole,board,Nsim,prWin,prWinStd,pot,bet,maxBet,NMaxBet,minBet,util_fold,util_call,util_raise_coeff,util_call2,util_raise_coeff2,action,amount,cputime
0,7,7,Deal,0,♦5 ♣3,,10,0.2,0.4000000000000001,0,0,80,1,80,0,32.0,0.40000000000000013,-48.0,-0.6,raise,0,0.523810863494873
1,7,7,Deal,0,♦5 ♣3,,85,0.11960784313725492,0.31165986645185134,0,160,340,1,180,-160,-55.333333333333314,-0.16274509803921555,-258.66666666666663,-0.7607843137254902,call,0,0.5266470909118652
2,7,6,Flop,0,♦5 ♣3,♣9 ♠A ♦Q,45,0.0,0.0,1360,0,265,1,265,-340,-605.0,-1.0,-605.0,-1.0,fold,0,0.5289421081542969
