,N,Nnf,round,first,hole,board,Nsim,prWin,prWinStd,pot,bet,maxBet,NMaxBet,minBet,util_fold,util_call,util_raise_coeff,util_call2,util_raise_coeff2,action,amount,cputime
0,7,7,Deal,0,♥2 ♥Q,,75,0.15968253968253968,0.35532390412911014,0,0,154,1,154,0,18.137777777777785,0.11777777777777776,-104.81777777777778,-0.6806349206349207,raise,0,0.5221550464630127
1,7,6,Flop,0,♥2 ♥Q,♣7 ♦2 ♥A,90,0.18333333333333332,0.38333333333333336,2156,0,78,4,78,-308,95.06666666666666,0.09999999999999987,37.866666666666674,-0.6333333333333333,raise,0,0.5291571617126465
2,7,6,Flop,0,♥2 ♥Q,♣7 ♦2 ♥A,165,0.19090909090909092,0.3910852316339801,2156,156,157,2,1,-464,126.4363636363637,0.1454545454545455,6.545454545454561,-0.6181818181818182,raise,0,0.527580976486206
3,7,5,Turn,0,♥2 ♥Q,♣7 ♦2 ♥A ♥8,70,0.2357142857142857,0.4202161737166494,4040,0,55,2,55,-622,340.1071428571428,0.1785714285714286,301.21428571428567,-0.5285714285714286,raise,0,0.5219640731811523
4,7,5,Turn,0,♥2 ♥Q,♣7 ♦2 ♥A ♥8,135,0.2851851851851852,0.4494471531606635,4040,110,112,4,2,-732,577.851851851852,0.42592592592592604,482.02962962962965,-0.4296296296296296,raise,0,0.5258922576904297
5,7,5,River,0,♥2 ♥Q,♣7 ♦2 ♥A ♥8 ♥4,50,0.98,0.13999999999999999,5160,0,70,1,70,-846,4483.8,3.9000000000000004,4278.0,0.96,raise,0,0.5282807350158691
