,N,Nnf,round,first,hole,board,Nsim,prWin,prWinStd,pot,bet,maxBet,NMaxBet,minBet,util_fold,util_call,util_raise_coeff,util_call2,util_raise_coeff2,action,amount,cputime
0,7,6,Deal,0,♠K ♦Q,,65,0.25384615384615383,0.4307692307692308,0,0,49,1,49,0,25.630769230769232,0.523076923076923,-24.123076923076923,-0.49230769230769234,raise,0,0.5220980644226074
1,7,5,Flop,0,♠K ♦Q,♣3 ♦2 ♠8,50,0.14,0.34698703145794946,510,0,71,3,71,-98,-47.89999999999999,-0.29999999999999993,-77.72,-0.72,call,0,0.526669979095459
2,7,5,Flop,0,♠K ♦Q,♣3 ♦2 ♠8,115,0.09565217391304348,0.29411364391804806,510,71,117,3,46,-169,-110.26086956521739,-0.5217391304347826,-143.83478260869566,-0.808695652173913,call,0,0.5268549919128418
3,7,5,Turn,0,♠K ♦Q,♣3 ♦2 ♠8 ♣9,60,0.06666666666666667,0.24944382578492943,1095,0,61,1,61,-215,-182.66666666666669,-0.6666666666666667,-194.86666666666667,-0.8666666666666667,call,0,0.5255119800567627
4,7,5,Turn,0,♠K ♦Q,♣3 ♦2 ♠8 ♣9,130,0.07307692307692308,0.25654163301003524,1095,61,98,3,37,-276,-197.1730769230769,-0.6346153846153846,-218.6576923076923,-0.8538461538461538,call,0,0.5303738117218018
5,7,5,River,0,♠K ♦Q,♣3 ♦2 ♠8 ♣9 ♥Q,50,0.3,0.45825756949558394,1585,0,75,2,75,-313,200.0,0.5,132.5,-0.4,raise,0,0.5249760150909424
