,N,Nnf,round,first,hole,board,Nsim,prWin,prWinStd,pot,bet,maxBet,NMaxBet,minBet,util_fold,util_call,util_raise_coeff,util_call2,util_raise_coeff2,action,amount,cputime
0,7,7,Deal,0,♣9 ♦J,,10,0.15,0.32015621187164245,0,0,20,1,20,0,1.0,0.050000000000000044,-14.0,-0.7,raise,0,0.5291330814361572
1,7,7,Deal,0,♣9 ♦J,,120,0.14166666666666666,0.3365470084384779,0,40,154,1,114,-40,-1.2833333333333314,-0.008333333333333304,-110.36666666666667,-0.7166666666666667,call,0,0.522702693939209
2,7,6,Flop,0,♣9 ♦J,♥A ♣Q ♥J,45,0.16666666666666666,0.36514837167011077,1078,0,20,1,20,-154,25.666666666666657,0.0,12.333333333333314,-0.6666666666666667,call,0,0.529792070388794
3,7,6,Flop,0,♣9 ♦J,♥A ♣Q ♥J,120,0.1611111111111111,0.34756649599149003,1078,20,77,3,57,-174,17.111111111111086,-0.03333333333333344,-32.51111111111115,-0.6777777777777778,call,0,0.5234959125518799
4,7,6,Flop,0,♣9 ♦J,♥A ♣Q ♥J,195,0.16581196581196578,0.3562616263499704,1078,77,102,5,25,-231,24.22222222222217,-0.005128205128205332,-43.429059829059895,-0.6683760683760684,call,0,0.523597240447998
5,7,6,Turn,0,♣9 ♦J,♥A ♣Q ♥J ♣8,15,0.1,0.27080128015453203,1690,0,31,1,31,-256,-99.4,-0.3999999999999999,-111.80000000000001,-0.8,call,0,0.5213868618011475
6,7,6,Turn,0,♣9 ♦J,♥A ♣Q ♥J ♣8,90,0.08888888888888889,0.26434171674156265,1690,31,744,3,713,-287,-452.97777777777765,-0.4666666666666667,-717.5111111111111,-0.8222222222222222,fold,0,0.520697832107544
