,N,Nnf,round,first,hole,board,Nsim,prWin,prWinStd,pot,bet,maxBet,NMaxBet,minBet,util_fold,util_call,util_raise_coeff,util_call2,util_raise_coeff2,action,amount,cputime
0,7,7,Deal,0,♣4 ♥K,,10,0.2,0.4000000000000001,0,0,40,1,40,0,16.0,0.40000000000000013,-24.0,-0.6,raise,0,0.5273818969726562
1,7,7,Deal,0,♣4 ♥K,,85,0.1546218487394958,0.35127055592549683,0,80,160,1,80,-80,13.176470588235304,0.08235294117647074,-110.52100840336135,-0.6907563025210084,raise,0,0.5299050807952881
2,7,7,Deal,0,♣4 ♥K,,170,0.1861344537815126,0.38256550560112196,0,320,640,1,320,-320,193.88235294117646,0.30294117647058827,-401.74789915966386,-0.6277310924369748,raise,0,0.5204222202301025
3,7,7,Flop,0,♣4 ♥K,♣10 ♣9 ♥4,45,0.16666666666666666,0.3651483716701107,3200,0,116,1,116,-640,-87.33333333333348,0.16666666666666652,-184.0000000000001,-0.6666666666666667,raise,0,0.5255208015441895
4,7,7,Flop,0,♣4 ♥K,♣10 ♣9 ♥4,130,0.11923076923076924,0.3210789871298515,3200,232,464,1,232,-872,-335.20000000000005,-0.16538461538461535,-611.8153846153846,-0.7615384615384615,call,0,0.5296182632446289
