,N,Nnf,round,first,hole,board,Nsim,prWin,prWinStd,pot,bet,maxBet,NMaxBet,minBet,util_fold,util_call,util_raise_coeff,util_call2,util_raise_coeff2,action,amount,cputime
0,7,7,Deal,0,♦Q ♠10,,55,0.3090909090909091,0.4521756405616687,0,20,80,1,60,-20,93.0909090909091,1.1636363636363636,-30.545454545454547,-0.38181818181818183,raise,0,0.5232498645782471
1,7,7,Deal,0,♦Q ♠10,,125,0.268,0.436091733469003,0,160,320,1,160,-160,280.32000000000005,0.8760000000000001,-148.48,-0.46399999999999997,raise,0,0.5205321311950684
