,N,Nnf,round,first,hole,board,Nsim,prWin,prWinStd,pot,bet,maxBet,NMaxBet,minBet,util_fold,util_call,util_raise_coeff,util_call2,util_raise_coeff2,action,amount,cputime
0,7,6,Deal,0,♦6 ♦K,,40,0.1875,0.38222212128551636,0,0,20,1,20,0,2.5,0.125,-12.5,-0.625,raise,0,0.5238337516784668
1,7,6,Deal,0,♦6 ♦K,,115,0.19130434782608696,0.38211430509077965,0,40,79,3,39,-40,11.678260869565221,0.14782608695652177,-48.77391304347826,-0.6173913043478261,raise,0,0.5243010520935059
2,7,6,Flop,0,♦6 ♦K,♠2 ♦J ♦5,25,0.24,0.4270831300812524,948,0,60,1,60,-158,95.91999999999996,0.43999999999999995,38.31999999999999,-0.52,raise,0,0.5263569355010986
3,7,6,Turn,0,♦6 ♦K,♠2 ♦J ♦5 ♦3,30,0.9333333333333333,0.24944382578492943,1668,0,67,1,67,-278,1587.0,4.6,1336.8666666666666,0.8666666666666667,raise,0,0.5309908390045166
4,7,6,River,0,♦6 ♦K,♠2 ♦J ♦5 ♦3 ♦2,25,0.68,0.46647615158762407,2472,0,68,2,68,-412,1478.4,3.08,1293.44,0.3600000000000001,raise,0,0.5241811275482178
5,7,6,River,0,♦6 ♦K,♠2 ♦J ♦5 ♦3 ♦2,95,0.6842105263157895,0.4648295192804131,2472,136,3731,1,3595,-548,12865.105263157893,3.105263157894737,2653.9473684210525,0.368421052631579,raise,0,0.5226030349731445
