,N,Nnf,round,first,hole,board,Nsim,prWin,prWinStd,pot,bet,maxBet,NMaxBet,minBet,util_fold,util_call,util_raise_coeff,util_call2,util_raise_coeff2,action,amount,cputime
0,7,7,Deal,0,♠5 ♥Q,,55,0.12943722943722943,0.31566546266579276,0,40,160,1,120,-40,-15.030303030303031,-0.09393939393939399,-118.58008658008657,-0.7411255411255411,call,0,0.5284738540649414
1,7,6,Deal,0,♠5 ♥Q,,125,0.16209523809523807,0.34799973935924766,0,160,299,1,139,-160,-8.201142857142884,-0.02742857142857158,-202.06704761904763,-0.6758095238095239,call,0,0.5321259498596191
2,7,6,Deal,0,♠5 ♥Q,,165,0.13694083694083695,0.32510358159505387,0,299,574,1,275,-299,-102.37575757575758,-0.17835497835497827,-416.7919191919192,-0.7261183261183262,call,0,0.5244982242584229
3,7,6,Flop,1,♠5 ♥Q,♦7 ♥4 ♠9,5,0.0,0.0,1882,0,0,7,80,-574,-574.0,-1.0,-574.0,-1.0,call,0,0.5272047519683838
4,7,6,Flop,0,♠5 ♥Q,♦7 ♥4 ♠9,45,0.022222222222222223,0.14740554623801777,1882,80,246,2,166,-654,-745.3777777777777,-0.8666666666666667,-767.2444444444444,-0.9555555555555556,fold,0,0.5241708755493164
