,N,Nnf,round,first,hole,board,Nsim,prWin,prWinStd,pot,bet,maxBet,NMaxBet,minBet,util_fold,util_call,util_raise_coeff,util_call2,util_raise_coeff2,action,amount,cputime
0,8,8,Deal,0,♣J ♦9,,70,0.1261904761904762,0.31044734017286757,0,0,94,1,94,0,0.895238095238085,0.00952380952380949,-70.27619047619048,-0.7476190476190476,raise,0,0.532649040222168
1,8,7,Flop,0,♣J ♦9,♠K ♥A ♠7,50,0.02,0.13999999999999999,1222,0,100,5,100,-188,-249.56,-0.86,-259.56,-0.96,fold,0,0.5240650177001953
