,N,Nnf,round,first,hole,board,Nsim,prWin,prWinStd,pot,bet,maxBet,NMaxBet,minBet,util_fold,util_call,util_raise_coeff,util_call2,util_raise_coeff2,action,amount,cputime
0,8,8,Deal,0,♣6 ♠8,,70,0.1357142857142857,0.3264684252007555,0,80,302,3,222,-80,25.885714285714243,0.08571428571428563,-220.02857142857144,-0.7285714285714286,raise,0,0.5238049030303955
1,8,7,Deal,0,♣6 ♠8,,145,0.11379310344827587,0.30930861491847006,0,604,11327,1,10723,-604,-2304.4586206896547,-0.20344827586206893,-8749.131034482758,-0.7724137931034483,fold,0,0.527738094329834
