,N,Nnf,round,first,hole,board,Nsim,prWin,prWinStd,pot,bet,maxBet,NMaxBet,minBet,util_fold,util_call,util_raise_coeff,util_call2,util_raise_coeff2,action,amount,cputime
0,7,7,Deal,0,♦5 ♦2,,65,0.18461538461538463,0.387985237320569,0,0,88,1,88,0,25.723076923076917,0.2923076923076924,-55.50769230769231,-0.6307692307692307,raise,0,0.5197970867156982
1,7,6,Flop,0,♦5 ♦2,♣A ♣9 ♣K,45,0.022222222222222223,0.14740554623801777,1144,0,79,2,79,-176,-219.04444444444445,-0.8666666666666667,-226.06666666666666,-0.9555555555555556,fold,0,0.5275418758392334
