,N,Nnf,round,first,hole,board,Nsim,prWin,prWinStd,pot,bet,maxBet,NMaxBet,minBet,util_fold,util_call,util_raise_coeff,util_call2,util_raise_coeff2,action,amount,cputime
0,8,8,Deal,0,♦6 ♦10,,50,0.24,0.4270831300812525,0,0,40,1,40,0,36.8,0.9199999999999999,-20.8,-0.52,raise,0,0.520881175994873
1,8,8,Deal,0,♦6 ♦10,,155,0.15672043010752687,0.3517774844176133,0,80,178,1,98,-80,45.16989247311827,0.25376344086021496,-122.20752688172044,-0.6865591397849462,raise,0,0.5278949737548828
2,8,8,Flop,0,♦6 ♦10,♥9 ♥2 ♦9,65,0.07884615384615384,0.2515043496041817,2848,0,67,4,67,-356,-156.18461538461543,-0.36923076923076925,-187.88076923076926,-0.8423076923076923,call,0,0.5289909839630127
3,8,8,Turn,0,♦6 ♦10,♥9 ♥2 ♦9 ♠5,60,0.03333333333333333,0.17950549357115012,3384,0,43,4,43,-423,-341.73333333333335,-0.7333333333333334,-350.33333333333337,-0.9333333333333333,call,0,0.5249931812286377
4,8,8,Turn,0,♦6 ♦10,♥9 ♥2 ♦9 ♠5,170,0.01764705882352941,0.13166487815058464,3384,43,100,3,57,-466,-449.1647058823529,-0.8588235294117648,-459.7529411764706,-0.9647058823529412,call,0,0.5292580127716064
5,8,7,River,0,♦6 ♦10,♥9 ♥2 ♦9 ♠5 ♦5,60,0.0,0.0,4184,0,52,3,52,-523,-575.0,-1.0,-575.0,-1.0,fold,0,0.5250799655914307
