,N,Nnf,round,first,hole,board,Nsim,prWin,prWinStd,pot,bet,maxBet,NMaxBet,minBet,util_fold,util_call,util_raise_coeff,util_call2,util_raise_coeff2,action,amount,cputime
0,7,7,Deal,0,♦7 ♥6,,15,0.2,0.4000000000000001,0,0,20,1,20,0,8.0,0.40000000000000013,-12.0,-0.6,raise,0,0.5307776927947998
1,7,6,Deal,0,♦7 ♥6,,110,0.12402597402597403,0.32443432614076334,0,40,61,3,21,-40,-15.606493506493507,-0.2558441558441559,-45.86883116883117,-0.7519480519480519,call,0,0.5209627151489258
2,7,6,Deal,0,♦7 ♥6,,175,0.12081632653061224,0.32041050304618196,0,61,98,4,37,-61,-26.960000000000008,-0.2751020408163266,-74.32,-0.7583673469387755,call,0,0.5191600322723389
3,7,6,Flop,0,♦7 ♥6,♦3 ♠4 ♥7,10,0.3,0.45825756949558405,608,0,63,1,63,-98,134.8,0.7999999999999998,59.19999999999999,-0.4,raise,0,0.5253000259399414
4,7,6,Turn,0,♦7 ♥6,♦3 ♠4 ♥7 ♣Q,15,0.26666666666666666,0.44221663871405337,1364,0,63,1,63,-224,177.53333333333336,0.6000000000000001,110.33333333333337,-0.4666666666666667,raise,0,0.5267088413238525
5,7,6,Turn,0,♦7 ♥6,♦3 ♠4 ♥7 ♣Q,80,0.1875,0.3903123748998999,1364,126,142,1,16,-350,49.5,0.125,-57.0,-0.625,raise,0,0.5225532054901123
6,7,6,River,0,♦7 ♥6,♦3 ♠4 ♥7 ♣Q ♣5,15,0.8555555555555555,0.24241582476968254,3068,0,59,1,59,-508,2360.711111111111,4.133333333333333,2158.8,0.711111111111111,raise,0,0.5279359817504883
