,N,Nnf,round,first,hole,board,Nsim,prWin,prWinStd,pot,bet,maxBet,NMaxBet,minBet,util_fold,util_call,util_raise_coeff,util_call2,util_raise_coeff2,action,amount,cputime
0,7,7,Deal,0,♦6 ♥K,,55,0.11818181818181818,0.3157046428033699,0,80,330,1,250,-80,-57.0,-0.17272727272727273,-252.0,-0.7636363636363637,call,0,0.5225450992584229
1,7,7,Flop,0,♦6 ♥K,♦7 ♦Q ♥6,35,0.14285714285714285,0.3499271061118826,1320,0,80,1,80,-330,-141.42857142857144,0.0,-198.57142857142858,-0.7142857142857143,call,0,0.524824857711792
2,7,6,Flop,0,♦6 ♥K,♦7 ♦Q ♥6,105,0.12380952380952381,0.3220540651221127,1320,80,269,1,189,-410,-235.74285714285713,-0.2571428571428571,-368.96190476190475,-0.7523809523809524,call,0,0.5211470127105713
3,7,6,Turn,1,♦6 ♥K,♦7 ♦Q ♥6 ♥Q,5,0.1,0.20000000000000004,2207,0,0,7,80,-599,-378.29999999999995,-0.3999999999999999,-378.29999999999995,-0.8,call,0,0.5315091609954834
4,7,6,Turn,0,♦6 ♥K,♦7 ♦Q ♥6 ♥Q,45,0.08888888888888889,0.26434171674156265,2207,80,267,1,187,-679,-527.4222222222222,-0.4666666666666667,-622.3555555555556,-0.8222222222222222,call,0,0.520949125289917
