,N,Nnf,round,first,hole,board,Nsim,prWin,prWinStd,pot,bet,maxBet,NMaxBet,minBet,util_fold,util_call,util_raise_coeff,util_call2,util_raise_coeff2,action,amount,cputime
0,7,6,Deal,0,♦5 ♦9,,100,0.19,0.39230090491866065,0,20,78,2,58,-20,10.920000000000002,0.14000000000000012,-48.36,-0.62,raise,0,0.5299413204193115
1,7,6,Flop,1,♦5 ♦9,♦3 ♠7 ♥8,5,0.1,0.20000000000000004,858,0,0,7,20,-156,-70.19999999999999,-0.3999999999999999,-70.19999999999999,-0.8,call,0,0.5255138874053955
2,7,6,Flop,0,♦5 ♦9,♦3 ♠7 ♥8,55,0.1,0.2923260943784277,858,20,79,3,59,-176,-101.79999999999998,-0.3999999999999999,-133.39999999999998,-0.8,call,0,0.5284678936004639
3,7,6,Turn,1,♦5 ♦9,♦3 ♠7 ♥8 ♠Q,5,0.0,0.0,1174,0,0,7,20,-235,-235.0,-1.0,-235.0,-1.0,call,0,0.5225818157196045
4,7,5,Turn,0,♦5 ♦9,♦3 ♠7 ♥8 ♠Q,55,0.10909090909090909,0.31175323999058624,1174,20,38,1,18,-255,-124.20000000000002,-0.4545454545454546,-136.63636363636365,-0.7818181818181819,call,0,0.5283510684967041
5,7,5,Turn,0,♦5 ♦9,♦3 ♠7 ♥8 ♠Q,100,0.07,0.25514701644346144,1174,38,106,1,68,-273,-221.72,-0.6499999999999999,-243.98,-0.86,call,0,0.5215067863464355
6,7,5,River,1,♦5 ♦9,♦3 ♠7 ♥8 ♠Q ♣K,5,0.0,0.0,1492,0,0,7,20,-341,-341.0,-1.0,-341.0,-1.0,call,0,0.5275478363037109
7,7,5,River,0,♦5 ♦9,♦3 ♠7 ♥8 ♠Q ♣K,45,0.0,0.0,1492,20,53,1,33,-361,-394.0,-1.0,-394.0,-1.0,fold,0,0.5198779106140137
