,N,Nnf,round,first,hole,board,Nsim,prWin,prWinStd,pot,bet,maxBet,NMaxBet,minBet,util_fold,util_call,util_raise_coeff,util_call2,util_raise_coeff2,action,amount,cputime
0,7,7,Deal,0,♣J ♣3,,65,0.2021978021978022,0.3795331410355442,0,0,146,1,146,0,60.64615384615385,0.41538461538461546,-86.95824175824175,-0.5956043956043956,raise,0,0.5228688716888428
1,7,7,Deal,0,♣J ♣3,,175,0.1593877551020408,0.34958856045261777,0,292,584,1,292,-292,67.5771428571428,0.11571428571428566,-397.8351020408163,-0.6812244897959183,raise,0,0.5237109661102295
