,N,Nnf,round,first,hole,board,Nsim,prWin,prWinStd,pot,bet,maxBet,NMaxBet,minBet,util_fold,util_call,util_raise_coeff,util_call2,util_raise_coeff2,action,amount,cputime
0,7,7,Deal,0,♥2 ♦Q,,55,0.14545454545454545,0.3257540521303439,0,0,110,1,110,0,2.0,0.018181818181818077,-78.0,-0.7090909090909091,raise,0,0.5245769023895264
1,7,7,Deal,0,♥2 ♦Q,,165,0.1393939393939394,0.3329750140224774,0,220,440,1,220,-220,-10.666666666666629,-0.024242424242424176,-317.3333333333333,-0.7212121212121212,call,0,0.5256218910217285
2,7,6,Flop,0,♥2 ♦Q,♥J ♠10 ♠Q,45,0.1,0.2905932629027116,2592,0,62,1,62,-440,-205.60000000000002,-0.3999999999999999,-230.40000000000003,-0.8,call,0,0.5276789665222168
3,7,6,Flop,0,♥2 ♦Q,♥J ♠10 ♠Q,100,0.17,0.35510561809129404,2592,62,109,1,47,-502,2.82000000000005,0.020000000000000018,-71.29999999999995,-0.6599999999999999,raise,0,0.5249419212341309
