,N,Nnf,round,first,hole,board,Nsim,prWin,prWinStd,pot,bet,maxBet,NMaxBet,minBet,util_fold,util_call,util_raise_coeff,util_call2,util_raise_coeff2,action,amount,cputime
0,7,7,Deal,0,♠8 ♦9,,55,0.14545454545454545,0.33942099459262665,0,40,566,1,526,-40,10.290909090909054,0.018181818181818077,-401.3454545454546,-0.7090909090909091,raise,0,0.5297298431396484
1,7,7,Flop,1,♠8 ♦9,♣7 ♠Q ♦8,5,0.2,0.4000000000000001,4142,0,0,7,80,-1132,-303.5999999999999,0.40000000000000013,-303.5999999999999,-0.6,raise,0,0.524625301361084
2,7,7,Flop,0,♠8 ♦9,♣7 ♠Q ♦8,65,0.14615384615384616,0.34777398632176354,4142,80,376,1,296,-1212,-517.953846153846,0.023076923076923217,-792.7230769230769,-0.7076923076923076,raise,0,0.5236918926239014
3,7,7,Turn,1,♠8 ♦9,♣7 ♠Q ♦8 ♠10,5,0.2,0.4000000000000001,6235,0,0,7,80,-1884,-637.0,0.40000000000000013,-637.0,-0.6,raise,0,0.5252387523651123
4,7,7,Turn,0,♠8 ♦9,♣7 ♠Q ♦8 ♠10,30,0.13333333333333333,0.33993463423951903,6235,80,170,1,90,-1964,-1064.0,-0.06666666666666665,-1177.3333333333333,-0.7333333333333334,call,0,0.5261907577514648
5,7,7,River,1,♠8 ♦9,♣7 ♠Q ♦8 ♠10 ♦7,5,0.0,0.0,6575,0,0,7,80,-2054,-2054.0,-1.0,-2054.0,-1.0,call,0,0.5310730934143066
