,N,Nnf,round,first,hole,board,Nsim,prWin,prWinStd,pot,bet,maxBet,NMaxBet,minBet,util_fold,util_call,util_raise_coeff,util_call2,util_raise_coeff2,action,amount,cputime
0,8,7,Deal,0,♦6 ♣K,,60,0.05416666666666667,0.2181440018784737,0,10,20,3,10,-10,-12.416666666666666,-0.6208333333333333,-17.833333333333332,-0.8916666666666666,fold,0,0.5247728824615479
