,N,Nnf,round,first,hole,board,Nsim,prWin,prWinStd,pot,bet,maxBet,NMaxBet,minBet,util_fold,util_call,util_raise_coeff,util_call2,util_raise_coeff2,action,amount,cputime
0,7,6,Deal,0,♠K ♦K,,65,0.46153846153846156,0.4985185152621431,0,0,114,2,114,0,201.69230769230774,1.7692307692307692,-8.76923076923076,-0.07692307692307687,raise,0,0.5219142436981201
1,7,6,Deal,0,♠K ♦K,,130,0.46923076923076923,0.4990523564094952,0,228,237,1,9,-228,430.2461538461539,1.8153846153846152,-14.584615384615375,-0.06153846153846154,raise,0,0.5224759578704834
2,7,6,Flop,0,♠K ♦K,♣K ♣10 ♥J,50,0.6066666666666667,0.48391918517225346,2461,0,119,1,119,-474,1333.1666666666667,2.64,1044.3933333333334,0.21333333333333337,raise,0,0.5222780704498291
3,7,6,Flop,0,♠K ♦K,♣K ♣10 ♥J,110,0.55,0.49418333816223675,2461,238,243,1,5,-712,1438.4500000000003,2.3000000000000003,903.8500000000001,0.10000000000000009,raise,0,0.5199718475341797
4,7,6,Turn,0,♠K ♦K,♣K ♣10 ♥J ♣9,50,0.244,0.4257511009968148,4891,0,111,1,111,-960,284.9079999999999,0.46399999999999997,176.5719999999999,-0.512,raise,0,0.5309598445892334
5,7,6,River,0,♠K ♦K,♣K ♣10 ♥J ♣9 ♦Q,30,0.04666666666666666,0.09635966575899474,5637,0,104,2,104,-1182,-993.82,-0.72,-1013.2333333333333,-0.9066666666666667,call,0,0.5220201015472412
