,N,Nnf,round,first,hole,board,Nsim,prWin,prWinStd,pot,bet,maxBet,NMaxBet,minBet,util_fold,util_call,util_raise_coeff,util_call2,util_raise_coeff2,action,amount,cputime
0,7,6,Deal,0,♣4 ♦10,,65,0.11538461538461539,0.31340844288405173,0,80,252,2,172,-80,-77.53846153846152,-0.3076923076923077,-193.84615384615384,-0.7692307692307692,call,0,0.5223958492279053
1,7,6,Flop,1,♣4 ♦10,♠Q ♥A ♥Q,5,0.1,0.2,796,0,0,7,80,-252,-172.39999999999998,-0.3999999999999999,-172.39999999999998,-0.8,call,0,0.5268311500549316
2,7,6,Flop,0,♣4 ♦10,♠Q ♥A ♥Q,45,0.029629629629629627,0.11270462262742921,796,80,241,1,161,-332,-426.57037037037037,-0.8222222222222222,-455.1333333333333,-0.9407407407407408,fold,0,0.5246331691741943
