,N,Nnf,round,first,hole,board,Nsim,prWin,prWinStd,pot,bet,maxBet,NMaxBet,minBet,util_fold,util_call,util_raise_coeff,util_call2,util_raise_coeff2,action,amount,cputime
0,7,6,Deal,0,♠7 ♥4,,70,0.11632653061224489,0.30643521437341364,0,80,110,1,30,-80,-33.22448979591837,-0.3020408163265307,-84.40816326530613,-0.7673469387755102,call,0,0.5222530364990234
1,7,6,Deal,0,♠7 ♥4,,115,0.10993788819875776,0.300441402058936,0,110,370,2,260,-110,-125.93788819875778,-0.3403726708074535,-288.64596273291926,-0.7801242236024845,fold,0,0.5209360122680664
