,N,Nnf,round,first,hole,board,Nsim,prWin,prWinStd,pot,bet,maxBet,NMaxBet,minBet,util_fold,util_call,util_raise_coeff,util_call2,util_raise_coeff2,action,amount,cputime
0,8,8,Deal,0,♠8 ♦Q,,70,0.18333333333333332,0.3781219254105619,0,0,96,1,96,0,44.79999999999998,0.46666666666666656,-60.800000000000004,-0.6333333333333333,raise,0,0.5221970081329346
1,8,8,Deal,0,♠8 ♦Q,,175,0.1819047619047619,0.3747035109102067,0,192,384,1,192,-192,174.81142857142856,0.4552380952380952,-244.29714285714286,-0.6361904761904762,raise,0,0.5222818851470947
2,8,8,Flop,0,♠8 ♦Q,♣J ♥9 ♦4,45,0.03333333333333333,0.1632993161855452,5115,0,76,2,76,-768,-653.2333333333333,-0.7333333333333334,-668.4333333333334,-0.9333333333333333,call,0,0.5261790752410889
3,8,8,Turn,0,♠8 ♦Q,♣J ♥9 ♦4 ♣A,45,0.029629629629629627,0.1543160493037012,5495,0,56,2,56,-844,-723.9111111111112,-0.762962962962963,-733.8666666666667,-0.9407407407407408,call,0,0.52597975730896
4,8,8,Turn,0,♠8 ♦Q,♣J ♥9 ♦4 ♣A,100,0.04333333333333333,0.19807406022327437,5495,56,86,3,30,-900,-662.07,-0.6533333333333333,-684.4300000000001,-0.9133333333333333,call,0,0.5314300060272217
5,8,8,River,0,♠8 ♦Q,♣J ♥9 ♦4 ♣A ♠9,40,0.0,0.0,5925,0,73,3,73,-930,-1003.0,-1.0,-1003.0,-1.0,fold,0,0.5276119709014893
