,N,Nnf,round,first,hole,board,Nsim,prWin,prWinStd,pot,bet,maxBet,NMaxBet,minBet,util_fold,util_call,util_raise_coeff,util_call2,util_raise_coeff2,action,amount,cputime
0,7,7,Deal,0,♥8 ♥9,,10,0.15,0.32015621187164245,0,0,40,1,40,0,2.0,0.050000000000000044,-28.0,-0.7,raise,0,0.5257110595703125
1,7,6,Deal,0,♥8 ♥9,,95,0.19097744360902255,0.38464654570081064,0,80,153,2,73,-80,22.317293233082694,0.14586466165413525,-94.56090225563909,-0.6180451127819548,raise,0,0.5222759246826172
2,7,6,Flop,0,♥8 ♥9,♠A ♥Q ♦J,15,0.13333333333333333,0.3399346342395189,1264,0,69,1,69,-306,-151.26666666666668,-0.19999999999999996,-188.06666666666666,-0.7333333333333334,call,0,0.5300207138061523
3,7,6,Flop,0,♥8 ♥9,♠A ♥Q ♦J,65,0.08076923076923077,0.2671346977566975,1264,69,117,1,48,-375,-264.2076923076923,-0.5153846153846153,-302.0076923076923,-0.8384615384615385,call,0,0.5175399780273438
4,7,6,Flop,0,♥8 ♥9,♠A ♥Q ♦J,120,0.12875,0.3305716324288378,1264,117,198,1,81,-423,-188.305,-0.22750000000000004,-290.275,-0.7424999999999999,call,0,0.5295698642730713
5,7,6,Turn,1,♥8 ♥9,♠A ♥Q ♦J ♥7,5,0.4,0.48989794855663565,2056,0,0,7,40,-504,318.4000000000001,1.4000000000000004,318.4000000000001,-0.19999999999999996,raise,0,0.5278158187866211
6,7,6,Turn,0,♥8 ♥9,♠A ♥Q ♦J ♥7,45,0.15555555555555556,0.36243347622889094,2056,40,127,1,87,-544,-192.6444444444444,-0.06666666666666665,-271.66666666666663,-0.6888888888888889,call,0,0.520270824432373
7,7,6,River,1,♥8 ♥9,♠A ♥Q ♦J ♥7 ♠5,5,0.0,0.0,2437,0,0,7,40,-631,-631.0,-1.0,-631.0,-1.0,call,0,0.5298080444335938
8,7,6,River,0,♥8 ♥9,♠A ♥Q ♦J ♥7 ♠5,40,0.0,0.0,2437,40,138,2,98,-671,-769.0,-1.0,-769.0,-1.0,fold,0,0.5308458805084229
