,N,Nnf,round,first,hole,board,Nsim,prWin,prWinStd,pot,bet,maxBet,NMaxBet,minBet,util_fold,util_call,util_raise_coeff,util_call2,util_raise_coeff2,action,amount,cputime
0,7,6,Deal,0,♠2 ♠4,,55,0.0935064935064935,0.28729198404258627,0,20,40,2,20,-20,-17.55844155844156,-0.438961038961039,-32.519480519480524,-0.812987012987013,call,0,0.5237839221954346
1,7,6,Deal,0,♠2 ♠4,,95,0.11203007518796992,0.30912589970220355,0,40,100,1,60,-40,-32.78195488721805,-0.32781954887218046,-77.59398496240601,-0.7759398496240602,call,0,0.5214862823486328
2,7,6,Deal,0,♠2 ♠4,,135,0.11693121693121693,0.3155826304305002,0,100,140,1,40,-100,-41.77777777777777,-0.29841269841269846,-107.25925925925927,-0.7661375661375661,call,0,0.5223388671875
3,7,6,Flop,1,♠2 ♠4,♥J ♠A ♣7,5,0.0,0.0,420,0,0,7,40,-140,-140.0,-1.0,-140.0,-1.0,call,0,0.52205491065979
4,7,6,Turn,1,♠2 ♠4,♥J ♠A ♣7 ♣K,5,0.0,0.0,540,0,0,7,40,-180,-180.0,-1.0,-180.0,-1.0,call,0,0.5246310234069824
5,7,6,Turn,0,♠2 ♠4,♥J ♠A ♣7 ♣K,45,0.0,0.0,540,40,157,2,117,-220,-337.0,-1.0,-337.0,-1.0,fold,0,0.5190291404724121
