,N,Nnf,round,first,hole,board,Nsim,prWin,prWinStd,pot,bet,maxBet,NMaxBet,minBet,util_fold,util_call,util_raise_coeff,util_call2,util_raise_coeff2,action,amount,cputime
0,7,7,Deal,0,♣J ♣3,,75,0.19523809523809524,0.37258671699082957,0,80,398,1,318,-80,145.9333333333334,0.3666666666666667,-242.59047619047618,-0.6095238095238096,raise,0,0.5323357582092285
1,7,7,Deal,0,♣J ♣3,,145,0.17167487684729063,0.35776538236659783,0,796,1592,1,796,-796,321.14482758620693,0.2017241379310344,-1045.3871921182267,-0.6566502463054187,raise,0,0.5275051593780518
2,7,6,Flop,1,♣J ♣3,♣2 ♦5 ♥6,5,0.2,0.4000000000000001,11277,0,0,7,80,-3184,-928.5999999999999,0.20000000000000018,-928.5999999999999,-0.6,raise,0,0.5216419696807861
3,7,6,Turn,1,♣J ♣3,♣2 ♦5 ♥6 ♣7,5,0.0,0.0,11517,0,0,7,80,-3264,-3264.0,-1.0,-3264.0,-1.0,call,0,0.5238370895385742
4,7,6,Turn,0,♣J ♣3,♣2 ♦5 ♥6 ♣7,45,0.2222222222222222,0.41573970964154905,11517,80,259,1,179,-3344,-618.3333333333335,0.33333333333333326,-848.5555555555557,-0.5555555555555556,raise,0,0.5157508850097656
5,7,6,River,1,♣J ♣3,♣2 ♦5 ♥6 ♣7 ♠A,5,0.0,0.0,13071,0,0,7,80,-3782,-3782.0,-1.0,-3782.0,-1.0,call,0,0.5289406776428223
