,N,Nnf,round,first,hole,board,Nsim,prWin,prWinStd,pot,bet,maxBet,NMaxBet,minBet,util_fold,util_call,util_raise_coeff,util_call2,util_raise_coeff2,action,amount,cputime
0,7,7,Deal,0,♣4 ♥7,,45,0.05873015873015873,0.21680471211382693,0,0,50,1,50,0,-29.444444444444446,-0.5888888888888889,-44.12698412698413,-0.8825396825396825,fold,0,0.5265841484069824
