,N,Nnf,round,first,hole,board,Nsim,prWin,prWinStd,pot,bet,maxBet,NMaxBet,minBet,util_fold,util_call,util_raise_coeff,util_call2,util_raise_coeff2,action,amount,cputime
0,7,7,Deal,0,♣10 ♥2,,55,0.06623376623376623,0.23468075084104054,0,80,3620,1,3540,-80,-1941.6363636363637,-0.5363636363636364,-3140.4675324675327,-0.8675324675324676,fold,0,0.5241608619689941
