,N,Nnf,round,first,hole,board,Nsim,prWin,prWinStd,pot,bet,maxBet,NMaxBet,minBet,util_fold,util_call,util_raise_coeff,util_call2,util_raise_coeff2,action,amount,cputime
0,7,7,Deal,0,♦K ♠2,,45,0.15873015873015875,0.3616819141238378,0,0,40,1,40,0,4.44444444444445,0.11111111111111116,-27.3015873015873,-0.6825396825396826,raise,0,0.5247468948364258
1,7,7,Deal,0,♦K ♠2,,155,0.13947772657450078,0.3276165325797149,0,80,194,1,114,-80,-4.589247311827961,-0.023655913978494536,-139.8826420890937,-0.7210445468509985,call,0,0.5286378860473633
2,7,7,Flop,0,♦K ♠2,♣4 ♠6 ♦8,50,0.1,0.3,1358,0,80,1,80,-194,-82.19999999999999,-0.29999999999999993,-122.19999999999999,-0.8,call,0,0.5240528583526611
3,7,7,Flop,0,♦K ♠2,♣4 ♠6 ♦8,140,0.04642857142857143,0.2061243432929725,1358,80,194,1,114,-274,-261.9,-0.675,-306.9357142857143,-0.9071428571428571,call,0,0.5230300426483154
4,7,7,Turn,0,♦K ♠2,♣4 ♠6 ♦8 ♥2,55,0.07272727272727272,0.25968830649246727,2716,0,144,1,144,-388,-261.16363636363633,-0.49090909090909096,-313.5272727272727,-0.8545454545454545,call,0,0.5240778923034668
5,7,7,River,0,♦K ♠2,♣4 ♠6 ♦8 ♥2 ♣3,55,0.0,0.0,3724,0,78,2,78,-532,-610.0,-1.0,-610.0,-1.0,fold,0,0.5261046886444092
