,N,Nnf,round,first,hole,board,Nsim,prWin,prWinStd,pot,bet,maxBet,NMaxBet,minBet,util_fold,util_call,util_raise_coeff,util_call2,util_raise_coeff2,action,amount,cputime
0,7,7,Deal,0,♦5 ♥K,,45,0.15555555555555556,0.36243347622889094,0,0,320,1,320,0,28.444444444444457,0.08888888888888902,-220.44444444444446,-0.6888888888888889,raise,0,0.5272078514099121
1,7,7,Deal,0,♦5 ♥K,,115,0.16521739130434782,0.3654760988463915,0,640,1074,1,434,-640,168.10434782608695,0.15652173913043477,-719.1130434782608,-0.6695652173913044,raise,0,0.5262529850006104
