,N,Nnf,round,first,hole,board,Nsim,prWin,prWinStd,pot,bet,maxBet,NMaxBet,minBet,util_fold,util_call,util_raise_coeff,util_call2,util_raise_coeff2,action,amount,cputime
0,7,7,Deal,0,♦3 ♣4,,105,0.12380952380952381,0.32936412315791586,0,20,108,1,88,-20,-14.399999999999991,-0.1333333333333333,-81.25714285714285,-0.7523809523809524,call,0,0.5218710899353027
1,7,7,Flop,0,♦3 ♣4,♠6 ♦7 ♥Q,35,0.08571428571428572,0.27994168488950605,648,0,20,1,20,-108,-60.457142857142856,-0.4,-69.02857142857142,-0.8285714285714285,call,0,0.5308947563171387
2,7,7,Flop,0,♦3 ♣4,♠6 ♦7 ♥Q,130,0.1,0.2935197542821371,648,20,49,2,29,-128,-57.900000000000006,-0.29999999999999993,-82.4,-0.8,call,0,0.5249650478363037
3,7,6,Flop,0,♦3 ♣4,♠6 ♦7 ♥Q,225,0.09777777777777778,0.28943538053626555,648,49,98,3,49,-157,-85.14666666666665,-0.41333333333333333,-123.47555555555554,-0.8044444444444444,call,0,0.5232729911804199
4,7,6,Turn,1,♦3 ♣4,♠6 ♦7 ♥Q ♥10,5,0.1,0.20000000000000004,1187,0,0,7,20,-206,-87.3,-0.3999999999999999,-87.3,-0.8,call,0,0.5303030014038086
5,7,6,Turn,0,♦3 ♣4,♠6 ♦7 ♥Q ♥10,70,0.07857142857142857,0.2623481096029565,1187,20,78,3,58,-226,-153.96428571428572,-0.5285714285714286,-178.47857142857146,-0.8428571428571429,call,0,0.5285890102386475
6,7,5,Turn,0,♦3 ♣4,♠6 ♦7 ♥Q ♥10,145,0.05172413793103448,0.21754221097362075,1187,78,96,3,18,-284,-215.77586206896552,-0.7413793103448276,-230.67241379310343,-0.896551724137931,call,0,0.527055025100708
7,7,5,River,1,♦3 ♣4,♠6 ♦7 ♥Q ♥10 ♠5,5,0.9,0.20000000000000004,1649,0,0,7,20,-302,1182.1000000000001,3.5,1182.1000000000001,0.8,raise,0,0.524712085723877
8,7,4,River,0,♦3 ♣4,♠6 ♦7 ♥Q ♥10 ♠5,60,0.8416666666666667,0.3593010189551683,1649,20,38,2,18,-322,1175.8416666666667,2.3666666666666667,1111.875,0.6833333333333333,raise,0,0.528008222579956
