,N,Nnf,round,first,hole,board,Nsim,prWin,prWinStd,pot,bet,maxBet,NMaxBet,minBet,util_fold,util_call,util_raise_coeff,util_call2,util_raise_coeff2,action,amount,cputime
0,7,7,Deal,0,♣4 ♥K,,10,0.2,0.4000000000000001,0,0,20,1,20,0,8.0,0.40000000000000013,-12.0,-0.6,raise,0,0.5285129547119141
1,7,6,Deal,0,♣4 ♥K,,120,0.20535714285714285,0.39486096106278806,0,40,85,1,45,-40,19.73214285714286,0.2321428571428572,-50.089285714285715,-0.5892857142857143,raise,0,0.5248899459838867
2,7,6,Flop,0,♣4 ♥K,♥7 ♣8 ♠K,15,0.23333333333333334,0.4027681991198191,1040,0,37,1,37,-170,87.46666666666664,0.3999999999999999,52.93333333333334,-0.5333333333333333,raise,0,0.5205678939819336
3,7,6,Flop,0,♣4 ♥K,♥7 ♣8 ♠K,90,0.3388888888888889,0.43987231592927917,1040,74,77,3,3,-244,262.0111111111111,1.0333333333333332,157.63333333333333,-0.3222222222222222,raise,0,0.5275108814239502
4,7,6,Flop,0,♣4 ♥K,♥7 ♣8 ♠K,165,0.32020202020202015,0.4399984231636418,1040,154,552,5,398,-324,671.5191919191916,0.9212121212121209,-35.486868686868775,-0.3595959595959597,raise,0,0.5253350734710693
