,N,Nnf,round,first,hole,board,Nsim,prWin,prWinStd,pot,bet,maxBet,NMaxBet,minBet,util_fold,util_call,util_raise_coeff,util_call2,util_raise_coeff2,action,amount,cputime
0,8,8,Deal,0,♣6 ♣5,,10,0.3,0.45825756949558405,0,0,20,1,20,0,28.0,1.4,-8.0,-0.4,raise,0,0.5209729671478271
1,8,8,Deal,0,♣6 ♣5,,110,0.15454545454545454,0.3614708245831099,0,40,104,1,64,-40,24.581818181818164,0.23636363636363633,-71.85454545454546,-0.6909090909090909,raise,0,0.5305588245391846
2,8,8,Flop,0,♣6 ♣5,♠6 ♠3 ♦8,40,0.0625,0.2287875652215391,1664,0,108,1,108,-208,-158.0,-0.5,-198.5,-0.875,call,0,0.5247159004211426
3,8,8,Turn,0,♣6 ♣5,♠6 ♠3 ♦8 ♥J,45,0.022222222222222223,0.14740554623801777,2528,0,96,1,96,-316,-338.7555555555556,-0.8222222222222222,-351.55555555555554,-0.9555555555555556,fold,0,0.5284509658813477
