,N,Nnf,round,first,hole,board,Nsim,prWin,prWinStd,pot,bet,maxBet,NMaxBet,minBet,util_fold,util_call,util_raise_coeff,util_call2,util_raise_coeff2,action,amount,cputime
0,7,7,Deal,0,♥6 ♦7,,15,0.2,0.4000000000000001,0,0,20,1,20,0,8.0,0.40000000000000013,-12.0,-0.6,raise,0,0.530163049697876
1,7,7,Deal,0,♥6 ♦7,,120,0.11369047619047619,0.312507936407158,0,40,130,1,90,-40,-26.541666666666657,-0.20416666666666672,-100.44047619047619,-0.7726190476190476,call,0,0.5239863395690918
2,7,7,Flop,0,♥6 ♦7,♣9 ♠Q ♦9,45,0.0,0.0,910,0,112,1,112,-130,-242.0,-1.0,-242.0,-1.0,fold,0,0.5256190299987793
