,N,Nnf,round,first,hole,board,Nsim,prWin,prWinStd,pot,bet,maxBet,NMaxBet,minBet,util_fold,util_call,util_raise_coeff,util_call2,util_raise_coeff2,action,amount,cputime
0,7,6,Deal,0,♥Q ♥5,,100,0.24619047619047618,0.4194156933276625,0,20,77,5,57,-20,36.74000000000001,0.4771428571428571,-39.086666666666666,-0.5076190476190476,raise,0,0.5272579193115234
1,7,6,Flop,1,♥Q ♥5,♠6 ♦A ♥6,5,0.2,0.4000000000000001,934,0,0,7,20,-154,32.80000000000001,0.20000000000000018,32.80000000000001,-0.6,raise,0,0.5270130634307861
2,7,6,Flop,0,♥Q ♥5,♠6 ♦A ♥6,80,0.06428571428571428,0.22885027633715418,934,20,77,4,57,-174,-141.25714285714287,-0.6142857142857143,-161.05714285714288,-0.8714285714285714,call,0,0.5225088596343994
3,7,6,Flop,0,♥Q ♥5,♠6 ♦A ♥6,155,0.0792626728110599,0.2548499593353664,934,77,104,5,27,-231,-134.50875576036867,-0.5244239631336406,-167.48202764976958,-0.8414746543778802,call,0,0.5305178165435791
4,7,6,Turn,1,♥Q ♥5,♠6 ♦A ♥6 ♦9,5,0.0,0.0,1558,0,0,7,20,-258,-258.0,-1.0,-258.0,-1.0,call,0,0.5322809219360352
5,7,6,Turn,0,♥Q ♥5,♠6 ♦A ♥6 ♦9,80,0.01875,0.12358574958303245,1558,20,52,3,32,-278,-274.9375,-0.8875,-278.8375,-0.9625,call,0,0.5303659439086914
6,7,5,Turn,0,♥Q ♥5,♠6 ♦A ♥6 ♦9,155,0.016129032258064516,0.11939842273110808,1558,52,98,2,46,-310,-322.9677419354839,-0.9193548387096774,-327.7096774193549,-0.967741935483871,fold,0,0.5235950946807861
