,N,Nnf,round,first,hole,board,Nsim,prWin,prWinStd,pot,bet,maxBet,NMaxBet,minBet,util_fold,util_call,util_raise_coeff,util_call2,util_raise_coeff2,action,amount,cputime
0,7,7,Deal,0,♦5 ♠J,,45,0.17777777777777778,0.3823255674241168,0,0,80,1,80,0,19.555555555555557,0.24444444444444446,-51.55555555555556,-0.6444444444444444,raise,0,0.5298671722412109
1,7,7,Deal,0,♦5 ♠J,,115,0.19130434782608696,0.3877617415913617,0,160,320,1,160,-160,108.52173913043481,0.33913043478260874,-197.56521739130434,-0.6173913043478261,raise,0,0.5210881233215332
2,7,7,Flop,0,♦5 ♠J,♦Q ♣J ♠5,55,0.5272727272727272,0.4900666171615838,2560,0,268,1,268,-640,1430.9818181818182,2.6909090909090905,724.4363636363635,0.05454545454545445,raise,0,0.5247807502746582
