,N,Nnf,round,first,hole,board,Nsim,prWin,prWinStd,pot,bet,maxBet,NMaxBet,minBet,util_fold,util_call,util_raise_coeff,util_call2,util_raise_coeff2,action,amount,cputime
0,8,7,Deal,0,♣J ♦A,,80,0.14791666666666664,0.33746784826278053,0,0,79,3,79,0,2.7979166666666515,0.03541666666666643,-55.62916666666667,-0.7041666666666667,raise,0,0.5247209072113037
1,8,7,Flop,0,♣J ♦A,♣Q ♦J ♠J,60,0.7854166666666667,0.3979712004516016,1106,0,100,6,100,-158,1160.4625,4.497916666666667,767.7541666666666,0.5708333333333333,raise,0,0.5184388160705566
2,8,7,Turn,0,♣J ♦A,♣Q ♦J ♠J ♦5,60,0.775,0.40233692348577704,2506,0,500,3,500,-358,3796.6499999999996,4.425,1859.15,0.55,raise,0,0.525691032409668
3,8,7,Turn,0,♣J ♦A,♣Q ♦J ♠J ♦5,105,0.7952380952380952,0.38849672484516456,2506,1000,2000,3,1000,-1358,10768.199999999999,4.566666666666666,2815.8190476190475,0.5904761904761904,raise,0,0.5202398300170898
4,8,7,Turn,0,♣J ♦A,♣Q ♦J ♠J ♦5,150,0.8166666666666667,0.3670452590924207,2506,4000,5029,1,1029,-4358,25408.68333333333,4.716666666666667,4873.5999999999985,0.6333333333333333,raise,0,0.5219709873199463
