,N,Nnf,round,first,hole,board,Nsim,prWin,prWinStd,pot,bet,maxBet,NMaxBet,minBet,util_fold,util_call,util_raise_coeff,util_call2,util_raise_coeff2,action,amount,cputime
0,7,7,Deal,0,♦10 ♦2,,60,0.18333333333333332,0.37601713908928264,0,40,492,1,452,-40,139.39999999999986,0.2833333333333332,-311.6,-0.6333333333333333,raise,0,0.5243878364562988
1,7,7,Flop,1,♦10 ♦2,♣7 ♠2 ♥5,5,0.4,0.48989794855663565,3528,0,0,7,80,-984,427.20000000000005,1.8000000000000003,427.20000000000005,-0.19999999999999996,raise,0,0.5218231678009033
2,7,7,Turn,1,♦10 ♦2,♣7 ♠2 ♥5 ♠4,5,0.0,0.0,3768,0,0,7,80,-1064,-1064.0,-1.0,-1064.0,-1.0,call,0,0.5266468524932861
3,7,7,Turn,0,♦10 ♦2,♣7 ♠2 ♥5 ♠4,50,0.04,0.19595917942265428,3768,80,290,1,210,-1144,-1122.08,-0.72,-1180.08,-0.92,call,0,0.5245571136474609
4,7,7,Turn,0,♦10 ♦2,♣7 ♠2 ♥5 ♠4,90,0.05555555555555555,0.2290614236454256,3768,290,346,2,56,-1354,-1066.111111111111,-0.6111111111111112,-1162.2222222222222,-0.8888888888888888,call,0,0.5285539627075195
5,7,7,River,1,♦10 ♦2,♣7 ♠2 ♥5 ♠4 ♣10,5,0.8,0.4,4806,0,0,7,80,-1410,2434.8,4.6000000000000005,2434.8,0.6000000000000001,raise,0,0.5207359790802002
6,7,7,River,0,♦10 ♦2,♣7 ♠2 ♥5 ♠4 ♣10,45,0.5555555555555556,0.49690399499995336,4806,80,208,2,128,-1490,1860.8888888888887,2.8888888888888893,1283.1111111111113,0.11111111111111116,raise,0,0.5263149738311768
7,7,7,River,0,♦10 ♦2,♣7 ♠2 ♥5 ♠4 ♣10,85,0.5470588235294118,0.4948174316426609,4806,416,5286,1,4870,-1826,16175.435294117651,2.829411764705883,1716.6705882352944,0.09411764705882364,raise,0,0.5281550884246826
