,N,Nnf,round,first,hole,board,Nsim,prWin,prWinStd,pot,bet,maxBet,NMaxBet,minBet,util_fold,util_call,util_raise_coeff,util_call2,util_raise_coeff2,action,amount,cputime
0,7,7,Deal,0,♥3 ♥K,,50,0.23285714285714285,0.4137459537998098,0,0,80,1,80,0,50.39999999999998,0.6299999999999999,-42.74285714285715,-0.5342857142857143,raise,0,0.5243642330169678
1,7,6,Deal,0,♥3 ♥K,,140,0.21275510204081632,0.4049140441793513,0,160,175,2,15,-160,48.39285714285711,0.27653061224489806,-100.53571428571429,-0.5744897959183674,raise,0,0.5297069549560547
2,7,4,Flop,1,♥3 ♥K,♠J ♦Q ♠10,15,0.16666666666666666,0.3496029493900505,1305,0,0,7,40,-350,-132.5,-0.33333333333333337,-132.5,-0.6666666666666667,call,0,0.5240380764007568
3,7,4,Turn,1,♥3 ♥K,♠J ♦Q ♠10 ♣K,5,0.2,0.4,1385,0,0,7,40,-390,-113.0,-0.19999999999999996,-113.0,-0.6,call,0,0.5243678092956543
4,7,4,Turn,0,♥3 ♥K,♠J ♦Q ♠10 ♣K,35,0.06428571428571428,0.20127146862293385,1385,40,53,1,13,-430,-340.3357142857143,-0.7428571428571429,-347.15,-0.8714285714285714,call,0,0.5225231647491455
5,7,4,River,1,♥3 ♥K,♠J ♦Q ♠10 ♣K ♣5,5,0.0,0.0,1491,0,0,7,40,-443,-443.0,-1.0,-443.0,-1.0,call,0,0.5220999717712402
