,N,Nnf,round,first,hole,board,Nsim,prWin,prWinStd,pot,bet,maxBet,NMaxBet,minBet,util_fold,util_call,util_raise_coeff,util_call2,util_raise_coeff2,action,amount,cputime
0,7,7,Deal,0,♠J ♣K,,65,0.2021978021978022,0.3895352523669892,0,0,82,1,82,0,34.061538461538476,0.41538461538461546,-48.83956043956044,-0.5956043956043956,raise,0,0.5208220481872559
1,7,6,Flop,0,♠J ♣K,♦8 ♠4 ♣7,85,0.1,0.295057322446693,984,0,148,1,148,-164,-124.79999999999998,-0.3999999999999999,-184.0,-0.8,call,0,0.5220539569854736
2,7,6,Turn,0,♠J ♣K,♦8 ♠4 ♣7 ♦9,80,0.11875,0.30866395562164367,1872,0,158,1,158,-312,-135.125,-0.2875000000000001,-210.175,-0.7625,call,0,0.521528959274292
3,7,6,River,0,♠J ♣K,♦8 ♠4 ♣7 ♦9 ♥9,80,0.004166666666666667,0.03703414340548162,2820,0,144,1,144,-470,-598.65,-0.975,-601.05,-0.9916666666666667,fold,0,0.5233569145202637
