,N,Nnf,round,first,hole,board,Nsim,prWin,prWinStd,pot,bet,maxBet,NMaxBet,minBet,util_fold,util_call,util_raise_coeff,util_call2,util_raise_coeff2,action,amount,cputime
0,8,8,Deal,0,♠10 ♥6,,10,0.2,0.4000000000000001,0,0,20,1,20,0,12.0,0.6000000000000001,-12.0,-0.6,raise,0,0.5216982364654541
1,8,8,Deal,0,♠10 ♥6,,120,0.1375,0.32890284786443147,0,40,73,6,33,-40,7.300000000000011,0.10000000000000009,-52.925,-0.725,raise,0,0.5305869579315186
2,8,8,Deal,0,♠10 ♥6,,225,0.10222222222222223,0.29172962283509396,0,146,292,1,146,-146,-53.20888888888888,-0.18222222222222217,-232.3022222222222,-0.7955555555555556,call,0,0.5243849754333496
3,8,8,Flop,0,♠10 ♥6,♥9 ♦2 ♠8,45,0.14444444444444443,0.32697642154582585,2336,0,25,2,25,-292,49.31111111111113,0.15555555555555545,27.644444444444446,-0.7111111111111111,raise,0,0.5308458805084229
4,8,8,Flop,0,♠10 ♥6,♥9 ♦2 ♠8,145,0.09655172413793103,0.283430656386683,2336,50,708,5,658,-342,-227.58620689655174,-0.22758620689655173,-637.7379310344827,-0.806896551724138,call,0,0.5239741802215576
