,N,Nnf,round,first,hole,board,Nsim,prWin,prWinStd,pot,bet,maxBet,NMaxBet,minBet,util_fold,util_call,util_raise_coeff,util_call2,util_raise_coeff2,action,amount,cputime
0,7,7,Deal,0,♦10 ♥Q,,10,0.25,0.4031128874149275,0,0,20,1,20,0,15.0,0.75,-10.0,-0.5,raise,0,0.5209372043609619
1,7,6,Deal,0,♦10 ♥Q,,120,0.18333333333333332,0.38151743807531985,0,40,70,1,30,-40,7.0,0.09999999999999987,-44.333333333333336,-0.6333333333333333,raise,0,0.5284368991851807
2,7,6,Flop,0,♦10 ♥Q,♣5 ♥J ♥K,15,0.26666666666666666,0.44221663871405337,860,0,46,1,46,-140,116.93333333333334,0.6000000000000001,67.86666666666667,-0.4666666666666667,raise,0,0.5282721519470215
3,7,6,Turn,0,♦10 ♥Q,♣5 ♥J ♥K ♣8,15,0.1,0.27080128015453203,1412,0,36,1,36,-232,-105.19999999999999,-0.3999999999999999,-119.6,-0.8,call,0,0.5210411548614502
4,7,6,Turn,0,♦10 ♥Q,♣5 ♥J ♥K ♣8,95,0.18947368421052632,0.38511069747214133,1412,36,77,2,41,-268,46.07368421052638,0.13684210526315788,-12.284210526315746,-0.6210526315789473,raise,0,0.5234308242797852
5,7,5,River,0,♦10 ♥Q,♣5 ♥J ♥K ♣8 ♠8,15,0.0,0.0,2239,0,76,1,76,-386,-462.0,-1.0,-462.0,-1.0,fold,0,0.5306899547576904
