,N,Nnf,round,first,hole,board,Nsim,prWin,prWinStd,pot,bet,maxBet,NMaxBet,minBet,util_fold,util_call,util_raise_coeff,util_call2,util_raise_coeff2,action,amount,cputime
0,8,7,Deal,0,♦10 ♠4,,80,0.12604166666666666,0.31923132232407553,0,40,77,3,37,-40,-9.063541666666666,-0.1177083333333333,-57.58958333333334,-0.7479166666666667,call,0,0.5287880897521973
1,8,7,Flop,1,♦10 ♠4,♠6 ♦K ♦5,5,0.0,0.0,405,0,0,8,40,-77,-77.0,-1.0,-77.0,-1.0,call,0,0.5252799987792969
2,8,6,Flop,0,♦10 ♠4,♠6 ♦K ♦5,60,0.08333333333333333,0.2608745973749755,405,40,80,3,40,-117,-83.25,-0.5,-109.91666666666667,-0.8333333333333334,call,0,0.5229899883270264
3,8,6,Turn,1,♦10 ♠4,♠6 ♦K ♦5 ♣K,0,,,725,0,0,8,40,-157,,,,,call,0,0.5216400623321533
4,8,6,Turn,0,♦10 ♠4,♠6 ♦K ♦5 ♣K,55,0.00909090909090909,0.0668042657122685,725,40,127,2,87,-197,-270.4818181818182,-0.9454545454545454,-275.1,-0.9818181818181818,fold,0,0.522087812423706
