,N,Nnf,round,first,hole,board,Nsim,prWin,prWinStd,pot,bet,maxBet,NMaxBet,minBet,util_fold,util_call,util_raise_coeff,util_call2,util_raise_coeff2,action,amount,cputime
0,7,7,Deal,0,♥4 ♠10,,100,0.12142857142857143,0.3169529676047684,0,20,77,4,57,-20,-11.549999999999997,-0.15000000000000002,-58.3,-0.7571428571428571,call,0,0.5273127555847168
1,7,7,Flop,0,♥4 ♠10,♠9 ♥Q ♥J,35,0.20952380952380953,0.380773767651501,539,0,20,1,20,-77,45.26666666666668,0.4666666666666668,24.314285714285717,-0.5809523809523809,raise,0,0.5229589939117432
2,7,6,Flop,0,♥4 ♠10,♠9 ♥Q ♥J,140,0.1875,0.3532902320971216,539,40,74,5,34,-117,33.3125,0.125,-22.1875,-0.625,raise,0,0.5240859985351562
3,7,6,Turn,1,♥4 ♠10,♠9 ♥Q ♥J ♥3,5,0.0,0.0,1447,0,0,7,20,-225,-225.0,-1.0,-225.0,-1.0,call,0,0.5269498825073242
4,7,6,Turn,0,♥4 ♠10,♠9 ♥Q ♥J ♥3,75,0.05111111111111111,0.20543239553634782,1447,20,775,2,755,-245,-688.3755555555556,-0.6933333333333334,-846.8199999999999,-0.8977777777777778,fold,0,0.5237491130828857
