,N,Nnf,round,first,hole,board,Nsim,prWin,prWinStd,pot,bet,maxBet,NMaxBet,minBet,util_fold,util_call,util_raise_coeff,util_call2,util_raise_coeff2,action,amount,cputime
0,7,7,Deal,0,♦A ♦4,,10,0.2,0.4000000000000001,0,0,80,1,80,0,32.0,0.40000000000000013,-48.0,-0.6,raise,0,0.5246181488037109
1,7,6,Flop,0,♦A ♦4,♥3 ♠5 ♣8,45,0.1,0.29059326290271154,640,0,131,1,131,-160,-148.39999999999998,-0.3999999999999999,-200.8,-0.8,call,0,0.5260767936706543
2,7,6,Turn,0,♦A ♦4,♥3 ♠5 ♣8 ♠K,15,0.06666666666666667,0.24944382578492943,1033,0,231,1,231,-291,-360.73333333333335,-0.6,-422.33333333333337,-0.8666666666666667,fold,0,0.5276010036468506
