,N,Nnf,round,first,hole,board,Nsim,prWin,prWinStd,pot,bet,maxBet,NMaxBet,minBet,util_fold,util_call,util_raise_coeff,util_call2,util_raise_coeff2,action,amount,cputime
0,7,6,Deal,0,♥8 ♥Q,,40,0.19940476190476192,0.38049405092473615,0,0,20,1,20,0,3.9285714285714306,0.19642857142857162,-12.023809523809524,-0.6011904761904762,raise,0,0.5288751125335693
1,7,6,Deal,0,♥8 ♥Q,,85,0.2526610644257703,0.4159372425633399,0,40,50,1,10,-40,25.798319327731093,0.5159663865546218,-24.73389355742297,-0.4946778711484594,raise,0,0.5281717777252197
2,7,6,Flop,0,♥8 ♥Q,♠6 ♦K ♣Q,30,0.3,0.45825756949558394,300,0,41,2,41,-100,22.80000000000001,0.7999999999999998,-26.400000000000006,-0.4,raise,0,0.5307269096374512
3,7,6,Flop,0,♥8 ♥Q,♠6 ♦K ♣Q,70,0.2714285714285714,0.4365916225696036,300,82,109,2,27,-182,49.942857142857065,0.6285714285714286,-68.40000000000003,-0.4571428571428572,raise,0,0.5256760120391846
4,7,6,Turn,0,♥8 ♥Q,♠6 ♦K ♣Q ♣A,30,0.16666666666666666,0.34960294939005054,954,0,4692,1,4692,-318,-159.0,0.0,-3287.0,-0.6666666666666667,call,0,0.5254802703857422
