,N,Nnf,round,first,hole,board,Nsim,prWin,prWinStd,pot,bet,maxBet,NMaxBet,minBet,util_fold,util_call,util_raise_coeff,util_call2,util_raise_coeff2,action,amount,cputime
0,7,6,Deal,0,♥3 ♥K,,65,0.22527472527472528,0.4108479513466137,0,0,45,1,45,0,15.824175824175825,0.35164835164835173,-24.725274725274726,-0.5494505494505495,raise,0,0.5256450176239014
1,7,6,Deal,0,♥3 ♥K,,130,0.21373626373626373,0.40527295236912875,0,90,181,1,91,-90,51.11758241758241,0.2824175824175823,-103.62747252747253,-0.5725274725274725,raise,0,0.5214920043945312
2,7,6,Flop,0,♥3 ♥K,♣Q ♦7 ♥A,50,0.06,0.21540659228538017,1810,0,96,3,96,-362,-314.84000000000003,-0.64,-337.88,-0.88,call,0,0.5290169715881348
3,7,6,Turn,0,♥3 ♥K,♣Q ♦7 ♥A ♠A,50,0.03333333333333333,0.15275252316519466,2290,0,151,1,151,-458,-502.4666666666667,-0.8,-522.6,-0.9333333333333333,fold,0,0.5296037197113037
