,N,Nnf,round,first,hole,board,Nsim,prWin,prWinStd,pot,bet,maxBet,NMaxBet,minBet,util_fold,util_call,util_raise_coeff,util_call2,util_raise_coeff2,action,amount,cputime
0,7,7,Deal,0,♥10 ♥Q,,100,0.30476190476190473,0.4454608559117847,0,20,122,1,102,-20,138.26666666666665,1.1333333333333333,-47.63809523809525,-0.39047619047619053,raise,0,0.5230758190155029
1,7,7,Deal,0,♥10 ♥Q,,205,0.2584204413472706,0.42878949722429577,0,244,488,1,244,-244,394.7642276422763,0.8089430894308942,-235.7816492450639,-0.4831591173054588,raise,0,0.5222499370574951
2,7,7,Flop,0,♥10 ♥Q,♣3 ♥5 ♠3,35,0.02857142857142857,0.1665986255670086,6116,0,20,1,20,-976,-817.2571428571429,-0.8,-820.1142857142858,-0.9428571428571428,call,0,0.5240998268127441
3,7,7,Flop,0,♥10 ♥Q,♣3 ♥5 ♠3,130,0.04725274725274725,0.20994763609573153,6116,20,78,2,58,-996,-739.2021978021978,-0.6692307692307693,-757.6307692307693,-0.9054945054945055,call,0,0.5305109024047852
