,N,Nnf,round,first,hole,board,Nsim,prWin,prWinStd,pot,bet,maxBet,NMaxBet,minBet,util_fold,util_call,util_raise_coeff,util_call2,util_raise_coeff2,action,amount,cputime
0,8,8,Deal,0,♣K ♣8,,5,0.2,0.4,0,0,20,1,20,0,12.0,0.6000000000000001,-12.0,-0.6,raise,0,0.5209770202636719
1,8,8,Deal,0,♣K ♣8,,85,0.13529411764705881,0.337710590456643,0,40,110,1,70,-40,9.058823529411754,0.08235294117647052,-80.23529411764706,-0.7294117647058824,raise,0,0.5319380760192871
2,8,8,Deal,0,♣K ♣8,,165,0.15227272727272728,0.3541081218829512,0,220,440,1,220,-220,96.0,0.21818181818181825,-306.0,-0.6954545454545454,raise,0,0.5281047821044922
3,8,7,Flop,0,♣K ♣8,♦5 ♣5 ♠K,40,0.2958333333333333,0.4141381613262254,2640,0,60,1,60,-440,405.2499999999999,1.0708333333333329,316.4999999999999,-0.40833333333333344,raise,0,0.5288598537445068
4,8,7,Turn,0,♣K ♣8,♦5 ♣5 ♠K ♥4,15,0.36666666666666664,0.42687494916219,3240,0,66,1,66,-560,731.4000000000001,1.5666666666666664,610.4000000000001,-0.2666666666666667,raise,0,0.5209412574768066
5,8,7,River,0,♣K ♣8,♦5 ♣5 ♠K ♥4 ♦A,10,0.05,0.15000000000000002,3900,0,20,1,20,-692,-510.0,-0.6499999999999999,-515.0,-0.9,call,0,0.5244779586791992
6,8,7,River,0,♣K ♣8,♦5 ♣5 ♠K ♥4 ♦A,65,0.06153846153846154,0.2058321255424562,3900,20,74,2,54,-712,-494.12307692307695,-0.5692307692307692,-516.8923076923077,-0.8769230769230769,call,0,0.522078275680542
7,8,7,River,0,♣K ♣8,♦5 ♣5 ♠K ♥4 ♦A,120,0.06666666666666667,0.21343747458109497,3900,74,78,3,4,-766,-473.6,-0.5333333333333333,-499.6,-0.8666666666666667,call,0,0.5248842239379883
