,N,Nnf,round,first,hole,board,Nsim,prWin,prWinStd,pot,bet,maxBet,NMaxBet,minBet,util_fold,util_call,util_raise_coeff,util_call2,util_raise_coeff2,action,amount,cputime
0,7,7,Deal,0,♦A ♥3,,55,0.18181818181818182,0.37372372347444477,0,0,114,1,114,0,31.090909090909093,0.2727272727272727,-72.54545454545455,-0.6363636363636364,raise,0,0.5244662761688232
1,7,7,Deal,0,♦A ♥3,,135,0.14444444444444443,0.34354721852756237,0,228,456,1,228,-228,5.066666666666606,0.011111111111111072,-324.26666666666665,-0.7111111111111111,raise,0,0.5162038803100586
2,7,6,Flop,0,♦A ♥3,♦Q ♣8 ♣5,45,0.022222222222222223,0.14740554623801777,3204,0,73,2,73,-912,-904.0666666666666,-0.8666666666666667,-910.5555555555555,-0.9555555555555556,call,0,0.5242233276367188
3,7,6,Turn,0,♦A ♥3,♦Q ♣8 ♣5 ♦8,45,0.018518518518518517,0.08764562641629059,3423,0,48,2,48,-985,-964.2777777777778,-0.8888888888888888,-967.8333333333334,-0.962962962962963,call,0,0.5264651775360107
4,7,5,River,0,♦A ♥3,♦Q ♣8 ♣5 ♦8 ♦2,45,0.0,0.0,3567,0,152,1,152,-1033,-1185.0,-1.0,-1185.0,-1.0,fold,0,0.5259039402008057
