,N,Nnf,round,first,hole,board,Nsim,prWin,prWinStd,pot,bet,maxBet,NMaxBet,minBet,util_fold,util_call,util_raise_coeff,util_call2,util_raise_coeff2,action,amount,cputime
0,7,7,Deal,0,♥9 ♣10,,95,0.21353383458646616,0.3934881790209551,0,10,88,1,78,-10,43.53684210526316,0.49473684210526314,-50.418045112781954,-0.5729323308270677,raise,0,0.5218029022216797
1,7,7,Deal,0,♥9 ♣10,,200,0.19642857142857142,0.38616045623443074,0,176,352,1,176,-176,132.0,0.375,-213.71428571428572,-0.6071428571428572,raise,0,0.528580904006958
2,7,7,Flop,1,♥9 ♣10,♥10 ♠A ♣K,5,0.3,0.39999999999999997,3632,0,0,7,20,-704,385.5999999999999,1.1,385.5999999999999,-0.4,raise,0,0.5221278667449951
3,7,6,Flop,0,♥9 ♣10,♥10 ♠A ♣K,65,0.2153846153846154,0.3919304370109845,3632,20,32,1,12,-724,87.63076923076926,0.2923076923076924,60.061538461538476,-0.5692307692307692,raise,0,0.5253071784973145
4,7,6,Flop,0,♥9 ♣10,♥10 ♠A ♣K,90,0.1962962962962963,0.3689974553910203,3632,64,10096,1,10032,-768,1803.7925925925938,0.1777777777777778,-6123.437037037037,-0.6074074074074074,raise,0,0.5250439643859863
