,N,Nnf,round,first,hole,board,Nsim,prWin,prWinStd,pot,bet,maxBet,NMaxBet,minBet,util_fold,util_call,util_raise_coeff,util_call2,util_raise_coeff2,action,amount,cputime
0,7,7,Deal,0,♥Q ♥7,,75,0.193015873015873,0.38012953461805526,0,20,80,1,60,-20,28.088888888888874,0.35111111111111093,-49.11746031746032,-0.613968253968254,raise,0,0.5262892246246338
1,7,5,Deal,0,♥Q ♥7,,170,0.18011204481792717,0.37680598971601825,0,160,190,2,30,-160,-18.893557422969167,-0.09943977591036413,-121.55742296918767,-0.6397759103641456,call,0,0.5235631465911865
2,7,5,Deal,0,♥Q ♥7,,225,0.1694179894179894,0.36480664608647495,0,190,323,2,133,-190,-49.3899470899471,-0.15291005291005288,-213.55597883597883,-0.6611640211640212,call,0,0.5197470188140869
3,7,5,Flop,1,♥Q ♥7,♦9 ♠9 ♥2,5,0.0,0.0,1412,0,0,7,40,-323,-323.0,-1.0,-323.0,-1.0,call,0,0.5250670909881592
4,7,5,Flop,0,♥Q ♥7,♦9 ♠9 ♥2,55,0.05454545454545454,0.22709083630539628,1412,40,99,2,59,-363,-317.9818181818182,-0.7272727272727273,-334.1818181818182,-0.8909090909090909,call,0,0.521773099899292
5,7,5,Flop,0,♥Q ♥7,♦9 ♠9 ♥2,105,0.06190476190476191,0.2359906989212165,1412,99,176,3,77,-422,-357.1142857142857,-0.6904761904761905,-389.79999999999995,-0.8761904761904762,call,0,0.5285921096801758
6,7,5,Turn,1,♥Q ♥7,♦9 ♠9 ♥2 ♣8,5,0.0,0.0,2116,0,0,7,40,-499,-499.0,-1.0,-499.0,-1.0,call,0,0.5244512557983398
7,7,5,Turn,0,♥Q ♥7,♦9 ♠9 ♥2 ♣8,55,0.0,0.0,2116,40,159,2,119,-539,-658.0,-1.0,-658.0,-1.0,fold,0,0.5213003158569336
