,N,Nnf,round,first,hole,board,Nsim,prWin,prWinStd,pot,bet,maxBet,NMaxBet,minBet,util_fold,util_call,util_raise_coeff,util_call2,util_raise_coeff2,action,amount,cputime
0,7,7,Deal,0,♥A ♣A,,10,0.2,0.4000000000000001,0,0,20,1,20,0,8.0,0.40000000000000013,-12.0,-0.6,raise,0,0.5236310958862305
1,7,7,Deal,0,♥A ♣A,,120,0.4261904761904762,0.49348935756685375,0,40,126,1,86,-40,249.89999999999998,1.9833333333333334,-18.60000000000001,-0.14761904761904765,raise,0,0.5286827087402344
2,7,7,Deal,0,♥A ♣A,,220,0.4688311688311688,0.49846957549352683,0,252,504,1,252,-252,1150.0363636363636,2.2818181818181817,-31.418181818181836,-0.06233766233766236,raise,0,0.5237958431243896
3,7,7,Flop,0,♥A ♣A,♣Q ♠4 ♠3,45,0.28888888888888886,0.45324617898602526,3311,0,47,1,47,-504,500.55555555555543,1.0222222222222221,432.66666666666663,-0.4222222222222223,raise,0,0.5221970081329346
4,7,7,Turn,0,♥A ♣A,♣Q ♠4 ♠3 ♦10,15,0.4,0.48989794855663565,3788,0,31,1,31,-598,973.0,1.8000000000000003,911.0,-0.19999999999999996,raise,0,0.5221889019012451
5,7,7,Turn,0,♥A ♣A,♣Q ♠4 ♠3 ♦10,75,0.4266666666666667,0.4945929864264375,3788,62,72,2,10,-660,1161.2533333333333,1.9866666666666668,1007.6533333333334,-0.1466666666666666,raise,0,0.5309009552001953
6,7,7,River,0,♥A ♣A,♣Q ♠4 ♠3 ♦10 ♣6,15,0.26666666666666666,0.44221663871405337,4508,0,46,1,46,-742,499.9999999999998,0.8666666666666667,438.6666666666665,-0.4666666666666667,raise,0,0.5283310413360596
