,N,Nnf,round,first,hole,board,Nsim,prWin,prWinStd,pot,bet,maxBet,NMaxBet,minBet,util_fold,util_call,util_raise_coeff,util_call2,util_raise_coeff2,action,amount,cputime
0,7,6,Deal,0,♣2 ♣7,,65,0.09230769230769231,0.2758526319544785,0,20,66,2,46,-20,-29.44615384615384,-0.4461538461538461,-53.815384615384616,-0.8153846153846154,fold,0,0.5223169326782227
