,N,Nnf,round,first,hole,board,Nsim,prWin,prWinStd,pot,bet,maxBet,NMaxBet,minBet,util_fold,util_call,util_raise_coeff,util_call2,util_raise_coeff2,action,amount,cputime
0,7,7,Deal,0,♦A ♥A,,80,0.4,0.48989794855663565,0,0,154,1,154,0,277.2,1.8000000000000003,-30.799999999999997,-0.19999999999999996,raise,0,0.5231001377105713
1,7,7,Flop,0,♦A ♥A,♠10 ♥8 ♣2,95,0.30526315789473685,0.4605187969311023,2156,0,54,2,54,-308,411.5368421052632,1.1368421052631579,329.11578947368423,-0.3894736842105263,raise,0,0.5283589363098145
