,N,Nnf,round,first,hole,board,Nsim,prWin,prWinStd,pot,bet,maxBet,NMaxBet,minBet,util_fold,util_call,util_raise_coeff,util_call2,util_raise_coeff2,action,amount,cputime
0,7,7,Deal,0,♥8 ♦6,,65,0.11282051282051282,0.29829672072672575,0,0,40,1,40,0,-8.410256410256409,-0.2102564102564103,-30.974358974358974,-0.7743589743589744,fold,0,0.5231339931488037
