,N,Nnf,round,first,hole,board,Nsim,prWin,prWinStd,pot,bet,maxBet,NMaxBet,minBet,util_fold,util_call,util_raise_coeff,util_call2,util_raise_coeff2,action,amount,cputime
0,7,7,Deal,0,♥K ♦Q,,65,0.17692307692307693,0.37653040770832047,0,0,134,1,134,0,31.95384615384617,0.2384615384615385,-86.58461538461538,-0.6461538461538461,raise,0,0.5305838584899902
1,7,6,Flop,0,♥K ♦Q,♠2 ♠3 ♠K,40,0.2125,0.401364858950058,1551,0,68,2,68,-268,80.28749999999997,0.2749999999999999,22.487499999999955,-0.575,raise,0,0.5229110717773438
2,7,6,Turn,0,♥K ♦Q,♠2 ♠3 ♠K ♥J,35,0.15238095238095237,0.3504451331995066,2231,0,34,3,34,-404,-66.95238095238096,-0.08571428571428585,-87.67619047619047,-0.6952380952380952,call,0,0.5233199596405029
3,7,6,River,0,♥K ♦Q,♠2 ♠3 ♠K ♥J ♠J,35,0.0,0.0,2401,0,66,2,66,-438,-504.0,-1.0,-504.0,-1.0,fold,0,0.5255167484283447
