,N,Nnf,round,first,hole,board,Nsim,prWin,prWinStd,pot,bet,maxBet,NMaxBet,minBet,util_fold,util_call,util_raise_coeff,util_call2,util_raise_coeff2,action,amount,cputime
0,8,8,Deal,0,♣K ♣Q,,5,0.2,0.4,0,0,20,1,20,0,12.0,0.6000000000000001,-12.0,-0.6,raise,0,0.5241799354553223
1,8,7,Deal,0,♣K ♣Q,,105,0.18571428571428572,0.385802459057697,0,40,74,3,34,-40,22.200000000000003,0.30000000000000004,-46.51428571428571,-0.6285714285714286,raise,0,0.5219810009002686
2,8,7,Flop,0,♣K ♣Q,♣3 ♥3 ♣9,15,0.5333333333333333,0.49888765156985887,1056,0,75,1,75,-148,620.2,2.7333333333333334,420.20000000000005,0.06666666666666665,raise,0,0.5282418727874756
3,8,6,Turn,0,♣K ♣Q,♣3 ♥3 ♣9 ♠9,15,0.13333333333333333,0.339934634239519,1956,0,22,1,22,-298,-41.599999999999966,-0.19999999999999996,-53.333333333333314,-0.7333333333333334,call,0,0.5203361511230469
4,8,6,Turn,0,♣K ♣Q,♣3 ♥3 ♣9 ♠9,80,0.0640625,0.24205641613836637,1956,22,86,1,64,-320,-225.63750000000002,-0.6156250000000001,-247.675,-0.871875,call,0,0.5224401950836182
5,8,6,River,0,♣K ♣Q,♣3 ♥3 ♣9 ♠9 ♣A,10,0.4,0.4898979485566356,2472,0,75,1,75,-384,709.8000000000002,1.4000000000000004,589.8000000000002,-0.19999999999999996,raise,0,0.526846170425415
