,N,Nnf,round,first,hole,board,Nsim,prWin,prWinStd,pot,bet,maxBet,NMaxBet,minBet,util_fold,util_call,util_raise_coeff,util_call2,util_raise_coeff2,action,amount,cputime
0,8,7,Deal,0,♠J ♠7,,65,0.16153846153846155,0.3627638806938953,0,20,57,2,37,-20,7.453846153846158,0.13076923076923075,-38.58461538461538,-0.676923076923077,raise,0,0.5221209526062012
1,8,7,Flop,1,♠J ♠7,♦8 ♠Q ♠A,5,0.0,0.0,466,0,0,8,20,-114,-114.0,-1.0,-114.0,-1.0,call,0,0.5279340744018555
2,8,7,Flop,0,♠J ♠7,♦8 ♠Q ♠A,45,0.2,0.4,466,20,37,1,17,-134,-6.0,0.40000000000000013,-43.0,-0.6,raise,0,0.5228040218353271
3,8,7,Turn,1,♠J ♠7,♦8 ♠Q ♠A ♣10,5,0.3,0.39999999999999997,762,0,0,8,20,-188,40.599999999999994,1.1,40.599999999999994,-0.4,raise,0,0.5310678482055664
4,8,7,Turn,0,♠J ♠7,♦8 ♠Q ♠A ♣10,50,0.19666666666666666,0.35853095325849405,762,20,42,1,22,-208,-22.32000000000002,0.3766666666666665,-63.620000000000005,-0.6066666666666667,raise,0,0.5241909027099609
5,8,7,Turn,0,♠J ♠7,♦8 ♠Q ♠A ♣10,95,0.19473684210526315,0.36964708281770836,762,84,99,2,15,-272,-3.657894736842138,0.3631578947368421,-100.0526315789474,-0.6105263157894737,raise,0,0.5230991840362549
6,8,7,River,1,♠J ♠7,♦8 ♠Q ♠A ♣10 ♦10,5,0.0,0.0,1554,0,0,8,20,-386,-386.0,-1.0,-386.0,-1.0,call,0,0.5217547416687012
7,8,7,River,0,♠J ♠7,♦8 ♠Q ♠A ♣10 ♦10,45,0.0,0.0,1554,20,40,3,20,-406,-426.0,-1.0,-426.0,-1.0,fold,0,0.5215098857879639
