,N,Nnf,round,first,hole,board,Nsim,prWin,prWinStd,pot,bet,maxBet,NMaxBet,minBet,util_fold,util_call,util_raise_coeff,util_call2,util_raise_coeff2,action,amount,cputime
0,7,7,Deal,0,♣10 ♠10,,40,0.2785714285714286,0.444868703400572,0,0,160,1,160,0,152.0,0.9500000000000002,-70.85714285714286,-0.44285714285714284,raise,0,0.5262126922607422
1,7,7,Deal,0,♣10 ♠10,,110,0.274025974025974,0.44477248908104267,0,320,6338,1,6018,-320,5819.436363636363,0.918181818181818,-2864.4467532467534,-0.451948051948052,raise,0,0.5294249057769775
