,N,Nnf,round,first,hole,board,Nsim,prWin,prWinStd,pot,bet,maxBet,NMaxBet,minBet,util_fold,util_call,util_raise_coeff,util_call2,util_raise_coeff2,action,amount,cputime
0,7,7,Deal,0,♥K ♥J,,65,0.22527472527472528,0.4108479513466137,0,40,142,2,102,-40,81.92307692307693,0.5769230769230769,-78.02197802197801,-0.5494505494505495,raise,0,0.5246100425720215
1,7,7,Deal,0,♥K ♥J,,140,0.22244897959183674,0.41051110451539025,0,284,568,1,284,-284,316.4571428571428,0.5571428571428572,-315.29795918367347,-0.5551020408163265,raise,0,0.5208261013031006
