,N,Nnf,round,first,hole,board,Nsim,prWin,prWinStd,pot,bet,maxBet,NMaxBet,minBet,util_fold,util_call,util_raise_coeff,util_call2,util_raise_coeff2,action,amount,cputime
0,7,7,Deal,0,♦A ♠9,,45,0.274074074074074,0.44047611103165935,0,0,160,1,160,0,146.96296296296293,0.9185185185185181,-72.2962962962963,-0.45185185185185195,raise,0,0.5312321186065674
1,7,7,Deal,0,♦A ♠9,,110,0.2606060606060606,0.4290742164190156,0,320,680,1,360,-320,560.4848484848485,0.8242424242424242,-325.57575757575756,-0.47878787878787876,raise,0,0.5232601165771484
2,7,7,Flop,0,♦A ♠9,♦10 ♠5 ♦7,55,0.09090909090909091,0.2874797872880344,5440,0,432,1,432,-1360,-1022.5454545454545,-0.36363636363636365,-1218.909090909091,-0.8181818181818181,call,0,0.5238358974456787
3,7,7,Flop,0,♦A ♠9,♦10 ♠5 ♦7,125,0.108,0.30714166112723945,5440,432,870,1,438,-1792,-984.7600000000002,-0.244,-1454.56,-0.784,call,0,0.5203561782836914
