,N,Nnf,round,first,hole,board,Nsim,prWin,prWinStd,pot,bet,maxBet,NMaxBet,minBet,util_fold,util_call,util_raise_coeff,util_call2,util_raise_coeff2,action,amount,cputime
0,7,7,Deal,0,♦10 ♦4,,40,0.15,0.3391164991562634,0,0,80,1,80,0,4.0,0.050000000000000044,-56.0,-0.7,raise,0,0.5329489707946777
1,7,7,Deal,0,♦10 ♦4,,115,0.1360248447204969,0.33156533816616846,0,160,320,1,160,-160,-15.30434782608694,-0.047826086956521796,-232.944099378882,-0.7279503105590062,call,0,0.5296409130096436
2,7,7,Flop,0,♦10 ♦4,♦A ♠10 ♠4,60,0.35,0.46815239683960463,1600,0,270,1,270,-320,631.5,1.4499999999999997,159.0,-0.30000000000000004,raise,0,0.5274019241333008
3,7,7,Flop,0,♦10 ♦4,♦A ♠10 ♠4,140,0.42857142857142855,0.487601376167886,1600,540,680,1,140,-860,1725.7142857142853,2.0,268.57142857142844,-0.1428571428571429,raise,0,0.5233559608459473
