,N,Nnf,round,first,hole,board,Nsim,prWin,prWinStd,pot,bet,maxBet,NMaxBet,minBet,util_fold,util_call,util_raise_coeff,util_call2,util_raise_coeff2,action,amount,cputime
0,8,8,Deal,0,♥6 ♥8,,50,0.14,0.33226495451672294,0,0,102,1,102,0,12.240000000000009,0.1200000000000001,-73.44,-0.72,raise,0,0.5246191024780273
1,8,8,Deal,0,♥6 ♥8,,135,0.14444444444444443,0.34354721852756237,0,204,408,1,204,-204,63.46666666666664,0.15555555555555545,-290.1333333333333,-0.7111111111111111,raise,0,0.5231831073760986
2,8,8,Deal,0,♥6 ♥8,,215,0.12093023255813953,0.3188337319370022,0,816,3085,1,2269,-816,-100.4418604651164,-0.032558139534883734,-2338.860465116279,-0.758139534883721,call,0,0.5246357917785645
