,N,Nnf,round,first,hole,board,Nsim,prWin,prWinStd,pot,bet,maxBet,NMaxBet,minBet,util_fold,util_call,util_raise_coeff,util_call2,util_raise_coeff2,action,amount,cputime
0,7,7,Deal,0,♦A ♥J,,60,0.25,0.4133198922545748,0,0,40,1,40,0,30.0,0.75,-20.0,-0.5,raise,0,0.5308632850646973
1,7,7,Deal,0,♦A ♥J,,165,0.2696969696969697,0.4351835896003937,0,80,186,1,106,-80,165.14545454545453,0.8878787878787879,-85.67272727272727,-0.4606060606060606,raise,0,0.5295252799987793
