,N,Nnf,round,first,hole,board,Nsim,prWin,prWinStd,pot,bet,maxBet,NMaxBet,minBet,util_fold,util_call,util_raise_coeff,util_call2,util_raise_coeff2,action,amount,cputime
0,7,6,Deal,0,♠8 ♦Q,,90,0.22777777777777777,0.4093430448841921,0,10,63,3,53,-10,23.099999999999994,0.3666666666666667,-34.3,-0.5444444444444445,raise,0,0.5231878757476807
1,7,5,Deal,0,♠8 ♦Q,,165,0.2,0.3884701930767545,0,126,131,2,5,-126,0.0,0.0,-78.6,-0.6,call,0,0.5215747356414795
2,7,5,Deal,0,♠8 ♦Q,,225,0.19333333333333333,0.38493866755338796,0,131,181,3,50,-131,-6.033333333333331,-0.033333333333333326,-111.01333333333334,-0.6133333333333333,call,0,0.5231471061706543
