,N,Nnf,round,first,hole,board,Nsim,prWin,prWinStd,pot,bet,maxBet,NMaxBet,minBet,util_fold,util_call,util_raise_coeff,util_call2,util_raise_coeff2,action,amount,cputime
0,7,6,Deal,0,♣Q ♣4,,55,0.21774891774891775,0.38785462973624174,0,40,80,2,40,-40,24.519480519480524,0.3064935064935064,-45.16017316017316,-0.5645021645021645,raise,0,0.5275869369506836
1,7,6,Deal,0,♣Q ♣4,,90,0.16640211640211638,0.3557378792109766,0,160,365,2,205,-160,-0.5793650793651182,-0.0015873015873016927,-243.52645502645504,-0.6671957671957672,call,0,0.5267059803009033
2,7,6,Flop,1,♣Q ♣4,♣2 ♣6 ♥A,5,0.6,0.48989794855663565,1095,0,0,7,80,-365,292.0,2.5999999999999996,292.0,0.19999999999999996,raise,0,0.5224902629852295
3,7,6,Flop,0,♣Q ♣4,♣2 ♣6 ♥A,45,0.43703703703703706,0.48596205827723626,1095,80,310,2,230,-445,616.4444444444446,1.6222222222222222,74.51851851851859,-0.12592592592592589,raise,0,0.5203101634979248
4,7,6,Turn,1,♣Q ♣4,♣2 ♣6 ♥A ♠A,5,0.0,0.0,2955,0,0,7,80,-985,-985.0,-1.0,-985.0,-1.0,call,0,0.5219409465789795
5,7,6,River,1,♣Q ♣4,♣2 ♣6 ♥A ♠A ♠6,5,0.0,0.0,3195,0,0,7,80,-1065,-1065.0,-1.0,-1065.0,-1.0,call,0,0.5239112377166748
6,7,6,River,0,♣Q ♣4,♣2 ♣6 ♥A ♠A ♠6,40,0.0,0.0,3195,80,288,1,208,-1145,-1353.0,-1.0,-1353.0,-1.0,fold,0,0.5204050540924072
