,N,Nnf,round,first,hole,board,Nsim,prWin,prWinStd,pot,bet,maxBet,NMaxBet,minBet,util_fold,util_call,util_raise_coeff,util_call2,util_raise_coeff2,action,amount,cputime
0,7,6,Deal,0,♥4 ♣4,,90,0.1349206349206349,0.3396417420982889,0,10,46,4,36,-10,-8.761904761904766,-0.19047619047619047,-33.58730158730159,-0.7301587301587302,call,0,0.5251889228820801
1,7,6,Flop,1,♥4 ♣4,♥10 ♦J ♦A,5,0.0,0.0,276,0,0,7,20,-46,-46.0,-1.0,-46.0,-1.0,call,0,0.5230450630187988
2,7,6,Flop,0,♥4 ♣4,♥10 ♦J ♦A,80,0.027500000000000004,0.15730146216739374,276,20,79,2,59,-66,-104.375,-0.835,-113.065,-0.945,fold,0,0.5248289108276367
