,N,Nnf,round,first,hole,board,Nsim,prWin,prWinStd,pot,bet,maxBet,NMaxBet,minBet,util_fold,util_call,util_raise_coeff,util_call2,util_raise_coeff2,action,amount,cputime
0,7,7,Deal,0,♣10 ♣7,,35,0.16666666666666666,0.3541141417633944,0,40,115,1,75,-40,19.166666666666657,0.16666666666666652,-76.66666666666667,-0.6666666666666667,raise,0,0.5255370140075684
1,7,7,Flop,1,♣10 ♣7,♦2 ♦6 ♥6,5,0.0,0.0,708,0,0,7,40,-230,-230.0,-1.0,-230.0,-1.0,call,0,0.5320591926574707
2,7,7,Flop,0,♣10 ♣7,♦2 ♦6 ♥6,45,0.06666666666666667,0.2494438257849294,708,40,132,1,92,-270,-253.2,-0.5333333333333333,-297.2,-0.8666666666666667,call,0,0.5274930000305176
3,7,7,Turn,1,♣10 ♣7,♦2 ♦6 ♥6 ♠Q,5,0.0,0.0,1104,0,0,7,40,-362,-362.0,-1.0,-362.0,-1.0,call,0,0.5286478996276855
4,7,7,Turn,0,♣10 ♣7,♦2 ♦6 ♥6 ♠Q,40,0.0,0.0,1104,40,56,1,16,-402,-418.0,-1.0,-418.0,-1.0,fold,0,0.5241348743438721
