,N,Nnf,round,first,hole,board,Nsim,prWin,prWinStd,pot,bet,maxBet,NMaxBet,minBet,util_fold,util_call,util_raise_coeff,util_call2,util_raise_coeff2,action,amount,cputime
0,7,7,Deal,0,♥6 ♠7,,105,0.12517006802721087,0.3218298254937725,0,20,106,1,86,-20,-13.123809523809541,-0.12380952380952392,-79.46394557823129,-0.7496598639455783,call,0,0.5223658084869385
1,7,7,Deal,0,♥6 ♠7,,210,0.09353741496598639,0.28396064519054387,0,106,122,2,16,-106,-42.11904761904762,-0.34523809523809534,-99.17687074829932,-0.8129251700680272,call,0,0.5246572494506836
2,7,7,Deal,0,♥6 ♠7,,315,0.09992441421012849,0.2899714237670899,0,122,172,6,50,-122,-51.6910052910053,-0.30052910052910065,-137.6260015117158,-0.800151171579743,call,0,0.5234050750732422
3,7,7,Flop,0,♥6 ♠7,♠2 ♥A ♥K,35,0.08571428571428572,0.27994168488950605,1204,0,20,1,20,-172,-76.8,-0.4,-85.37142857142857,-0.8285714285714285,call,0,0.5274980068206787
4,7,6,Flop,0,♥6 ♠7,♠2 ♥A ♥K,140,0.039285714285714285,0.18962234217797552,1204,20,828,5,808,-192,-757.5285714285715,-0.7642857142857142,-887.6428571428571,-0.9214285714285715,fold,0,0.5277969837188721
