,N,Nnf,round,first,hole,board,Nsim,prWin,prWinStd,pot,bet,maxBet,NMaxBet,minBet,util_fold,util_call,util_raise_coeff,util_call2,util_raise_coeff2,action,amount,cputime
0,8,8,Deal,0,♣10 ♣6,,65,0.12051282051282051,0.3017154547708822,0,10,100,1,90,-10,-3.589743589743591,-0.03589743589743588,-75.8974358974359,-0.7589743589743589,call,0,0.5257232189178467
1,8,8,Flop,1,♣10 ♣6,♠K ♦Q ♦J,10,0.125,0.20155644370746376,600,0,0,8,20,-100,-25.0,0.0,-25.0,-0.75,call,0,0.5217499732971191
2,8,7,Flop,0,♣10 ♣6,♠K ♦Q ♦J,100,0.10616666666666667,0.26358274054101327,600,20,156,1,136,-120,-76.36599999999999,-0.25683333333333325,-159.176,-0.7876666666666666,call,0,0.5232241153717041
3,8,7,Turn,1,♣10 ♣6,♠K ♦Q ♦J ♦7,5,0.0,0.0,1380,0,0,8,20,-256,-256.0,-1.0,-256.0,-1.0,call,0,0.5258350372314453
4,8,6,Turn,0,♣10 ♣6,♠K ♦Q ♦J ♦7,75,0.06444444444444444,0.20164753505823402,1380,20,8945,1,8925,-276,-5653.333333333334,-0.6133333333333333,-7959.155555555555,-0.8711111111111112,fold,0,0.5205659866333008
