,N,Nnf,round,first,hole,board,Nsim,prWin,prWinStd,pot,bet,maxBet,NMaxBet,minBet,util_fold,util_call,util_raise_coeff,util_call2,util_raise_coeff2,action,amount,cputime
0,7,7,Deal,0,♠A ♥8,,75,0.21523809523809523,0.400763443777599,0,40,298,1,258,-40,150.98666666666668,0.5066666666666666,-169.71809523809523,-0.5695238095238095,raise,0,0.5268058776855469
1,7,6,Deal,0,♠A ♥8,,160,0.16651785714285713,0.36084879696759303,0,596,1192,1,596,-596,-1.0642857142856883,-0.0008928571428572507,-795.0214285714286,-0.6669642857142857,call,0,0.5198767185211182
2,7,6,Flop,0,♠A ♥8,♥10 ♠2 ♥J,35,0.24285714285714285,0.40304959941902535,4917,0,40,1,40,-1192,20.414285714285597,0.4571428571428571,-18.442857142857292,-0.5142857142857142,raise,0,0.5250310897827148
3,7,5,Turn,1,♠A ♥8,♥10 ♠2 ♥J ♣10,5,0.0,0.0,5197,0,0,7,40,-1272,-1272.0,-1.0,-1272.0,-1.0,call,0,0.5239291191101074
4,7,5,Turn,0,♠A ♥8,♥10 ♠2 ♥J ♣10,45,0.07407407407407407,0.22921108810023408,5197,40,3099,1,3059,-1312,-2838.259259259259,-0.6296296296296297,-3526.925925925926,-0.8518518518518519,fold,0,0.5239973068237305
