,N,Nnf,round,first,hole,board,Nsim,prWin,prWinStd,pot,bet,maxBet,NMaxBet,minBet,util_fold,util_call,util_raise_coeff,util_call2,util_raise_coeff2,action,amount,cputime
0,7,7,Deal,0,♦Q ♠7,,15,0.2,0.4,0,0,20,1,20,0,8.0,0.40000000000000013,-12.0,-0.6,raise,0,0.5213940143585205
1,7,6,Deal,0,♦Q ♠7,,85,0.17647058823529413,0.36546410745903685,0,40,82,1,42,-40,4.82352941176471,0.05882352941176472,-53.05882352941177,-0.6470588235294117,raise,0,0.5250308513641357
2,7,6,Flop,0,♦Q ♠7,♣K ♦J ♥J,15,0.03333333333333333,0.12472191289246472,512,0,20,1,20,-164,-162.93333333333334,-0.8,-165.6,-0.9333333333333333,call,0,0.5226640701293945
3,7,6,Turn,0,♦Q ♠7,♣K ♦J ♥J ♦7,15,0.06666666666666667,0.24944382578492946,572,0,46,1,46,-184,-173.46666666666667,-0.6,-185.73333333333335,-0.8666666666666667,call,0,0.5208868980407715
4,7,6,Turn,0,♦Q ♠7,♣K ♦J ♥J ♦7,55,0.06363636363636363,0.1919882916540261,572,46,102,1,56,-230,-210.65454545454546,-0.6181818181818182,-236.61818181818182,-0.8727272727272728,call,0,0.5278468132019043
5,7,6,Turn,0,♦Q ♠7,♣K ♦J ♥J ♦7,95,0.07894736842105263,0.22142825229434349,572,102,125,2,23,-286,-204.63157894736844,-0.5263157894736843,-244.10526315789474,-0.8421052631578947,call,0,0.5269420146942139
6,7,6,River,0,♦Q ♠7,♣K ♦J ♥J ♦7 ♦8,15,0.03333333333333333,0.12472191289246473,947,0,20,1,20,-309,-293.43333333333334,-0.8,-296.1,-0.9333333333333333,call,0,0.5278658866882324
7,7,6,River,0,♦Q ♠7,♣K ♦J ♥J ♦7 ♦8,50,0.04666666666666666,0.17333333333333334,947,20,88,1,68,-329,-328.1666666666667,-0.72,-344.59333333333336,-0.9066666666666667,call,0,0.5224230289459229
