,N,Nnf,round,first,hole,board,Nsim,prWin,prWinStd,pot,bet,maxBet,NMaxBet,minBet,util_fold,util_call,util_raise_coeff,util_call2,util_raise_coeff2,action,amount,cputime
0,7,7,Deal,0,♠A ♥A,,75,0.38857142857142857,0.4857478979966493,0,10,152,1,142,-10,261.44,1.7199999999999998,-33.87428571428572,-0.22285714285714286,raise,0,0.5274782180786133
1,7,7,Deal,0,♠A ♥A,,170,0.42436974789915966,0.493517757382566,0,304,608,1,304,-304,1198.1176470588234,1.9705882352941178,-91.96638655462186,-0.1512605042016807,raise,0,0.5265259742736816
