,N,Nnf,round,first,hole,board,Nsim,prWin,prWinStd,pot,bet,maxBet,NMaxBet,minBet,util_fold,util_call,util_raise_coeff,util_call2,util_raise_coeff2,action,amount,cputime
0,7,7,Deal,0,♠2 ♣2,,90,0.18095238095238095,0.3814282741809673,0,10,148,1,138,-10,39.46666666666667,0.2666666666666666,-94.43809523809523,-0.638095238095238,raise,0,0.5288949012756348
1,7,6,Flop,1,♠2 ♣2,♦2 ♥10 ♣10,5,0.8,0.4000000000000001,1924,0,0,7,20,-296,1243.2,3.8000000000000007,1243.2,0.6000000000000001,raise,0,0.524569034576416
2,7,6,Flop,0,♠2 ♣2,♦2 ♥10 ♣10,80,0.8125,0.3903123748998999,1924,20,3746,1,3726,-316,15783.0,3.875,3608.5,0.625,raise,0,0.522773027420044
