,N,Nnf,round,first,hole,board,Nsim,prWin,prWinStd,pot,bet,maxBet,NMaxBet,minBet,util_fold,util_call,util_raise_coeff,util_call2,util_raise_coeff2,action,amount,cputime
0,7,7,Deal,0,♦8 ♠A,,65,0.17692307692307693,0.366173238012674,0,40,58,3,18,-40,13.830769230769235,0.2384615384615385,-37.47692307692307,-0.6461538461538461,raise,0,0.5217456817626953
1,7,7,Deal,0,♦8 ♠A,,140,0.15816326530612246,0.3486527291317662,0,116,404,1,288,-116,43.28571428571428,0.1071428571428572,-276.2040816326531,-0.6836734693877551,raise,0,0.5249249935150146
2,7,7,Deal,0,♦8 ♠A,,210,0.20782312925170066,0.39460898683049467,0,808,1616,1,808,-808,734.8952380952378,0.4547619047619045,-944.3156462585035,-0.5843537414965987,raise,0,0.5246257781982422
3,7,7,Flop,0,♦8 ♠A,♣8 ♣K ♥J,35,0.22857142857142856,0.41991252733425904,6464,0,40,1,40,-1616,-114.51428571428573,0.5999999999999999,-160.2285714285715,-0.5428571428571429,raise,0,0.523435115814209
4,7,7,Flop,0,♦8 ♠A,♣8 ♣K ♥J,105,0.2126984126984127,0.4066219322879501,6464,80,119,3,39,-1696,-182.93968253968274,0.48888888888888893,-309.49523809523816,-0.5746031746031746,raise,0,0.521888017654419
5,7,7,Flop,0,♦8 ♠A,♣8 ♣K ♥J,180,0.22129629629629627,0.4119475558268487,6464,238,256,3,18,-1854,-44.977777777777874,0.5490740740740738,-328.2370370370372,-0.5574074074074075,raise,0,0.5204699039459229
6,7,7,Turn,0,♦8 ♠A,♣8 ♣K ♥J ♦7,35,0.05714285714285714,0.2321153829895989,8512,0,40,1,40,-2128,-1665.6,-0.6000000000000001,-1677.0285714285715,-0.8857142857142857,call,0,0.5248301029205322
