,N,Nnf,round,first,hole,board,Nsim,prWin,prWinStd,pot,bet,maxBet,NMaxBet,minBet,util_fold,util_call,util_raise_coeff,util_call2,util_raise_coeff2,action,amount,cputime
0,7,7,Deal,0,♥6 ♣6,,50,0.18285714285714286,0.3833685284050173,0,0,148,1,148,0,41.44,0.28,-93.87428571428572,-0.6342857142857143,raise,0,0.5297458171844482
1,7,7,Deal,0,♥6 ♣6,,150,0.14761904761904762,0.35356942439707756,0,296,592,1,296,-296,19.73333333333335,0.03333333333333344,-417.2190476190476,-0.7047619047619047,raise,0,0.5258340835571289
