,N,Nnf,round,first,hole,board,Nsim,prWin,prWinStd,pot,bet,maxBet,NMaxBet,minBet,util_fold,util_call,util_raise_coeff,util_call2,util_raise_coeff2,action,amount,cputime
0,7,6,Deal,0,♠6 ♦3,,45,0.1111111111111111,0.29606472432164954,0,0,20,1,20,0,-6.666666666666666,-0.33333333333333337,-15.555555555555555,-0.7777777777777778,fold,0,0.5256459712982178
