,N,Nnf,round,first,hole,board,Nsim,prWin,prWinStd,pot,bet,maxBet,NMaxBet,minBet,util_fold,util_call,util_raise_coeff,util_call2,util_raise_coeff2,action,amount,cputime
0,7,7,Deal,0,♦K ♦A,,10,0.35,0.45,0,0,40,1,40,0,58.0,1.4499999999999997,-12.0,-0.30000000000000004,raise,0,0.5260212421417236
1,7,7,Deal,0,♦K ♦A,,95,0.3631578947368421,0.47263040675039264,0,80,117,1,37,-80,180.42631578947373,1.5421052631578949,-32.02105263157894,-0.27368421052631575,raise,0,0.5221269130706787
2,7,7,Flop,0,♦K ♦A,♦9 ♣K ♠5,15,0.5666666666666667,0.4422166387140533,1052,0,77,1,77,-234,590.5666666666666,2.966666666666667,372.4,0.1333333333333333,raise,0,0.5230820178985596
3,7,7,Turn,0,♦K ♦A,♦9 ♣K ♠5 ♦6,20,0.5,0.5,1668,0,111,1,111,-388,723.5,2.5,446.0,0.0,raise,0,0.5274460315704346
4,7,7,River,0,♦K ♦A,♦9 ♣K ♠5 ♦6 ♠6,15,0.4666666666666667,0.4988876515698588,2556,0,32,1,32,-610,655.3333333333333,2.2666666666666666,580.6666666666665,-0.06666666666666665,raise,0,0.5231730937957764
5,7,7,River,0,♦K ♦A,♦9 ♣K ♠5 ♦6 ♠6,60,0.49166666666666664,0.49574579059119495,2556,64,118,2,54,-674,934.8166666666666,2.4416666666666664,644.7333333333333,-0.01666666666666672,raise,0,0.523327112197876
6,7,7,River,0,♦K ♦A,♦9 ♣K ♠5 ♦6 ♠6,105,0.5095238095238095,0.49752220520415147,2556,236,268,1,32,-846,1380.2095238095235,2.5666666666666664,697.4476190476189,0.01904761904761898,raise,0,0.5209777355194092
