,N,Nnf,round,first,hole,board,Nsim,prWin,prWinStd,pot,bet,maxBet,NMaxBet,minBet,util_fold,util_call,util_raise_coeff,util_call2,util_raise_coeff2,action,amount,cputime
0,7,6,Deal,0,♦J ♥6,,55,0.16363636363636364,0.3699452718068329,0,20,122,1,102,-20,-2.2181818181818187,-0.018181818181818188,-82.07272727272726,-0.6727272727272727,call,0,0.5225889682769775
1,7,6,Deal,0,♦J ♥6,,95,0.10526315789473684,0.306892204991858,0,122,229,1,107,-122,-84.36842105263159,-0.368421052631579,-180.78947368421052,-0.7894736842105263,call,0,0.5208971500396729
2,7,6,Deal,0,♦J ♥6,,135,0.12222222222222222,0.3189488909868295,0,229,282,2,53,-229,-75.19999999999999,-0.2666666666666667,-213.06666666666666,-0.7555555555555555,call,0,0.5273251533508301
3,7,6,Flop,1,♦J ♥6,♣K ♦5 ♣10,5,0.0,0.0,846,0,0,7,40,-282,-282.0,-1.0,-282.0,-1.0,call,0,0.5242328643798828
4,7,6,Flop,0,♦J ♥6,♣K ♦5 ♣10,50,0.02,0.09797958971132713,846,40,56,2,16,-322,-314.36,-0.88,-318.84,-0.96,call,0,0.5242297649383545
5,7,6,Turn,1,♦J ♥6,♣K ♦5 ♣10 ♦4,5,0.0,0.0,1014,0,0,7,40,-338,-338.0,-1.0,-338.0,-1.0,call,0,0.5309410095214844
6,7,6,Turn,0,♦J ♥6,♣K ♦5 ♣10 ♦4,45,0.0,0.0,1014,40,121,1,81,-378,-459.0,-1.0,-459.0,-1.0,fold,0,0.5221240520477295
