,N,Nnf,round,first,hole,board,Nsim,prWin,prWinStd,pot,bet,maxBet,NMaxBet,minBet,util_fold,util_call,util_raise_coeff,util_call2,util_raise_coeff2,action,amount,cputime
0,7,7,Deal,0,♥A ♠5,,100,0.14928571428571427,0.34760037458001003,0,20,154,1,134,-20,6.929999999999978,0.04499999999999993,-108.02000000000001,-0.7014285714285715,raise,0,0.5309498310089111
1,7,7,Flop,0,♥A ♠5,♥8 ♥9 ♠A,35,0.5285714285714286,0.4772369453854305,2156,0,20,1,20,-308,885.5999999999999,2.7,832.742857142857,0.05714285714285716,raise,0,0.5310461521148682
2,7,7,Flop,0,♥A ♠5,♥8 ♥9 ♠A,140,0.3666666666666667,0.4612784167699349,2156,40,122,1,82,-348,673.6666666666667,1.5666666666666669,450.0000000000001,-0.2666666666666666,raise,0,0.5201930999755859
3,7,5,Turn,1,♥A ♠5,♥8 ♥9 ♠A ♦3,5,0.4,0.48989794855663565,3543,0,0,7,20,-552,865.2,1.0,865.2,-0.19999999999999996,raise,0,0.5247349739074707
4,7,5,Turn,0,♥A ♠5,♥8 ♥9 ♠A ♦3,70,0.30714285714285716,0.4250450156231954,3543,20,61,3,41,-572,568.8857142857146,0.5357142857142858,512.6785714285716,-0.3857142857142857,raise,0,0.524583101272583
5,7,5,River,1,♥A ♠5,♥8 ♥9 ♠A ♦3 ♥4,5,0.6,0.48989794855663565,4153,0,0,7,20,-674,1817.7999999999997,2.0,1817.7999999999997,0.19999999999999996,raise,0,0.5238237380981445
6,7,5,River,0,♥A ♠5,♥8 ♥9 ♠A ♦3 ♥4,65,0.26153846153846155,0.43063184622395095,4153,20,70,2,50,-694,433.70769230769247,0.3076923076923077,378.78461538461534,-0.4769230769230769,raise,0,0.5247941017150879
7,7,5,River,0,♥A ♠5,♥8 ♥9 ♠A ♦3 ♥4,125,0.26,0.4317406628984581,4153,140,146,3,6,-814,449.5799999999999,0.30000000000000004,335.70000000000005,-0.48,raise,0,0.5196540355682373
