,N,Nnf,round,first,hole,board,Nsim,prWin,prWinStd,pot,bet,maxBet,NMaxBet,minBet,util_fold,util_call,util_raise_coeff,util_call2,util_raise_coeff2,action,amount,cputime
0,7,7,Deal,0,♠5 ♥2,,105,0.09183673469387754,0.2825873594407117,0,20,158,1,138,-20,-56.428571428571445,-0.3571428571428572,-128.9795918367347,-0.8163265306122449,fold,0,0.5261480808258057
