,N,Nnf,round,first,hole,board,Nsim,prWin,prWinStd,pot,bet,maxBet,NMaxBet,minBet,util_fold,util_call,util_raise_coeff,util_call2,util_raise_coeff2,action,amount,cputime
0,8,7,Deal,0,♣4 ♠10,,75,0.08666666666666667,0.27535835237417844,0,0,68,3,68,0,-26.746666666666663,-0.3933333333333333,-56.21333333333333,-0.8266666666666667,fold,0,0.5246069431304932
