,N,Nnf,round,first,hole,board,Nsim,prWin,prWinStd,pot,bet,maxBet,NMaxBet,minBet,util_fold,util_call,util_raise_coeff,util_call2,util_raise_coeff2,action,amount,cputime
0,8,7,Deal,0,♠6 ♠9,,60,0.20833333333333334,0.40095372412398034,0,0,121,1,121,0,55.45833333333334,0.4583333333333335,-70.58333333333333,-0.5833333333333333,raise,0,0.5299053192138672
1,8,7,Flop,0,♠6 ♠9,♦8 ♥7 ♦2,55,0.17272727272727273,0.37195040991779604,1452,0,102,3,102,-242,30.127272727272725,0.209090909090909,-57.96363636363634,-0.6545454545454545,raise,0,0.5207068920135498
2,8,7,Flop,0,♠6 ♠9,♦8 ♥7 ♦2,120,0.14583333333333334,0.3499751975338951,1452,204,249,1,45,-446,-25.0625,0.02083333333333348,-206.625,-0.7083333333333333,raise,0,0.5234320163726807
