,N,Nnf,round,first,hole,board,Nsim,prWin,prWinStd,pot,bet,maxBet,NMaxBet,minBet,util_fold,util_call,util_raise_coeff,util_call2,util_raise_coeff2,action,amount,cputime
0,7,6,Deal,0,♦3 ♣A,,45,0.16666666666666666,0.34960294939005054,0,0,80,1,80,0,0.0,0.0,-53.333333333333336,-0.6666666666666667,call,0,0.5240859985351562
1,7,6,Deal,0,♦3 ♣A,,85,0.13109243697478992,0.3173356705918127,0,80,343,2,263,-80,-73.21176470588233,-0.2134453781512604,-253.0705882352941,-0.7378151260504202,call,0,0.5227310657501221
2,7,6,Flop,0,♦3 ♣A,♦7 ♥A ♠A,25,0.82,0.31240998703626616,1029,0,172,2,172,-343,1175.02,3.92,610.8599999999999,0.6399999999999999,raise,0,0.5214967727661133
3,7,6,Turn,0,♦3 ♣A,♦7 ♥A ♠A ♦9,25,0.64,0.4363484845854286,2061,0,223,1,223,-687,1265.3599999999997,2.84,694.48,0.28,raise,0,0.521481990814209
4,7,6,River,0,♦3 ♣A,♦7 ♥A ♠A ♦9 ♥3,25,0.92,0.2712931993250107,3399,0,242,2,242,-1133,3087.92,4.5200000000000005,2197.36,0.8400000000000001,raise,0,0.5257489681243896
5,7,6,River,0,♦3 ♣A,♦7 ♥A ♠A ♦9 ♥3,70,0.9357142857142857,0.2378689400763816,3399,484,2949,1,2465,-1617,15655.021428571428,4.614285714285714,4617.335714285715,0.8714285714285714,raise,0,0.5203080177307129
