,N,Nnf,round,first,hole,board,Nsim,prWin,prWinStd,pot,bet,maxBet,NMaxBet,minBet,util_fold,util_call,util_raise_coeff,util_call2,util_raise_coeff2,action,amount,cputime
0,7,7,Deal,0,♥9 ♠Q,,65,0.17912087912087912,0.35485488597145487,0,0,138,1,138,0,35.03076923076924,0.25384615384615383,-88.56263736263736,-0.6417582417582417,raise,0,0.5270447731018066
1,7,7,Deal,0,♥9 ♠Q,,170,0.1773109243697479,0.369226140653506,0,276,552,1,276,-276,133.129411764706,0.24117647058823533,-356.2487394957983,-0.6453781512605041,raise,0,0.5229692459106445
