,N,Nnf,round,first,hole,board,Nsim,prWin,prWinStd,pot,bet,maxBet,NMaxBet,minBet,util_fold,util_call,util_raise_coeff,util_call2,util_raise_coeff2,action,amount,cputime
0,7,6,Deal,0,♠K ♣4,,55,0.12987012987012986,0.33283259178475527,0,80,321,1,241,-80,-70.87012987012989,-0.22077922077922085,-237.62337662337663,-0.7402597402597403,call,0,0.5238571166992188
1,7,6,Deal,0,♠K ♣4,,90,0.10714285714285714,0.3025308964563084,0,321,787,1,466,-321,-281.07142857142856,-0.3571428571428572,-618.3571428571429,-0.7857142857142857,call,0,0.5245780944824219
2,7,6,Deal,0,♠K ♣4,,130,0.11373626373626373,0.31143766417895385,0,787,1335,2,548,-787,-423.9725274725274,-0.31758241758241756,-1031.3241758241759,-0.7725274725274726,call,0,0.5228977203369141
3,7,6,Flop,1,♠K ♣4,♣3 ♣Q ♥A,5,0.0,0.0,4005,0,0,7,160,-1335,-1335.0,-1.0,-1335.0,-1.0,call,0,0.5269367694854736
4,7,6,Flop,0,♠K ♣4,♣3 ♣Q ♥A,40,0.025,0.15612494995995996,4005,160,261,2,101,-1495,-1456.725,-0.85,-1482.825,-0.95,call,0,0.5232491493225098
5,7,6,Turn,1,♠K ♣4,♣3 ♣Q ♥A ♣8,5,0.0,0.0,4788,0,0,7,160,-1596,-1596.0,-1.0,-1596.0,-1.0,call,0,0.5249409675598145
6,7,6,Turn,0,♠K ♣4,♣3 ♣Q ♥A ♣8,45,0.0,0.0,4788,160,368,1,208,-1756,-1964.0,-1.0,-1964.0,-1.0,fold,0,0.5261399745941162
