,N,Nnf,round,first,hole,board,Nsim,prWin,prWinStd,pot,bet,maxBet,NMaxBet,minBet,util_fold,util_call,util_raise_coeff,util_call2,util_raise_coeff2,action,amount,cputime
0,8,8,Deal,0,♦8 ♥8,,70,0.12142857142857143,0.32111095418555746,0,0,1000,4,1000,0,-28.571428571428555,-0.02857142857142858,-757.1428571428571,-0.7571428571428571,fold,0,0.521359920501709
