,N,Nnf,round,first,hole,board,Nsim,prWin,prWinStd,pot,bet,maxBet,NMaxBet,minBet,util_fold,util_call,util_raise_coeff,util_call2,util_raise_coeff2,action,amount,cputime
0,8,8,Deal,0,♣4 ♠2,,90,0.06666666666666667,0.23804761428476168,0,10,140,1,130,-10,-65.33333333333333,-0.4666666666666667,-121.33333333333333,-0.8666666666666667,fold,0,0.5282597541809082
