,N,Nnf,round,first,hole,board,Nsim,prWin,prWinStd,pot,bet,maxBet,NMaxBet,minBet,util_fold,util_call,util_raise_coeff,util_call2,util_raise_coeff2,action,amount,cputime
0,8,8,Deal,0,♣4 ♥6,,45,0.08888888888888889,0.2845832994414599,0,0,40,1,40,0,-11.555555555555554,-0.28888888888888886,-32.888888888888886,-0.8222222222222222,fold,0,0.5235922336578369
