,N,Nnf,round,first,hole,board,Nsim,prWin,prWinStd,pot,bet,maxBet,NMaxBet,minBet,util_fold,util_call,util_raise_coeff,util_call2,util_raise_coeff2,action,amount,cputime
0,8,8,Deal,0,♦Q ♦3,,55,0.16363636363636364,0.3699452718068329,0,10,146,1,136,-10,45.127272727272725,0.3090909090909091,-98.21818181818182,-0.6727272727272727,raise,0,0.5255410671234131
1,8,8,Deal,0,♦Q ♦3,,130,0.12307692307692308,0.32261872270016567,0,292,584,1,292,-292,-8.984615384615381,-0.01538461538461533,-440.24615384615385,-0.7538461538461538,call,0,0.5228331089019775
2,8,8,Flop,1,♦Q ♦3,♣5 ♣7 ♠5,5,0.0,0.0,2920,0,0,8,20,-584,-584.0,-1.0,-584.0,-1.0,call,0,0.5306618213653564
3,8,8,Flop,0,♦Q ♦3,♣5 ♣7 ♠5,75,0.013333333333333334,0.08055363982396382,2920,20,40,4,20,-604,-580.8,-0.8933333333333333,-584.0,-0.9733333333333334,call,0,0.5285167694091797
4,8,8,Turn,1,♦Q ♦3,♣5 ♣7 ♠5 ♣9,0,,,3120,0,0,8,20,-624,,,,,call,0,0.5253190994262695
5,8,7,Turn,0,♦Q ♦3,♣5 ♣7 ♠5 ♣9,75,0.0,0.0,3120,20,40,3,20,-644,-664.0,-1.0,-664.0,-1.0,fold,0,0.5280539989471436
