,N,Nnf,round,first,hole,board,Nsim,prWin,prWinStd,pot,bet,maxBet,NMaxBet,minBet,util_fold,util_call,util_raise_coeff,util_call2,util_raise_coeff2,action,amount,cputime
0,8,7,Deal,0,♣2 ♠10,,60,0.10833333333333334,0.3040239391159117,0,20,119,1,99,-20,-28.758333333333326,-0.2416666666666667,-93.21666666666667,-0.7833333333333333,fold,0,0.5257668495178223
