,N,Nnf,round,first,hole,board,Nsim,prWin,prWinStd,pot,bet,maxBet,NMaxBet,minBet,util_fold,util_call,util_raise_coeff,util_call2,util_raise_coeff2,action,amount,cputime
0,7,7,Deal,0,♥2 ♦A,,55,0.16363636363636364,0.3574473318425001,0,0,104,1,104,0,15.12727272727274,0.1454545454545455,-69.96363636363637,-0.6727272727272727,raise,0,0.5241868495941162
1,7,7,Deal,0,♥2 ♦A,,165,0.14242424242424243,0.34291999511353743,0,208,416,1,208,-208,-1.260606060606051,-0.00303030303030305,-297.5030303030303,-0.7151515151515151,call,0,0.5282909870147705
2,7,7,Flop,0,♥2 ♦A,♥5 ♠K ♦6,70,0.12857142857142856,0.33472498611028517,2912,0,88,1,88,-416,-50.400000000000034,-0.10000000000000009,-106.97142857142859,-0.7428571428571429,call,0,0.5250968933105469
3,7,7,Flop,0,♥2 ♦A,♥5 ♠K ♦6,180,0.09722222222222222,0.2939067417387804,2912,88,194,1,106,-504,-194.8611111111111,-0.3194444444444444,-289.16666666666663,-0.8055555555555556,call,0,0.5261907577514648
4,7,7,Turn,0,♥2 ♦A,♥5 ♠K ♦6 ♣5,70,0.03571428571428571,0.15402756180605587,4270,0,122,1,122,-610,-549.0,-0.75,-570.7857142857142,-0.9285714285714286,call,0,0.5245697498321533
5,7,7,Turn,0,♥2 ♦A,♥5 ♠K ♦6 ♣5,175,0.04285714285714286,0.17612611437054218,4270,122,262,1,140,-732,-610.4,-0.7,-666.5428571428572,-0.9142857142857143,call,0,0.5236988067626953
6,7,7,River,0,♥2 ♦A,♥5 ♠K ♦6 ♣5 ♣7,65,0.0,0.0,6104,0,66,1,66,-872,-938.0,-1.0,-938.0,-1.0,fold,0,0.5195910930633545
