,N,Nnf,round,first,hole,board,Nsim,prWin,prWinStd,pot,bet,maxBet,NMaxBet,minBet,util_fold,util_call,util_raise_coeff,util_call2,util_raise_coeff2,action,amount,cputime
0,8,8,Deal,0,♦K ♠2,,40,0.125,0.33071891388307384,0,0,40,1,40,0,0.0,0.0,-30.0,-0.75,call,0,0.5276589393615723
1,8,8,Deal,0,♦K ♠2,,140,0.11160714285714286,0.29906716150697116,0,40,140,1,100,-40,-15.0,-0.1071428571428571,-108.75,-0.7767857142857143,call,0,0.5295238494873047
2,8,8,Deal,0,♦K ♠2,,250,0.1285,0.3217922466437002,0,140,292,1,152,-140,8.175999999999988,0.028000000000000025,-216.95600000000002,-0.743,raise,0,0.5285458564758301
3,8,8,Flop,0,♦K ♠2,♥7 ♥8 ♣3,55,0.06363636363636363,0.23460887091934438,4578,0,20,3,20,-584,-302.4909090909091,-0.49090909090909096,-310.1272727272727,-0.8727272727272728,call,0,0.5312142372131348
4,8,8,Flop,0,♦K ♠2,♥7 ♥8 ♣3,150,0.04666666666666667,0.2028683207293725,4578,20,184,1,164,-604,-485.66666666666663,-0.6266666666666667,-537.1866666666666,-0.9066666666666666,call,0,0.5259718894958496
5,8,8,Turn,0,♦K ♠2,♥7 ♥8 ♣3 ♦3,50,0.0,0.0,5753,0,76,2,76,-768,-844.0,-1.0,-844.0,-1.0,fold,0,0.5244240760803223
