,N,Nnf,round,first,hole,board,Nsim,prWin,prWinStd,pot,bet,maxBet,NMaxBet,minBet,util_fold,util_call,util_raise_coeff,util_call2,util_raise_coeff2,action,amount,cputime
0,7,7,Deal,0,♣J ♠7,,50,0.19285714285714284,0.3717718194192316,0,40,344,1,304,-40,120.39999999999998,0.34999999999999987,-211.31428571428572,-0.6142857142857143,raise,0,0.5237622261047363
1,7,7,Deal,0,♣J ♠7,,125,0.19714285714285715,0.3837941625190168,0,688,1376,1,688,-688,522.8799999999999,0.3800000000000001,-833.4628571428572,-0.6057142857142856,raise,0,0.5234489440917969
