,N,Nnf,round,first,hole,board,Nsim,prWin,prWinStd,pot,bet,maxBet,NMaxBet,minBet,util_fold,util_call,util_raise_coeff,util_call2,util_raise_coeff2,action,amount,cputime
0,8,8,Deal,0,♥J ♥Q,,60,0.225,0.4125631264828855,0,0,318,1,318,0,254.39999999999998,0.8,-174.9,-0.55,raise,0,0.5242190361022949
1,8,8,Flop,0,♥J ♥Q,♠5 ♣6 ♥3,75,0.06666666666666667,0.24944382578492943,3816,0,182,1,182,-636,-466.5333333333333,-0.4666666666666667,-539.3333333333333,-0.8666666666666667,call,0,0.521475076675415
2,8,8,Flop,0,♥J ♥Q,♠5 ♣6 ♥3,160,0.1075,0.30812943708772783,3816,182,215,4,33,-818,-255.88,-0.14,-394.555,-0.785,call,0,0.5284469127655029
3,8,6,Turn,0,♥J ♥Q,♠5 ♣6 ♥3 ♠2,65,0.008717948717948718,0.0397758347275186,5073,0,109,1,109,-851,-910.0723076923077,-0.9476923076923077,-913.8733333333333,-0.9825641025641025,fold,0,0.5250790119171143
