,N,Nnf,round,first,hole,board,Nsim,prWin,prWinStd,pot,bet,maxBet,NMaxBet,minBet,util_fold,util_call,util_raise_coeff,util_call2,util_raise_coeff2,action,amount,cputime
0,7,6,Deal,0,♣4 ♣Q,,50,0.21952380952380954,0.386574291100278,0,0,20,2,20,0,6.342857142857145,0.31714285714285717,-11.219047619047618,-0.5609523809523809,raise,0,0.5252387523651123
1,7,6,Deal,0,♣4 ♣Q,,105,0.16167800453514738,0.3537128600537497,0,40,76,2,36,-40,-2.274829931972789,-0.029931972789115635,-51.424943310657596,-0.6766439909297053,call,0,0.5234909057617188
2,7,6,Deal,0,♣4 ♣Q,,150,0.1841269841269841,0.3747578373215334,0,76,4130,1,4054,-76,432.66666666666606,0.10476190476190461,-2609.1111111111113,-0.6317460317460317,raise,0,0.5217962265014648
