,N,Nnf,round,first,hole,board,Nsim,prWin,prWinStd,pot,bet,maxBet,NMaxBet,minBet,util_fold,util_call,util_raise_coeff,util_call2,util_raise_coeff2,action,amount,cputime
0,8,7,Deal,0,♠J ♣9,,80,0.15625,0.3499441919792355,0,40,66,1,26,-40,6.1875,0.09375,-45.375,-0.6875,raise,0,0.5216548442840576
1,8,7,Flop,1,♠J ♣9,♥A ♥10 ♥5,5,0.0,0.0,680,0,0,8,40,-132,-132.0,-1.0,-132.0,-1.0,call,0,0.5283787250518799
2,8,7,Flop,0,♠J ♣9,♥A ♥10 ♥5,55,0.01818181818181818,0.133608531424537,680,40,134,2,94,-172,-236.5818181818182,-0.8727272727272728,-248.76363636363635,-0.9636363636363636,fold,0,0.5214321613311768
