,N,Nnf,round,first,hole,board,Nsim,prWin,prWinStd,pot,bet,maxBet,NMaxBet,minBet,util_fold,util_call,util_raise_coeff,util_call2,util_raise_coeff2,action,amount,cputime
0,7,6,Deal,0,♦J ♦5,,40,0.225,0.41758232721225164,0,0,40,1,40,0,14.0,0.3500000000000001,-22.0,-0.55,raise,0,0.5249218940734863
1,7,6,Deal,0,♦J ♦5,,80,0.19583333333333333,0.3897782489228117,0,80,144,1,64,-80,25.19999999999999,0.17500000000000004,-87.6,-0.6083333333333334,raise,0,0.5226891040802002
2,7,6,Flop,0,♦J ♦5,♦Q ♦A ♠2,25,0.26,0.42708313008125237,864,0,149,1,149,-288,20.08000000000004,0.56,-134.88,-0.48,raise,0,0.5248079299926758
3,7,6,Turn,0,♦J ♦5,♦Q ♦A ♠2 ♣Q,25,0.2,0.4000000000000001,1758,0,136,2,136,-586,-207.19999999999993,0.20000000000000018,-316.0,-0.6,raise,0,0.5268521308898926
4,7,6,River,0,♦J ♦5,♦Q ♦A ♠2 ♣Q ♥3,25,0.0,0.0,2574,0,106,2,106,-858,-964.0,-1.0,-964.0,-1.0,fold,0,0.5296289920806885
