,N,Nnf,round,first,hole,board,Nsim,prWin,prWinStd,pot,bet,maxBet,NMaxBet,minBet,util_fold,util_call,util_raise_coeff,util_call2,util_raise_coeff2,action,amount,cputime
0,7,6,Deal,0,♠2 ♦9,,40,0.10833333333333335,0.30173111650386125,0,0,13,1,13,0,-4.549999999999997,-0.34999999999999987,-10.183333333333334,-0.7833333333333333,fold,0,0.5276331901550293
