,N,Nnf,round,first,hole,board,Nsim,prWin,prWinStd,pot,bet,maxBet,NMaxBet,minBet,util_fold,util_call,util_raise_coeff,util_call2,util_raise_coeff2,action,amount,cputime
0,8,8,Deal,0,♦9 ♦6,,10,0.2,0.4000000000000001,0,0,20,1,20,0,12.0,0.6000000000000001,-12.0,-0.6,raise,0,0.5233607292175293
1,8,8,Deal,0,♦9 ♦6,,115,0.13152173913043477,0.3365600753357696,0,40,152,1,112,-40,7.930434782608671,0.05217391304347818,-112.01739130434783,-0.7369565217391305,raise,0,0.5257127285003662
2,8,8,Deal,0,♦9 ♦6,,220,0.12556818181818183,0.328887960870849,0,304,4086,2,3782,-304,18.572727272727207,0.00454545454545463,-3059.856818181818,-0.7488636363636363,raise,0,0.5293350219726562
