,N,Nnf,round,first,hole,board,Nsim,prWin,prWinStd,pot,bet,maxBet,NMaxBet,minBet,util_fold,util_call,util_raise_coeff,util_call2,util_raise_coeff2,action,amount,cputime
0,8,8,Deal,0,♥Q ♠A,,70,0.17619047619047618,0.3767927668037781,0,10,56,1,46,-10,22.933333333333323,0.4095238095238094,-36.266666666666666,-0.6476190476190476,raise,0,0.5214018821716309
1,8,8,Deal,0,♥Q ♠A,,155,0.2158602150537634,0.40484495704100204,0,112,224,1,112,-112,162.82150537634402,0.7268817204301072,-127.294623655914,-0.5682795698924732,raise,0,0.5250260829925537
2,8,7,Flop,1,♥Q ♠A,♠6 ♠J ♦9,5,0.0,0.0,2016,0,0,8,20,-448,-448.0,-1.0,-448.0,-1.0,call,0,0.521669864654541
3,8,6,Flop,0,♥Q ♠A,♠6 ♠J ♦9,60,0.13888888888888887,0.34043363777452296,2016,20,47,2,27,-468,-175.83333333333337,-0.16666666666666674,-201.9444444444445,-0.7222222222222223,call,0,0.5220639705657959
4,8,6,Turn,1,♥Q ♠A,♠6 ♠J ♦9 ♥5,5,0.0,0.0,2157,0,0,8,20,-495,-495.0,-1.0,-495.0,-1.0,call,0,0.5231590270996094
5,8,6,Turn,0,♥Q ♠A,♠6 ♠J ♦9 ♥5,55,0.0,0.0,2157,20,64,1,44,-515,-559.0,-1.0,-559.0,-1.0,fold,0,0.5243260860443115
