,N,Nnf,round,first,hole,board,Nsim,prWin,prWinStd,pot,bet,maxBet,NMaxBet,minBet,util_fold,util_call,util_raise_coeff,util_call2,util_raise_coeff2,action,amount,cputime
0,8,7,Deal,0,♠4 ♣2,,55,0.06060606060606061,0.22998382983042764,0,0,65,2,65,0,-37.42424242424242,-0.5757575757575757,-57.121212121212125,-0.8787878787878788,fold,0,0.5220851898193359
