,N,Nnf,round,first,hole,board,Nsim,prWin,prWinStd,pot,bet,maxBet,NMaxBet,minBet,util_fold,util_call,util_raise_coeff,util_call2,util_raise_coeff2,action,amount,cputime
0,7,6,Deal,0,♠7 ♥3,,40,0.09107142857142857,0.2710464885948383,0,0,40,1,40,0,-18.142857142857142,-0.4535714285714286,-32.714285714285715,-0.8178571428571428,fold,0,0.5218522548675537
