,N,Nnf,round,first,hole,board,Nsim,prWin,prWinStd,pot,bet,maxBet,NMaxBet,minBet,util_fold,util_call,util_raise_coeff,util_call2,util_raise_coeff2,action,amount,cputime
0,8,7,Deal,0,♠8 ♣5,,65,0.14358974358974358,0.33445570411410863,0,0,75,3,75,0,0.3846153846153726,0.00512820512820511,-53.46153846153847,-0.7128205128205128,raise,0,0.5219249725341797
1,8,7,Flop,0,♠8 ♣5,♦8 ♠2 ♥8,55,0.7,0.4221158824088691,1050,0,58,2,58,-150,811.1999999999999,3.8999999999999995,608.2,0.3999999999999999,raise,0,0.5230488777160645
2,8,6,Flop,0,♠8 ♣5,♦8 ♠2 ♥8,140,0.6892857142857143,0.4328801266882468,1050,116,129,1,13,-266,978.2571428571428,3.135714285714286,622.5857142857143,0.37857142857142856,raise,0,0.5298199653625488
3,8,6,Turn,0,♠8 ♣5,♦8 ♠2 ♥8 ♥10,45,0.7222222222222222,0.4157397096415491,2618,0,79,2,79,-408,1746.1111111111113,3.333333333333333,1517.888888888889,0.4444444444444444,raise,0,0.5257260799407959
4,8,6,River,0,♠8 ♣5,♦8 ♠2 ♥8 ♥10 ♥Q,45,0.4,0.4666666666666667,3566,0,55,3,55,-566,937.4000000000001,1.4000000000000004,849.4000000000001,-0.19999999999999996,raise,0,0.5234723091125488
5,8,6,River,0,♠8 ♣5,♦8 ♠2 ♥8 ♥10 ♥Q,110,0.45454545454545453,0.4793245936896025,3566,110,123,2,13,-676,1267.3636363636363,1.727272727272727,1043.7272727272725,-0.09090909090909094,raise,0,0.5210750102996826
