,N,Nnf,round,first,hole,board,Nsim,prWin,prWinStd,pot,bet,maxBet,NMaxBet,minBet,util_fold,util_call,util_raise_coeff,util_call2,util_raise_coeff2,action,amount,cputime
0,7,6,Deal,0,♠8 ♦J,,55,0.22727272727272727,0.4136113878573573,0,10,52,1,42,-10,18.909090909090907,0.36363636363636354,-28.363636363636363,-0.5454545454545454,raise,0,0.5251681804656982
1,7,6,Flop,1,♠8 ♦J,♦4 ♠6 ♠4,5,0.2,0.4000000000000001,312,0,0,7,20,-104,-41.599999999999994,0.20000000000000018,-41.599999999999994,-0.6,raise,0,0.5272250175476074
2,7,6,Flop,0,♠8 ♦J,♦4 ♠6 ♠4,45,0.08888888888888889,0.28458329944145994,312,20,68,2,48,-124,-108.0,-0.4666666666666667,-132.17777777777778,-0.8222222222222222,call,0,0.51944899559021
3,7,6,Turn,1,♠8 ♦J,♦4 ♠6 ♠4 ♣5,5,0.0,0.0,516,0,0,7,20,-172,-172.0,-1.0,-172.0,-1.0,call,0,0.5231747627258301
4,7,6,Turn,0,♠8 ♦J,♦4 ♠6 ♠4 ♣5,40,0.05,0.21794494717703364,516,20,54,2,34,-192,-184.0,-0.7,-194.8,-0.9,call,0,0.5210659503936768
5,7,6,River,1,♠8 ♦J,♦4 ♠6 ♠4 ♣5 ♦K,5,0.0,0.0,678,0,0,7,20,-226,-226.0,-1.0,-226.0,-1.0,call,0,0.5252621173858643
6,7,6,River,0,♠8 ♦J,♦4 ♠6 ♠4 ♣5 ♦K,45,0.0,0.0,678,20,51,2,31,-246,-277.0,-1.0,-277.0,-1.0,fold,0,0.520758867263794
