,N,Nnf,round,first,hole,board,Nsim,prWin,prWinStd,pot,bet,maxBet,NMaxBet,minBet,util_fold,util_call,util_raise_coeff,util_call2,util_raise_coeff2,action,amount,cputime
0,7,6,Deal,0,♣A ♦8,,50,0.22238095238095237,0.39822764943054256,0,0,20,2,20,0,6.685714285714287,0.3342857142857143,-11.104761904761904,-0.5552380952380953,raise,0,0.5297708511352539
1,7,6,Deal,0,♣A ♦8,,105,0.16303854875283447,0.36003786517533765,0,40,43,2,3,-40,-0.9360544217687092,-0.0217687074829932,-28.978684807256236,-0.6739229024943311,call,0,0.524306058883667
2,7,6,Deal,0,♣A ♦8,,160,0.13824404761904763,0.3339545325087882,0,43,3105,1,3062,-43,-529.5133928571427,-0.17053571428571423,-2246.504464285714,-0.7235119047619047,fold,0,0.523036003112793
