,N,Nnf,round,first,hole,board,Nsim,prWin,prWinStd,pot,bet,maxBet,NMaxBet,minBet,util_fold,util_call,util_raise_coeff,util_call2,util_raise_coeff2,action,amount,cputime
0,7,6,Deal,0,♥10 ♣3,,55,0.12987012987012986,0.33283259178475527,0,20,120,1,100,-20,-26.4935064935065,-0.22077922077922085,-88.83116883116884,-0.7402597402597403,fold,0,0.523953914642334
