,N,Nnf,round,first,hole,board,Nsim,prWin,prWinStd,pot,bet,maxBet,NMaxBet,minBet,util_fold,util_call,util_raise_coeff,util_call2,util_raise_coeff2,action,amount,cputime
0,7,7,Deal,0,♠5 ♦K,,90,0.14047619047619048,0.34147373016093446,0,10,150,1,140,-10,-2.5,-0.016666666666666607,-107.85714285714286,-0.719047619047619,call,0,0.5207817554473877
1,7,7,Flop,1,♠5 ♦K,♣A ♠2 ♥5,5,0.0,0.0,1050,0,0,7,20,-150,-150.0,-1.0,-150.0,-1.0,call,0,0.5279049873352051
2,7,7,Flop,0,♠5 ♦K,♣A ♠2 ♥5,110,0.20454545454545456,0.4005419881829128,1050,20,77,3,57,-170,98.02272727272731,0.4318181818181819,19.27272727272728,-0.5909090909090908,raise,0,0.5220627784729004
3,7,7,Flop,0,♠5 ♦K,♣A ♠2 ♥5,220,0.19015151515151515,0.3867489166344314,1050,154,308,1,154,-304,151.62575757575758,0.33106060606060606,-141.20757575757574,-0.6196969696969696,raise,0,0.523313045501709
4,7,7,Turn,1,♠5 ♦K,♣A ♠2 ♥5 ♥9,5,0.0,0.0,4650,0,0,7,20,-766,-766.0,-1.0,-766.0,-1.0,call,0,0.5285639762878418
5,7,7,Turn,0,♠5 ♦K,♣A ♠2 ♥5 ♥9,30,0.18333333333333332,0.3760171390892826,4650,20,78,1,58,-786,108.59999999999991,0.2833333333333332,37.09999999999991,-0.6333333333333333,raise,0,0.521942138671875
6,7,7,River,1,♠5 ♦K,♣A ♠2 ♥5 ♥9 ♦9,5,0.0,0.0,4962,0,0,7,20,-922,-922.0,-1.0,-922.0,-1.0,call,0,0.5333359241485596
7,7,7,River,0,♠5 ♦K,♣A ♠2 ♥5 ♥9 ♦9,30,0.016666666666666666,0.08975274678557504,4962,20,61,1,41,-942,-893.1833333333334,-0.8833333333333333,-898.2666666666667,-0.9666666666666667,call,0,0.5238778591156006
