,N,Nnf,round,first,hole,board,Nsim,prWin,prWinStd,pot,bet,maxBet,NMaxBet,minBet,util_fold,util_call,util_raise_coeff,util_call2,util_raise_coeff2,action,amount,cputime
0,8,8,Deal,0,♠8 ♣10,,100,0.145,0.3412843389316304,0,20,78,4,58,-20,12.47999999999999,0.15999999999999992,-55.38,-0.71,raise,0,0.5282919406890869
1,8,8,Flop,0,♠8 ♣10,♣2 ♥3 ♦2,35,0.03809523809523809,0.17405397030949585,1248,0,20,1,20,-156,-122.36190476190477,-0.6952380952380952,-126.93333333333334,-0.9238095238095239,call,0,0.525162935256958
2,8,7,Flop,0,♠8 ♣10,♣2 ♥3 ♦2,140,0.020238095238095236,0.12827898840501178,1248,20,126,1,106,-176,-238.89285714285717,-0.8583333333333334,-251.64285714285714,-0.9595238095238096,fold,0,0.5226578712463379
