,N,Nnf,round,first,hole,board,Nsim,prWin,prWinStd,pot,bet,maxBet,NMaxBet,minBet,util_fold,util_call,util_raise_coeff,util_call2,util_raise_coeff2,action,amount,cputime
0,7,6,Deal,0,♥3 ♠3,,45,0.20317460317460317,0.39896565687295893,0,0,20,1,20,0,4.38095238095238,0.21904761904761916,-11.873015873015873,-0.5936507936507937,raise,0,0.521186113357544
1,7,6,Deal,0,♥3 ♠3,,85,0.2134453781512605,0.4079777842807543,0,40,85,1,45,-40,23.85714285714286,0.2806722689075629,-48.714285714285715,-0.573109243697479,raise,0,0.5226669311523438
2,7,6,Flop,0,♥3 ♠3,♦2 ♠2 ♦6,25,0.12,0.32496153618543844,510,0,27,2,27,-170,-116.36000000000001,-0.28,-129.32,-0.76,call,0,0.5203940868377686
3,7,6,Turn,0,♥3 ♠3,♦2 ♠2 ♦6 ♦5,25,0.04,0.19595917942265428,591,0,39,2,39,-197,-203.0,-0.76,-209.24,-0.92,fold,0,0.5281329154968262
