,N,Nnf,round,first,hole,board,Nsim,prWin,prWinStd,pot,bet,maxBet,NMaxBet,minBet,util_fold,util_call,util_raise_coeff,util_call2,util_raise_coeff2,action,amount,cputime
0,8,8,Deal,0,♣7 ♥10,,50,0.14,0.332264954516723,0,0,116,1,116,0,13.920000000000016,0.1200000000000001,-83.52,-0.72,raise,0,0.5292530059814453
1,8,8,Deal,0,♣7 ♥10,,150,0.09666666666666666,0.28691849404007097,0,232,464,1,232,-232,-105.17333333333335,-0.22666666666666668,-374.29333333333335,-0.8066666666666666,call,0,0.5288097858428955
2,8,8,Flop,0,♣7 ♥10,♥J ♦7 ♣9,60,0.10555555555555556,0.2563393776679851,3712,0,132,1,132,-464,-92.71111111111111,-0.15555555555555556,-176.31111111111113,-0.7888888888888889,call,0,0.5307540893554688
3,8,7,Flop,0,♣7 ♥10,♥J ♦7 ♣9,165,0.13282828282828282,0.31016680774655925,3712,132,286,1,154,-596,8.98080808080806,-0.07020202020202027,-180.9636363636364,-0.7343434343434343,call,0,0.5292317867279053
4,8,6,Turn,0,♣7 ♥10,♥J ♦7 ♣9 ♥A,50,0.026666666666666665,0.10728984626287387,5571,0,24,3,24,-750,-621.6,-0.8400000000000001,-624.16,-0.9466666666666667,call,0,0.5233988761901855
5,8,6,River,0,♣7 ♥10,♥J ♦7 ♣9 ♥A ♥9,50,0.0,0.0,5715,0,40,3,40,-774,-814.0,-1.0,-814.0,-1.0,fold,0,0.525691032409668
