,N,Nnf,round,first,hole,board,Nsim,prWin,prWinStd,pot,bet,maxBet,NMaxBet,minBet,util_fold,util_call,util_raise_coeff,util_call2,util_raise_coeff2,action,amount,cputime
0,7,7,Deal,0,♥A ♥5,,85,0.1546218487394958,0.3595460421161441,0,10,88,1,78,-10,7.247058823529414,0.08235294117647074,-60.78655462184874,-0.6907563025210084,raise,0,0.5312588214874268
1,7,7,Deal,0,♥A ♥5,,190,0.17957393483709275,0.3718731801639343,0,176,352,1,176,-176,90.47017543859653,0.25701754385964914,-225.5799498746867,-0.6408521303258146,raise,0,0.5179007053375244
2,7,7,Flop,1,♥A ♥5,♣10 ♦6 ♠5,5,0.2,0.4000000000000001,3095,0,0,7,20,-704,-85.0,0.40000000000000013,-85.0,-0.6,raise,0,0.5254051685333252
3,7,7,Flop,0,♥A ♥5,♣10 ♦6 ♠5,45,0.2,0.4,3095,20,79,2,59,-724,-53.39999999999998,0.40000000000000013,-132.39999999999998,-0.6,raise,0,0.5247371196746826
4,7,7,Turn,1,♥A ♥5,♣10 ♦6 ♠5 ♥10,5,0.0,0.0,3569,0,0,7,20,-862,-862.0,-1.0,-862.0,-1.0,call,0,0.5269849300384521
5,7,7,Turn,0,♥A ♥5,♣10 ♦6 ♠5 ♥10,45,0.1111111111111111,0.27666443551086073,3569,20,42,2,22,-882,-474.77777777777777,-0.22222222222222232,-498.11111111111114,-0.7777777777777778,call,0,0.5207271575927734
6,7,7,River,1,♥A ♥5,♣10 ♦6 ♠5 ♥10 ♠4,5,0.4,0.48989794855663565,3695,0,0,7,20,-904,574.0,1.8000000000000003,574.0,-0.19999999999999996,raise,0,0.5245418548583984
7,7,7,River,0,♥A ♥5,♣10 ♦6 ♠5 ♥10 ♠4,50,0.16,0.36660605559646714,3695,20,33,1,13,-924,-308.8399999999999,0.1200000000000001,-335.24,-0.6799999999999999,raise,0,0.5244290828704834
