,N,Nnf,round,first,hole,board,Nsim,prWin,prWinStd,pot,bet,maxBet,NMaxBet,minBet,util_fold,util_call,util_raise_coeff,util_call2,util_raise_coeff2,action,amount,cputime
0,7,7,Deal,0,♣8 ♠8,,45,0.22539682539682537,0.41457449036630833,0,0,80,1,80,0,46.22222222222223,0.5777777777777775,-43.93650793650794,-0.5492063492063493,raise,0,0.5214006900787354
