,N,Nnf,round,first,hole,board,Nsim,prWin,prWinStd,pot,bet,maxBet,NMaxBet,minBet,util_fold,util_call,util_raise_coeff,util_call2,util_raise_coeff2,action,amount,cputime
0,7,7,Deal,0,♦9 ♦4,,55,0.14545454545454545,0.3525585350848239,0,0,70,1,70,0,1.2727272727272663,0.018181818181818077,-49.63636363636364,-0.7090909090909091,raise,0,0.5250601768493652
1,7,6,Deal,0,♦9 ♦4,,160,0.14360119047619047,0.34534503552052614,0,140,4780,1,4640,-140,-661.5178571428569,-0.1383928571428572,-3407.1726190476193,-0.7127976190476191,fold,0,0.5230138301849365
