,N,Nnf,round,first,hole,board,Nsim,prWin,prWinStd,pot,bet,maxBet,NMaxBet,minBet,util_fold,util_call,util_raise_coeff,util_call2,util_raise_coeff2,action,amount,cputime
0,7,7,Deal,0,♣5 ♥J,,55,0.1632034632034632,0.3415625565567798,0,20,154,1,134,-20,21.933333333333337,0.14242424242424256,-103.73333333333333,-0.6735930735930735,raise,0,0.522942066192627
1,7,7,Deal,0,♣5 ♥J,,125,0.1598095238095238,0.3485872491856014,0,308,616,1,308,-308,73.09866666666653,0.11866666666666648,-419.1146666666667,-0.6803809523809524,raise,0,0.530440092086792
