,N,Nnf,round,first,hole,board,Nsim,prWin,prWinStd,pot,bet,maxBet,NMaxBet,minBet,util_fold,util_call,util_raise_coeff,util_call2,util_raise_coeff2,action,amount,cputime
0,7,7,Deal,0,♣7 ♠Q,,105,0.1346938775510204,0.3326008890267265,0,20,118,1,98,-20,-6.742857142857133,-0.05714285714285716,-86.21224489795918,-0.7306122448979592,call,0,0.5237607955932617
1,7,7,Deal,0,♣7 ♠Q,,210,0.141156462585034,0.33866774916446385,0,118,270,1,152,-118,-3.2142857142857224,-0.011904761904761973,-193.77551020408163,-0.717687074829932,call,0,0.524432897567749
2,7,7,Flop,0,♣7 ♠Q,♥2 ♣A ♥7,35,0.2666666666666666,0.41823514309612353,1890,0,20,1,20,-270,251.33333333333326,0.8666666666666663,224.66666666666652,-0.4666666666666668,raise,0,0.5224199295043945
3,7,5,Flop,0,♣7 ♠Q,♥2 ♣A ♥7,140,0.1988095238095238,0.385705099831829,1890,40,61,2,21,-310,105.38690476190476,-0.005952380952381042,69.00476190476189,-0.6023809523809525,call,0,0.5242819786071777
4,7,5,Turn,1,♣7 ♠Q,♥2 ♣A ♥7 ♣3,5,0.2,0.4000000000000001,2215,0,0,7,20,-331,112.0,0.0,112.0,-0.6,call,0,0.5289521217346191
5,7,5,Turn,0,♣7 ♠Q,♥2 ♣A ♥7 ♣3,65,0.14615384615384616,0.3477739863217635,2215,20,53,4,33,-351,-21.538461538461547,-0.26923076923076916,-44.77692307692308,-0.7076923076923076,call,0,0.5246970653533936
6,7,5,River,1,♣7 ♠Q,♥2 ♣A ♥7 ♣3 ♣5,5,0.2,0.4000000000000001,2480,0,0,7,20,-384,112.0,0.0,112.0,-0.6,call,0,0.5287470817565918
7,7,5,River,0,♣7 ♠Q,♥2 ♣A ♥7 ♣3 ♣5,65,0.06153846153846154,0.24031537464328168,2480,20,36,3,16,-404,-256.3076923076923,-0.6923076923076923,-262.95384615384614,-0.8769230769230769,call,0,0.5224149227142334
8,7,5,River,0,♣7 ♠Q,♥2 ♣A ♥7 ♣3 ♣5,125,0.064,0.23644026729810635,2480,36,111,1,75,-420,-300.76,-0.6799999999999999,-322.072,-0.872,call,0,0.5273690223693848
