,N,Nnf,round,first,hole,board,Nsim,prWin,prWinStd,pot,bet,maxBet,NMaxBet,minBet,util_fold,util_call,util_raise_coeff,util_call2,util_raise_coeff2,action,amount,cputime
0,7,7,Deal,0,♣8 ♦10,,65,0.16923076923076924,0.36455371110993184,0,10,108,1,98,-10,19.938461538461553,0.18461538461538463,-71.44615384615383,-0.6615384615384615,raise,0,0.524954080581665
1,7,7,Deal,0,♣8 ♦10,,145,0.13448275862068965,0.3335037218103503,0,216,432,1,216,-216,-25.324137931034556,-0.05862068965517242,-315.80689655172415,-0.7310344827586207,call,0,0.5242159366607666
2,7,7,Flop,1,♣8 ♦10,♠Q ♥7 ♦A,5,0.0,0.0,2160,0,0,7,20,-432,-432.0,-1.0,-432.0,-1.0,call,0,0.525460958480835
3,7,7,Flop,0,♣8 ♦10,♠Q ♥7 ♦A,90,0.037037037037037035,0.18219813149998285,2160,20,128,1,108,-452,-446.8148148148148,-0.7407407407407407,-470.51851851851853,-0.9259259259259259,call,0,0.5221428871154785
4,7,7,Turn,1,♣8 ♦10,♠Q ♥7 ♦A ♣6,5,0.0,0.0,2800,0,0,7,20,-560,-560.0,-1.0,-560.0,-1.0,call,0,0.5253839492797852
5,7,7,Turn,0,♣8 ♦10,♠Q ♥7 ♦A ♣6,85,0.03529411764705882,0.18452220166303673,2800,20,158,1,138,-580,-580.1411764705882,-0.7529411764705882,-608.0235294117647,-0.9294117647058824,fold,0,0.523061990737915
