,N,Nnf,round,first,hole,board,Nsim,prWin,prWinStd,pot,bet,maxBet,NMaxBet,minBet,util_fold,util_call,util_raise_coeff,util_call2,util_raise_coeff2,action,amount,cputime
0,7,7,Deal,0,♣3 ♠3,,90,0.18095238095238095,0.3814282741809673,0,40,266,1,226,-40,70.93333333333334,0.2666666666666666,-169.73333333333335,-0.638095238095238,raise,0,0.5259683132171631
1,7,7,Flop,0,♣3 ♠3,♦2 ♠5 ♠4,35,0.05714285714285714,0.2321153829895989,2980,0,40,1,40,-532,-385.7142857142857,-0.6000000000000001,-397.1428571428571,-0.8857142857142857,call,0,0.531796932220459
2,7,6,Flop,0,♣3 ♠3,♦2 ♠5 ♠4,115,0.05217391304347826,0.22237759743555519,2980,40,135,3,95,-572,-469.2608695652174,-0.6869565217391305,-497.4347826086956,-0.8956521739130435,call,0,0.5216426849365234
3,7,6,Turn,1,♣3 ♠3,♦2 ♠5 ♠4 ♦6,5,0.0,0.0,3560,0,0,7,40,-667,-667.0,-1.0,-667.0,-1.0,call,0,0.520939826965332
4,7,6,Turn,0,♣3 ♠3,♦2 ♠5 ♠4 ♦6,55,0.01818181818181818,0.133608531424537,3560,40,157,2,117,-707,-742.1454545454545,-0.8909090909090909,-753.5636363636364,-0.9636363636363636,fold,0,0.5280539989471436
