,N,Nnf,round,first,hole,board,Nsim,prWin,prWinStd,pot,bet,maxBet,NMaxBet,minBet,util_fold,util_call,util_raise_coeff,util_call2,util_raise_coeff2,action,amount,cputime
0,7,7,Deal,0,♠8 ♥9,,65,0.11758241758241758,0.30055698405488934,0,40,80,1,40,-40,-14.153846153846146,-0.17692307692307696,-61.18681318681318,-0.7648351648351648,call,0,0.5235671997070312
1,7,7,Deal,0,♠8 ♥9,,140,0.11530612244897959,0.3065829869111955,0,80,153,2,73,-80,-29.507142857142867,-0.19285714285714284,-117.71632653061225,-0.7693877551020408,call,0,0.5292248725891113
2,7,7,Deal,0,♠8 ♥9,,210,0.10782312925170068,0.29943585409680323,0,153,392,1,239,-153,-96.13333333333333,-0.24523809523809526,-307.4666666666667,-0.7843537414965986,call,0,0.5294489860534668
3,7,7,Flop,0,♠8 ♥9,♣4 ♥2 ♦4,35,0.1,0.26186146828319085,1568,0,40,1,40,-392,-247.2,-0.29999999999999993,-267.2,-0.8,call,0,0.5212879180908203
4,7,7,Flop,0,♠8 ♥9,♣4 ♥2 ♦4,115,0.09254658385093167,0.276396817641662,1568,40,147,2,107,-432,-298.6565217391304,-0.3521739130434782,-366.67826086956524,-0.8149068322981367,call,0,0.5203619003295898
5,7,7,Flop,0,♠8 ♥9,♣4 ♥2 ♦4,185,0.05907335907335907,0.22258477966513956,1568,147,251,3,104,-539,-446.5810810810811,-0.5864864864864865,-520.7181467181467,-0.8818532818532818,call,0,0.5254631042480469
6,7,7,Turn,0,♠8 ♥9,♣4 ♥2 ♦4 ♣2,35,0.012244897959183673,0.03999166926992943,2572,0,40,1,40,-643,-648.0775510204081,-0.9142857142857143,-650.5265306122449,-0.9755102040816327,fold,0,0.5214979648590088
