,N,Nnf,round,first,hole,board,Nsim,prWin,prWinStd,pot,bet,maxBet,NMaxBet,minBet,util_fold,util_call,util_raise_coeff,util_call2,util_raise_coeff2,action,amount,cputime
0,8,8,Deal,0,♠9 ♣10,,65,0.17692307692307693,0.366173238012674,0,0,380,2,380,0,157.84615384615392,0.41538461538461546,-245.53846153846152,-0.6461538461538461,raise,0,0.5289461612701416
1,8,8,Flop,0,♠9 ♣10,♦Q ♣A ♠A,20,0.0375,0.11924240017711821,4560,0,20,2,20,-760,-603.0,-0.7,-607.5,-0.925,call,0,0.5245819091796875
2,8,8,Turn,0,♠9 ♣10,♦Q ♣A ♠A ♥A,25,0.005,0.024494897427831785,4640,0,61,2,61,-780,-815.36,-0.96,-817.19,-0.99,fold,0,0.5284209251403809
