,N,Nnf,round,first,hole,board,Nsim,prWin,prWinStd,pot,bet,maxBet,NMaxBet,minBet,util_fold,util_call,util_raise_coeff,util_call2,util_raise_coeff2,action,amount,cputime
0,7,7,Deal,0,♦10 ♠Q,,65,0.24615384615384617,0.40309453866381234,0,40,218,1,178,-40,157.63076923076926,0.7230769230769232,-110.67692307692307,-0.5076923076923077,raise,0,0.5239150524139404
1,7,7,Deal,0,♦10 ♠Q,,140,0.225,0.39787381344915307,0,436,872,1,436,-436,501.4000000000001,0.575,-479.59999999999997,-0.55,raise,0,0.5237302780151367
