,N,Nnf,round,first,hole,board,Nsim,prWin,prWinStd,pot,bet,maxBet,NMaxBet,minBet,util_fold,util_call,util_raise_coeff,util_call2,util_raise_coeff2,action,amount,cputime
0,7,7,Deal,0,♠J ♠K,,90,0.2626984126984127,0.42894531016567455,0,0,152,1,152,0,127.51111111111112,0.838888888888889,-72.13968253968254,-0.4746031746031746,raise,0,0.5253219604492188
1,7,7,Deal,0,♠J ♠K,,200,0.25571428571428567,0.4268632625302384,0,304,608,1,304,-304,480.3199999999997,0.7899999999999996,-297.05142857142863,-0.48857142857142866,raise,0,0.5264368057250977
