,N,Nnf,round,first,hole,board,Nsim,prWin,prWinStd,pot,bet,maxBet,NMaxBet,minBet,util_fold,util_call,util_raise_coeff,util_call2,util_raise_coeff2,action,amount,cputime
0,8,8,Deal,0,♥9 ♥A,,45,0.14444444444444443,0.34354721852756237,0,0,40,1,40,0,6.222222222222214,0.15555555555555545,-28.444444444444446,-0.7111111111111111,raise,0,0.5243229866027832
1,8,8,Deal,0,♥9 ♥A,,175,0.18,0.37856873314404316,0,80,170,1,90,-80,74.79999999999998,0.43999999999999995,-108.80000000000001,-0.64,raise,0,0.5289530754089355
2,8,7,Flop,0,♥9 ♥A,♣3 ♠7 ♥7,30,0.13333333333333333,0.31446603773522014,2550,0,51,2,51,-340,-3.3999999999999773,-0.06666666666666665,-37.39999999999998,-0.7333333333333334,call,0,0.5209388732910156
3,8,7,Turn,0,♥9 ♥A,♣3 ♠7 ♥7 ♥3,30,0.1,0.3,2907,0,68,1,68,-391,-120.69999999999999,-0.29999999999999993,-154.7,-0.8,call,0,0.5244739055633545
4,8,7,Turn,0,♥9 ♥A,♣3 ♠7 ♥7 ♥3,125,0.09,0.2759528945309327,2907,68,124,2,56,-459,-175.25,-0.37,-231.05,-0.8200000000000001,call,0,0.5304019451141357
5,8,6,River,0,♥9 ♥A,♣3 ♠7 ♥7 ♥3 ♣5,35,0.08095238095238094,0.24679349561618932,3775,0,20,1,20,-515,-219.6904761904762,-0.5142857142857143,-226.16666666666669,-0.8380952380952381,call,0,0.524559736251831
6,8,6,River,0,♥9 ♥A,♣3 ♠7 ♥7 ♥3 ♣5,120,0.04513888888888889,0.18908155002994975,3775,20,51,1,31,-535,-381.78819444444446,-0.7291666666666667,-390.9965277777778,-0.9097222222222222,call,0,0.5250530242919922
