,N,Nnf,round,first,hole,board,Nsim,prWin,prWinStd,pot,bet,maxBet,NMaxBet,minBet,util_fold,util_call,util_raise_coeff,util_call2,util_raise_coeff2,action,amount,cputime
0,7,7,Deal,0,♥10 ♣Q,,40,0.20357142857142857,0.3988343986556582,0,0,160,1,160,0,68.0,0.42500000000000004,-94.85714285714286,-0.5928571428571429,raise,0,0.5230939388275146
1,7,6,Flop,0,♥10 ♣Q,♠5 ♦7 ♣K,35,0.22857142857142856,0.4199125273342591,1120,0,680,1,680,-320,188.57142857142844,0.37142857142857144,-433.1428571428571,-0.5428571428571429,raise,0,0.5253970623016357
