,N,Nnf,round,first,hole,board,Nsim,prWin,prWinStd,pot,bet,maxBet,NMaxBet,minBet,util_fold,util_call,util_raise_coeff,util_call2,util_raise_coeff2,action,amount,cputime
0,7,7,Deal,0,♥8 ♠7,,60,0.07738095238095237,0.2553148205576243,0,0,118,1,118,0,-54.08333333333334,-0.45833333333333337,-99.73809523809524,-0.8452380952380952,fold,0,0.5338718891143799
