,N,Nnf,round,first,hole,board,Nsim,prWin,prWinStd,pot,bet,maxBet,NMaxBet,minBet,util_fold,util_call,util_raise_coeff,util_call2,util_raise_coeff2,action,amount,cputime
0,7,7,Deal,0,♠8 ♥A,,15,0.3095238095238095,0.43461349368017654,0,0,40,1,40,0,46.66666666666666,1.1666666666666665,-15.23809523809524,-0.38095238095238104,raise,0,0.5224881172180176
1,7,6,Deal,0,♠8 ♥A,,85,0.1680672268907563,0.3620181331561259,0,80,122,2,42,-80,1.0252100840336027,0.008403361344537785,-80.99159663865547,-0.6638655462184875,raise,0,0.5213356018066406
2,7,6,Flop,0,♠8 ♥A,♣10 ♥K ♣7,15,0.06666666666666667,0.24944382578492946,772,0,40,1,40,-244,-216.53333333333333,-0.6,-227.2,-0.8666666666666667,call,0,0.5293581485748291
3,7,6,Flop,0,♠8 ♥A,♣10 ♥K ♣7,60,0.041666666666666664,0.18911342863183697,772,40,158,2,118,-284,-330.33333333333337,-0.75,-356.6666666666667,-0.9166666666666666,fold,0,0.5262279510498047
