,N,Nnf,round,first,hole,board,Nsim,prWin,prWinStd,pot,bet,maxBet,NMaxBet,minBet,util_fold,util_call,util_raise_coeff,util_call2,util_raise_coeff2,action,amount,cputime
0,8,8,Deal,0,♠J ♦J,,10,0.2,0.4000000000000001,0,0,20,1,20,0,12.0,0.6000000000000001,-12.0,-0.6,raise,0,0.5248360633850098
1,8,8,Deal,0,♠J ♦J,,115,0.3130434782608696,0.4590200789641447,0,40,78,3,38,-40,117.33913043478262,1.5043478260869567,-29.165217391304346,-0.3739130434782608,raise,0,0.5249998569488525
2,8,7,Flop,0,♠J ♦J,♦Q ♣Q ♦K,10,0.2125,0.39548230048890937,1170,0,41,1,41,-156,112.61250000000001,0.48750000000000004,69.05000000000001,-0.575,raise,0,0.523460865020752
3,8,7,Flop,0,♠J ♦J,♦Q ♣Q ♦K,85,0.23823529411764705,0.4229724687761137,1170,82,329,3,247,-238,342.3911764705881,0.6676470588235293,-49.50588235294123,-0.5235294117647059,raise,0,0.5235109329223633
4,8,7,Turn,0,♠J ♦J,♦Q ♣Q ♦K ♦9,10,0.3,0.45825756949558405,5118,0,70,1,70,-814,798.3999999999999,1.1,693.3999999999999,-0.4,raise,0,0.5272750854492188
5,8,7,River,0,♠J ♦J,♦Q ♣Q ♦K ♦9 ♥K,10,0.0,0.0,5818,0,45,1,45,-954,-999.0,-1.0,-999.0,-1.0,fold,0,0.5275232791900635
