,N,Nnf,round,first,hole,board,Nsim,prWin,prWinStd,pot,bet,maxBet,NMaxBet,minBet,util_fold,util_call,util_raise_coeff,util_call2,util_raise_coeff2,action,amount,cputime
0,7,6,Deal,0,♦K ♥7,,90,0.125,0.31896098681674395,0,20,63,2,43,-20,-15.75,-0.25,-47.25,-0.75,call,0,0.5295779705047607
1,7,6,Deal,0,♦K ♥7,,160,0.1515625,0.3480940010884273,0,63,124,3,61,-63,-11.237500000000011,-0.09062500000000007,-86.4125,-0.696875,call,0,0.5252399444580078
2,7,6,Flop,1,♦K ♥7,♥8 ♠3 ♠8,5,0.0,0.0,630,0,0,7,20,-124,-124.0,-1.0,-124.0,-1.0,call,0,0.5286779403686523
3,7,6,Flop,0,♦K ♥7,♥8 ♠3 ♠8,70,0.08265306122448979,0.2622051903552435,630,20,71,1,51,-144,-107.71836734693878,-0.5040816326530613,-131.19183673469388,-0.8346938775510204,call,0,0.5294239521026611
4,7,6,Flop,0,♦K ♥7,♥8 ♠3 ♠8,135,0.07724867724867723,0.25466944648490736,630,71,110,2,39,-195,-134.34920634920638,-0.5365079365079366,-168.33862433862436,-0.8455026455026455,call,0,0.5221230983734131
5,7,6,Turn,1,♦K ♥7,♥8 ♠3 ♠8 ♦Q,5,0.0,0.0,1180,0,0,7,20,-234,-234.0,-1.0,-234.0,-1.0,call,0,0.5251448154449463
6,7,6,Turn,0,♦K ♥7,♥8 ♠3 ♠8 ♦Q,65,0.023076923076923078,0.136741452574086,1180,20,70,1,50,-254,-267.0769230769231,-0.8615384615384616,-273.53846153846155,-0.9538461538461538,fold,0,0.5263082981109619
