,N,Nnf,round,first,hole,board,Nsim,prWin,prWinStd,pot,bet,maxBet,NMaxBet,minBet,util_fold,util_call,util_raise_coeff,util_call2,util_raise_coeff2,action,amount,cputime
0,7,6,Deal,0,♣J ♣5,,45,0.25555555555555554,0.4166296279833927,0,0,20,1,20,0,10.666666666666664,0.5333333333333332,-9.777777777777779,-0.48888888888888893,raise,0,0.5224027633666992
1,7,6,Deal,0,♣J ♣5,,120,0.18541666666666667,0.37010110292849563,0,40,84,1,44,-40,9.450000000000003,0.11250000000000004,-52.849999999999994,-0.6291666666666667,raise,0,0.5208418369293213
2,7,6,Flop,0,♣J ♣5,♠8 ♣Q ♥10,25,0.24,0.40298883359219767,1008,0,3916,1,3916,-168,1796.9599999999991,0.43999999999999995,-1962.4,-0.52,raise,0,0.5244731903076172
