,N,Nnf,round,first,hole,board,Nsim,prWin,prWinStd,pot,bet,maxBet,NMaxBet,minBet,util_fold,util_call,util_raise_coeff,util_call2,util_raise_coeff2,action,amount,cputime
0,7,6,Deal,0,♣9 ♥7,,55,0.12077922077922076,0.30054765327204513,0,20,40,2,20,-20,-11.012987012987018,-0.2753246753246754,-30.337662337662337,-0.7584415584415585,call,0,0.5315158367156982
1,7,6,Deal,0,♣9 ♥7,,95,0.13308270676691727,0.3176867459658703,0,40,169,2,129,-40,-34.05413533834587,-0.2015037593984963,-124.01804511278196,-0.7338345864661655,call,0,0.5287129878997803
2,7,6,Flop,1,♣9 ♥7,♠6 ♥K ♦9,5,0.1,0.2,507,0,0,7,40,-169,-118.3,-0.3999999999999999,-118.3,-0.8,call,0,0.5263099670410156
3,7,6,Flop,0,♣9 ♥7,♠6 ♥K ♦9,45,0.16666666666666666,0.3496029493900505,507,40,5149,2,5109,-209,-84.5,0.0,-3517.166666666667,-0.6666666666666667,call,0,0.5214412212371826
