,N,Nnf,round,first,hole,board,Nsim,prWin,prWinStd,pot,bet,maxBet,NMaxBet,minBet,util_fold,util_call,util_raise_coeff,util_call2,util_raise_coeff2,action,amount,cputime
0,8,8,Deal,0,♠8 ♥4,,40,0.1375,0.33517719194479806,0,0,40,1,40,0,4.0,0.10000000000000009,-29.0,-0.725,raise,0,0.5255420207977295
1,8,7,Flop,0,♠8 ♥4,♥Q ♥A ♠7,55,0.020454545454545454,0.13434106096483317,640,0,76,1,76,-80,-132.02727272727273,-0.8568181818181818,-139.8,-0.9590909090909091,fold,0,0.5285167694091797
