,N,Nnf,round,first,hole,board,Nsim,prWin,prWinStd,pot,bet,maxBet,NMaxBet,minBet,util_fold,util_call,util_raise_coeff,util_call2,util_raise_coeff2,action,amount,cputime
0,7,7,Deal,0,♠J ♥J,,10,0.3,0.45825756949558394,0,0,40,1,40,0,44.0,1.1,-16.0,-0.4,raise,0,0.5219841003417969
1,7,6,Deal,0,♠J ♥J,,95,0.318796992481203,0.46323600552156763,0,80,177,1,97,-80,161.5624060150376,0.912781954887218,-64.14586466165413,-0.36240601503759395,raise,0,0.5259411334991455
2,7,6,Flop,0,♠J ♥J,♣10 ♣Q ♦3,15,0.13333333333333333,0.339934634239519,1120,0,40,1,40,-354,-212.66666666666666,-0.19999999999999996,-234.0,-0.7333333333333334,call,0,0.5212070941925049
3,7,6,Flop,0,♠J ♥J,♣10 ♣Q ♦3,55,0.2,0.39999999999999997,1120,40,183,1,143,-394,-93.39999999999998,0.20000000000000018,-239.8,-0.6,raise,0,0.5231301784515381
4,7,6,Turn,0,♠J ♥J,♣10 ♣Q ♦3 ♣8,15,0.1,0.27080128015453203,2218,0,63,1,63,-720,-523.4,-0.3999999999999999,-548.6,-0.8,call,0,0.5286107063293457
5,7,5,River,0,♠J ♥J,♣10 ♣Q ♦3 ♣8 ♣6,15,0.0,0.0,2344,0,66,1,66,-783,-849.0,-1.0,-849.0,-1.0,fold,0,0.5245859622955322
