,N,Nnf,round,first,hole,board,Nsim,prWin,prWinStd,pot,bet,maxBet,NMaxBet,minBet,util_fold,util_call,util_raise_coeff,util_call2,util_raise_coeff2,action,amount,cputime
0,7,6,Deal,0,♠J ♦2,,60,0.14404761904761904,0.3421847739177385,0,160,291,1,131,-160,-39.49285714285719,-0.1357142857142858,-207.1642857142857,-0.7119047619047619,call,0,0.5257139205932617
1,7,6,Deal,0,♠J ♦2,,105,0.14421768707482993,0.3427693981231319,0,291,502,1,211,-291,-67.61632653061224,-0.13469387755102047,-357.20544217687075,-0.7115646258503401,call,0,0.5211410522460938
2,7,6,Flop,1,♠J ♦2,♣3 ♣A ♠10,5,0.0,0.0,1586,0,0,7,160,-502,-502.0,-1.0,-502.0,-1.0,call,0,0.5281531810760498
3,7,6,Flop,0,♠J ♦2,♣3 ♣A ♠10,40,0.025,0.15612494995995996,1586,160,589,1,429,-662,-963.0,-0.85,-1021.9,-0.95,fold,0,0.5253958702087402
