,N,Nnf,round,first,hole,board,Nsim,prWin,prWinStd,pot,bet,maxBet,NMaxBet,minBet,util_fold,util_call,util_raise_coeff,util_call2,util_raise_coeff2,action,amount,cputime
0,8,8,Deal,0,♥4 ♠8,,95,0.12105263157894737,0.3221293420652495,0,20,154,1,134,-20,-4.863157894736844,-0.03157894736842104,-116.71578947368421,-0.7578947368421053,call,0,0.5259890556335449
1,8,8,Flop,0,♥4 ♠8,♣Q ♥2 ♥K,30,0.03333333333333333,0.17950549357115012,1232,0,20,1,20,-154,-127.6,-0.7333333333333334,-131.6,-0.9333333333333333,call,0,0.5269222259521484
2,8,7,Flop,0,♥4 ♠8,♣Q ♥2 ♥K,135,0.02962962962962963,0.16956330581125328,1232,20,148,1,128,-174,-234.8,-0.7925925925925925,-256.72592592592594,-0.9407407407407408,fold,0,0.5279591083526611
