,N,Nnf,round,first,hole,board,Nsim,prWin,prWinStd,pot,bet,maxBet,NMaxBet,minBet,util_fold,util_call,util_raise_coeff,util_call2,util_raise_coeff2,action,amount,cputime
0,8,8,Deal,0,♦5 ♦6,,60,0.13333333333333333,0.33993463423951903,0,40,183,2,143,-40,12.199999999999989,0.06666666666666665,-134.2,-0.7333333333333334,raise,0,0.5288350582122803
1,8,8,Deal,0,♦5 ♦6,,135,0.11203703703703703,0.3141250613749457,0,366,732,1,366,-366,-75.91111111111115,-0.10370370370370374,-567.9777777777778,-0.7759259259259259,call,0,0.5241682529449463
2,8,8,Flop,1,♦5 ♦6,♠5 ♦10 ♦A,5,0.2,0.4000000000000001,3365,0,0,8,80,-732,-59.0,0.6000000000000001,-59.0,-0.6,raise,0,0.5298628807067871
3,8,8,Turn,1,♦5 ♦6,♠5 ♦10 ♦A ♦J,5,0.6,0.48989794855663565,3685,0,0,8,80,-812,1399.0,3.8,1399.0,0.19999999999999996,raise,0,0.525911808013916
4,8,8,Turn,0,♦5 ♦6,♠5 ♦10 ♦A ♦J,65,0.7230769230769231,0.44747814068458414,3685,80,598,1,518,-892,4713.738461538462,4.7846153846153845,2119.338461538461,0.4461538461538461,raise,0,0.5211620330810547
5,8,8,Turn,0,♦5 ♦6,♠5 ♦10 ♦A ♦J,125,0.776,0.41692205506545227,3685,1196,2392,1,1196,-2008,14505.096000000001,5.208,3367.9439999999995,0.552,raise,0,0.5275790691375732
6,8,8,River,1,♦5 ♦6,♠5 ♦10 ♦A ♦J ♠4,5,0.8,0.4,20078,0,0,8,80,-5596,10466.400000000001,5.4,10466.400000000001,0.6000000000000001,raise,0,0.521183967590332
