,N,Nnf,round,first,hole,board,Nsim,prWin,prWinStd,pot,bet,maxBet,NMaxBet,minBet,util_fold,util_call,util_raise_coeff,util_call2,util_raise_coeff2,action,amount,cputime
0,7,7,Deal,0,♣5 ♠Q,,15,0.16507936507936505,0.3388953941608258,0,0,80,1,80,0,12.444444444444429,0.15555555555555545,-53.587301587301596,-0.6698412698412699,raise,0,0.5269451141357422
1,7,7,Deal,0,♣5 ♠Q,,95,0.12080200501253131,0.31195769711439175,0,160,486,1,326,-160,-75.03157894736847,-0.15438596491228085,-368.5804511278196,-0.7583959899749374,call,0,0.5227439403533936
