,N,Nnf,round,first,hole,board,Nsim,prWin,prWinStd,pot,bet,maxBet,NMaxBet,minBet,util_fold,util_call,util_raise_coeff,util_call2,util_raise_coeff2,action,amount,cputime
0,8,8,Deal,0,♣A ♥A,,60,0.31666666666666665,0.46517619123176207,0,0,146,1,146,0,223.86666666666667,1.5333333333333332,-53.53333333333333,-0.3666666666666667,raise,0,0.5257370471954346
1,8,8,Deal,0,♣A ♥A,,165,0.38181818181818183,0.48583233512317775,0,292,584,1,292,-292,1199.8545454545456,2.0545454545454547,-138.0363636363636,-0.23636363636363633,raise,0,0.5232040882110596
