,N,Nnf,round,first,hole,board,Nsim,prWin,prWinStd,pot,bet,maxBet,NMaxBet,minBet,util_fold,util_call,util_raise_coeff,util_call2,util_raise_coeff2,action,amount,cputime
0,7,7,Deal,0,♠Q ♦10,,35,0.24285714285714285,0.4030495994190253,0,20,150,2,130,-20,105.0,0.7,-77.14285714285714,-0.5142857142857142,raise,0,0.529437780380249
1,7,7,Flop,1,♠Q ♦10,♠3 ♣7 ♠10,5,0.4,0.48989794855663565,1200,0,0,7,40,-300,180.0,1.8000000000000003,180.0,-0.19999999999999996,raise,0,0.5275070667266846
