,N,Nnf,round,first,hole,board,Nsim,prWin,prWinStd,pot,bet,maxBet,NMaxBet,minBet,util_fold,util_call,util_raise_coeff,util_call2,util_raise_coeff2,action,amount,cputime
0,8,8,Deal,0,♦A ♥J,,60,0.225,0.4023369234857771,0,0,154,1,154,0,123.19999999999999,0.8,-84.7,-0.55,raise,0,0.5248792171478271
1,8,8,Deal,0,♦A ♥J,,150,0.25333333333333335,0.4271871824960211,0,308,616,1,308,-308,632.4266666666667,1.0266666666666668,-303.8933333333333,-0.4933333333333333,raise,0,0.519719123840332
