,N,Nnf,round,first,hole,board,Nsim,prWin,prWinStd,pot,bet,maxBet,NMaxBet,minBet,util_fold,util_call,util_raise_coeff,util_call2,util_raise_coeff2,action,amount,cputime
0,7,6,Deal,0,♦5 ♥10,,65,0.12307692307692308,0.31660177888087193,0,20,149,1,129,-20,-38.96923076923076,-0.2615384615384615,-112.32307692307691,-0.7538461538461538,fold,0,0.5294661521911621
