,N,Nnf,round,first,hole,board,Nsim,prWin,prWinStd,pot,bet,maxBet,NMaxBet,minBet,util_fold,util_call,util_raise_coeff,util_call2,util_raise_coeff2,action,amount,cputime
0,7,6,Deal,0,♣10 ♣6,,75,0.1688888888888889,0.3574532689823564,0,20,151,2,131,-20,2.013333333333321,0.01333333333333342,-99.99555555555555,-0.6622222222222223,raise,0,0.5243039131164551
1,7,6,Flop,1,♣10 ♣6,♣2 ♠A ♥K,5,0.0,0.0,1510,0,0,7,40,-302,-302.0,-1.0,-302.0,-1.0,call,0,0.5283830165863037
2,7,5,Flop,0,♣10 ♣6,♣2 ♠A ♥K,70,0.11428571428571428,0.318157963590287,1510,40,134,2,94,-342,-186.8571428571429,-0.4285714285714286,-232.8,-0.7714285714285715,call,0,0.5244350433349609
3,7,5,Turn,1,♣10 ♣6,♣2 ♠A ♥K ♠8,5,0.0,0.0,2005,0,0,7,40,-436,-436.0,-1.0,-436.0,-1.0,call,0,0.5279951095581055
4,7,5,Turn,0,♣10 ♣6,♣2 ♠A ♥K ♠8,45,0.0,0.0,2005,40,107,1,67,-476,-543.0,-1.0,-543.0,-1.0,fold,0,0.521230936050415
