,N,Nnf,round,first,hole,board,Nsim,prWin,prWinStd,pot,bet,maxBet,NMaxBet,minBet,util_fold,util_call,util_raise_coeff,util_call2,util_raise_coeff2,action,amount,cputime
0,7,7,Deal,0,♣9 ♦8,,45,0.15555555555555556,0.36243347622889094,0,0,80,1,80,0,7.111111111111114,0.08888888888888902,-55.111111111111114,-0.6888888888888889,raise,0,0.5220952033996582
1,7,7,Deal,0,♣9 ♦8,,115,0.1565217391304348,0.35731618802268444,0,160,384,1,224,-160,36.73043478260877,0.09565217391304359,-263.7913043478261,-0.6869565217391305,raise,0,0.5215129852294922
2,7,6,Flop,0,♣9 ♦8,♦4 ♥9 ♣4,55,0.20606060606060608,0.37600187561808734,3072,0,40,2,40,-768,-125.52727272727259,0.23636363636363655,-158.4969696969696,-0.5878787878787879,raise,0,0.5248701572418213
3,7,6,Flop,0,♣9 ♦8,♦4 ♥9 ♣4,95,0.2350877192982456,0.4021104681087458,3072,80,98,2,18,-848,-5.578947368421041,0.41052631578947363,-97.73333333333335,-0.5298245614035089,raise,0,0.5219881534576416
4,7,6,Turn,0,♣9 ♦8,♦4 ♥9 ♣4 ♠4,25,0.44,0.4317406628984581,3660,0,146,1,146,-964,885.8400000000001,1.6400000000000001,628.8800000000001,-0.12,raise,0,0.5259590148925781
