,N,Nnf,round,first,hole,board,Nsim,prWin,prWinStd,pot,bet,maxBet,NMaxBet,minBet,util_fold,util_call,util_raise_coeff,util_call2,util_raise_coeff2,action,amount,cputime
0,8,8,Deal,0,♣Q ♠J,,70,0.17142857142857143,0.3672845752052126,0,0,106,1,106,0,39.37142857142857,0.37142857142857144,-69.65714285714286,-0.6571428571428571,raise,0,0.5235421657562256
1,8,8,Flop,0,♣Q ♠J,♦9 ♣6 ♦5,80,0.05520833333333334,0.2192726890261935,1696,0,112,1,112,-212,-180.89999999999998,-0.5583333333333333,-218.0,-0.8895833333333333,call,0,0.5214741230010986
2,8,6,Flop,0,♣Q ♠J,♦9 ♣6 ♦5,185,0.0736036036036036,0.25604098111637924,1696,112,134,2,22,-324,-161.990990990991,-0.5583783783783784,-201.44252252252252,-0.8527927927927927,call,0,0.5171072483062744
3,8,5,Flop,0,♣Q ♠J,♦9 ♣6 ♦5,250,0.07446666666666667,0.258796883031204,1696,134,164,4,30,-346,-188.64186666666666,-0.6276666666666666,-225.27946666666668,-0.8510666666666666,call,0,0.5195291042327881
4,8,5,Turn,0,♣Q ♠J,♦9 ♣6 ♦5 ♠3,45,0.0,0.0,2762,0,62,2,62,-376,-438.0,-1.0,-438.0,-1.0,fold,0,0.5280652046203613
