,N,Nnf,round,first,hole,board,Nsim,prWin,prWinStd,pot,bet,maxBet,NMaxBet,minBet,util_fold,util_call,util_raise_coeff,util_call2,util_raise_coeff2,action,amount,cputime
0,7,7,Deal,0,♥10 ♣5,,65,0.13296703296703297,0.3309936809208962,0,80,160,1,80,-80,-11.076923076923094,-0.0692307692307692,-117.45054945054946,-0.7340659340659341,call,0,0.5229718685150146
1,7,7,Deal,0,♥10 ♣5,,140,0.1510204081632653,0.3518056002134195,0,160,334,1,174,-160,19.08571428571429,0.05714285714285716,-233.11836734693878,-0.6979591836734693,raise,0,0.5257377624511719
2,7,7,Flop,1,♥10 ♣5,♦A ♦8 ♦4,5,0.0,0.0,2175,0,0,7,80,-668,-668.0,-1.0,-668.0,-1.0,call,0,0.5255520343780518
3,7,7,Flop,0,♥10 ♣5,♦A ♦8 ♦4,40,0.0,0.0,2175,80,280,1,200,-748,-948.0,-1.0,-948.0,-1.0,fold,0,0.5205488204956055
