,N,Nnf,round,first,hole,board,Nsim,prWin,prWinStd,pot,bet,maxBet,NMaxBet,minBet,util_fold,util_call,util_raise_coeff,util_call2,util_raise_coeff2,action,amount,cputime
0,7,6,Deal,0,♠A ♠K,,70,0.26632653061224487,0.4277068538765516,0,40,84,2,44,-40,50.22857142857143,0.5979591836734692,-39.25714285714286,-0.46734693877551026,raise,0,0.5279181003570557
1,7,5,Deal,0,♠A ♠K,,120,0.2636904761904762,0.42255658492125936,0,168,204,1,36,-168,64.96428571428572,0.31845238095238093,-96.41428571428571,-0.4726190476190476,raise,0,0.5243749618530273
2,7,5,Flop,1,♠A ♠K,♥J ♦5 ♣9,5,0.2,0.4,1124,0,0,7,40,-408,-183.2,0.0,-183.2,-0.6,call,0,0.5257937908172607
3,7,5,Flop,0,♠A ♠K,♥J ♦5 ♣9,30,0.13333333333333333,0.33993463423951903,1124,40,51,1,11,-448,-275.1333333333333,-0.33333333333333337,-295.5333333333333,-0.7333333333333334,call,0,0.5293889045715332
4,7,5,Turn,1,♠A ♠K,♥J ♦5 ♣9 ♣J,5,0.0,0.0,1226,0,0,7,40,-459,-459.0,-1.0,-459.0,-1.0,call,0,0.5276670455932617
5,7,5,Turn,0,♠A ♠K,♥J ♦5 ♣9 ♣J,30,0.08333333333333333,0.2608745973749755,1226,40,86,1,46,-499,-407.0,-0.5833333333333334,-428.5,-0.8333333333333334,call,0,0.5206027030944824
6,7,5,River,1,♠A ♠K,♥J ♦5 ♣9 ♣J ♣5,5,0.0,0.0,1398,0,0,7,40,-545,-545.0,-1.0,-545.0,-1.0,call,0,0.5293388366699219
