,N,Nnf,round,first,hole,board,Nsim,prWin,prWinStd,pot,bet,maxBet,NMaxBet,minBet,util_fold,util_call,util_raise_coeff,util_call2,util_raise_coeff2,action,amount,cputime
0,7,7,Deal,0,♥3 ♦K,,80,0.14375,0.3463537750624352,0,0,98,1,98,0,0.612499999999983,0.006249999999999867,-69.825,-0.7125,raise,0,0.5261170864105225
1,7,6,Flop,0,♥3 ♦K,♥J ♣10 ♦8,90,0.08703703703703704,0.27242370976220764,1372,0,61,3,61,-196,-105.72962962962964,-0.47777777777777775,-126.96666666666667,-0.825925925925926,call,0,0.5232892036437988
2,7,6,Flop,0,♥3 ♦K,♥J ♣10 ♦8,165,0.06868686868686869,0.2441144780215978,1372,61,103,3,42,-257,-162.31313131313132,-0.5878787878787879,-190.61212121212122,-0.8626262626262626,call,0,0.5270078182220459
3,7,6,Turn,0,♥3 ♦K,♥J ♣10 ♦8 ♥A,75,0.08222222222222221,0.2572984048450407,1990,0,52,5,52,-299,-161.72444444444446,-0.5066666666666667,-178.82666666666668,-0.8355555555555556,call,0,0.5243668556213379
4,7,6,River,0,♥3 ♦K,♥J ♣10 ♦8 ♥A ♣K,65,0.038461538461538464,0.18203322409537281,2302,0,74,5,74,-351,-319.38461538461536,-0.7692307692307692,-330.7692307692308,-0.9230769230769231,call,0,0.531466007232666
