,N,Nnf,round,first,hole,board,Nsim,prWin,prWinStd,pot,bet,maxBet,NMaxBet,minBet,util_fold,util_call,util_raise_coeff,util_call2,util_raise_coeff2,action,amount,cputime
0,8,8,Deal,0,♠5 ♠7,,90,0.13333333333333333,0.339934634239519,0,10,152,1,142,-10,10.133333333333326,0.06666666666666665,-111.46666666666667,-0.7333333333333334,raise,0,0.5250251293182373
