,N,Nnf,round,first,hole,board,Nsim,prWin,prWinStd,pot,bet,maxBet,NMaxBet,minBet,util_fold,util_call,util_raise_coeff,util_call2,util_raise_coeff2,action,amount,cputime
0,8,7,Deal,0,♠Q ♦10,,50,0.22,0.38935844667863573,0,0,64,1,64,0,34.56,0.54,-35.84,-0.56,raise,0,0.520967960357666
1,8,7,Flop,0,♠Q ♦10,♥7 ♣6 ♠6,35,0.06666666666666665,0.23637473611411156,512,0,78,2,78,-128,-135.4666666666667,-0.5333333333333334,-161.46666666666667,-0.8666666666666667,fold,0,0.5274569988250732
