,N,Nnf,round,first,hole,board,Nsim,prWin,prWinStd,pot,bet,maxBet,NMaxBet,minBet,util_fold,util_call,util_raise_coeff,util_call2,util_raise_coeff2,action,amount,cputime
0,7,7,Deal,0,♦K ♠5,,55,0.15714285714285714,0.3545097741429624,0,0,40,1,40,0,4.0,0.10000000000000009,-27.42857142857143,-0.6857142857142857,raise,0,0.5239930152893066
1,7,7,Deal,0,♦K ♠5,,160,0.16011904761904763,0.3495517659443733,0,80,160,1,80,-80,19.333333333333343,0.12083333333333335,-108.76190476190476,-0.6797619047619048,raise,0,0.5265908241271973
2,7,7,Flop,0,♦K ♠5,♠K ♣4 ♠2,70,0.3619047619047619,0.47723694538543043,2240,0,72,2,72,-320,601.0666666666666,1.5333333333333332,470.7809523809524,-0.2761904761904762,raise,0,0.5275940895080566
3,7,7,Flop,0,♦K ♠5,♠K ♣4 ♠2,180,0.3657407407407407,0.4730702262428655,2240,144,258,1,114,-464,901.787037037037,1.5601851851851851,429.9814814814813,-0.2685185185185186,raise,0,0.5230810642242432
4,7,7,Turn,0,♦K ♠5,♠K ♣4 ♠2 ♣3,40,0.18333333333333332,0.3452052529534663,5594,0,2304,2,2304,-836,842.3666666666663,0.2833333333333332,-1269.6333333333334,-0.6333333333333333,raise,0,0.527996301651001
