,N,Nnf,round,first,hole,board,Nsim,prWin,prWinStd,pot,bet,maxBet,NMaxBet,minBet,util_fold,util_call,util_raise_coeff,util_call2,util_raise_coeff2,action,amount,cputime
0,8,7,Deal,0,♠6 ♦8,,60,0.14375,0.34219344553434483,0,20,40,3,20,-20,0.25,0.006249999999999867,-28.5,-0.7125,raise,0,0.5256950855255127
1,8,7,Deal,0,♠6 ♦8,,100,0.13625,0.33777535064003705,0,80,188,1,108,-80,-8.694999999999993,-0.0462499999999999,-136.76999999999998,-0.7275,call,0,0.520855188369751
2,8,7,Deal,0,♠6 ♦8,,145,0.11810344827586207,0.31615255427454053,0,188,333,2,145,-188,-57.700862068965534,-0.1732758620689655,-254.34310344827588,-0.7637931034482759,call,0,0.5223867893218994
3,8,7,Flop,1,♠6 ♦8,♠4 ♣8 ♣9,0,,,1332,0,0,8,40,-333,,,,,call,0,0.5221269130706787
4,8,6,Flop,0,♠6 ♦8,♠4 ♣8 ♣9,45,0.12222222222222222,0.3189488909868295,1332,40,422,1,382,-373,-282.73333333333335,-0.2666666666666667,-489.0444444444445,-0.7555555555555555,call,0,0.5285201072692871
