,N,Nnf,round,first,hole,board,Nsim,prWin,prWinStd,pot,bet,maxBet,NMaxBet,minBet,util_fold,util_call,util_raise_coeff,util_call2,util_raise_coeff2,action,amount,cputime
0,7,7,Deal,0,♠6 ♦10,,55,0.1409090909090909,0.3363022056926166,0,20,268,1,248,-20,-3.6545454545454845,-0.013636363636363669,-192.4727272727273,-0.7181818181818183,call,0,0.5268690586090088
1,7,7,Flop,1,♠6 ♦10,♠J ♥10 ♣10,5,0.4,0.48989794855663565,1072,0,0,7,40,-268,160.8,1.8000000000000003,160.8,-0.19999999999999996,raise,0,0.5218279361724854
2,7,6,Flop,0,♠6 ♦10,♠J ♥10 ♣10,75,0.6066666666666667,0.47112159317479335,1072,40,156,2,116,-308,794.1866666666667,2.64,415.62666666666667,0.21333333333333337,raise,0,0.5228259563446045
3,7,6,Turn,1,♠6 ♦10,♠J ♥10 ♣10 ♥8,5,0.6,0.48989794855663565,2008,0,0,7,40,-580,624.8,2.5999999999999996,624.8,0.19999999999999996,raise,0,0.5232620239257812
4,7,6,Turn,0,♠6 ♦10,♠J ♥10 ♣10 ♥8,40,0.625,0.4437059837324712,2008,40,70,2,30,-620,867.5,2.75,692.5,0.25,raise,0,0.519737958908081
5,7,6,Turn,0,♠6 ♦10,♠J ♥10 ♣10 ♥8,80,0.64375,0.4485654216499529,2008,140,191,1,51,-720,1259.3875000000003,2.8625000000000003,767.5625,0.2875000000000001,raise,0,0.5206937789916992
6,7,6,River,1,♠6 ♦10,♠J ♥10 ♣10 ♥8 ♥K,5,0.5,0.4472135954999579,3154,0,0,7,40,-962,615.0,2.0,615.0,0.0,raise,0,0.5216920375823975
