,N,Nnf,round,first,hole,board,Nsim,prWin,prWinStd,pot,bet,maxBet,NMaxBet,minBet,util_fold,util_call,util_raise_coeff,util_call2,util_raise_coeff2,action,amount,cputime
0,7,7,Deal,0,♥J ♣5,,15,0.20952380952380953,0.39681269820951726,0,0,20,1,20,0,9.333333333333336,0.4666666666666668,-11.619047619047619,-0.5809523809523809,raise,0,0.527332067489624
1,7,7,Deal,0,♥J ♣5,,120,0.16646825396825396,0.35421412691651794,0,40,154,1,114,-40,25.452777777777754,0.16527777777777763,-102.72777777777779,-0.6670634920634921,raise,0,0.5225241184234619
2,7,7,Deal,0,♥J ♣5,,225,0.12656084656084654,0.31991351957039776,0,308,616,1,308,-308,-70.26962962962966,-0.11407407407407422,-460.07703703703703,-0.7468783068783069,call,0,0.5256719589233398
3,7,7,Flop,0,♥J ♣5,♠3 ♠K ♦4,35,0.009523809523809523,0.055532875189002844,3317,0,20,1,20,-616,-603.0761904761905,-0.9333333333333333,-604.0285714285715,-0.9809523809523809,call,0,0.5278282165527344
4,7,7,Turn,0,♥J ♣5,♠3 ♠K ♦4 ♥5,35,0.05714285714285714,0.23211538298959888,3377,0,20,1,20,-636,-455.02857142857147,-0.6000000000000001,-460.74285714285713,-0.8857142857142857,call,0,0.524726152420044
5,7,7,Turn,0,♥J ♣5,♠3 ♠K ♦4 ♥5,95,0.13157894736842105,0.33411726838113426,3377,20,72,2,52,-656,-197.34210526315792,-0.07894736842105265,-244.71052631578948,-0.736842105263158,call,0,0.5262672901153564
6,7,7,River,0,♥J ♣5,♠3 ♠K ♦4 ♥5 ♠Q,35,0.02857142857142857,0.16659862556700858,3593,0,20,1,20,-708,-621.3428571428572,-0.8,-624.2,-0.9428571428571428,call,0,0.5293178558349609
7,7,7,River,0,♥J ♣5,♠3 ♠K ♦4 ♥5 ♠Q,95,0.031578947368421054,0.1748762918509068,3593,20,66,1,46,-728,-645.9473684210526,-0.7789473684210526,-656.3684210526316,-0.9368421052631579,call,0,0.5230510234832764
