,N,Nnf,round,first,hole,board,Nsim,prWin,prWinStd,pot,bet,maxBet,NMaxBet,minBet,util_fold,util_call,util_raise_coeff,util_call2,util_raise_coeff2,action,amount,cputime
0,8,7,Deal,0,♣6 ♦A,,70,0.10476190476190476,0.28891069165938116,0,20,140,1,120,-20,-37.33333333333333,-0.2666666666666666,-110.66666666666666,-0.7904761904761904,fold,0,0.5249898433685303
