,N,Nnf,round,first,hole,board,Nsim,prWin,prWinStd,pot,bet,maxBet,NMaxBet,minBet,util_fold,util_call,util_raise_coeff,util_call2,util_raise_coeff2,action,amount,cputime
0,7,7,Deal,0,♥J ♦8,,65,0.12051282051282053,0.31420458834954645,0,160,1000,1,840,-160,-156.41025641025635,-0.1564102564102563,-758.9743589743589,-0.7589743589743589,call,0,0.5283341407775879
1,7,7,Flop,1,♥J ♦8,♠3 ♥K ♦7,5,0.0,0.0,4000,0,0,7,160,-1000,-1000.0,-1.0,-1000.0,-1.0,call,0,0.5188629627227783
2,7,7,Flop,0,♥J ♦8,♠3 ♥K ♦7,45,0.05555555555555555,0.21659542988464356,4000,160,593,2,433,-1160,-1140.1666666666667,-0.6111111111111112,-1304.888888888889,-0.8888888888888888,call,0,0.5325570106506348
3,7,7,Turn,1,♥J ♦8,♠3 ♥K ♦7 ♥A,5,0.0,0.0,5779,0,0,7,160,-1593,-1593.0,-1.0,-1593.0,-1.0,call,0,0.5275788307189941
4,7,7,Turn,0,♥J ♦8,♠3 ♥K ♦7 ♥A,45,0.0,0.0,5779,160,473,1,313,-1753,-2066.0,-1.0,-2066.0,-1.0,fold,0,0.5263979434967041
