,N,Nnf,round,first,hole,board,Nsim,prWin,prWinStd,pot,bet,maxBet,NMaxBet,minBet,util_fold,util_call,util_raise_coeff,util_call2,util_raise_coeff2,action,amount,cputime
0,7,7,Deal,0,♦K ♠8,,50,0.17,0.36891733491393436,0,0,40,1,40,0,7.6000000000000085,0.19000000000000017,-26.4,-0.6599999999999999,raise,0,0.5318179130554199
1,7,7,Deal,0,♦K ♠8,,140,0.20357142857142857,0.3959456518054889,0,80,160,1,80,-80,68.0,0.42500000000000004,-94.85714285714286,-0.5928571428571429,raise,0,0.523205041885376
2,7,7,Flop,0,♦K ♠8,♣7 ♦Q ♠9,60,0.08333333333333333,0.2763853991962833,1920,0,78,2,78,-320,-192.5,-0.41666666666666674,-225.0,-0.8333333333333334,call,0,0.5226480960845947
3,7,7,Turn,0,♦K ♠8,♣7 ♦Q ♠9 ♦6,60,0.175,0.3631459761583487,2388,0,77,2,77,-398,37.22500000000002,0.22499999999999987,-30.150000000000034,-0.65,raise,0,0.5293087959289551
4,7,7,Turn,0,♦K ♠8,♣7 ♦Q ♠9 ♦6,155,0.15591397849462363,0.3473800658688184,2388,154,222,4,68,-552,-5.387096774193651,0.09139784946236551,-178.45161290322585,-0.6881720430107527,raise,0,0.5274438858032227
5,7,6,Turn,0,♦K ♠8,♣7 ♦Q ♠9 ♦6,240,0.14791666666666667,0.3312368970154811,2388,444,522,1,78,-842,-103.5,-0.11250000000000004,-412.34999999999997,-0.7041666666666666,call,0,0.5233316421508789
6,7,6,River,0,♦K ♠8,♣7 ♦Q ♠9 ♦6 ♠7,25,0.0,0.0,4852,0,47,1,47,-920,-967.0,-1.0,-967.0,-1.0,fold,0,0.5249559879302979
