,N,Nnf,round,first,hole,board,Nsim,prWin,prWinStd,pot,bet,maxBet,NMaxBet,minBet,util_fold,util_call,util_raise_coeff,util_call2,util_raise_coeff2,action,amount,cputime
0,7,6,Deal,0,♦2 ♠10,,45,0.06984126984126984,0.24948422481763174,0,0,80,1,80,0,-46.47619047619048,-0.5809523809523809,-68.82539682539682,-0.8603174603174604,fold,0,0.5209369659423828
