,N,Nnf,round,first,hole,board,Nsim,prWin,prWinStd,pot,bet,maxBet,NMaxBet,minBet,util_fold,util_call,util_raise_coeff,util_call2,util_raise_coeff2,action,amount,cputime
0,7,6,Deal,0,♥3 ♠J,,65,0.12527472527472527,0.3162354033540531,0,40,101,2,61,-40,-25.08351648351649,-0.24835164835164836,-75.69450549450549,-0.7494505494505495,call,0,0.5238111019134521
1,7,6,Flop,1,♥3 ♠J,♠9 ♣8 ♥6,5,0.0,0.0,323,0,0,7,40,-101,-101.0,-1.0,-101.0,-1.0,call,0,0.5229141712188721
2,7,6,Flop,0,♥3 ♠J,♠9 ♣8 ♥6,45,0.022222222222222223,0.14740554623801777,323,40,118,2,78,-141,-196.0888888888889,-0.8666666666666667,-206.57777777777778,-0.9555555555555556,fold,0,0.52593994140625
