,N,Nnf,round,first,hole,board,Nsim,prWin,prWinStd,pot,bet,maxBet,NMaxBet,minBet,util_fold,util_call,util_raise_coeff,util_call2,util_raise_coeff2,action,amount,cputime
0,7,7,Deal,0,♠10 ♣8,,10,0.2,0.4000000000000001,0,0,40,1,40,0,16.0,0.40000000000000013,-24.0,-0.6,raise,0,0.5237090587615967
1,7,6,Flop,0,♠10 ♣8,♥5 ♥Q ♠8,45,0.14444444444444443,0.32697642154582585,320,0,40,1,40,-80,-39.11111111111113,-0.13333333333333341,-62.22222222222223,-0.7111111111111111,call,0,0.5238041877746582
2,7,6,Flop,0,♠10 ♣8,♥5 ♥Q ♠8,90,0.15555555555555556,0.34676636742949407,320,40,195,1,155,-120,-43.22222222222223,-0.06666666666666665,-164.55555555555554,-0.6888888888888889,call,0,0.5218896865844727
3,7,6,Flop,0,♠10 ♣8,♥5 ♥Q ♠8,125,0.152,0.3477010209936117,320,195,269,2,74,-275,-55.03200000000004,-0.08800000000000008,-218.584,-0.696,call,0,0.526979923248291
4,7,6,Turn,0,♠10 ♣8,♥5 ♥Q ♠8 ♣6,15,0.06666666666666667,0.24944382578492946,1127,0,40,1,40,-349,-297.8666666666667,-0.6,-308.53333333333336,-0.8666666666666667,call,0,0.5208821296691895
5,7,6,River,0,♠10 ♣8,♥5 ♥Q ♠8 ♣6 ♠Q,15,0.26666666666666666,0.44221663871405337,1247,0,158,1,158,-389,38.33333333333326,0.6000000000000001,-130.20000000000005,-0.4666666666666667,raise,0,0.528892993927002
