,N,Nnf,round,first,hole,board,Nsim,prWin,prWinStd,pot,bet,maxBet,NMaxBet,minBet,util_fold,util_call,util_raise_coeff,util_call2,util_raise_coeff2,action,amount,cputime
0,8,8,Deal,0,♦8 ♣8,,40,0.175,0.3631459761583487,0,0,40,1,40,0,16.0,0.3999999999999999,-26.0,-0.65,raise,0,0.5192220211029053
1,8,7,Flop,0,♦8 ♣8,♦5 ♠Q ♦Q,25,0.28,0.448998886412873,600,0,32,2,32,-80,118.72000000000003,0.9600000000000002,73.92000000000002,-0.43999999999999995,raise,0,0.5292379856109619
2,8,7,Flop,0,♦8 ♣8,♦5 ♠Q ♦Q,100,0.22,0.41424630354415964,600,64,76,5,12,-144,93.03999999999999,0.54,9.439999999999998,-0.56,raise,0,0.5258510112762451
3,8,7,Flop,0,♦8 ♣8,♦5 ♠Q ♦Q,175,0.25142857142857145,0.43383435191090985,600,152,153,2,1,-232,187.13714285714286,0.7600000000000002,-5.2057142857142935,-0.4971428571428571,raise,0,0.5234711170196533
4,8,7,Turn,0,♦8 ♣8,♦5 ♠Q ♦Q ♥9,20,0.0,0.0,2742,0,63,1,63,-386,-449.0,-1.0,-449.0,-1.0,fold,0,0.5234169960021973
