,N,Nnf,round,first,hole,board,Nsim,prWin,prWinStd,pot,bet,maxBet,NMaxBet,minBet,util_fold,util_call,util_raise_coeff,util_call2,util_raise_coeff2,action,amount,cputime
0,7,7,Deal,0,♦3 ♦Q,,55,0.2,0.3999999999999999,0,80,160,1,80,-80,64.0,0.40000000000000013,-96.0,-0.6,raise,0,0.5244491100311279
1,7,6,Flop,1,♦3 ♦Q,♥6 ♣Q ♣4,5,0.2,0.4,1120,0,0,7,80,-320,-96.0,0.20000000000000018,-96.0,-0.6,raise,0,0.5252511501312256
2,7,6,Flop,0,♦3 ♦Q,♥6 ♣Q ♣4,45,0.17777777777777778,0.3823255674241168,1120,80,256,2,176,-400,-103.8222222222222,0.06666666666666665,-285.8666666666667,-0.6444444444444444,raise,0,0.5202229022979736
3,7,6,Turn,1,♦3 ♦Q,♥6 ♣Q ♣4 ♠K,5,0.6,0.48989794855663565,2656,0,0,7,80,-832,761.5999999999999,2.5999999999999996,761.5999999999999,0.19999999999999996,raise,0,0.5339210033416748
4,7,6,Turn,0,♦3 ♦Q,♥6 ♣Q ♣4 ♠K,40,0.2375,0.41814321709194324,2656,80,286,2,206,-912,-79.65000000000009,0.4249999999999998,-351.35,-0.525,raise,0,0.5219218730926514
