,N,Nnf,round,first,hole,board,Nsim,prWin,prWinStd,pot,bet,maxBet,NMaxBet,minBet,util_fold,util_call,util_raise_coeff,util_call2,util_raise_coeff2,action,amount,cputime
0,8,8,Deal,0,♠A ♠3,,65,0.2230769230769231,0.4116642510849124,0,20,2243,1,2223,-20,1759.892307692308,0.7846153846153847,-1242.2769230769231,-0.5538461538461539,raise,0,0.5220341682434082
1,8,8,Flop,1,♠A ♠3,♥2 ♥A ♠10,5,0.0,0.0,16276,0,0,8,20,-4486,-4486.0,-1.0,-4486.0,-1.0,call,0,0.5244607925415039
2,8,8,Turn,1,♠A ♠3,♥2 ♥A ♠10 ♣4,5,0.5,0.4472135954999579,16316,0,0,8,20,-4506,3652.0,3.0,3652.0,0.0,raise,0,0.5275239944458008
3,8,8,River,1,♠A ♠3,♥2 ♥A ♠10 ♣4 ♠9,0,,,16356,0,0,8,20,-4526,,,,,call,0,0.528815746307373
4,8,8,River,0,♠A ♠3,♥2 ♥A ♠10 ♣4 ♠9,25,0.12,0.32496153618543844,16356,20,47,1,27,-4546,-2565.16,-0.040000000000000036,-2599.0,-0.76,call,0,0.5247161388397217
