,N,Nnf,round,first,hole,board,Nsim,prWin,prWinStd,pot,bet,maxBet,NMaxBet,minBet,util_fold,util_call,util_raise_coeff,util_call2,util_raise_coeff2,action,amount,cputime
0,7,7,Deal,0,♣J ♣3,,10,0.4,0.48989794855663565,0,0,40,1,40,0,72.0,1.8000000000000003,-8.0,-0.19999999999999996,raise,0,0.5292577743530273
1,7,7,Deal,0,♣J ♣3,,95,0.17781954887218043,0.36024886028469794,0,80,160,1,80,-80,39.15789473684208,0.24473684210526292,-103.09774436090225,-0.6443609022556391,raise,0,0.5297191143035889
2,7,7,Flop,0,♣J ♣3,♥4 ♦Q ♠2,50,0.05,0.20615528128088303,1600,0,76,2,76,-320,-289.4,-0.6499999999999999,-308.4,-0.9,call,0,0.5243699550628662
3,7,7,Flop,0,♣J ♣3,♥4 ♦Q ♠2,130,0.03076923076923077,0.1611717449212074,1600,76,284,1,208,-396,-493.6,-0.7846153846153846,-537.2923076923078,-0.9384615384615385,fold,0,0.522435188293457
