,N,Nnf,round,first,hole,board,Nsim,prWin,prWinStd,pot,bet,maxBet,NMaxBet,minBet,util_fold,util_call,util_raise_coeff,util_call2,util_raise_coeff2,action,amount,cputime
0,7,6,Deal,0,♦7 ♥J,,60,0.16666666666666666,0.36132472314464664,0,0,99,1,99,0,0.0,0.0,-66.0,-0.6666666666666667,call,0,0.527937650680542
1,7,6,Deal,0,♦7 ♥J,,125,0.136,0.3369035470279291,0,99,175,1,76,-99,-32.19999999999999,-0.18399999999999994,-127.4,-0.728,call,0,0.5233008861541748
2,7,6,Flop,0,♦7 ♥J,♣2 ♠6 ♦5,40,0.025,0.15612494995995996,875,0,40,3,40,-175,-187.125,-0.85,-191.125,-0.95,fold,0,0.5319199562072754
