,N,Nnf,round,first,hole,board,Nsim,prWin,prWinStd,pot,bet,maxBet,NMaxBet,minBet,util_fold,util_call,util_raise_coeff,util_call2,util_raise_coeff2,action,amount,cputime
0,8,8,Deal,0,♠3 ♥3,,80,0.1875,0.3903123748998999,0,0,122,1,122,0,61.0,0.5,-76.25,-0.625,raise,0,0.52317214012146
1,8,8,Deal,0,♠3 ♥3,,190,0.18947368421052632,0.39188443092602704,0,244,488,1,244,-244,251.7052631578947,0.5157894736842106,-303.0736842105263,-0.6210526315789473,raise,0,0.5267961025238037
2,8,8,Deal,0,♠3 ♥3,,295,0.17288135593220338,0.3781446716578804,0,976,1000,2,24,-976,383.050847457627,0.3830508474576271,-654.2372881355932,-0.6542372881355932,raise,0,0.5243091583251953
