,N,Nnf,round,first,hole,board,Nsim,prWin,prWinStd,pot,bet,maxBet,NMaxBet,minBet,util_fold,util_call,util_raise_coeff,util_call2,util_raise_coeff2,action,amount,cputime
0,7,7,Deal,0,♥10 ♦K,,90,0.2222222222222222,0.41573970964154905,0,10,142,1,132,-10,78.88888888888889,0.5555555555555554,-78.88888888888889,-0.5555555555555556,raise,0,0.5301721096038818
1,7,7,Deal,0,♥10 ♦K,,195,0.23846153846153847,0.4216058340321453,0,284,568,1,284,-284,380.12307692307706,0.6692307692307693,-297.1076923076923,-0.523076923076923,raise,0,0.5235040187835693
