,N,Nnf,round,first,hole,board,Nsim,prWin,prWinStd,pot,bet,maxBet,NMaxBet,minBet,util_fold,util_call,util_raise_coeff,util_call2,util_raise_coeff2,action,amount,cputime
0,7,6,Deal,0,♣9 ♥3,,75,0.09523809523809523,0.2790492442663545,0,40,144,3,104,-40,-61.71428571428572,-0.4285714285714286,-116.57142857142857,-0.8095238095238095,fold,0,0.5275781154632568
