,N,Nnf,round,first,hole,board,Nsim,prWin,prWinStd,pot,bet,maxBet,NMaxBet,minBet,util_fold,util_call,util_raise_coeff,util_call2,util_raise_coeff2,action,amount,cputime
0,7,7,Deal,0,♥A ♣5,,50,0.1961904761904762,0.382572744405433,0,40,214,1,174,-40,79.89333333333332,0.3733333333333333,-130.03047619047618,-0.6076190476190476,raise,0,0.5265262126922607
1,7,7,Flop,1,♥A ♣5,♠J ♦Q ♠4,5,0.0,0.0,1667,0,0,7,80,-428,-428.0,-1.0,-428.0,-1.0,call,0,0.5260531902313232
2,7,7,Flop,0,♥A ♣5,♠J ♦Q ♠4,45,0.029629629629629627,0.1543160493037012,1667,80,194,2,114,-508,-532.3703703703704,-0.7925925925925926,-561.1111111111111,-0.9407407407407408,fold,0,0.5246961116790771
