,N,Nnf,round,first,hole,board,Nsim,prWin,prWinStd,pot,bet,maxBet,NMaxBet,minBet,util_fold,util_call,util_raise_coeff,util_call2,util_raise_coeff2,action,amount,cputime
0,7,6,Deal,0,♠Q ♠10,,40,0.26607142857142857,0.41649273580651064,0,0,80,1,80,0,47.71428571428571,0.5964285714285715,-37.42857142857143,-0.46785714285714286,raise,0,0.5230200290679932
