,N,Nnf,round,first,hole,board,Nsim,prWin,prWinStd,pot,bet,maxBet,NMaxBet,minBet,util_fold,util_call,util_raise_coeff,util_call2,util_raise_coeff2,action,amount,cputime
0,7,6,Deal,0,♠9 ♠A,,40,0.25357142857142856,0.43152257727015575,0,0,20,1,20,0,10.428571428571427,0.5214285714285714,-9.857142857142858,-0.4928571428571429,raise,0,0.5233030319213867
1,7,6,Deal,0,♠9 ♠A,,120,0.19702380952380952,0.39382951452111425,0,40,88,2,48,-40,16.02857142857144,0.18214285714285716,-53.32380952380952,-0.605952380952381,raise,0,0.5301520824432373
2,7,6,Flop,0,♠9 ♠A,♠Q ♦8 ♠3,30,0.23333333333333334,0.42295258468165065,1056,0,20,2,20,-176,78.39999999999998,0.3999999999999999,59.73333333333335,-0.5333333333333333,raise,0,0.5260472297668457
3,7,6,Flop,0,♠9 ♠A,♠Q ♦8 ♠3,100,0.33,0.47021271782034985,1056,40,1915,1,1875,-216,2049.1800000000003,0.98,-478.6199999999999,-0.33999999999999997,raise,0,0.5260117053985596
