,N,Nnf,round,first,hole,board,Nsim,prWin,prWinStd,pot,bet,maxBet,NMaxBet,minBet,util_fold,util_call,util_raise_coeff,util_call2,util_raise_coeff2,action,amount,cputime
0,8,8,Deal,0,♦10 ♣5,,10,0.3,0.45825756949558394,0,0,80,1,80,0,112.0,1.4,-32.0,-0.4,raise,0,0.5264472961425781
1,8,7,Deal,0,♦10 ♣5,,80,0.1,0.3,0,160,301,1,141,-160,-90.29999999999998,-0.29999999999999993,-240.8,-0.8,call,0,0.521754264831543
2,8,7,Flop,0,♦10 ♣5,♥5 ♣8 ♥3,10,0.1,0.30000000000000004,1178,0,278,1,278,-301,-266.6,-0.29999999999999993,-405.6,-0.8,call,0,0.5251467227935791
3,8,6,Turn,0,♦10 ♣5,♥5 ♣8 ♥3 ♣K,15,0.13333333333333333,0.33993463423951903,1734,0,199,1,199,-579,-387.6,-0.19999999999999996,-493.73333333333335,-0.7333333333333334,call,0,0.5254130363464355
4,8,6,River,0,♦10 ♣5,♥5 ♣8 ♥3 ♣K ♠A,15,0.0,0.0,2132,0,105,1,105,-778,-883.0,-1.0,-883.0,-1.0,fold,0,0.5224318504333496
