,N,Nnf,round,first,hole,board,Nsim,prWin,prWinStd,pot,bet,maxBet,NMaxBet,minBet,util_fold,util_call,util_raise_coeff,util_call2,util_raise_coeff2,action,amount,cputime
0,7,7,Deal,0,♠K ♦K,,80,0.4875,0.4998437255783051,0,0,46,1,46,0,110.975,2.4125,-1.1499999999999986,-0.025000000000000022,raise,0,0.5267858505249023
1,7,6,Deal,0,♠K ♦K,,185,0.44594594594594594,0.49570838997234057,0,92,884,4,792,-92,1481.297297297297,1.6756756756756754,-95.56756756756761,-0.10810810810810811,raise,0,0.5214028358459473
