,N,Nnf,round,first,hole,board,Nsim,prWin,prWinStd,pot,bet,maxBet,NMaxBet,minBet,util_fold,util_call,util_raise_coeff,util_call2,util_raise_coeff2,action,amount,cputime
0,8,8,Deal,0,♥3 ♠J,,40,0.125,0.3112474899497183,0,0,40,1,40,0,0.0,0.0,-30.0,-0.75,call,0,0.5231049060821533
1,8,8,Deal,0,♥3 ♠J,,110,0.09545454545454546,0.28200140671356533,0,40,96,2,56,-40,-22.690909090909088,-0.23636363636363633,-77.67272727272727,-0.8090909090909091,call,0,0.5308778285980225
2,8,8,Flop,0,♥3 ♠J,♠4 ♠Q ♥K,55,0.05454545454545454,0.22709083630539628,480,0,40,1,40,-96,-92.36363636363637,-0.5636363636363637,-105.45454545454545,-0.8909090909090909,call,0,0.5271468162536621
3,8,7,Flop,0,♥3 ♠J,♠4 ♠Q ♥K,125,0.04,0.19595917942265426,480,40,71,3,31,-136,-127.92,-0.72,-142.12,-0.92,call,0,0.5205698013305664
