,N,Nnf,round,first,hole,board,Nsim,prWin,prWinStd,pot,bet,maxBet,NMaxBet,minBet,util_fold,util_call,util_raise_coeff,util_call2,util_raise_coeff2,action,amount,cputime
0,7,7,Deal,0,♠Q ♥A,,50,0.1995238095238095,0.3844744918985328,0,0,40,1,40,0,15.866666666666653,0.3966666666666665,-24.03809523809524,-0.600952380952381,raise,0,0.5219540596008301
1,7,7,Deal,0,♠Q ♥A,,150,0.2307936507936508,0.41361875401261705,0,80,160,1,80,-80,98.48888888888894,0.6155555555555556,-86.14603174603174,-0.5384126984126985,raise,0,0.5278370380401611
2,7,6,Deal,0,♠Q ♥A,,260,0.2523809523809524,0.4233153475620719,0,320,1000,2,680,-320,514.2857142857142,0.5142857142857142,-495.23809523809524,-0.49523809523809526,raise,0,0.5233957767486572
