,N,Nnf,round,first,hole,board,Nsim,prWin,prWinStd,pot,bet,maxBet,NMaxBet,minBet,util_fold,util_call,util_raise_coeff,util_call2,util_raise_coeff2,action,amount,cputime
0,7,7,Deal,0,♥J ♦2,,55,0.0844155844155844,0.26555186667469927,0,40,632,1,592,-40,-258.5454545454546,-0.40909090909090917,-525.2987012987013,-0.8311688311688312,fold,0,0.5212020874023438
