,N,Nnf,round,first,hole,board,Nsim,prWin,prWinStd,pot,bet,maxBet,NMaxBet,minBet,util_fold,util_call,util_raise_coeff,util_call2,util_raise_coeff2,action,amount,cputime
0,7,6,Deal,0,♦6 ♣10,,90,0.10873015873015872,0.3023392880515553,0,10,79,3,69,-10,-27.46190476190477,-0.3476190476190477,-61.82063492063492,-0.7825396825396825,fold,0,0.5226559638977051
