,N,Nnf,round,first,hole,board,Nsim,prWin,prWinStd,pot,bet,maxBet,NMaxBet,minBet,util_fold,util_call,util_raise_coeff,util_call2,util_raise_coeff2,action,amount,cputime
0,7,7,Deal,0,♥7 ♣9,,55,0.12077922077922076,0.30054765327204513,0,20,182,1,162,-20,-28.127272727272725,-0.15454545454545465,-138.03636363636363,-0.7584415584415585,fold,0,0.5264260768890381
