,N,Nnf,round,first,hole,board,Nsim,prWin,prWinStd,pot,bet,maxBet,NMaxBet,minBet,util_fold,util_call,util_raise_coeff,util_call2,util_raise_coeff2,action,amount,cputime
0,7,7,Deal,0,♦9 ♣7,,10,0.2,0.4000000000000001,0,0,80,1,80,0,32.0,0.40000000000000013,-48.0,-0.6,raise,0,0.5227892398834229
1,7,6,Deal,0,♦9 ♣7,,85,0.10980392156862746,0.3084357976821284,0,160,179,1,19,-160,-61.07058823529411,-0.3411764705882352,-139.69019607843137,-0.7803921568627451,call,0,0.5224020481109619
2,7,6,Deal,0,♦9 ♣7,,120,0.11805555555555555,0.31357838624654544,0,179,436,1,257,-179,-127.16666666666669,-0.29166666666666674,-333.05555555555554,-0.7638888888888888,call,0,0.5252370834350586
3,7,6,Deal,0,♦9 ♣7,,160,0.09479166666666668,0.28542236916444447,0,436,492,2,56,-436,-212.17499999999995,-0.4312499999999999,-398.725,-0.8104166666666667,call,0,0.5244760513305664
4,7,6,Flop,0,♦9 ♣7,♦K ♥8 ♣3,15,0.06666666666666667,0.24944382578492943,1556,0,80,1,80,-492,-436.26666666666665,-0.6,-457.6,-0.8666666666666667,call,0,0.5330679416656494
5,7,6,Flop,0,♦9 ♣7,♦K ♥8 ♣3,60,0.08333333333333333,0.27638539919628335,1556,80,284,1,204,-572,-504.33333333333337,-0.5,-599.0,-0.8333333333333334,call,0,0.5260598659515381
6,7,6,Flop,0,♦9 ♣7,♦K ♥8 ♣3,100,0.08,0.2712931993250107,1556,284,473,2,189,-776,-613.48,-0.52,-764.8399999999999,-0.84,call,0,0.5245389938354492
7,7,6,Turn,0,♦9 ♣7,♦K ♥8 ♣3 ♣8,15,0.0,0.0,2975,0,110,1,110,-965,-1075.0,-1.0,-1075.0,-1.0,fold,0,0.5289032459259033
