,N,Nnf,round,first,hole,board,Nsim,prWin,prWinStd,pot,bet,maxBet,NMaxBet,minBet,util_fold,util_call,util_raise_coeff,util_call2,util_raise_coeff2,action,amount,cputime
0,7,6,Deal,0,♦9 ♥K,,45,0.2222222222222222,0.41573970964154905,0,0,40,1,40,0,13.333333333333336,0.33333333333333326,-22.22222222222222,-0.5555555555555556,raise,0,0.5244591236114502
1,7,6,Deal,0,♦9 ♥K,,85,0.2235294117647059,0.4094895125636968,0,80,194,1,114,-80,66.18823529411765,0.3411764705882354,-107.27058823529411,-0.5529411764705883,raise,0,0.5194051265716553
2,7,6,Flop,0,♦9 ♥K,♦5 ♣4 ♥2,25,0.04,0.19595917942265428,1164,0,143,2,143,-388,-450.12,-0.76,-473.0,-0.92,fold,0,0.5231418609619141
