,N,Nnf,round,first,hole,board,Nsim,prWin,prWinStd,pot,bet,maxBet,NMaxBet,minBet,util_fold,util_call,util_raise_coeff,util_call2,util_raise_coeff2,action,amount,cputime
0,7,6,Deal,0,♥3 ♥10,,55,0.11168831168831168,0.2807238312919303,0,80,537,1,457,-80,-177.14025974025975,-0.32987012987012987,-417.04675324675327,-0.7766233766233767,fold,0,0.5244419574737549
