,N,Nnf,round,first,hole,board,Nsim,prWin,prWinStd,pot,bet,maxBet,NMaxBet,minBet,util_fold,util_call,util_raise_coeff,util_call2,util_raise_coeff2,action,amount,cputime
0,8,8,Deal,0,♦5 ♠6,,50,0.13916666666666666,0.32888806775423024,0,0,72,1,72,0,8.159999999999997,0.11333333333333329,-51.96,-0.7216666666666667,raise,0,0.5264220237731934
1,8,8,Deal,0,♦5 ♠6,,125,0.09166666666666666,0.27678712237225045,0,144,288,1,144,-144,-76.80000000000001,-0.2666666666666667,-235.2,-0.8166666666666667,call,0,0.5299749374389648
2,8,7,Flop,0,♦5 ♠6,♦8 ♣Q ♣A,60,0.05,0.21794494717703367,1440,0,200,1,200,-288,-346.0,-0.6499999999999999,-396.0,-0.9,fold,0,0.5224549770355225
