,N,Nnf,round,first,hole,board,Nsim,prWin,prWinStd,pot,bet,maxBet,NMaxBet,minBet,util_fold,util_call,util_raise_coeff,util_call2,util_raise_coeff2,action,amount,cputime
0,7,7,Deal,0,♦10 ♥2,,65,0.16923076923076924,0.36455371110993184,0,0,114,1,114,0,21.046153846153857,0.18461538461538463,-75.41538461538461,-0.6615384615384615,raise,0,0.5293707847595215
1,7,6,Flop,0,♦10 ♥2,♠5 ♠8 ♦3,50,0.04,0.19595917942265428,1482,0,68,1,68,-228,-220.4,-0.76,-231.28,-0.92,call,0,0.5242178440093994
2,7,6,Flop,0,♦10 ♥2,♠5 ♠8 ♦3,125,0.044,0.20015993605114887,1482,68,126,3,58,-296,-255.52800000000002,-0.736,-277.704,-0.912,call,0,0.5234549045562744
3,7,6,Turn,0,♦10 ♥2,♠5 ♠8 ♦3 ♠7,50,0.04,0.19595917942265428,2238,0,40,4,40,-354,-294.88,-0.76,-301.28,-0.92,call,0,0.5324358940124512
4,7,6,River,0,♦10 ♥2,♠5 ♠8 ♦3 ♠7 ♦4,55,0.0,0.0,2478,0,66,2,66,-394,-460.0,-1.0,-460.0,-1.0,fold,0,0.5264859199523926
