,N,Nnf,round,first,hole,board,Nsim,prWin,prWinStd,pot,bet,maxBet,NMaxBet,minBet,util_fold,util_call,util_raise_coeff,util_call2,util_raise_coeff2,action,amount,cputime
0,7,6,Deal,0,♦5 ♠2,,60,0.05238095238095238,0.21816592740867252,0,20,89,2,69,-20,-61.028571428571425,-0.6857142857142857,-79.67619047619047,-0.8952380952380953,fold,0,0.5256903171539307
