,N,Nnf,round,first,hole,board,Nsim,prWin,prWinStd,pot,bet,maxBet,NMaxBet,minBet,util_fold,util_call,util_raise_coeff,util_call2,util_raise_coeff2,action,amount,cputime
0,7,7,Deal,0,♦9 ♠Q,,75,0.23555555555555552,0.4092389805601081,0,0,154,1,154,0,99.92888888888885,0.6488888888888886,-81.4488888888889,-0.528888888888889,raise,0,0.5261077880859375
1,7,7,Deal,0,♦9 ♠Q,,195,0.22136752136752136,0.4077236634361136,0,308,554,1,246,-308,304.46324786324783,0.5495726495726494,-308.72478632478635,-0.5572649572649573,raise,0,0.5219919681549072
