,N,Nnf,round,first,hole,board,Nsim,prWin,prWinStd,pot,bet,maxBet,NMaxBet,minBet,util_fold,util_call,util_raise_coeff,util_call2,util_raise_coeff2,action,amount,cputime
0,7,6,Deal,0,♠3 ♣K,,50,0.04285714285714286,0.19639610121239315,0,40,114,2,74,-40,-84.68571428571428,-0.7428571428571429,-104.22857142857143,-0.9142857142857143,fold,0,0.5286321640014648
