,N,Nnf,round,first,hole,board,Nsim,prWin,prWinStd,pot,bet,maxBet,NMaxBet,minBet,util_fold,util_call,util_raise_coeff,util_call2,util_raise_coeff2,action,amount,cputime
0,7,6,Deal,0,♠J ♥K,,90,0.24603174603174602,0.42259203282015834,0,10,57,1,47,-10,27.14285714285714,0.47619047619047605,-28.952380952380953,-0.5079365079365079,raise,0,0.5249927043914795
1,7,6,Flop,1,♠J ♥K,♣5 ♠2 ♥4,5,0.0,0.0,684,0,0,7,20,-114,-114.0,-1.0,-114.0,-1.0,call,0,0.5298502445220947
2,7,6,Flop,0,♠J ♥K,♣5 ♠2 ♥4,80,0.0675,0.24278333962609544,684,20,54,1,34,-134,-99.96,-0.595,-114.53999999999999,-0.865,call,0,0.5226840972900391
3,7,6,Turn,1,♠J ♥K,♣5 ♠2 ♥4 ♥A,5,0.0,0.0,1008,0,0,7,20,-168,-168.0,-1.0,-168.0,-1.0,call,0,0.5230119228363037
4,7,6,Turn,0,♠J ♥K,♣5 ♠2 ♥4 ♥A,80,0.022916666666666665,0.12288135085882192,1008,20,65,1,45,-188,-200.9625,-0.8625,-206.92083333333335,-0.9541666666666667,fold,0,0.5273399353027344
