,N,Nnf,round,first,hole,board,Nsim,prWin,prWinStd,pot,bet,maxBet,NMaxBet,minBet,util_fold,util_call,util_raise_coeff,util_call2,util_raise_coeff2,action,amount,cputime
0,7,6,Deal,0,♣5 ♥5,,85,0.20756302521008402,0.40012355975953434,0,0,54,2,54,0,13.250420168067222,0.24537815126050422,-31.583193277310926,-0.584873949579832,raise,0,0.5283010005950928
1,7,6,Flop,0,♣5 ♥5,♥3 ♥4 ♦J,60,0.058333333333333334,0.22530843057659622,648,0,72,2,72,-108,-117.0,-0.65,-133.8,-0.8833333333333333,fold,0,0.5193228721618652
