,N,Nnf,round,first,hole,board,Nsim,prWin,prWinStd,pot,bet,maxBet,NMaxBet,minBet,util_fold,util_call,util_raise_coeff,util_call2,util_raise_coeff2,action,amount,cputime
0,7,7,Deal,0,♦K ♠A,,60,0.25,0.4330127018922193,0,40,258,1,218,-40,193.5,0.75,-129.0,-0.5,raise,0,0.532263994216919
1,7,7,Deal,0,♦K ♠A,,135,0.22592592592592592,0.4159706120251611,0,516,936,1,420,-516,544.2666666666667,0.5814814814814815,-513.0666666666666,-0.5481481481481482,raise,0,0.5254859924316406
