,N,Nnf,round,first,hole,board,Nsim,prWin,prWinStd,pot,bet,maxBet,NMaxBet,minBet,util_fold,util_call,util_raise_coeff,util_call2,util_raise_coeff2,action,amount,cputime
0,8,8,Deal,0,♣9 ♥K,,10,0.13333333333333333,0.3055050463303894,0,0,40,1,40,0,2.6666666666666643,0.06666666666666665,-29.333333333333336,-0.7333333333333334,raise,0,0.527940034866333
1,8,8,Deal,0,♣9 ♥K,,85,0.12549019607843137,0.31405619824406766,0,80,143,2,63,-80,0.5607843137254918,0.0039215686274509665,-107.10980392156863,-0.7490196078431373,raise,0,0.5243849754333496
2,8,8,Deal,0,♣9 ♥K,,160,0.16510416666666666,0.35508115697428166,0,286,572,1,286,-286,183.51666666666665,0.3208333333333333,-383.12083333333334,-0.6697916666666667,raise,0,0.5278868675231934
