,N,Nnf,round,first,hole,board,Nsim,prWin,prWinStd,pot,bet,maxBet,NMaxBet,minBet,util_fold,util_call,util_raise_coeff,util_call2,util_raise_coeff2,action,amount,cputime
0,8,8,Deal,0,♦2 ♠3,,65,0.10192307692307692,0.29326765447243464,0,0,216,1,216,0,-39.87692307692308,-0.18461538461538463,-171.96923076923076,-0.7961538461538462,fold,0,0.5276169776916504
