,N,Nnf,round,first,hole,board,Nsim,prWin,prWinStd,pot,bet,maxBet,NMaxBet,minBet,util_fold,util_call,util_raise_coeff,util_call2,util_raise_coeff2,action,amount,cputime
0,7,6,Deal,0,♦A ♠A,,100,0.46,0.49839743177508444,0,20,76,1,56,-20,133.76,1.7600000000000002,-6.079999999999998,-0.07999999999999996,raise,0,0.5238132476806641
1,7,6,Flop,1,♦A ♠A,♠Q ♦K ♥K,5,0.6,0.48989794855663565,922,0,0,7,20,-152,401.19999999999993,2.5999999999999996,401.19999999999993,0.19999999999999996,raise,0,0.5253434181213379
2,7,6,Flop,0,♦A ♠A,♠Q ♦K ♥K,80,0.5375,0.49859176687947826,922,20,57,2,37,-172,470.4,2.2249999999999996,347.85,0.07499999999999996,raise,0,0.5223019123077393
3,7,6,Turn,1,♦A ♠A,♠Q ♦K ♥K ♥Q,5,0.2,0.4000000000000001,1606,0,0,7,20,-266,55.200000000000045,0.20000000000000018,55.200000000000045,-0.6,raise,0,0.5239899158477783
4,7,5,Turn,0,♦A ♠A,♠Q ♦K ♥K ♥Q,80,0.3125,0.46351240544347894,1606,20,60,1,40,-286,269.625,0.5625,213.375,-0.375,raise,0,0.5214190483093262
5,7,5,River,1,♦A ♠A,♠Q ♦K ♥K ♥Q ♦5,5,0.2,0.4000000000000001,2206,0,0,7,20,-386,55.200000000000045,0.0,55.200000000000045,-0.6,call,0,0.526716947555542
6,7,5,River,0,♦A ♠A,♠Q ♦K ♥K ♥Q ♦5,70,0.18571428571428572,0.38887593110903423,2206,20,67,1,47,-406,18.900000000000034,-0.0714285714285714,-18.428571428571388,-0.6285714285714286,call,0,0.5243470668792725
