,N,Nnf,round,first,hole,board,Nsim,prWin,prWinStd,pot,bet,maxBet,NMaxBet,minBet,util_fold,util_call,util_raise_coeff,util_call2,util_raise_coeff2,action,amount,cputime
0,7,7,Deal,0,♥9 ♣6,,10,0.2,0.4000000000000001,0,0,40,1,40,0,16.0,0.40000000000000013,-24.0,-0.6,raise,0,0.5286149978637695
1,7,6,Deal,0,♥9 ♣6,,90,0.12936507936507935,0.32938037830217093,0,80,129,2,49,-80,-28.87142857142858,-0.2238095238095239,-95.62380952380953,-0.7412698412698413,call,0,0.5212318897247314
2,7,6,Deal,0,♥9 ♣6,,145,0.1354679802955665,0.33331594185664154,0,129,174,3,45,-129,-32.571428571428555,-0.18719211822660098,-126.85714285714286,-0.729064039408867,call,0,0.522456169128418
3,7,6,Flop,0,♥9 ♣6,♣10 ♣4 ♣J,15,0.03333333333333333,0.12472191289246472,736,0,40,1,40,-174,-181.46666666666667,-0.8,-186.8,-0.9333333333333333,fold,0,0.525501012802124
