,N,Nnf,round,first,hole,board,Nsim,prWin,prWinStd,pot,bet,maxBet,NMaxBet,minBet,util_fold,util_call,util_raise_coeff,util_call2,util_raise_coeff2,action,amount,cputime
0,8,8,Deal,0,♦5 ♦Q,,50,0.22666666666666666,0.41333333333333333,0,0,52,1,52,0,42.29333333333332,0.8133333333333332,-28.42666666666667,-0.5466666666666666,raise,0,0.5263369083404541
1,8,8,Flop,0,♦5 ♦Q,♠3 ♦4 ♠2,60,0.16944444444444443,0.32273665831027615,728,0,61,2,61,-104,41.04444444444442,0.3555555555555554,-20.97222222222223,-0.6611111111111112,raise,0,0.523137092590332
2,8,6,Turn,0,♦5 ♦Q,♠3 ♦4 ♠2 ♠5,35,0.0047619047619047615,0.027766437594501422,1399,0,76,2,76,-226,-293.16666666666663,-0.9714285714285714,-294.61428571428576,-0.9904761904761905,fold,0,0.5249199867248535
