,N,Nnf,round,first,hole,board,Nsim,prWin,prWinStd,pot,bet,maxBet,NMaxBet,minBet,util_fold,util_call,util_raise_coeff,util_call2,util_raise_coeff2,action,amount,cputime
0,7,7,Deal,0,♦Q ♠K,,5,0.2,0.4,0,0,20,1,20,0,8.0,0.40000000000000013,-12.0,-0.6,raise,0,0.5206389427185059
1,7,7,Deal,0,♦Q ♠K,,115,0.27391304347826084,0.44352088456718575,0,40,146,1,106,-40,133.93913043478256,0.9173913043478259,-66.01739130434784,-0.4521739130434783,raise,0,0.5217840671539307
2,7,6,Flop,0,♦Q ♠K,♣8 ♥5 ♥6,35,0.0,0.0,1691,0,20,1,20,-292,-312.0,-1.0,-312.0,-1.0,fold,0,0.5262370109558105
