,N,Nnf,round,first,hole,board,Nsim,prWin,prWinStd,pot,bet,maxBet,NMaxBet,minBet,util_fold,util_call,util_raise_coeff,util_call2,util_raise_coeff2,action,amount,cputime
0,8,8,Deal,0,♣A ♦8,,85,0.11274509803921567,0.29826729533999335,0,40,316,1,276,-40,-30.980392156862763,-0.0980392156862746,-244.7450980392157,-0.7745098039215687,call,0,0.5276651382446289
1,8,8,Flop,0,♣A ♦8,♥8 ♥4 ♣9,35,0.22857142857142856,0.4025429372458677,1896,0,40,1,40,-316,150.51428571428573,0.8285714285714285,95.65714285714284,-0.5428571428571429,raise,0,0.5241391658782959
2,8,8,Flop,0,♣A ♦8,♥8 ♥4 ♣9,115,0.19130434782608696,0.3877617415913617,1896,80,159,3,79,-396,131.05217391304348,0.5304347826086957,-51.45217391304345,-0.6173913043478261,raise,0,0.5241100788116455
3,8,8,Turn,0,♣A ♦8,♥8 ♥4 ♣9 ♠A,30,0.5666666666666667,0.49553562491061676,3804,0,40,1,40,-634,1662.9333333333334,3.533333333333333,1526.9333333333334,0.1333333333333333,raise,0,0.5220820903778076
4,8,7,River,1,♣A ♦8,♥8 ♥4 ♣9 ♠A ♥A,5,1.0,0.0,4244,0,0,8,40,-714,3530.0,6.0,3530.0,1.0,raise,0,0.5279879570007324
5,8,7,River,0,♣A ♦8,♥8 ♥4 ♣9 ♠A ♥A,55,0.9818181818181818,0.133608531424537,4244,40,132,1,92,-754,4228.036363636364,5.872727272727273,3580.0363636363636,0.9636363636363636,raise,0,0.5257079601287842
