,N,Nnf,round,first,hole,board,Nsim,prWin,prWinStd,pot,bet,maxBet,NMaxBet,minBet,util_fold,util_call,util_raise_coeff,util_call2,util_raise_coeff2,action,amount,cputime
0,7,7,Deal,0,♥J ♣5,,15,0.20952380952380953,0.39681269820951726,0,0,20,1,20,0,9.333333333333336,0.4666666666666668,-11.619047619047619,-0.5809523809523809,raise,0,0.5248079299926758
1,7,6,Deal,0,♥J ♣5,,130,0.15366300366300364,0.34319671241993494,0,40,641,5,601,-40,-50.012087912087964,-0.07802197802197819,-444.00402930402936,-0.6926739926739927,fold,0,0.5238018035888672
