,N,Nnf,round,first,hole,board,Nsim,prWin,prWinStd,pot,bet,maxBet,NMaxBet,minBet,util_fold,util_call,util_raise_coeff,util_call2,util_raise_coeff2,action,amount,cputime
0,7,7,Deal,0,♦J ♣3,,15,0.2,0.4000000000000001,0,0,20,1,20,0,8.0,0.40000000000000013,-12.0,-0.6,raise,0,0.5244607925415039
1,7,7,Deal,0,♦J ♣3,,125,0.07333333333333333,0.24979991993593592,0,40,128,1,88,-40,-62.29333333333334,-0.4866666666666667,-109.22666666666666,-0.8533333333333333,fold,0,0.5292448997497559
