,N,Nnf,round,first,hole,board,Nsim,prWin,prWinStd,pot,bet,maxBet,NMaxBet,minBet,util_fold,util_call,util_raise_coeff,util_call2,util_raise_coeff2,action,amount,cputime
0,7,6,Deal,0,♣8 ♣9,,45,0.24444444444444444,0.42975732457363813,0,0,40,1,40,0,18.666666666666657,0.46666666666666656,-20.444444444444446,-0.5111111111111111,raise,0,0.5213286876678467
1,7,6,Deal,0,♣8 ♣9,,90,0.25,0.4297932319409209,0,80,144,1,64,-80,72.0,0.5,-72.0,-0.5,raise,0,0.5212948322296143
2,7,6,Flop,0,♣8 ♣9,♥4 ♠8 ♥5,30,0.23333333333333334,0.4229525846816506,1152,0,47,2,47,-288,-0.39999999999997726,0.3999999999999999,-44.26666666666665,-0.5333333333333333,raise,0,0.5231127738952637
3,7,5,Flop,0,♣8 ♣9,♥4 ♠8 ♥5,80,0.22749999999999998,0.41682580294410754,1152,94,144,1,50,-382,-6.1200000000000045,0.13749999999999996,-104.40000000000003,-0.545,raise,0,0.5231940746307373
