,N,Nnf,round,first,hole,board,Nsim,prWin,prWinStd,pot,bet,maxBet,NMaxBet,minBet,util_fold,util_call,util_raise_coeff,util_call2,util_raise_coeff2,action,amount,cputime
0,8,8,Deal,0,♦J ♣3,,10,0.2,0.4000000000000001,0,0,20,1,20,0,12.0,0.6000000000000001,-12.0,-0.6,raise,0,0.522254228591919
1,8,7,Deal,0,♦J ♣3,,115,0.07101449275362319,0.24481173834106404,0,40,79,1,39,-40,-39.72898550724638,-0.5028985507246377,-67.77971014492753,-0.8579710144927536,call,0,0.5259048938751221
2,8,7,Deal,0,♦J ♣3,,195,0.08290598290598289,0.2643997442869786,0,79,84,5,5,-79,-35.25128205128206,-0.4196581196581197,-70.07179487179488,-0.8341880341880342,call,0,0.5212652683258057
3,8,7,Flop,0,♦J ♣3,♥4 ♦K ♦Q,10,0.05,0.15000000000000002,608,0,52,1,52,-84,-87.4,-0.6499999999999999,-100.4,-0.9,fold,0,0.528447151184082
