,N,Nnf,round,first,hole,board,Nsim,prWin,prWinStd,pot,bet,maxBet,NMaxBet,minBet,util_fold,util_call,util_raise_coeff,util_call2,util_raise_coeff2,action,amount,cputime
0,8,7,Deal,0,♠8 ♦Q,,45,0.20740740740740737,0.39931353990943863,0,0,40,2,40,0,18.074074074074062,0.4518518518518517,-23.407407407407412,-0.5851851851851853,raise,0,0.5284650325775146
1,8,7,Deal,0,♠8 ♦Q,,90,0.2037037037037037,0.39266246757625395,0,80,187,2,107,-80,79.6481481481481,0.4259259259259258,-110.81481481481482,-0.5925925925925926,raise,0,0.5222609043121338
2,8,7,Flop,0,♠8 ♦Q,♠3 ♠4 ♠J,35,0.02857142857142857,0.1665986255670086,1496,0,147,1,147,-374,-448.8571428571429,-0.8,-469.8571428571429,-0.9428571428571428,fold,0,0.5208430290222168
