,N,Nnf,round,first,hole,board,Nsim,prWin,prWinStd,pot,bet,maxBet,NMaxBet,minBet,util_fold,util_call,util_raise_coeff,util_call2,util_raise_coeff2,action,amount,cputime
0,7,6,Deal,0,♠Q ♠7,,40,0.19107142857142856,0.36435135963147736,0,0,40,1,40,0,5.857142857142854,0.14642857142857135,-24.714285714285715,-0.6178571428571429,raise,0,0.5292048454284668
1,7,6,Deal,0,♠Q ♠7,,105,0.18707482993197277,0.3663945830838825,0,80,136,1,56,-80,16.65306122448979,0.12244897959183665,-85.1156462585034,-0.6258503401360545,raise,0,0.5230600833892822
2,7,6,Flop,0,♠Q ♠7,♠8 ♦6 ♦7,30,0.2,0.4,1360,0,40,2,40,-272,8.0,0.20000000000000018,-24.0,-0.6,raise,0,0.5243089199066162
3,7,6,Flop,0,♠Q ♠7,♠8 ♦6 ♦7,90,0.18888888888888888,0.39142033230685636,1360,80,158,1,78,-352,5.95555555555552,0.1333333333333333,-113.42222222222227,-0.6222222222222222,raise,0,0.5211820602416992
4,7,6,Turn,0,♠Q ♠7,♠8 ♦6 ♦7 ♦3,15,0.0,0.0,2502,0,74,1,74,-588,-662.0,-1.0,-662.0,-1.0,fold,0,0.5279541015625
