,N,Nnf,round,first,hole,board,Nsim,prWin,prWinStd,pot,bet,maxBet,NMaxBet,minBet,util_fold,util_call,util_raise_coeff,util_call2,util_raise_coeff2,action,amount,cputime
0,7,7,Deal,0,♣6 ♥7,,65,0.1021978021978022,0.29329750616452266,0,40,132,1,92,-40,-37.56923076923077,-0.2846153846153846,-105.01978021978022,-0.7956043956043957,call,0,0.5233891010284424
1,7,7,Deal,0,♣6 ♥7,,140,0.11173469387755101,0.3107888386146027,0,132,268,1,136,-132,-58.3857142857143,-0.21785714285714286,-208.11020408163267,-0.7765306122448979,call,0,0.5210371017456055
2,7,7,Deal,0,♣6 ♥7,,220,0.12034632034632034,0.3194114415166134,0,268,580,1,312,-268,-91.39393939393943,-0.1575757575757576,-440.39826839826844,-0.7593073593073594,call,0,0.5215210914611816
3,7,7,Flop,0,♣6 ♥7,♣10 ♦Q ♥5,35,0.02857142857142857,0.1665986255670086,2320,0,40,1,40,-580,-545.7142857142858,-0.8,-551.4285714285714,-0.9428571428571428,call,0,0.5301539897918701
4,7,7,Turn,0,♣6 ♥7,♣10 ♦Q ♥5 ♦10,35,0.0,0.0,2473,0,40,1,40,-620,-660.0,-1.0,-660.0,-1.0,fold,0,0.5268521308898926
