,N,Nnf,round,first,hole,board,Nsim,prWin,prWinStd,pot,bet,maxBet,NMaxBet,minBet,util_fold,util_call,util_raise_coeff,util_call2,util_raise_coeff2,action,amount,cputime
0,8,8,Deal,0,♥5 ♥4,,60,0.125,0.3243583409338094,0,0,106,1,106,0,0.0,0.0,-79.5,-0.75,call,0,0.5272221565246582
1,8,7,Flop,0,♥5 ♥4,♠5 ♦5 ♠10,75,0.5933333333333334,0.4668571040003092,848,0,60,4,60,-106,586.3466666666667,3.1533333333333333,408.3466666666667,0.18666666666666676,raise,0,0.524254322052002
2,8,7,Flop,0,♥5 ♥4,♠5 ♦5 ♠10,150,0.5933333333333334,0.4739432689913659,848,120,121,1,1,-226,778.7,3.1533333333333333,419.73333333333335,0.18666666666666676,raise,0,0.5284419059753418
3,8,7,Turn,0,♥5 ♥4,♠5 ♦5 ♠10 ♠4,45,0.9222222222222223,0.23465235646603197,2542,0,77,4,77,-348,2416.3666666666672,5.455555555555556,2061.3111111111116,0.8444444444444446,raise,0,0.5232880115509033
4,8,7,River,0,♥5 ♥4,♠5 ♦5 ♠10 ♠4 ♦4,40,0.8125,0.2891258376555094,3620,0,75,3,75,-502,2790.8125,4.6875,2486.125,0.625,raise,0,0.53159499168396
