,N,Nnf,round,first,hole,board,Nsim,prWin,prWinStd,pot,bet,maxBet,NMaxBet,minBet,util_fold,util_call,util_raise_coeff,util_call2,util_raise_coeff2,action,amount,cputime
0,8,7,Deal,0,♦J ♦A,,70,0.2666666666666666,0.42668898751138645,0,40,151,1,111,-40,130.86666666666662,0.8666666666666663,-70.46666666666668,-0.4666666666666668,raise,0,0.5248682498931885
1,8,7,Flop,1,♦J ♦A,♦2 ♥3 ♦9,5,0.0,0.0,1228,0,0,8,40,-302,-302.0,-1.0,-302.0,-1.0,call,0,0.527012825012207
2,8,7,Flop,0,♦J ♦A,♦2 ♥3 ♦9,45,0.35555555555555557,0.4786813161897337,1228,40,65,3,25,-342,231.4000000000001,1.488888888888889,115.84444444444449,-0.28888888888888886,raise,0,0.5236139297485352
3,8,7,Flop,0,♦J ♦A,♦2 ♥3 ♦9,85,0.34509803921568627,0.47264257474354504,1228,130,200,2,70,-432,404.9176470588235,1.4156862745098038,59.81960784313719,-0.30980392156862746,raise,0,0.5322070121765137
4,8,7,Turn,1,♦J ♦A,♦2 ♥3 ♦9 ♠8,5,0.2,0.4,2828,0,0,8,40,-702,-136.39999999999998,0.40000000000000013,-136.39999999999998,-0.6,raise,0,0.5249769687652588
5,8,6,Turn,0,♦J ♦A,♦2 ♥3 ♦9 ♠8,50,0.36,0.48,2828,40,138,1,98,-742,476.15999999999985,1.1600000000000001,277.4399999999998,-0.28,raise,0,0.5242860317230225
6,8,6,River,1,♦J ♦A,♦2 ♥3 ♦9 ♠8 ♣J,5,0.2,0.4,3656,0,0,8,40,-978,-246.79999999999995,0.20000000000000018,-246.79999999999995,-0.6,raise,0,0.5344278812408447
