,N,Nnf,round,first,hole,board,Nsim,prWin,prWinStd,pot,bet,maxBet,NMaxBet,minBet,util_fold,util_call,util_raise_coeff,util_call2,util_raise_coeff2,action,amount,cputime
0,7,7,Deal,0,♦5 ♠9,,65,0.16923076923076924,0.3749556186755058,0,0,112,1,112,0,20.67692307692309,0.18461538461538463,-74.09230769230768,-0.6615384615384615,raise,0,0.5218391418457031
1,7,6,Flop,0,♦5 ♠9,♦9 ♥3 ♠10,70,0.2,0.3909694909544003,1354,0,50,4,50,-224,56.80000000000001,0.20000000000000018,16.80000000000001,-0.6,raise,0,0.5256309509277344
2,7,5,Flop,0,♦5 ♠9,♦9 ♥3 ♠10,165,0.16666666666666666,0.3623715376697394,1354,100,116,3,16,-324,-17.666666666666686,-0.16666666666666674,-75.66666666666669,-0.6666666666666667,call,0,0.5271091461181641
3,7,5,Flop,0,♦5 ♠9,♦9 ♥3 ♠10,230,0.18043478260869567,0.37452553475227096,1354,116,148,3,32,-340,5.830434782608734,-0.09782608695652173,-74.28260869565213,-0.6391304347826087,call,0,0.528062105178833
4,7,5,Turn,0,♦5 ♠9,♦9 ♥3 ♠10 ♦8,35,0.15714285714285714,0.35398604838182474,2144,0,74,3,74,-372,-50.94285714285718,-0.2142857142857143,-85.82857142857142,-0.6857142857142857,call,0,0.5241451263427734
5,7,5,River,0,♦5 ♠9,♦9 ♥3 ♠10 ♦8 ♣9,35,0.7571428571428571,0.40304959941902535,2514,0,79,2,79,-446,1677.5285714285715,2.7857142857142856,1498.0857142857142,0.5142857142857142,raise,0,0.5283589363098145
