,N,Nnf,round,first,hole,board,Nsim,prWin,prWinStd,pot,bet,maxBet,NMaxBet,minBet,util_fold,util_call,util_raise_coeff,util_call2,util_raise_coeff2,action,amount,cputime
0,8,8,Deal,0,♥4 ♠6,,10,0.2,0.4000000000000001,0,0,80,1,80,0,48.0,0.6000000000000001,-48.0,-0.6,raise,0,0.5277860164642334
1,8,8,Deal,0,♥4 ♠6,,50,0.11,0.3047950130825634,0,160,201,1,41,-160,-24.120000000000005,-0.12,-156.78,-0.78,call,0,0.5231621265411377
2,8,8,Deal,0,♥4 ♠6,,90,0.11666666666666667,0.3077697552103231,0,201,439,3,238,-201,-29.26666666666665,-0.06666666666666665,-336.56666666666666,-0.7666666666666666,call,0,0.5311059951782227
3,8,8,Flop,0,♥4 ♠6,♦9 ♠4 ♣Q,20,0.0,0.0,2195,0,305,1,305,-439,-744.0,-1.0,-744.0,-1.0,fold,0,0.5233168601989746
