,N,Nnf,round,first,hole,board,Nsim,prWin,prWinStd,pot,bet,maxBet,NMaxBet,minBet,util_fold,util_call,util_raise_coeff,util_call2,util_raise_coeff2,action,amount,cputime
0,7,7,Deal,0,♠A ♦Q,,45,0.2777777777777778,0.44165793143003973,0,0,40,1,40,0,37.77777777777777,0.9444444444444446,-17.77777777777778,-0.4444444444444444,raise,0,0.5244059562683105
1,7,7,Deal,0,♠A ♦Q,,145,0.2655172413793103,0.43965179173818564,0,80,160,1,80,-80,137.37931034482756,0.8586206896551722,-75.0344827586207,-0.46896551724137936,raise,0,0.5209798812866211
2,7,6,Flop,0,♠A ♦Q,♠10 ♠2 ♦4,45,0.13333333333333333,0.33993463423951903,1546,0,20,1,20,-320,-117.86666666666667,-0.19999999999999996,-128.53333333333333,-0.7333333333333334,call,0,0.5252621173858643
3,7,6,Flop,0,♠A ♦Q,♠10 ♠2 ♦4,85,0.12941176470588237,0.3356551204161672,1546,20,62,2,42,-340,-133.7882352941176,-0.22352941176470575,-165.88235294117646,-0.7411764705882353,call,0,0.5227870941162109
4,7,6,Turn,0,♠A ♦Q,♠10 ♠2 ♦4 ♥10,15,0.06666666666666667,0.24944382578492943,1732,0,20,1,20,-382,-278.5333333333333,-0.6,-283.8666666666667,-0.8666666666666667,call,0,0.5296440124511719
5,7,6,Turn,0,♠A ♦Q,♠10 ♠2 ♦4 ♥10,55,0.07272727272727272,0.25968830649246727,1732,20,84,1,64,-402,-303.3818181818182,-0.5636363636363637,-327.81818181818187,-0.8545454545454545,call,0,0.5251271724700928
6,7,6,River,0,♠A ♦Q,♠10 ♠2 ♦4 ♥10 ♣4,15,0.06666666666666667,0.16996731711975951,1984,0,20,1,20,-466,-345.73333333333335,-0.6,-351.0666666666667,-0.8666666666666667,call,0,0.5221459865570068
