,N,Nnf,round,first,hole,board,Nsim,prWin,prWinStd,pot,bet,maxBet,NMaxBet,minBet,util_fold,util_call,util_raise_coeff,util_call2,util_raise_coeff2,action,amount,cputime
0,7,6,Deal,0,♣8 ♥2,,55,0.05714285714285714,0.22726901666729724,0,0,20,2,20,0,-13.142857142857142,-0.6571428571428571,-17.714285714285715,-0.8857142857142857,fold,0,0.5257632732391357
