,N,Nnf,round,first,hole,board,Nsim,prWin,prWinStd,pot,bet,maxBet,NMaxBet,minBet,util_fold,util_call,util_raise_coeff,util_call2,util_raise_coeff2,action,amount,cputime
0,7,7,Deal,0,♥J ♠10,,10,0.3,0.45825756949558394,0,0,20,1,20,0,22.0,1.1,-8.0,-0.4,raise,0,0.5277481079101562
1,7,6,Deal,0,♥J ♠10,,85,0.23697478991596638,0.4165270815788348,0,40,70,1,30,-40,29.52941176470587,0.42184873949579815,-36.82352941176471,-0.5260504201680672,raise,0,0.5232350826263428
2,7,5,Flop,1,♥J ♠10,♠9 ♦2 ♦A,5,0.0,0.0,370,0,0,7,20,-140,-140.0,-1.0,-140.0,-1.0,call,0,0.5286390781402588
3,7,5,Turn,1,♥J ♠10,♠9 ♦2 ♦A ♠Q,5,0.1,0.20000000000000004,410,0,0,7,20,-160,-119.0,-0.5,-119.0,-0.8,call,0,0.5232880115509033
4,7,5,Turn,0,♥J ♠10,♠9 ♦2 ♦A ♠Q,30,0.05,0.19790570145063194,410,20,27,1,7,-180,-159.75,-0.75,-163.8,-0.9,call,0,0.529120922088623
5,7,5,River,1,♥J ♠10,♠9 ♦2 ♦A ♠Q ♥9,5,0.0,0.0,464,0,0,7,20,-187,-187.0,-1.0,-187.0,-1.0,call,0,0.5253198146820068
6,7,5,River,0,♥J ♠10,♠9 ♦2 ♦A ♠Q ♥9,30,0.0,0.0,464,20,49,1,29,-207,-236.0,-1.0,-236.0,-1.0,fold,0,0.5276632308959961
