,N,Nnf,round,first,hole,board,Nsim,prWin,prWinStd,pot,bet,maxBet,NMaxBet,minBet,util_fold,util_call,util_raise_coeff,util_call2,util_raise_coeff2,action,amount,cputime
0,7,7,Deal,0,♣A ♦A,,10,0.2,0.4000000000000001,0,0,20,1,20,0,8.0,0.40000000000000013,-12.0,-0.6,raise,0,0.5279498100280762
1,7,7,Deal,0,♣A ♦A,,95,0.42105263157894735,0.49372797471825575,0,40,52,3,12,-40,101.26315789473682,1.9473684210526314,-8.21052631578948,-0.1578947368421053,raise,0,0.5296380519866943
2,7,7,Deal,0,♣A ♦A,,180,0.48055555555555557,0.49822989140692675,0,104,120,3,16,-104,283.6666666666667,2.363888888888889,-4.666666666666657,-0.03888888888888886,raise,0,0.5256760120391846
3,7,6,Flop,0,♣A ♦A,♠10 ♥K ♣J,15,0.4666666666666667,0.4988876515698588,1080,0,39,1,39,-240,334.20000000000005,1.7999999999999998,261.4,-0.06666666666666665,raise,0,0.5221002101898193
4,7,6,Flop,0,♣A ♦A,♠10 ♥K ♣J,70,0.5785714285714286,0.48281698903203396,1080,78,79,1,1,-318,580.1000000000001,2.4714285714285715,397.2714285714286,0.15714285714285725,raise,0,0.5230269432067871
5,7,6,Turn,0,♣A ♦A,♠10 ♥K ♣J ♦8,15,0.4666666666666667,0.4988876515698588,1712,0,53,1,53,-398,496.33333333333337,1.7999999999999998,397.4000000000001,-0.06666666666666665,raise,0,0.5224368572235107
6,7,6,River,0,♣A ♦A,♠10 ♥K ♣J ♦8 ♥7,15,0.06666666666666667,0.24944382578492943,2136,0,57,1,57,-504,-395.8,-0.6,-411.0,-0.8666666666666667,call,0,0.5231831073760986
