,N,Nnf,round,first,hole,board,Nsim,prWin,prWinStd,pot,bet,maxBet,NMaxBet,minBet,util_fold,util_call,util_raise_coeff,util_call2,util_raise_coeff2,action,amount,cputime
0,8,8,Deal,0,♥7 ♠4,,85,0.10588235294117647,0.2979747092215045,0,20,106,1,86,-20,-16.21176470588236,-0.15294117647058825,-83.5529411764706,-0.788235294117647,call,0,0.5294771194458008
1,8,8,Deal,0,♥7 ♠4,,180,0.08055555555555556,0.26438549763181923,0,106,218,1,112,-106,-77.51111111111109,-0.3555555555555555,-182.87777777777777,-0.8388888888888889,call,0,0.5204188823699951
2,8,8,Flop,0,♥7 ♠4,♥J ♠Q ♥9,35,0.0,0.0,1338,0,20,1,20,-218,-238.0,-1.0,-238.0,-1.0,fold,0,0.52274489402771
