,N,Nnf,round,first,hole,board,Nsim,prWin,prWinStd,pot,bet,maxBet,NMaxBet,minBet,util_fold,util_call,util_raise_coeff,util_call2,util_raise_coeff2,action,amount,cputime
0,7,7,Deal,0,♥Q ♠K,,15,0.27619047619047615,0.4378881498122914,0,0,40,1,40,0,37.333333333333314,0.9333333333333331,-17.90476190476191,-0.4476190476190477,raise,0,0.5296719074249268
1,7,6,Deal,0,♥Q ♠K,,85,0.2605042016806723,0.4372655787469393,0,80,155,2,75,-80,87.26890756302521,0.5630252100840338,-74.24369747899159,-0.4789915966386554,raise,0,0.5242691040039062
2,7,6,Flop,0,♥Q ♠K,♦J ♥K ♣4,15,0.43333333333333335,0.47842333648024415,970,0,79,1,79,-310,236.73333333333335,1.6,99.80000000000007,-0.1333333333333333,raise,0,0.5207858085632324
3,7,6,Turn,0,♥Q ♠K,♦J ♥K ♣4 ♦Q,15,0.7,0.43969686527576396,1444,0,92,1,92,-468,837.1999999999998,3.1999999999999993,579.5999999999999,0.3999999999999999,raise,0,0.5263810157775879
4,7,6,River,0,♥Q ♠K,♦J ♥K ♣4 ♦Q ♠A,15,0.0,0.0,1996,0,40,1,40,-652,-692.0,-1.0,-692.0,-1.0,fold,0,0.5322551727294922
