,N,Nnf,round,first,hole,board,Nsim,prWin,prWinStd,pot,bet,maxBet,NMaxBet,minBet,util_fold,util_call,util_raise_coeff,util_call2,util_raise_coeff2,action,amount,cputime
0,7,7,Deal,0,♠10 ♥10,,65,0.24835164835164836,0.4298712326469504,0,0,156,1,156,0,115.20000000000005,0.7384615384615385,-78.5142857142857,-0.5032967032967033,raise,0,0.5308558940887451
1,7,7,Deal,0,♠10 ♥10,,170,0.2134453781512605,0.4079777842807543,0,312,624,1,312,-312,308.3294117647058,0.49411764705882355,-357.6201680672269,-0.573109243697479,raise,0,0.5207240581512451
