,N,Nnf,round,first,hole,board,Nsim,prWin,prWinStd,pot,bet,maxBet,NMaxBet,minBet,util_fold,util_call,util_raise_coeff,util_call2,util_raise_coeff2,action,amount,cputime
0,8,8,Deal,0,♠10 ♥A,,60,0.16666666666666666,0.36132472314464664,0,0,128,1,128,0,42.66666666666666,0.33333333333333326,-85.33333333333334,-0.6666666666666667,raise,0,0.5311717987060547
1,8,7,Deal,0,♠10 ♥A,,165,0.19065656565656566,0.3824086210237984,0,256,1000,1,744,-256,334.5959595959598,0.33459595959595956,-618.6868686868686,-0.6186868686868687,raise,0,0.5252950191497803
