,N,Nnf,round,first,hole,board,Nsim,prWin,prWinStd,pot,bet,maxBet,NMaxBet,minBet,util_fold,util_call,util_raise_coeff,util_call2,util_raise_coeff2,action,amount,cputime
0,7,7,Deal,0,♥Q ♣Q,,65,0.34065934065934067,0.47193932218625834,0,40,228,1,188,-40,315.69230769230774,1.3846153846153846,-72.65934065934064,-0.31868131868131866,raise,0,0.5295939445495605
1,7,7,Deal,0,♥Q ♣Q,,140,0.3795918367346938,0.4843833591800634,0,456,912,1,456,-456,1511.3142857142852,1.6571428571428566,-219.62448979591852,-0.24081632653061236,raise,0,0.5281538963317871
2,7,7,Flop,0,♥Q ♣Q,♥4 ♠3 ♠A,35,0.14285714285714285,0.3499271061118826,6472,0,40,1,40,-1824,-899.4285714285714,0.0,-928.0,-0.7142857142857143,call,0,0.5258269309997559
3,7,7,Flop,0,♥Q ♣Q,♥4 ♠3 ♠A,95,0.2631578947368421,0.4403473823863555,6472,40,63,1,23,-1864,-67.78947368421063,0.8421052631578947,-150.68421052631584,-0.4736842105263158,raise,0,0.5228719711303711
4,7,7,Flop,0,♥Q ♣Q,♥4 ♠3 ♠A,125,0.24,0.4270831300812525,6472,126,190,1,64,-1950,-141.51999999999998,0.6799999999999999,-369.52,-0.52,raise,0,0.5270547866821289
5,7,7,Turn,1,♥Q ♣Q,♥4 ♠3 ♠A ♦10,5,0.0,0.0,7280,0,0,7,40,-2204,-2204.0,-1.0,-2204.0,-1.0,call,0,0.5246078968048096
6,7,7,Turn,0,♥Q ♣Q,♥4 ♠3 ♠A ♦10,30,0.1,0.3,7280,40,73,1,33,-2244,-1497.9,-0.29999999999999993,-1534.4,-0.8,call,0,0.5215620994567871
7,7,7,River,1,♥Q ♣Q,♥4 ♠3 ♠A ♦10 ♣5,5,0.2,0.4000000000000001,7426,0,0,7,40,-2277,-791.8,0.40000000000000013,-791.8,-0.6,raise,0,0.522068977355957
8,7,7,River,0,♥Q ♣Q,♥4 ♠3 ♠A ♦10 ♣5,35,0.17142857142857143,0.3768830273792263,7426,40,143,1,103,-2317,-975.3714285714286,0.19999999999999996,-1097.942857142857,-0.6571428571428571,raise,0,0.5211708545684814
