,N,Nnf,round,first,hole,board,Nsim,prWin,prWinStd,pot,bet,maxBet,NMaxBet,minBet,util_fold,util_call,util_raise_coeff,util_call2,util_raise_coeff2,action,amount,cputime
0,8,8,Deal,0,♦5 ♦K,,10,0.2,0.4000000000000001,0,0,20,1,20,0,12.0,0.6000000000000001,-12.0,-0.6,raise,0,0.5256149768829346
1,8,7,Deal,0,♦5 ♦K,,90,0.18518518518518515,0.3746969511653652,0,40,56,1,16,-40,16.59259259259258,0.29629629629629606,-35.25925925925927,-0.6296296296296298,raise,0,0.52469801902771
2,8,7,Deal,0,♦5 ♦K,,150,0.18666666666666668,0.37511479724360525,0,112,114,1,2,-112,34.96000000000001,0.30666666666666664,-71.44,-0.6266666666666667,raise,0,0.5220160484313965
3,8,7,Flop,0,♦5 ♦K,♣3 ♣2 ♥A,15,0.06666666666666667,0.24944382578492946,1149,0,27,1,27,-228,-165.8,-0.5333333333333333,-174.8,-0.8666666666666667,call,0,0.5244998931884766
4,8,6,Turn,0,♦5 ♦K,♣3 ♣2 ♥A ♠J,15,0.0,0.0,1230,0,20,1,20,-255,-275.0,-1.0,-275.0,-1.0,fold,0,0.524493932723999
