,N,Nnf,round,first,hole,board,Nsim,prWin,prWinStd,pot,bet,maxBet,NMaxBet,minBet,util_fold,util_call,util_raise_coeff,util_call2,util_raise_coeff2,action,amount,cputime
0,7,7,Deal,0,♥3 ♥K,,40,0.26607142857142857,0.4312379841567668,0,0,320,1,320,0,276.0,0.8625,-149.71428571428572,-0.46785714285714286,raise,0,0.5266861915588379
1,7,7,Deal,0,♥3 ♥K,,110,0.22532467532467532,0.41237651928582175,0,640,1000,1,360,-640,577.2727272727273,0.5772727272727272,-549.3506493506493,-0.5493506493506494,raise,0,0.5319581031799316
2,7,7,Flop,0,♥3 ♥K,♣K ♦10 ♥A,15,0.36666666666666664,0.4642796092394707,5233,0,603,1,603,-2000,863.4666666666662,1.5666666666666664,-242.03333333333376,-0.2666666666666667,raise,0,0.5230989456176758
