,N,Nnf,round,first,hole,board,Nsim,prWin,prWinStd,pot,bet,maxBet,NMaxBet,minBet,util_fold,util_call,util_raise_coeff,util_call2,util_raise_coeff2,action,amount,cputime
0,7,7,Deal,0,♣9 ♦7,,45,0.12222222222222222,0.3189488909868295,0,0,160,1,160,0,-23.111111111111114,-0.1444444444444445,-120.88888888888889,-0.7555555555555555,fold,0,0.5218329429626465
