,N,Nnf,round,first,hole,board,Nsim,prWin,prWinStd,pot,bet,maxBet,NMaxBet,minBet,util_fold,util_call,util_raise_coeff,util_call2,util_raise_coeff2,action,amount,cputime
0,7,7,Deal,0,♦10 ♣2,,65,0.1076923076923077,0.3099914104555367,0,40,40,4,0,-40,-9.84615384615384,-0.24615384615384617,-31.384615384615383,-0.7846153846153846,check,0,0.5234408378601074
1,7,7,Flop,0,♦10 ♣2,♥4 ♥5 ♣9,35,0.0,0.0,160,0,40,1,40,-40,-80.0,-1.0,-80.0,-1.0,fold,0,0.5244510173797607
