,N,Nnf,round,first,hole,board,Nsim,prWin,prWinStd,pot,bet,maxBet,NMaxBet,minBet,util_fold,util_call,util_raise_coeff,util_call2,util_raise_coeff2,action,amount,cputime
0,8,8,Deal,0,♣K ♦K,,10,0.2,0.4000000000000001,0,0,20,1,20,0,12.0,0.6000000000000001,-12.0,-0.6,raise,0,0.5270850658416748
1,8,8,Deal,0,♣K ♦K,,115,0.3130434782608696,0.46373188264255255,0,40,76,2,36,-40,114.3304347826087,1.5043478260869567,-28.417391304347824,-0.3739130434782608,raise,0,0.5213210582733154
2,8,7,Flop,0,♣K ♦K,♦5 ♥10 ♠3,15,0.2,0.4000000000000001,1140,0,68,1,68,-152,103.20000000000005,0.40000000000000013,35.19999999999999,-0.6,raise,0,0.5307600498199463
3,8,6,Turn,0,♣K ♦K,♦5 ♥10 ♠3 ♥3,10,0.2,0.4000000000000001,1956,0,47,1,47,-288,112.60000000000002,0.20000000000000018,75.00000000000006,-0.6,raise,0,0.5296609401702881
4,8,6,River,0,♣K ♦K,♦5 ♥10 ♠3 ♥3 ♣5,10,0.25,0.4031128874149275,2520,0,42,1,42,-382,269.0,0.5,227.0,-0.5,raise,0,0.5269308090209961
5,8,6,River,0,♣K ♦K,♦5 ♥10 ♠3 ♥3 ♣5,75,0.22,0.41020320167773766,2520,84,618,5,534,-466,370.15999999999985,0.32000000000000006,-173.68000000000006,-0.56,raise,0,0.5210492610931396
