,N,Nnf,round,first,hole,board,Nsim,prWin,prWinStd,pot,bet,maxBet,NMaxBet,minBet,util_fold,util_call,util_raise_coeff,util_call2,util_raise_coeff2,action,amount,cputime
0,7,7,Deal,0,♦6 ♠5,,75,0.19523809523809524,0.39006947459566466,0,0,144,1,144,0,52.80000000000001,0.3666666666666667,-87.77142857142857,-0.6095238095238096,raise,0,0.5259456634521484
1,7,7,Deal,0,♦6 ♠5,,185,0.1359073359073359,0.3377453817227286,0,288,576,1,288,-288,-28.021621621621648,-0.04864864864864882,-419.4347490347491,-0.7281853281853282,call,0,0.5251398086547852
2,7,6,Flop,0,♦6 ♠5,♣Q ♣6 ♣3,85,0.029411764705882353,0.16001730010276993,4032,0,69,4,69,-576,-514.2352941176471,-0.8235294117647058,-522.3529411764706,-0.9411764705882353,call,0,0.522352933883667
