,N,Nnf,round,first,hole,board,Nsim,prWin,prWinStd,pot,bet,maxBet,NMaxBet,minBet,util_fold,util_call,util_raise_coeff,util_call2,util_raise_coeff2,action,amount,cputime
0,8,7,Deal,0,♦9 ♦K,,70,0.18571428571428572,0.3795808644453263,0,80,290,1,210,-80,87.0,0.30000000000000004,-182.28571428571428,-0.6285714285714286,raise,0,0.5235960483551025
1,8,7,Flop,1,♦9 ♦K,♠9 ♥2 ♠J,5,0.2,0.4000000000000001,1920,0,0,8,80,-580,-196.0,0.40000000000000013,-196.0,-0.6,raise,0,0.5287330150604248
2,8,7,Turn,1,♦9 ♦K,♠9 ♥2 ♠J ♣4,5,0.0,0.0,2160,0,0,8,80,-660,-660.0,-1.0,-660.0,-1.0,call,0,0.5207979679107666
3,8,7,Turn,0,♦9 ♦K,♠9 ♥2 ♠J ♣4,40,0.1125,0.3059309562630104,2160,80,173,1,93,-740,-453.7625,-0.21250000000000002,-551.075,-0.775,call,0,0.520275354385376
4,8,7,River,1,♦9 ♦K,♠9 ♥2 ♠J ♣4 ♦7,5,0.0,0.0,2679,0,0,8,80,-833,-833.0,-1.0,-833.0,-1.0,call,0,0.5219237804412842
5,8,7,River,0,♦9 ♦K,♠9 ♥2 ♠J ♣4 ♦7,40,0.15,0.3570714214271425,2679,80,217,1,137,-913,-420.30000000000007,0.050000000000000044,-583.0500000000001,-0.7,raise,0,0.5230331420898438
