,N,Nnf,round,first,hole,board,Nsim,prWin,prWinStd,pot,bet,maxBet,NMaxBet,minBet,util_fold,util_call,util_raise_coeff,util_call2,util_raise_coeff2,action,amount,cputime
0,7,6,Deal,0,♣A ♣8,,65,0.2358974358974359,0.4112647863886962,0,0,51,1,51,0,21.184615384615384,0.41538461538461524,-26.93846153846154,-0.5282051282051282,raise,0,0.5237829685211182
1,7,6,Flop,0,♣A ♣8,♣6 ♣9 ♦A,50,0.67,0.45398237851264667,612,0,68,2,68,-102,513.4000000000001,3.0200000000000005,331.16,0.3400000000000001,raise,0,0.5215449333190918
2,7,6,Turn,0,♣A ♣8,♣6 ♣9 ♦A ♠8,55,0.6878787878787878,0.4539996723339554,1428,0,47,2,47,-238,891.272727272727,3.127272727272727,761.951515151515,0.3757575757575755,raise,0,0.522554874420166
3,7,6,Turn,0,♣A ♣8,♣6 ♣9 ♦A ♠8,130,0.6602564102564102,0.46977165127245657,1428,94,762,1,668,-332,2961.5384615384614,2.9615384615384617,949.0769230769229,0.3205128205128205,raise,0,0.523245096206665
4,7,6,River,0,♣A ♣8,♣6 ♣9 ♦A ♠8 ♥6,15,0.4,0.4898979485566357,7524,0,32,1,32,-1762,1292.4000000000005,1.4000000000000004,1241.2000000000003,-0.19999999999999996,raise,0,0.5252652168273926
