,N,Nnf,round,first,hole,board,Nsim,prWin,prWinStd,pot,bet,maxBet,NMaxBet,minBet,util_fold,util_call,util_raise_coeff,util_call2,util_raise_coeff2,action,amount,cputime
0,7,7,Deal,0,♠4 ♣5,,65,0.10952380952380952,0.2941015581320957,0,20,312,1,292,-20,-72.80000000000001,-0.2333333333333334,-243.65714285714284,-0.780952380952381,fold,0,0.5235450267791748
