,N,Nnf,round,first,hole,board,Nsim,prWin,prWinStd,pot,bet,maxBet,NMaxBet,minBet,util_fold,util_call,util_raise_coeff,util_call2,util_raise_coeff2,action,amount,cputime
0,8,8,Deal,0,♦J ♥A,,40,0.3125,0.45672064766112774,0,0,40,1,40,0,60.0,1.5,-15.0,-0.375,raise,0,0.5236978530883789
1,8,7,Deal,0,♦J ♥A,,145,0.20689655172413793,0.3964767545325465,0,80,1000,3,920,-80,448.2758620689656,0.4482758620689655,-586.2068965517242,-0.5862068965517242,raise,0,0.5249991416931152
