,N,Nnf,round,first,hole,board,Nsim,prWin,prWinStd,pot,bet,maxBet,NMaxBet,minBet,util_fold,util_call,util_raise_coeff,util_call2,util_raise_coeff2,action,amount,cputime
0,7,6,Deal,0,♠6 ♣2,,45,0.09206349206349206,0.28437073874995167,0,0,20,1,20,0,-8.952380952380953,-0.4476190476190477,-16.317460317460316,-0.8158730158730159,fold,0,0.5211420059204102
