,N,Nnf,round,first,hole,board,Nsim,prWin,prWinStd,pot,bet,maxBet,NMaxBet,minBet,util_fold,util_call,util_raise_coeff,util_call2,util_raise_coeff2,action,amount,cputime
0,7,6,Deal,0,♦10 ♦2,,90,0.16111111111111112,0.3561193446786077,0,20,63,4,43,-20,-2.0999999999999943,-0.033333333333333215,-42.7,-0.6777777777777778,call,0,0.5280840396881104
1,7,6,Flop,1,♦10 ♦2,♣6 ♠J ♦J,5,0.0,0.0,325,0,0,7,20,-63,-63.0,-1.0,-63.0,-1.0,call,0,0.5258297920227051
2,7,6,Flop,0,♦10 ♦2,♣6 ♠J ♦J,65,0.07692307692307693,0.25162195744301735,325,20,74,2,54,-83,-77.84615384615384,-0.5384615384615384,-100.61538461538461,-0.8461538461538461,call,0,0.5269608497619629
3,7,6,Turn,1,♦10 ♦2,♣6 ♠J ♦J ♦K,5,0.2,0.4,695,0,0,7,20,-137,2.0,0.20000000000000018,2.0,-0.6,raise,0,0.5255539417266846
4,7,6,Turn,0,♦10 ♦2,♣6 ♠J ♦J ♦K,65,0.2153846153846154,0.4110888989503812,695,20,62,2,42,-157,30.81538461538463,0.2923076923076924,-22.599999999999994,-0.5692307692307692,raise,0,0.523993968963623
5,7,6,River,1,♦10 ♦2,♣6 ♠J ♦J ♦K ♦4,5,0.2,0.4000000000000001,1315,0,0,7,20,-261,2.0,0.20000000000000018,2.0,-0.6,raise,0,0.5329499244689941
6,7,5,River,0,♦10 ♦2,♣6 ♠J ♦J ♦K ♦4,65,0.6923076923076923,0.46153846153846156,1315,20,56,1,36,-281,787.2307692307693,2.4615384615384617,670.9230769230769,0.3846153846153846,raise,0,0.5202431678771973
