,N,Nnf,round,first,hole,board,Nsim,prWin,prWinStd,pot,bet,maxBet,NMaxBet,minBet,util_fold,util_call,util_raise_coeff,util_call2,util_raise_coeff2,action,amount,cputime
0,7,7,Deal,0,♠8 ♠K,,55,0.22987012987012986,0.4126233798934289,0,0,124,1,124,0,75.52727272727273,0.6090909090909091,-66.9922077922078,-0.5402597402597402,raise,0,0.5238120555877686
1,7,6,Deal,0,♠8 ♠K,,165,0.215007215007215,0.39698776686003373,0,248,1497,2,1249,-248,434.1948051948052,0.2900432900432901,-853.2683982683983,-0.56998556998557,raise,0,0.5215637683868408
