,N,Nnf,round,first,hole,board,Nsim,prWin,prWinStd,pot,bet,maxBet,NMaxBet,minBet,util_fold,util_call,util_raise_coeff,util_call2,util_raise_coeff2,action,amount,cputime
0,7,7,Deal,0,♦A ♣7,,55,0.17878787878787877,0.3718022520111343,0,0,154,1,154,0,38.73333333333332,0.25151515151515147,-98.93333333333334,-0.6424242424242425,raise,0,0.5218250751495361
1,7,7,Deal,0,♦A ♣7,,160,0.14583333333333331,0.34194602400573887,0,308,616,1,308,-308,12.833333333333258,0.02083333333333326,-436.33333333333337,-0.7083333333333334,raise,0,0.5228607654571533
