,N,Nnf,round,first,hole,board,Nsim,prWin,prWinStd,pot,bet,maxBet,NMaxBet,minBet,util_fold,util_call,util_raise_coeff,util_call2,util_raise_coeff2,action,amount,cputime
0,7,7,Deal,0,♦9 ♥6,,90,0.15,0.3452052529534663,0,10,100,1,90,-10,5.0,0.050000000000000044,-70.0,-0.7,raise,0,0.5234780311584473
1,7,7,Deal,0,♦9 ♥6,,200,0.13166666666666665,0.32896723916591525,0,200,400,1,200,-200,-31.33333333333337,-0.07833333333333337,-294.6666666666667,-0.7366666666666667,call,0,0.5270657539367676
2,7,7,Flop,1,♦9 ♥6,♥K ♦4 ♣2,5,0.0,0.0,2800,0,0,7,20,-400,-400.0,-1.0,-400.0,-1.0,call,0,0.5239968299865723
3,7,7,Flop,0,♦9 ♥6,♥K ♦4 ♣2,110,0.0,0.0,2800,20,6024,1,6004,-420,-6424.0,-1.0,-6424.0,-1.0,fold,0,0.5223379135131836
