,N,Nnf,round,first,hole,board,Nsim,prWin,prWinStd,pot,bet,maxBet,NMaxBet,minBet,util_fold,util_call,util_raise_coeff,util_call2,util_raise_coeff2,action,amount,cputime
0,7,6,Deal,0,♦5 ♠9,,50,0.18,0.38418745424597095,0,0,35,1,35,0,2.799999999999997,0.08000000000000007,-22.4,-0.64,raise,0,0.521975040435791
1,7,6,Flop,0,♦5 ♠9,♥5 ♠6 ♠7,40,0.09583333333333333,0.27357585785299116,420,0,75,3,75,-70,-61.625,-0.42500000000000004,-90.375,-0.8083333333333333,call,0,0.5217940807342529
2,7,6,Turn,0,♦5 ♠9,♥5 ♠6 ♠7 ♣4,40,0.1,0.2783882181415011,870,0,46,3,46,-145,-76.4,-0.3999999999999999,-94.8,-0.8,call,0,0.5262320041656494
3,7,6,River,0,♦5 ♠9,♥5 ♠6 ♠7 ♣4 ♥10,35,0.0,0.0,1146,0,72,2,72,-191,-263.0,-1.0,-263.0,-1.0,fold,0,0.5290319919586182
