,N,Nnf,round,first,hole,board,Nsim,prWin,prWinStd,pot,bet,maxBet,NMaxBet,minBet,util_fold,util_call,util_raise_coeff,util_call2,util_raise_coeff2,action,amount,cputime
0,8,8,Deal,0,♣7 ♣9,,40,0.15,0.3570714214271425,0,0,80,1,80,0,16.0,0.19999999999999996,-56.0,-0.7,raise,0,0.5275249481201172
1,8,7,Flop,0,♣7 ♣9,♥Q ♣8 ♥8,50,0.11,0.2879236009777594,800,0,40,2,40,-160,-81.19999999999999,-0.22999999999999998,-103.2,-0.78,call,0,0.5226941108703613
2,8,7,Turn,0,♣7 ♣9,♥Q ♣8 ♥8 ♣4,20,0.16666666666666669,0.35746017649212025,960,0,131,1,131,-200,-18.16666666666663,0.16666666666666674,-127.33333333333331,-0.6666666666666666,raise,0,0.5219991207122803
