,N,Nnf,round,first,hole,board,Nsim,prWin,prWinStd,pot,bet,maxBet,NMaxBet,minBet,util_fold,util_call,util_raise_coeff,util_call2,util_raise_coeff2,action,amount,cputime
0,8,7,Deal,0,♠J ♠4,,75,0.14666666666666667,0.34422215049134897,0,0,56,2,56,0,1.4933333333333323,0.026666666666666616,-39.57333333333334,-0.7066666666666667,raise,0,0.5243799686431885
1,8,6,Deal,0,♠J ♠4,,155,0.12473118279569892,0.3182577731565824,0,112,133,3,21,-112,-33.46451612903226,-0.25161290322580654,-99.82150537634408,-0.7505376344086021,call,0,0.52628493309021
2,8,6,Deal,0,♠J ♠4,,215,0.15271317829457365,0.3467257372257738,0,133,149,4,16,-133,-12.474418604651163,-0.08372093023255811,-103.49147286821704,-0.6945736434108527,call,0,0.5250561237335205
3,8,5,Flop,0,♠J ♠4,♥4 ♥6 ♦7,50,0.06333333333333334,0.23779075769349076,914,0,100,4,100,-149,-159.44666666666666,-0.6833333333333333,-178.44666666666666,-0.8733333333333333,fold,0,0.5270731449127197
