,N,Nnf,round,first,hole,board,Nsim,prWin,prWinStd,pot,bet,maxBet,NMaxBet,minBet,util_fold,util_call,util_raise_coeff,util_call2,util_raise_coeff2,action,amount,cputime
0,8,8,Deal,0,♣9 ♦5,,70,0.09047619047619047,0.28127503667852105,0,0,150,1,150,0,-41.42857142857143,-0.2761904761904762,-122.85714285714286,-0.819047619047619,fold,0,0.5295698642730713
