,N,Nnf,round,first,hole,board,Nsim,prWin,prWinStd,pot,bet,maxBet,NMaxBet,minBet,util_fold,util_call,util_raise_coeff,util_call2,util_raise_coeff2,action,amount,cputime
0,8,8,Deal,0,♠8 ♥Q,,40,0.14583333333333331,0.33579817847431315,0,0,40,1,40,0,6.666666666666657,0.16666666666666652,-28.333333333333336,-0.7083333333333334,raise,0,0.529508113861084
1,8,8,Deal,0,♠8 ♥Q,,145,0.12385057471264367,0.3178872735235748,0,80,160,1,80,-80,-1.4712643678161044,-0.00919540229885063,-120.36781609195403,-0.7522988505747127,call,0,0.5259377956390381
2,8,8,Flop,0,♠8 ♥Q,♣7 ♣K ♣J,50,0.01,0.06999999999999999,1280,0,120,1,120,-160,-257.6,-0.92,-264.8,-0.98,fold,0,0.5292782783508301
