,N,Nnf,round,first,hole,board,Nsim,prWin,prWinStd,pot,bet,maxBet,NMaxBet,minBet,util_fold,util_call,util_raise_coeff,util_call2,util_raise_coeff2,action,amount,cputime
0,7,7,Deal,0,♥10 ♦10,,70,0.22857142857142856,0.41991252733425916,0,20,294,1,274,-20,176.40000000000003,0.5999999999999999,-159.6,-0.5428571428571429,raise,0,0.5238962173461914
1,7,7,Deal,0,♥10 ♦10,,150,0.2866666666666667,0.4522044768563099,0,588,1176,1,588,-588,1183.8400000000001,1.0066666666666668,-501.76,-0.42666666666666664,raise,0,0.5232388973236084
