,N,Nnf,round,first,hole,board,Nsim,prWin,prWinStd,pot,bet,maxBet,NMaxBet,minBet,util_fold,util_call,util_raise_coeff,util_call2,util_raise_coeff2,action,amount,cputime
0,7,7,Deal,0,♣10 ♣6,,15,0.23333333333333334,0.4027681991198191,0,0,80,1,80,0,50.666666666666686,0.6333333333333333,-42.666666666666664,-0.5333333333333333,raise,0,0.5246930122375488
1,7,6,Deal,0,♣10 ♣6,,85,0.16078431372549018,0.351882945131193,0,160,190,2,30,-160,-6.705882352941188,-0.03529411764705892,-128.90196078431373,-0.6784313725490196,call,0,0.5239462852478027
2,7,6,Flop,0,♣10 ♣6,♥J ♣2 ♦10,15,0.13333333333333333,0.3399346342395189,650,0,239,1,239,-190,-151.13333333333333,-0.19999999999999996,-278.6,-0.7333333333333334,call,0,0.5289766788482666
3,7,6,Turn,0,♣10 ♣6,♥J ♣2 ♦10 ♣4,15,0.36666666666666664,0.46427960923947065,1367,0,130,1,130,-429,228.23333333333335,1.1999999999999997,37.566666666666606,-0.2666666666666667,raise,0,0.5284700393676758
4,7,6,Turn,0,♣10 ♣6,♥J ♣2 ♦10 ♣4,55,0.39090909090909093,0.48327395854552774,1367,260,304,1,44,-689,514.3909090909092,1.3454545454545457,39.045454545454504,-0.21818181818181814,raise,0,0.5236411094665527
5,7,6,River,0,♣10 ♣6,♥J ♣2 ♦10 ♣4 ♥3,15,0.06666666666666667,0.24944382578492946,3191,0,80,1,80,-1037,-872.2666666666667,-0.6,-893.6,-0.8666666666666667,call,0,0.5281829833984375
