,N,Nnf,round,first,hole,board,Nsim,prWin,prWinStd,pot,bet,maxBet,NMaxBet,minBet,util_fold,util_call,util_raise_coeff,util_call2,util_raise_coeff2,action,amount,cputime
0,7,6,Deal,0,♥10 ♠6,,55,0.16623376623376623,0.35676721685590274,0,0,20,2,20,0,-0.05194805194805241,-0.0025974025974025983,-13.35064935064935,-0.6675324675324675,fold,0,0.5234167575836182
