,N,Nnf,round,first,hole,board,Nsim,prWin,prWinStd,pot,bet,maxBet,NMaxBet,minBet,util_fold,util_call,util_raise_coeff,util_call2,util_raise_coeff2,action,amount,cputime
0,7,6,Deal,0,♦K ♠6,,50,0.18,0.38418745424597095,0,40,236,1,196,-40,18.879999999999995,0.08000000000000007,-151.04000000000002,-0.64,raise,0,0.5299310684204102
1,7,6,Flop,1,♦K ♠6,♠Q ♠7 ♥A,5,0.0,0.0,1416,0,0,7,80,-472,-472.0,-1.0,-472.0,-1.0,call,0,0.5262930393218994
2,7,6,Flop,0,♦K ♠6,♠Q ♠7 ♥A,40,0.08333333333333333,0.24152294576982397,1416,80,259,2,179,-552,-483.5,-0.5,-569.8333333333334,-0.8333333333333334,call,0,0.5208561420440674
3,7,6,Turn,1,♦K ♠6,♠Q ♠7 ♥A ♥J,0,,,2193,0,0,7,80,-731,,,,,call,0,0.5210919380187988
4,7,6,Turn,0,♦K ♠6,♠Q ♠7 ♥A ♥J,40,0.07916666666666666,0.20745648807507672,2193,80,153,1,73,-811,-637.7125000000001,-0.525,-686.1625,-0.8416666666666667,call,0,0.5238001346588135
5,7,6,Turn,0,♦K ♠6,♠Q ♠7 ♥A ♥J,80,0.05833333333333333,0.1920286436967152,2193,153,306,1,153,-884,-801.975,-0.65,-873.375,-0.8833333333333333,call,0,0.5213489532470703
6,7,6,River,1,♦K ♠6,♠Q ♠7 ♥A ♥J ♦A,5,0.0,0.0,3111,0,0,7,80,-1037,-1037.0,-1.0,-1037.0,-1.0,call,0,0.5195591449737549
7,7,6,River,0,♦K ♠6,♠Q ♠7 ♥A ♥J ♦A,35,0.0,0.0,3111,80,108,1,28,-1117,-1145.0,-1.0,-1145.0,-1.0,fold,0,0.5248229503631592
