,N,Nnf,round,first,hole,board,Nsim,prWin,prWinStd,pot,bet,maxBet,NMaxBet,minBet,util_fold,util_call,util_raise_coeff,util_call2,util_raise_coeff2,action,amount,cputime
0,8,7,Deal,0,♠9 ♥Q,,55,0.17878787878787877,0.3718022520111343,0,0,20,1,20,0,5.030303030303028,0.25151515151515147,-12.84848484848485,-0.6424242424242425,raise,0,0.5213727951049805
1,8,7,Deal,0,♠9 ♥Q,,125,0.18366666666666664,0.3758729099635201,0,40,69,4,29,-40,19.710999999999984,0.2856666666666665,-43.654,-0.6326666666666667,raise,0,0.521773099899292
2,8,7,Flop,0,♠9 ♥Q,♠7 ♥2 ♥4,25,0.12,0.32496153618543844,966,0,64,1,64,-138,-32.31999999999999,-0.16000000000000003,-70.72,-0.76,call,0,0.5212249755859375
3,8,6,Turn,0,♠9 ♥Q,♠7 ♥2 ♥4 ♣7,25,0.0,0.0,1414,0,25,1,25,-202,-227.0,-1.0,-227.0,-1.0,fold,0,0.5331168174743652
