,N,Nnf,round,first,hole,board,Nsim,prWin,prWinStd,pot,bet,maxBet,NMaxBet,minBet,util_fold,util_call,util_raise_coeff,util_call2,util_raise_coeff2,action,amount,cputime
0,7,6,Deal,0,♦9 ♥7,,65,0.17692307692307693,0.37653040770832047,0,80,261,1,181,-80,16.061538461538476,0.06153846153846154,-168.64615384615382,-0.6461538461538461,raise,0,0.528555154800415
1,7,6,Flop,1,♦9 ♥7,♠K ♦2 ♣4,5,0.0,0.0,1445,0,0,7,80,-522,-522.0,-1.0,-522.0,-1.0,call,0,0.5227560997009277
2,7,6,Turn,1,♦9 ♥7,♠K ♦2 ♣4 ♠2,5,0.0,0.0,1605,0,0,7,80,-602,-602.0,-1.0,-602.0,-1.0,call,0,0.5253612995147705
3,7,6,Turn,0,♦9 ♥7,♠K ♦2 ♣4 ♠2,35,0.0,0.0,1605,80,117,1,37,-682,-719.0,-1.0,-719.0,-1.0,fold,0,0.5234837532043457
