,N,Nnf,round,first,hole,board,Nsim,prWin,prWinStd,pot,bet,maxBet,NMaxBet,minBet,util_fold,util_call,util_raise_coeff,util_call2,util_raise_coeff2,action,amount,cputime
0,7,6,Deal,0,♥5 ♣9,,55,0.12987012987012986,0.3188834035556703,0,0,71,1,71,0,-15.675324675324688,-0.22077922077922085,-52.55844155844156,-0.7402597402597403,fold,0,0.5247340202331543
