,N,Nnf,round,first,hole,board,Nsim,prWin,prWinStd,pot,bet,maxBet,NMaxBet,minBet,util_fold,util_call,util_raise_coeff,util_call2,util_raise_coeff2,action,amount,cputime
0,7,7,Deal,0,♣J ♣A,,65,0.25897435897435894,0.42969952653362503,0,0,40,1,40,0,32.5128205128205,0.8128205128205126,-19.282051282051285,-0.4820512820512821,raise,0,0.5252039432525635
1,7,7,Deal,0,♣J ♣A,,175,0.2561904761904762,0.4301178449497506,0,80,198,1,118,-80,157.07999999999998,0.7933333333333334,-96.54857142857144,-0.4876190476190476,raise,0,0.525871992111206
2,7,6,Deal,0,♣J ♣A,,285,0.27309941520467834,0.43369029815872867,0,396,2224,1,1828,-396,1420.2385964912273,0.6385964912280699,-1009.2538011695908,-0.4538011695906433,raise,0,0.52376389503479
