,N,Nnf,round,first,hole,board,Nsim,prWin,prWinStd,pot,bet,maxBet,NMaxBet,minBet,util_fold,util_call,util_raise_coeff,util_call2,util_raise_coeff2,action,amount,cputime
0,7,7,Deal,0,♥8 ♠5,,10,0.25,0.4031128874149275,0,0,40,1,40,0,30.0,0.75,-20.0,-0.5,raise,0,0.5233180522918701
1,7,7,Deal,0,♥8 ♠5,,85,0.13109243697478992,0.3173356705918127,0,80,268,1,188,-80,-22.07058823529411,-0.08235294117647052,-197.7344537815126,-0.7378151260504202,call,0,0.5268528461456299
2,7,7,Deal,0,♥8 ♠5,,155,0.093394777265745,0.27567534305593444,0,268,570,1,302,-268,-197.35483870967744,-0.346236559139785,-463.5299539170507,-0.8132104454685101,call,0,0.5222229957580566
3,7,7,Flop,0,♥8 ♠5,♠4 ♠6 ♣5,50,0.06,0.23748684174075835,2280,0,80,1,80,-570,-479.6,-0.5800000000000001,-503.6,-0.88,call,0,0.523669958114624
4,7,7,Flop,0,♥8 ♠5,♠4 ♠6 ♣5,120,0.10694444444444444,0.29564417531056103,2280,80,244,1,164,-650,-387.5055555555556,-0.2513888888888889,-517.9777777777779,-0.7861111111111111,call,0,0.5238559246063232
5,7,7,Flop,0,♥8 ♠5,♠4 ♠6 ♣5,185,0.09639639639639638,0.28132929673289847,2280,244,246,3,2,-814,-430.2216216216217,-0.32522522522522535,-548.7891891891893,-0.8072072072072072,call,0,0.5270278453826904
6,7,7,Turn,0,♥8 ♠5,♠4 ♠6 ♣5 ♣3,45,0.06666666666666667,0.24944382578492943,3264,0,184,1,184,-816,-696.5333333333333,-0.5333333333333333,-757.8666666666667,-0.8666666666666667,call,0,0.5239129066467285
7,7,7,River,1,♥8 ♠5,♠4 ♠6 ♣5 ♣3 ♥5,5,0.8,0.4,4000,0,0,7,40,-1000,2200.0,4.6000000000000005,2200.0,0.6000000000000001,raise,0,0.5204269886016846
8,7,7,River,0,♥8 ♠5,♠4 ♠6 ♣5 ♣3 ♥5,30,0.8833333333333333,0.3077697552103231,4000,40,114,1,74,-1040,3124.2333333333327,5.183333333333334,2620.733333333333,0.7666666666666666,raise,0,0.5252418518066406
