,N,Nnf,round,first,hole,board,Nsim,prWin,prWinStd,pot,bet,maxBet,NMaxBet,minBet,util_fold,util_call,util_raise_coeff,util_call2,util_raise_coeff2,action,amount,cputime
0,8,8,Deal,0,♠6 ♠9,,75,0.22666666666666666,0.41063636251825314,0,0,128,1,128,0,104.10666666666665,0.8133333333333332,-69.97333333333333,-0.5466666666666666,raise,0,0.5245721340179443
1,8,8,Deal,0,♠6 ♠9,,180,0.14444444444444443,0.3475664959914901,0,256,1560,1,1304,-256,242.66666666666652,0.15555555555555545,-1109.3333333333335,-0.7111111111111111,raise,0,0.5250060558319092
2,8,8,Flop,0,♠6 ♠9,♠7 ♥6 ♣A,45,0.08888888888888889,0.28458329944145994,14140,0,100,2,100,-3120,-1892.0,-0.28888888888888886,-1945.3333333333333,-0.8222222222222222,call,0,0.5302538871765137
3,8,8,Turn,0,♠6 ♠9,♠7 ♥6 ♣A ♦Q,45,0.1111111111111111,0.3142696805273545,14440,0,200,1,200,-3220,-1637.7777777777778,-0.11111111111111116,-1771.1111111111113,-0.7777777777777778,call,0,0.5265970230102539
4,8,7,River,0,♠6 ♠9,♠7 ♥6 ♣A ♦Q ♣J,35,0.0,0.0,14940,0,20,1,20,-3420,-3440.0,-1.0,-3440.0,-1.0,fold,0,0.5255570411682129
