,N,Nnf,round,first,hole,board,Nsim,prWin,prWinStd,pot,bet,maxBet,NMaxBet,minBet,util_fold,util_call,util_raise_coeff,util_call2,util_raise_coeff2,action,amount,cputime
0,8,8,Deal,0,♣J ♥10,,80,0.1453125,0.34598351094199564,0,0,144,1,144,0,23.400000000000006,0.1625000000000001,-102.15,-0.709375,raise,0,0.5226442813873291
1,8,8,Deal,0,♣J ♥10,,190,0.13223684210526315,0.33001733879573236,0,288,576,1,288,-288,33.34736842105258,0.05789473684210522,-423.66315789473686,-0.7355263157894737,raise,0,0.5255627632141113
2,8,8,Flop,0,♣J ♥10,♦3 ♣A ♥J,15,0.23333333333333334,0.4027681991198191,5444,0,100,1,100,-1152,204.9333333333334,0.8666666666666667,64.9333333333334,-0.5333333333333333,raise,0,0.5239112377166748
