,N,Nnf,round,first,hole,board,Nsim,prWin,prWinStd,pot,bet,maxBet,NMaxBet,minBet,util_fold,util_call,util_raise_coeff,util_call2,util_raise_coeff2,action,amount,cputime
0,7,7,Deal,0,♥4 ♦4,,65,0.16923076923076924,0.37495561867550586,0,0,98,1,98,0,18.0923076923077,0.18461538461538463,-64.83076923076922,-0.6615384615384615,raise,0,0.5210497379302979
1,7,7,Deal,0,♥4 ♦4,,175,0.13795918367346938,0.34384115352704486,0,196,392,1,196,-196,-13.439999999999998,-0.034285714285714364,-283.84000000000003,-0.7240816326530612,call,0,0.5279800891876221
2,7,7,Flop,0,♥4 ♦4,♦7 ♠J ♥7,45,0.06984126984126984,0.24948422481763174,2393,0,25,2,25,-392,-237.64761904761903,-0.5111111111111111,-246.37777777777777,-0.8603174603174604,call,0,0.5265989303588867
3,7,7,Flop,0,♥4 ♦4,♦7 ♠J ♥7,115,0.0795031055900621,0.26854718031663705,2393,25,82,2,57,-417,-238.11428571428576,-0.4434782608695653,-270.7105590062112,-0.8409937888198757,call,0,0.5278966426849365
4,7,7,Flop,0,♥4 ♦4,♦7 ♠J ♥7,185,0.07722007722007722,0.2644491711876941,2393,82,87,3,5,-474,-247.1853281853282,-0.45945945945945943,-280.7760617760618,-0.8455598455598455,call,0,0.5209918022155762
5,7,7,Turn,0,♥4 ♦4,♦7 ♠J ♥7 ♠5,45,0.06666666666666667,0.24944382578492943,2741,0,67,2,67,-479,-332.0,-0.5333333333333333,-354.33333333333337,-0.8666666666666667,call,0,0.5232939720153809
6,7,6,River,0,♥4 ♦4,♦7 ♠J ♥7 ♠5 ♥8,45,0.0,0.0,3009,0,72,1,72,-546,-618.0,-1.0,-618.0,-1.0,fold,0,0.5293388366699219
