,N,Nnf,round,first,hole,board,Nsim,prWin,prWinStd,pot,bet,maxBet,NMaxBet,minBet,util_fold,util_call,util_raise_coeff,util_call2,util_raise_coeff2,action,amount,cputime
0,8,8,Deal,0,♠5 ♣K,,60,0.0638888888888889,0.22789631062187407,0,20,138,1,118,-20,-67.46666666666665,-0.4888888888888888,-120.36666666666666,-0.8722222222222222,fold,0,0.5287160873413086
