,N,Nnf,round,first,hole,board,Nsim,prWin,prWinStd,pot,bet,maxBet,NMaxBet,minBet,util_fold,util_call,util_raise_coeff,util_call2,util_raise_coeff2,action,amount,cputime
0,8,8,Deal,0,♠A ♥4,,50,0.14,0.3469870314579494,0,0,146,1,146,0,17.52000000000001,0.1200000000000001,-105.12,-0.72,raise,0,0.5290930271148682
1,8,8,Deal,0,♠A ♥4,,155,0.16129032258064516,0.36338677462294044,0,292,584,1,292,-292,169.54838709677415,0.29032258064516125,-395.61290322580646,-0.6774193548387097,raise,0,0.5308239459991455
2,8,8,Flop,0,♠A ♥4,♦8 ♦4 ♣9,25,0.12,0.32496153618543844,7796,0,67,1,67,-1168,-235.16000000000008,-0.040000000000000036,-283.4,-0.76,call,0,0.518186092376709
3,8,8,Flop,0,♠A ♥4,♦8 ♦4 ♣9,70,0.1,0.3,7796,67,4310,1,4243,-1235,-1250.3999999999996,-0.19999999999999996,-3836.4,-0.8,fold,0,0.5199549198150635
