,N,Nnf,round,first,hole,board,Nsim,prWin,prWinStd,pot,bet,maxBet,NMaxBet,minBet,util_fold,util_call,util_raise_coeff,util_call2,util_raise_coeff2,action,amount,cputime
0,7,7,Deal,0,♥2 ♦10,,10,0.25,0.4031128874149275,0,0,20,1,20,0,15.0,0.75,-10.0,-0.5,raise,0,0.5255658626556396
1,7,6,Deal,0,♥2 ♦10,,90,0.16666666666666666,0.3574601764921203,0,40,64,3,24,-40,0.0,0.0,-42.66666666666667,-0.6666666666666667,call,0,0.5217761993408203
2,7,6,Flop,0,♥2 ♦10,♠3 ♥10 ♥J,15,0.13333333333333333,0.339934634239519,276,0,59,1,59,-64,-39.0,-0.19999999999999996,-70.46666666666667,-0.7333333333333334,call,0,0.5227069854736328
3,7,6,Turn,0,♥2 ♦10,♠3 ♥10 ♥J ♠7,15,0.06666666666666667,0.24944382578492946,512,0,20,1,20,-123,-100.86666666666667,-0.6,-106.2,-0.8666666666666667,call,0,0.5279948711395264
4,7,6,Turn,0,♥2 ♦10,♠3 ♥10 ♥J ♠7,70,0.09285714285714286,0.28401279074387203,512,20,72,3,52,-143,-107.34285714285714,-0.44285714285714284,-134.0857142857143,-0.8142857142857143,call,0,0.5240843296051025
5,7,6,River,0,♥2 ♦10,♠3 ♥10 ♥J ♠7 ♠6,15,0.13333333333333333,0.33993463423951903,800,0,43,1,43,-195,-96.93333333333334,-0.19999999999999996,-119.86666666666666,-0.7333333333333334,call,0,0.529026985168457
6,7,6,River,0,♥2 ♦10,♠3 ♥10 ♥J ♠7 ♠6,65,0.13076923076923078,0.33139475736212337,800,43,75,2,32,-238,-106.53846153846152,-0.21538461538461529,-145.76923076923077,-0.7384615384615385,call,0,0.5266158580780029
7,7,6,River,0,♥2 ♦10,♠3 ♥10 ♥J ♠7 ♠6,120,0.1125,0.3126666222459102,800,75,143,2,68,-270,-151.475,-0.32499999999999996,-215.825,-0.775,call,0,0.5212192535400391
