,N,Nnf,round,first,hole,board,Nsim,prWin,prWinStd,pot,bet,maxBet,NMaxBet,minBet,util_fold,util_call,util_raise_coeff,util_call2,util_raise_coeff2,action,amount,cputime
0,7,6,Deal,0,♣Q ♣5,,70,0.18571428571428572,0.38887593110903423,0,20,115,2,95,-20,13.142857142857139,0.11428571428571432,-72.28571428571428,-0.6285714285714286,raise,0,0.5228369235992432
1,7,6,Deal,0,♣Q ♣5,,130,0.18461538461538463,0.3829965933693724,0,230,264,2,34,-230,28.430769230769272,0.10769230769230775,-166.52307692307693,-0.6307692307692307,raise,0,0.5269160270690918
