,N,Nnf,round,first,hole,board,Nsim,prWin,prWinStd,pot,bet,maxBet,NMaxBet,minBet,util_fold,util_call,util_raise_coeff,util_call2,util_raise_coeff2,action,amount,cputime
0,8,7,Deal,0,♣10 ♠8,,70,0.15,0.3520349008671888,0,40,68,3,28,-40,3.3999999999999915,0.050000000000000044,-47.6,-0.7,raise,0,0.5246708393096924
1,8,7,Deal,0,♣10 ♠8,,115,0.14347826086956522,0.3411312216684005,0,136,221,2,85,-136,0.960869565217422,0.004347826086956497,-157.58260869565217,-0.7130434782608696,raise,0,0.5287361145019531
2,8,7,Flop,1,♣10 ♠8,♦10 ♠3 ♣9,5,0.2,0.4000000000000001,1788,0,0,8,40,-442,-84.39999999999998,0.40000000000000013,-84.39999999999998,-0.6,raise,0,0.5242307186126709
3,8,7,Flop,0,♣10 ♠8,♦10 ♠3 ♣9,50,0.19,0.3858756276314948,1788,40,60,2,20,-482,-82.47999999999996,0.33000000000000007,-139.47999999999996,-0.62,raise,0,0.5247061252593994
4,8,7,Flop,0,♣10 ♠8,♦10 ♠3 ♣9,95,0.18947368421052632,0.38511069747214133,1788,120,179,1,59,-562,-44.81052631578939,0.32631578947368434,-214.3894736842105,-0.6210526315789473,raise,0,0.5202090740203857
5,8,7,Turn,1,♣10 ♠8,♦10 ♠3 ♣9 ♥3,5,0.0,0.0,3220,0,0,8,40,-800,-800.0,-1.0,-800.0,-1.0,call,0,0.5295610427856445
6,8,7,Turn,0,♣10 ♠8,♦10 ♠3 ♣9 ♥3,50,0.18666666666666665,0.3706450833044704,3220,40,89,3,49,-840,-171.6400000000001,0.30666666666666664,-254.7066666666667,-0.6266666666666667,raise,0,0.522252082824707
7,8,7,Turn,0,♣10 ♠8,♦10 ♠3 ♣9 ♥3,95,0.11403508771929824,0.3013256848652222,3220,178,233,2,55,-978,-479.8157894736843,-0.20175438596491235,-612.6666666666667,-0.7719298245614035,call,0,0.5291650295257568
