,N,Nnf,round,first,hole,board,Nsim,prWin,prWinStd,pot,bet,maxBet,NMaxBet,minBet,util_fold,util_call,util_raise_coeff,util_call2,util_raise_coeff2,action,amount,cputime
0,7,6,Deal,0,♠5 ♠K,,90,0.2015873015873016,0.39247135137842776,0,10,66,4,56,-10,13.828571428571436,0.20952380952380967,-39.39047619047619,-0.5968253968253968,raise,0,0.5223639011383057
1,7,6,Flop,1,♠5 ♠K,♥K ♠2 ♣K,5,0.5,0.4472135954999579,792,0,0,7,20,-132,264.0,2.0,264.0,0.0,raise,0,0.5280778408050537
2,7,6,Flop,0,♠5 ♠K,♥K ♠2 ♣K,75,0.8066666666666666,0.3549021774454977,792,20,71,4,51,-152,779.52,3.84,550.4266666666666,0.6133333333333333,raise,0,0.5255987644195557
3,7,6,Turn,1,♠5 ♠K,♥K ♠2 ♣K ♥6,5,0.8,0.4000000000000001,1644,0,0,7,20,-274,1041.2,3.8000000000000007,1041.2,0.6000000000000001,raise,0,0.532757043838501
4,7,6,Turn,0,♠5 ♠K,♥K ♠2 ♣K ♥6,80,0.725,0.43945989578117367,1644,20,43,4,23,-294,1061.9499999999998,3.3499999999999996,937.2499999999998,0.44999999999999996,raise,0,0.5217692852020264
5,7,6,Turn,0,♠5 ♠K,♥K ♠2 ♣K ♥6,155,0.6645161290322581,0.45475862941804296,1644,86,119,3,33,-360,1173.9290322580646,2.9870967741935486,857.6193548387098,0.3290322580645162,raise,0,0.5219106674194336
6,7,6,Turn,0,♠5 ♠K,♥K ♠2 ♣K ♥6,230,0.6717391304347826,0.45428541281324014,1644,238,2295,1,2057,-512,7785.1869565217385,3.0304347826086957,1618.6217391304344,0.34347826086956523,raise,0,0.525806188583374
