,N,Nnf,round,first,hole,board,Nsim,prWin,prWinStd,pot,bet,maxBet,NMaxBet,minBet,util_fold,util_call,util_raise_coeff,util_call2,util_raise_coeff2,action,amount,cputime
0,8,8,Deal,0,♦8 ♣8,,50,0.2,0.3872983346207417,0,80,194,1,114,-80,116.40000000000003,0.6000000000000001,-116.39999999999999,-0.6,raise,0,0.5236821174621582
1,8,8,Flop,0,♦8 ♣8,♥2 ♥10 ♣J,15,0.06666666666666667,0.24944382578492946,1940,0,283,1,283,-388,-390.73333333333335,-0.4666666666666667,-503.93333333333334,-0.8666666666666667,fold,0,0.527184009552002
