,N,Nnf,round,first,hole,board,Nsim,prWin,prWinStd,pot,bet,maxBet,NMaxBet,minBet,util_fold,util_call,util_raise_coeff,util_call2,util_raise_coeff2,action,amount,cputime
0,8,8,Deal,0,♦4 ♦10,,50,0.2,0.3872983346207417,0,0,250,1,250,0,150.0,0.6000000000000001,-150.0,-0.6,raise,0,0.526519775390625
1,8,8,Deal,0,♦4 ♦10,,120,0.121875,0.31600637025488376,0,500,1000,1,500,-500,-25.0,-0.025000000000000022,-756.25,-0.75625,call,0,0.5275299549102783
2,8,8,Flop,0,♦4 ♦10,♥10 ♠5 ♠9,20,0.24166666666666664,0.3995657364912284,5000,0,198,2,198,-1000,393.1333333333332,0.9333333333333331,106.0333333333333,-0.5166666666666667,raise,0,0.5242419242858887
3,8,8,Flop,0,♦4 ♦10,♥10 ♠5 ♠9,60,0.1611111111111111,0.3332870338215699,5000,396,515,1,119,-1396,-45.66666666666697,0.28888888888888875,-543.5000000000001,-0.6777777777777778,raise,0,0.52388596534729
4,8,8,Turn,0,♦4 ♦10,♥10 ♠5 ♠9 ♣8,20,0.25,0.4330127018922193,8090,0,234,2,234,-2030,226.5,1.0,-124.5,-0.5,raise,0,0.527169942855835
