,N,Nnf,round,first,hole,board,Nsim,prWin,prWinStd,pot,bet,maxBet,NMaxBet,minBet,util_fold,util_call,util_raise_coeff,util_call2,util_raise_coeff2,action,amount,cputime
0,7,7,Deal,0,♣6 ♣9,,15,0.06666666666666667,0.24944382578492946,0,0,20,1,20,0,-10.666666666666668,-0.5333333333333333,-17.333333333333332,-0.8666666666666667,fold,0,0.5219447612762451
