,N,Nnf,round,first,hole,board,Nsim,prWin,prWinStd,pot,bet,maxBet,NMaxBet,minBet,util_fold,util_call,util_raise_coeff,util_call2,util_raise_coeff2,action,amount,cputime
0,7,7,Deal,0,♥5 ♣10,,10,0.25,0.4031128874149275,0,0,20,1,20,0,15.0,0.75,-10.0,-0.5,raise,0,0.5212826728820801
1,7,7,Deal,0,♥5 ♣10,,95,0.14360902255639096,0.32945202963810133,0,40,126,1,86,-40,0.6631578947368411,0.005263157894736636,-89.81052631578947,-0.7127819548872181,raise,0,0.5251481533050537
2,7,7,Deal,0,♥5 ♣10,,175,0.12081632653061224,0.3113657090111589,0,252,504,1,252,-252,-77.75999999999999,-0.15428571428571436,-382.21714285714285,-0.7583673469387755,call,0,0.5309371948242188
3,7,7,Flop,0,♥5 ♣10,♦A ♦3 ♥J,45,0.0,0.0,2520,0,32,2,32,-504,-536.0,-1.0,-536.0,-1.0,fold,0,0.5313520431518555
