,N,Nnf,round,first,hole,board,Nsim,prWin,prWinStd,pot,bet,maxBet,NMaxBet,minBet,util_fold,util_call,util_raise_coeff,util_call2,util_raise_coeff2,action,amount,cputime
0,7,6,Deal,0,♦9 ♥8,,100,0.17,0.36891733491393436,0,20,56,5,36,-20,1.1200000000000045,0.020000000000000018,-36.959999999999994,-0.6599999999999999,raise,0,0.5278470516204834
1,7,6,Deal,0,♦9 ♥8,,175,0.17619047619047618,0.37361990944634343,0,112,117,1,5,-112,6.685714285714283,0.05714285714285694,-75.77142857142857,-0.6476190476190476,raise,0,0.5213239192962646
2,7,6,Flop,1,♦9 ♥8,♠J ♠A ♦J,5,0.0,0.0,1237,0,0,7,20,-234,-234.0,-1.0,-234.0,-1.0,call,0,0.531109094619751
3,7,6,Flop,0,♦9 ♥8,♠J ♠A ♦J,65,0.03296703296703297,0.17319462246018064,1237,20,55,2,35,-254,-237.34065934065933,-0.8021978021978022,-244.5934065934066,-0.9340659340659341,call,0,0.5214099884033203
4,7,6,Flop,0,♦9 ♥8,♠J ♠A ♦J,125,0.03714285714285714,0.18106262306005544,1237,55,110,4,55,-289,-273.54,-0.7771428571428571,-289.8828571428571,-0.9257142857142857,call,0,0.5199732780456543
5,7,6,Turn,1,♦9 ♥8,♠J ♠A ♦J ♠K,5,0.0,0.0,1787,0,0,7,20,-344,-344.0,-1.0,-344.0,-1.0,call,0,0.5226240158081055
6,7,6,Turn,0,♦9 ♥8,♠J ♠A ♦J ♠K,70,0.002040816326530612,0.016952293597791993,1787,20,66,1,46,-364,-405.5448979591837,-0.9877551020408163,-406.08367346938775,-0.9959183673469387,fold,0,0.5269448757171631
