,N,Nnf,round,first,hole,board,Nsim,prWin,prWinStd,pot,bet,maxBet,NMaxBet,minBet,util_fold,util_call,util_raise_coeff,util_call2,util_raise_coeff2,action,amount,cputime
0,7,7,Deal,0,♣9 ♥J,,10,0.2333333333333333,0.39581140290126393,0,0,40,1,40,0,25.33333333333333,0.6333333333333331,-21.333333333333336,-0.5333333333333334,raise,0,0.5229871273040771
1,7,7,Deal,0,♣9 ♥J,,95,0.2523809523809524,0.42090610888926083,0,80,288,1,208,-80,220.79999999999995,0.7666666666666666,-142.62857142857143,-0.49523809523809526,raise,0,0.5234627723693848
2,7,7,Deal,0,♣9 ♥J,,180,0.22486772486772486,0.40845053019295297,0,576,842,2,266,-576,483.3703703703702,0.574074074074074,-463.32275132275134,-0.5502645502645502,raise,0,0.5306117534637451
3,7,7,Flop,0,♣9 ♥J,♦Q ♠8 ♠10,15,0.7,0.43969686527576396,6301,0,101,1,101,-1684,3120.5999999999995,3.8999999999999995,2767.0999999999995,0.3999999999999999,raise,0,0.5186338424682617
4,7,7,Flop,0,♣9 ♥J,♦Q ♠8 ♠10,55,0.5878787878787879,0.4786919735170435,6301,202,230,1,28,-1886,2736.709090909091,3.1151515151515152,2060.648484848485,0.17575757575757578,raise,0,0.524378776550293
5,7,7,Turn,0,♣9 ♥J,♦Q ♠8 ♠10 ♦A,15,0.8333333333333334,0.3496029493900505,7681,0,625,1,625,-2144,7277.666666666668,4.833333333333334,4673.500000000001,0.6666666666666667,raise,0,0.525029182434082
