,N,Nnf,round,first,hole,board,Nsim,prWin,prWinStd,pot,bet,maxBet,NMaxBet,minBet,util_fold,util_call,util_raise_coeff,util_call2,util_raise_coeff2,action,amount,cputime
0,7,7,Deal,0,♦Q ♥2,,110,0.13636363636363635,0.3226952608963427,0,20,142,1,122,-20,-6.4545454545454675,-0.045454545454545525,-103.27272727272728,-0.7272727272727273,call,0,0.5287628173828125
1,7,7,Flop,0,♦Q ♥2,♠3 ♥4 ♣5,35,0.20952380952380953,0.380773767651501,994,0,20,1,20,-142,75.60000000000002,0.4666666666666668,54.64761904761906,-0.5809523809523809,raise,0,0.5233011245727539
2,7,7,Flop,0,♦Q ♥2,♠3 ♥4 ♣5,145,0.1367816091954023,0.31784051370490796,994,40,70,2,30,-182,-9.016091954022983,-0.042528735632183845,-56.88965517241377,-0.7264367816091954,call,0,0.5253639221191406
3,7,7,Turn,0,♦Q ♥2,♠3 ♥4 ♣5 ♠4,35,0.0,0.0,1484,0,20,1,20,-212,-232.0,-1.0,-232.0,-1.0,fold,0,0.5236101150512695
