,N,Nnf,round,first,hole,board,Nsim,prWin,prWinStd,pot,bet,maxBet,NMaxBet,minBet,util_fold,util_call,util_raise_coeff,util_call2,util_raise_coeff2,action,amount,cputime
0,7,7,Deal,0,♦Q ♠10,,75,0.31333333333333335,0.45294100670568077,0,40,114,3,74,-40,136.04,1.1933333333333334,-42.56,-0.3733333333333333,raise,0,0.5274572372436523
1,7,6,Flop,1,♦Q ♠10,♦7 ♠3 ♥6,5,0.2,0.4,1026,0,0,7,40,-228,-22.799999999999983,0.20000000000000018,-22.799999999999983,-0.6,raise,0,0.5215489864349365
2,7,6,Flop,0,♦Q ♠10,♦7 ♠3 ♥6,55,0.08181818181818182,0.265666167203681,1026,40,140,2,100,-268,-215.3272727272727,-0.509090909090909,-261.1454545454545,-0.8363636363636364,call,0,0.5277581214904785
3,7,6,Flop,0,♦Q ♠10,♦7 ♠3 ♥6,110,0.06363636363636363,0.23460887091934435,1026,140,193,3,53,-368,-282.0181818181818,-0.6181818181818182,-331.1454545454545,-0.8727272727272728,call,0,0.5242300033569336
4,7,6,Turn,1,♦Q ♠10,♦7 ♠3 ♥6 ♥2,5,0.0,0.0,1798,0,0,7,40,-421,-421.0,-1.0,-421.0,-1.0,call,0,0.5200681686401367
5,7,6,Turn,0,♦Q ♠10,♦7 ♠3 ♥6 ♥2,60,0.058333333333333334,0.2253084305765962,1798,40,157,1,117,-461,-418.16666666666663,-0.65,-454.8,-0.8833333333333333,call,0,0.522576093673706
6,7,6,River,1,♦Q ♠10,♦7 ♠3 ♥6 ♥2 ♥4,5,0.0,0.0,2426,0,0,7,40,-578,-578.0,-1.0,-578.0,-1.0,call,0,0.5312352180480957
7,7,6,River,0,♦Q ♠10,♦7 ♠3 ♥6 ♥2 ♥4,60,0.0,0.0,2426,40,9167,1,9127,-618,-9745.0,-1.0,-9745.0,-1.0,fold,0,0.5240828990936279
