,N,Nnf,round,first,hole,board,Nsim,prWin,prWinStd,pot,bet,maxBet,NMaxBet,minBet,util_fold,util_call,util_raise_coeff,util_call2,util_raise_coeff2,action,amount,cputime
0,7,6,Deal,0,♥9 ♣7,,80,0.13303571428571428,0.32315878568484896,0,0,65,2,65,0,-13.11607142857143,-0.20178571428571423,-47.70535714285714,-0.7339285714285715,fold,0,0.5291879177093506
