,N,Nnf,round,first,hole,board,Nsim,prWin,prWinStd,pot,bet,maxBet,NMaxBet,minBet,util_fold,util_call,util_raise_coeff,util_call2,util_raise_coeff2,action,amount,cputime
0,7,7,Deal,0,♦8 ♠6,,70,0.2020408163265306,0.39029245007398794,0,20,308,1,288,-20,127.59999999999997,0.41428571428571415,-183.54285714285714,-0.5959183673469388,raise,0,0.524946928024292
1,7,7,Flop,1,♦8 ♠6,♣J ♠10 ♠8,5,0.2,0.4000000000000001,3149,0,0,7,40,-616,13.800000000000068,0.40000000000000013,13.800000000000068,-0.6,raise,0,0.5287387371063232
2,7,7,Flop,0,♦8 ♠6,♣J ♠10 ♠8,65,0.1,0.2935197542821371,3149,40,264,1,224,-656,-380.29999999999995,-0.29999999999999993,-512.3,-0.8,call,0,0.5227670669555664
