,N,Nnf,round,first,hole,board,Nsim,prWin,prWinStd,pot,bet,maxBet,NMaxBet,minBet,util_fold,util_call,util_raise_coeff,util_call2,util_raise_coeff2,action,amount,cputime
0,7,7,Deal,0,♠2 ♥Q,,40,0.14523809523809522,0.33161974508282555,0,0,80,1,80,0,1.3333333333333144,0.016666666666666607,-56.761904761904766,-0.7095238095238096,raise,0,0.5221977233886719
1,7,7,Deal,0,♠2 ♥Q,,135,0.1218694885361552,0.3043876098233253,0,160,320,1,160,-160,-47.012345679012356,-0.1469135802469136,-242.00352733686066,-0.7562610229276896,call,0,0.5301382541656494
2,7,6,Flop,0,♠2 ♥Q,♥J ♠7 ♥9,60,0.11388888888888889,0.3050374395155009,1920,0,40,2,40,-320,-114.0,-0.31666666666666665,-132.22222222222223,-0.7722222222222223,call,0,0.5256500244140625
3,7,6,Flop,0,♠2 ♥Q,♥J ♠7 ♥9,140,0.09523809523809523,0.27827619683213295,1920,40,93,4,53,-360,-177.00000000000003,-0.4285714285714286,-212.42857142857144,-0.8095238095238095,call,0,0.52427077293396
