,N,Nnf,round,first,hole,board,Nsim,prWin,prWinStd,pot,bet,maxBet,NMaxBet,minBet,util_fold,util_call,util_raise_coeff,util_call2,util_raise_coeff2,action,amount,cputime
0,8,8,Deal,0,♥A ♣7,,50,0.12666666666666665,0.29356051808405326,0,0,68,1,68,0,0.9066666666666521,0.013333333333333197,-50.77333333333334,-0.7466666666666667,raise,0,0.527076005935669
1,8,8,Deal,0,♥A ♣7,,135,0.12098765432098764,0.31192329807262875,0,136,272,1,136,-136,-8.730864197530877,-0.032098765432098886,-206.18271604938272,-0.7580246913580247,call,0,0.5253758430480957
2,8,8,Flop,0,♥A ♣7,♦5 ♠10 ♠K,60,0.030555555555555555,0.14748404391620312,1632,0,102,1,102,-272,-299.2,-0.7555555555555555,-317.9,-0.9388888888888889,fold,0,0.5226409435272217
