,N,Nnf,round,first,hole,board,Nsim,prWin,prWinStd,pot,bet,maxBet,NMaxBet,minBet,util_fold,util_call,util_raise_coeff,util_call2,util_raise_coeff2,action,amount,cputime
0,7,7,Deal,0,♠10 ♠2,,45,0.1253968253968254,0.31842709932776414,0,0,80,1,80,0,-9.777777777777771,-0.12222222222222223,-59.93650793650794,-0.7492063492063492,fold,0,0.5322198867797852
