,N,Nnf,round,first,hole,board,Nsim,prWin,prWinStd,pot,bet,maxBet,NMaxBet,minBet,util_fold,util_call,util_raise_coeff,util_call2,util_raise_coeff2,action,amount,cputime
0,7,7,Deal,0,♣6 ♦4,,55,0.12727272727272726,0.33327823236042475,0,10,40,1,30,-10,-4.363636363636374,-0.10909090909090913,-29.81818181818182,-0.7454545454545455,call,0,0.5283658504486084
1,7,7,Deal,0,♣6 ♦4,,130,0.08461538461538462,0.27830850023270065,0,40,160,1,120,-40,-65.23076923076923,-0.4076923076923077,-132.9230769230769,-0.8307692307692307,fold,0,0.5244626998901367
