,N,Nnf,round,first,hole,board,Nsim,prWin,prWinStd,pot,bet,maxBet,NMaxBet,minBet,util_fold,util_call,util_raise_coeff,util_call2,util_raise_coeff2,action,amount,cputime
0,7,6,Deal,0,♠2 ♠9,,55,0.13896103896103895,0.33597480408948094,0,40,136,1,96,-40,-22.607792207792215,-0.1662337662337663,-98.2025974025974,-0.7220779220779221,call,0,0.5227179527282715
1,7,6,Deal,0,♠2 ♠9,,95,0.13834586466165413,0.3356399735887459,0,136,216,1,80,-136,-36.70375939849626,-0.16992481203007515,-156.2345864661654,-0.7233082706766918,call,0,0.525576114654541
2,7,6,Deal,0,♠2 ♠9,,135,0.1343915343915344,0.3342449950160236,0,216,266,2,50,-216,-51.51111111111112,-0.19365079365079363,-194.5037037037037,-0.7312169312169312,call,0,0.5294961929321289
3,7,6,Flop,1,♠2 ♠9,♣4 ♣8 ♦9,5,0.2,0.4000000000000001,798,0,0,7,80,-266,-106.39999999999998,0.20000000000000018,-106.39999999999998,-0.6,raise,0,0.5218429565429688
4,7,6,Flop,0,♠2 ♠9,♣4 ♣8 ♦9,45,0.1111111111111111,0.29606472432164954,798,80,264,1,184,-346,-265.33333333333337,-0.33333333333333337,-382.6666666666667,-0.7777777777777778,call,0,0.5258262157440186
5,7,6,Flop,0,♠2 ♠9,♣4 ♣8 ♦9,85,0.12941176470588237,0.3267751626430858,798,264,547,1,283,-530,-285.0,-0.22352941176470575,-568.1529411764706,-0.7411764705882353,call,0,0.5203828811645508
