,N,Nnf,round,first,hole,board,Nsim,prWin,prWinStd,pot,bet,maxBet,NMaxBet,minBet,util_fold,util_call,util_raise_coeff,util_call2,util_raise_coeff2,action,amount,cputime
0,7,6,Deal,0,♥3 ♥6,,65,0.12527472527472527,0.3162354033540531,0,80,221,2,141,-80,-54.88571428571427,-0.24835164835164836,-165.62857142857143,-0.7494505494505495,call,0,0.5223329067230225
1,7,6,Flop,1,♥3 ♥6,♣5 ♥8 ♠5,5,0.2,0.4000000000000001,703,0,0,7,80,-221,-80.4,0.20000000000000018,-80.4,-0.6,raise,0,0.5238068103790283
2,7,6,Flop,0,♥3 ♥6,♣5 ♥8 ♠5,45,0.044444444444444446,0.20608041101101562,703,80,115,2,35,-301,-274.08888888888885,-0.7333333333333334,-294.5333333333333,-0.9111111111111111,call,0,0.5257678031921387
3,7,6,Turn,1,♥3 ♥6,♣5 ♥8 ♠5 ♦K,5,0.0,0.0,1048,0,0,7,80,-336,-336.0,-1.0,-336.0,-1.0,call,0,0.5254600048065186
4,7,6,Turn,0,♥3 ♥6,♣5 ♥8 ♠5 ♦K,45,0.0,0.0,1048,80,309,1,229,-416,-645.0,-1.0,-645.0,-1.0,fold,0,0.5232470035552979
