,N,Nnf,round,first,hole,board,Nsim,prWin,prWinStd,pot,bet,maxBet,NMaxBet,minBet,util_fold,util_call,util_raise_coeff,util_call2,util_raise_coeff2,action,amount,cputime
0,7,7,Deal,0,♠10 ♣3,,100,0.12142857142857143,0.32474479776198006,0,20,118,1,98,-20,-17.69999999999999,-0.15000000000000002,-89.34285714285714,-0.7571428571428571,call,0,0.5208089351654053
1,7,7,Deal,0,♠10 ♣3,,210,0.09659863945578231,0.2893444472805798,0,118,252,1,134,-118,-81.60000000000002,-0.32380952380952377,-203.31428571428572,-0.8068027210884354,call,0,0.5252120494842529
2,7,7,Flop,0,♠10 ♣3,♦4 ♥2 ♥7,35,0.07142857142857142,0.2432769480846629,1764,0,20,1,20,-252,-136.0,-0.5,-143.14285714285714,-0.8571428571428572,call,0,0.532127857208252
3,7,7,Flop,0,♠10 ♣3,♦4 ♥2 ♥7,145,0.03103448275862069,0.16836628435494766,1764,20,68,1,48,-272,-250.48275862068965,-0.7827586206896552,-261.0344827586207,-0.9379310344827586,call,0,0.5324752330780029
4,7,7,Flop,0,♠10 ♣3,♦4 ♥2 ♥7,245,0.04285714285714286,0.2,1764,68,196,1,128,-320,-313.6,-0.7,-355.6,-0.9142857142857143,call,0,0.531710147857666
5,7,7,Turn,0,♠10 ♣3,♦4 ♥2 ♥7 ♦7,35,0.05714285714285714,0.23211538298959888,2957,0,20,1,20,-448,-291.02857142857147,-0.6000000000000001,-296.74285714285713,-0.8857142857142857,call,0,0.5279030799865723
6,7,7,Turn,0,♠10 ♣3,♦4 ♥2 ♥7 ♦7,130,0.015384615384615385,0.12307692307692308,2957,20,138,1,118,-468,-525.6461538461538,-0.8923076923076922,-536.2615384615385,-0.9692307692307692,fold,0,0.5305171012878418
