,N,Nnf,round,first,hole,board,Nsim,prWin,prWinStd,pot,bet,maxBet,NMaxBet,minBet,util_fold,util_call,util_raise_coeff,util_call2,util_raise_coeff2,action,amount,cputime
0,7,6,Deal,0,♠10 ♦3,,55,0.05454545454545454,0.22709083630539628,0,0,120,1,120,0,-80.72727272727273,-0.6727272727272727,-106.9090909090909,-0.8909090909090909,fold,0,0.5233898162841797
