,N,Nnf,round,first,hole,board,Nsim,prWin,prWinStd,pot,bet,maxBet,NMaxBet,minBet,util_fold,util_call,util_raise_coeff,util_call2,util_raise_coeff2,action,amount,cputime
0,7,6,Deal,0,♦2 ♠9,,80,0.14107142857142857,0.3436699814101444,0,40,94,2,54,-40,-14.435714285714283,-0.15357142857142858,-67.47857142857143,-0.7178571428571429,call,0,0.5243780612945557
1,7,6,Flop,1,♦2 ♠9,♣8 ♥5 ♣4,5,0.2,0.4000000000000001,302,0,0,7,40,-94,-33.599999999999994,0.20000000000000018,-33.599999999999994,-0.6,raise,0,0.5234460830688477
2,7,6,Flop,0,♦2 ♠9,♣8 ♥5 ♣4,45,0.044444444444444446,0.20608041101101565,302,40,93,1,53,-134,-148.77777777777777,-0.7333333333333334,-165.3111111111111,-0.9111111111111111,fold,0,0.5295031070709229
