,N,Nnf,round,first,hole,board,Nsim,prWin,prWinStd,pot,bet,maxBet,NMaxBet,minBet,util_fold,util_call,util_raise_coeff,util_call2,util_raise_coeff2,action,amount,cputime
0,8,8,Deal,0,♥5 ♠7,,90,0.12777777777777777,0.32965563775881773,0,10,142,1,132,-10,3.1555555555555372,0.022222222222222143,-105.71111111111111,-0.7444444444444445,raise,0,0.5237572193145752
1,8,8,Deal,0,♥5 ♠7,,195,0.0965811965811966,0.29125867648275894,0,284,568,1,284,-284,-129.13504273504265,-0.2273504273504272,-458.28376068376065,-0.8068376068376069,call,0,0.5248210430145264
2,8,8,Flop,1,♥5 ♠7,♠5 ♦4 ♦Q,5,0.0,0.0,4544,0,0,8,20,-568,-568.0,-1.0,-568.0,-1.0,call,0,0.5280542373657227
3,8,7,Flop,0,♥5 ♠7,♠5 ♦4 ♦Q,115,0.09565217391304348,0.27893939012774677,4544,20,148,1,128,-588,-182.26086956521738,-0.33043478260869563,-253.04347826086956,-0.808695652173913,call,0,0.524158239364624
4,8,7,Turn,1,♥5 ♠7,♠5 ♦4 ♦Q ♥9,5,0.0,0.0,5580,0,0,8,20,-716,-716.0,-1.0,-716.0,-1.0,call,0,0.5248758792877197
