,N,Nnf,round,first,hole,board,Nsim,prWin,prWinStd,pot,bet,maxBet,NMaxBet,minBet,util_fold,util_call,util_raise_coeff,util_call2,util_raise_coeff2,action,amount,cputime
0,8,8,Deal,0,♦3 ♣K,,90,0.08287037037037037,0.25838518330052435,0,20,56,5,36,-20,-18.874074074074073,-0.337037037037037,-46.71851851851852,-0.8342592592592593,call,0,0.5223050117492676
1,8,8,Flop,0,♦3 ♣K,♦7 ♥2 ♥K,35,0.2,0.4,392,0,20,1,20,-56,34.400000000000006,0.6000000000000001,10.400000000000006,-0.6,raise,0,0.5292320251464844
2,8,7,Flop,0,♦3 ♣K,♦7 ♥2 ♥K,130,0.18974358974358974,0.37253683702090606,392,40,53,3,13,-96,35.77435897435896,0.32820512820512815,-14.50769230769231,-0.6205128205128205,raise,0,0.5211000442504883
3,8,7,Flop,0,♦3 ♣K,♦7 ♥2 ♥K,215,0.23565891472868217,0.41079712948565533,392,106,130,3,24,-162,120.8279069767442,0.6496124031007753,-32.350387596899225,-0.5286821705426357,raise,0,0.5206258296966553
4,8,7,Flop,0,♦3 ♣K,♦7 ♥2 ♥K,295,0.24293785310734464,0.41705861102086433,392,260,520,1,260,-316,403.5254237288136,0.7005649717514124,-228.11299435028246,-0.5141242937853108,raise,0,0.5233180522918701
