,N,Nnf,round,first,hole,board,Nsim,prWin,prWinStd,pot,bet,maxBet,NMaxBet,minBet,util_fold,util_call,util_raise_coeff,util_call2,util_raise_coeff2,action,amount,cputime
0,7,6,Deal,0,♥10 ♦J,,45,0.17777777777777778,0.3823255674241167,0,0,40,1,40,0,2.6666666666666714,0.06666666666666665,-25.77777777777778,-0.6444444444444444,raise,0,0.5228569507598877
1,7,6,Deal,0,♥10 ♦J,,95,0.1631578947368421,0.3659314378056568,0,80,150,2,70,-80,-3.1578947368420813,-0.021052631578947323,-101.05263157894737,-0.6736842105263158,call,0,0.5233402252197266
2,7,6,Deal,0,♥10 ♦J,,145,0.16896551724137931,0.3677550236660663,0,150,294,2,144,-150,4.055172413793116,0.01379310344827589,-194.64827586206894,-0.6620689655172414,raise,0,0.5231170654296875
3,7,6,Flop,0,♥10 ♦J,♣3 ♦K ♠8,30,0.13333333333333333,0.33993463423951903,2352,0,144,1,144,-588,-303.2,-0.19999999999999996,-380.0,-0.7333333333333334,call,0,0.5281717777252197
4,7,6,Flop,0,♥10 ♦J,♣3 ♦K ♠8,80,0.06875,0.24677608777999543,2352,144,243,1,99,-732,-569.0625,-0.5874999999999999,-635.8875,-0.8625,call,0,0.5272071361541748
5,7,6,Turn,0,♥10 ♦J,♣3 ♦K ♠8 ♥Q,25,0.14,0.33226495451672294,3324,0,138,2,138,-831,-387.7199999999999,-0.15999999999999992,-464.99999999999994,-0.72,call,0,0.5210459232330322
6,7,6,Turn,0,♥10 ♦J,♣3 ♦K ♠8 ♥Q,80,0.175,0.37165171868296265,3324,138,262,2,124,-969,-236.20000000000005,0.04999999999999982,-419.60000000000014,-0.65,raise,0,0.5221881866455078
7,7,6,River,0,♥10 ♦J,♣3 ♦K ♠8 ♥Q ♦8,30,0.0,0.0,5420,0,87,2,87,-1355,-1442.0,-1.0,-1442.0,-1.0,fold,0,0.521385908126831
