,N,Nnf,round,first,hole,board,Nsim,prWin,prWinStd,pot,bet,maxBet,NMaxBet,minBet,util_fold,util_call,util_raise_coeff,util_call2,util_raise_coeff2,action,amount,cputime
0,8,8,Deal,0,♠Q ♥10,,65,0.19230769230769232,0.3689101171779015,0,0,82,1,82,0,44.15384615384616,0.5384615384615385,-50.46153846153846,-0.6153846153846154,raise,0,0.5226681232452393
1,8,8,Deal,0,♠Q ♥10,,175,0.15714285714285714,0.3539860483818248,0,164,328,1,164,-164,84.34285714285716,0.2571428571428571,-224.9142857142857,-0.6857142857142857,raise,0,0.5251479148864746
2,8,7,Flop,0,♠Q ♥10,♠5 ♠3 ♥K,55,0.09090909090909091,0.2874797872880344,4920,0,47,3,47,-656,-225.81818181818176,-0.36363636363636365,-247.18181818181813,-0.8181818181818181,call,0,0.5301930904388428
3,8,6,Flop,0,♠Q ♥10,♠5 ♠3 ♥K,130,0.08461538461538462,0.27830850023270065,4920,47,90,3,43,-703,-284.0,-0.49230769230769234,-314.46153846153845,-0.8307692307692307,call,0,0.5277738571166992
4,8,6,Turn,0,♠Q ♥10,♠5 ♠3 ♥K ♥Q,55,0.15454545454545454,0.35512772699317474,5460,0,72,1,72,-746,92.58181818181811,-0.07272727272727275,48.07272727272721,-0.6909090909090909,call,0,0.529181957244873
5,8,6,Turn,0,♠Q ♥10,♠5 ♠3 ♥K ♥Q,120,0.17083333333333334,0.37358529444053623,5460,72,118,4,46,-818,189.70000000000005,0.02499999999999991,109.06666666666672,-0.6583333333333333,raise,0,0.5203349590301514
6,8,6,River,0,♠Q ♥10,♠5 ♠3 ♥K ♥Q ♥4,55,0.03636363636363636,0.18719327529067276,6876,0,18,5,18,-982,-746.0363636363636,-0.7818181818181819,-748.6545454545454,-0.9272727272727272,call,0,0.5211410522460938
