,N,Nnf,round,first,hole,board,Nsim,prWin,prWinStd,pot,bet,maxBet,NMaxBet,minBet,util_fold,util_call,util_raise_coeff,util_call2,util_raise_coeff2,action,amount,cputime
0,8,8,Deal,0,♣10 ♦Q,,10,0.25,0.4031128874149275,0,0,20,1,20,0,20.0,1.0,-10.0,-0.5,raise,0,0.5237250328063965
1,8,6,Deal,0,♣10 ♦Q,,115,0.17391304347826086,0.3732552353275609,0,40,77,1,37,-40,3.347826086956516,0.04347826086956519,-50.21739130434783,-0.6521739130434783,raise,0,0.5276508331298828
2,8,6,Flop,0,♣10 ♦Q,♥3 ♦7 ♣4,15,0.06666666666666667,0.24944382578492946,944,0,79,1,79,-154,-138.46666666666667,-0.6,-159.53333333333333,-0.8666666666666667,call,0,0.5284750461578369
3,8,5,Turn,0,♣10 ♦Q,♥3 ♦7 ♣4 ♦6,15,0.0,0.0,1339,0,60,1,60,-233,-293.0,-1.0,-293.0,-1.0,fold,0,0.5254378318786621
