,N,Nnf,round,first,hole,board,Nsim,prWin,prWinStd,pot,bet,maxBet,NMaxBet,minBet,util_fold,util_call,util_raise_coeff,util_call2,util_raise_coeff2,action,amount,cputime
0,7,7,Deal,0,♥2 ♦J,,55,0.14545454545454545,0.3525585350848239,0,40,186,1,146,-40,3.3818181818181756,0.018181818181818077,-131.89090909090908,-0.7090909090909091,raise,0,0.5297269821166992
1,7,7,Deal,0,♥2 ♦J,,110,0.13636363636363635,0.33648646406039534,0,372,744,1,372,-372,-33.81818181818187,-0.045454545454545525,-541.0909090909091,-0.7272727272727273,call,0,0.5237088203430176
