,N,Nnf,round,first,hole,board,Nsim,prWin,prWinStd,pot,bet,maxBet,NMaxBet,minBet,util_fold,util_call,util_raise_coeff,util_call2,util_raise_coeff2,action,amount,cputime
0,7,7,Deal,0,♥4 ♣8,,105,0.08072562358276644,0.2663201351860582,0,20,142,1,122,-20,-61.75873015873016,-0.43492063492063493,-119.07392290249433,-0.8385487528344671,fold,0,0.5272109508514404
