,N,Nnf,round,first,hole,board,Nsim,prWin,prWinStd,pot,bet,maxBet,NMaxBet,minBet,util_fold,util_call,util_raise_coeff,util_call2,util_raise_coeff2,action,amount,cputime
0,8,8,Deal,0,♦J ♠A,,35,0.18571428571428572,0.37958086444532635,0,0,40,1,40,0,19.42857142857143,0.48571428571428577,-25.142857142857142,-0.6285714285714286,raise,0,0.5319151878356934
1,8,8,Deal,0,♦J ♠A,,140,0.14285714285714285,0.3395675521144204,0,80,184,1,104,-80,26.285714285714278,0.1428571428571428,-131.42857142857144,-0.7142857142857143,raise,0,0.5296809673309326
2,8,8,Deal,0,♦J ♠A,,245,0.22040816326530613,0.40956900783416106,0,368,404,3,36,-368,308.3591836734694,0.763265306122449,-225.91020408163266,-0.5591836734693878,raise,0,0.5243079662322998
3,8,8,Deal,0,♦J ♠A,,330,0.2,0.3961940143032161,0,404,438,2,34,-404,262.80000000000007,0.6000000000000001,-262.79999999999995,-0.6,raise,0,0.5256321430206299
4,8,8,Flop,0,♦J ♠A,♣2 ♣8 ♠4,35,0.05714285714285714,0.2321153829895989,3368,0,12,1,12,-438,-252.05714285714285,-0.5428571428571429,-256.1714285714286,-0.8857142857142857,call,0,0.5297119617462158
5,8,7,Flop,0,♦J ♠A,♣2 ♣8 ♠4,70,0.04285714285714286,0.2025349554108261,3368,12,20,1,8,-450,-307.65714285714284,-0.7,-311.9428571428571,-0.9142857142857143,call,0,0.5164570808410645
6,8,7,Turn,1,♦J ♠A,♣2 ♣8 ♠4 ♦9,5,0.2,0.4000000000000001,3420,0,0,8,20,-458,226.0,0.40000000000000013,226.0,-0.6,raise,0,0.5275421142578125
7,8,7,River,1,♦J ♠A,♣2 ♣8 ♠4 ♦9 ♥4,5,0.0,0.0,3460,0,0,8,20,-478,-478.0,-1.0,-478.0,-1.0,call,0,0.5283868312835693
