,N,Nnf,round,first,hole,board,Nsim,prWin,prWinStd,pot,bet,maxBet,NMaxBet,minBet,util_fold,util_call,util_raise_coeff,util_call2,util_raise_coeff2,action,amount,cputime
0,7,6,Deal,0,♣J ♠4,,50,0.12285714285714285,0.30873011792548793,0,20,68,1,48,-20,-17.87428571428572,-0.2628571428571429,-51.29142857142857,-0.7542857142857143,call,0,0.5244560241699219
1,7,6,Deal,0,♣J ♠4,,90,0.1349206349206349,0.3313622751913758,0,68,108,1,40,-68,-20.57142857142857,-0.19047619047619047,-78.85714285714286,-0.7301587301587302,call,0,0.5222008228302002
2,7,6,Deal,0,♣J ♠4,,130,0.11758241758241758,0.3130923319988509,0,108,242,2,134,-108,-71.27032967032969,-0.29450549450549457,-185.0901098901099,-0.7648351648351648,call,0,0.527886152267456
3,7,6,Flop,1,♣J ♠4,♥A ♥Q ♠Q,5,0.1,0.2,726,0,0,7,40,-242,-169.39999999999998,-0.3999999999999999,-169.39999999999998,-0.8,call,0,0.5312352180480957
4,7,6,Flop,0,♣J ♠4,♥A ♥Q ♠Q,45,0.05185185185185184,0.18197212587464068,726,40,80,1,40,-282,-259.4666666666667,-0.6888888888888889,-276.05925925925925,-0.8962962962962964,call,0,0.5269649028778076
5,7,6,Flop,0,♣J ♠4,♥A ♥Q ♠Q,80,0.029166666666666664,0.13888194427082465,726,80,151,2,71,-322,-345.4,-0.825,-363.01666666666665,-0.9416666666666667,fold,0,0.5206382274627686
