,N,Nnf,round,first,hole,board,Nsim,prWin,prWinStd,pot,bet,maxBet,NMaxBet,minBet,util_fold,util_call,util_raise_coeff,util_call2,util_raise_coeff2,action,amount,cputime
0,7,7,Deal,0,♥2 ♠Q,,10,0.15,0.32015621187164245,0,0,20,1,20,0,1.0,0.050000000000000044,-14.0,-0.7,raise,0,0.5312139987945557
1,7,7,Deal,0,♥2 ♠Q,,125,0.13314285714285715,0.3231659711324186,0,40,80,1,40,-40,-5.439999999999998,-0.06799999999999995,-58.69714285714286,-0.7337142857142858,call,0,0.5215511322021484
2,7,7,Deal,0,♥2 ♠Q,,235,0.11762917933130698,0.30955562909255435,0,80,1000,4,920,-80,-176.5957446808511,-0.17659574468085115,-764.741641337386,-0.764741641337386,fold,0,0.5310490131378174
