,N,Nnf,round,first,hole,board,Nsim,prWin,prWinStd,pot,bet,maxBet,NMaxBet,minBet,util_fold,util_call,util_raise_coeff,util_call2,util_raise_coeff2,action,amount,cputime
0,7,6,Deal,0,♥A ♥8,,100,0.19285714285714284,0.3849860850917676,0,20,50,3,30,-20,7.857142857142854,0.15714285714285703,-30.714285714285715,-0.6142857142857143,raise,0,0.5277519226074219
1,7,6,Deal,0,♥A ♥8,,175,0.16734693877551018,0.3596819364062175,0,100,108,2,8,-100,0.44081632653060865,0.004081632653061051,-71.8530612244898,-0.6653061224489796,raise,0,0.5244526863098145
2,7,6,Flop,1,♥A ♥8,♥Q ♦Q ♠3,5,0.4,0.48989794855663565,1228,0,0,7,20,-216,275.20000000000005,1.4000000000000004,275.20000000000005,-0.19999999999999996,raise,0,0.52659010887146
3,7,6,Flop,0,♥A ♥8,♥Q ♦Q ♠3,70,0.1357142857142857,0.3372306181175108,1228,20,71,3,51,-236,-62.52857142857147,-0.18571428571428572,-101.07142857142858,-0.7285714285714286,call,0,0.5253067016601562
4,7,6,Flop,0,♥A ♥8,♥Q ♦Q ♠3,130,0.1423076923076923,0.3410087715125826,1228,71,97,4,26,-287,-55.423076923076906,-0.1461538461538462,-110.63846153846154,-0.7153846153846154,call,0,0.5209329128265381
5,7,6,Turn,1,♥A ♥8,♥Q ♦Q ♠3 ♦6,5,0.0,0.0,1713,0,0,7,20,-313,-313.0,-1.0,-313.0,-1.0,call,0,0.521867036819458
6,7,5,River,1,♥A ♥8,♥Q ♦Q ♠3 ♦6 ♠5,5,0.0,0.0,1793,0,0,7,20,-333,-333.0,-1.0,-333.0,-1.0,call,0,0.5251400470733643
7,7,5,River,0,♥A ♥8,♥Q ♦Q ♠3 ♦6 ♠5,55,0.0,0.0,1793,20,57,3,37,-353,-390.0,-1.0,-390.0,-1.0,fold,0,0.5224919319152832
