,N,Nnf,round,first,hole,board,Nsim,prWin,prWinStd,pot,bet,maxBet,NMaxBet,minBet,util_fold,util_call,util_raise_coeff,util_call2,util_raise_coeff2,action,amount,cputime
0,7,6,Deal,0,♦10 ♣A,,65,0.14835164835164835,0.3472944751670898,0,40,147,1,107,-40,-16.15384615384616,-0.10989010989010994,-103.38461538461539,-0.7032967032967032,call,0,0.5223386287689209
1,7,6,Deal,0,♦10 ♣A,,105,0.15374149659863945,0.3523875186528714,0,147,291,1,144,-147,-22.56734693877553,-0.07755102040816331,-201.52244897959184,-0.6925170068027211,call,0,0.5277829170227051
2,7,6,Flop,1,♦10 ♣A,♠10 ♥K ♠A,5,0.4,0.48989794855663565,893,0,0,7,40,-291,66.20000000000005,1.4000000000000004,66.20000000000005,-0.19999999999999996,raise,0,0.5266108512878418
3,7,6,Flop,0,♦10 ♣A,♠10 ♥K ♠A,40,0.375,0.4841229182759271,893,40,63,1,23,-331,122.625,1.25,28.125,-0.25,raise,0,0.5257649421691895
4,7,6,Flop,0,♦10 ♣A,♠10 ♥K ♠A,80,0.4875,0.49984372557830514,893,126,192,2,66,-417,513.9374999999999,1.9249999999999998,139.5374999999999,-0.025000000000000022,raise,0,0.5218930244445801
5,7,6,Turn,1,♦10 ♣A,♠10 ♥K ♠A ♥10,5,1.0,0.0,2045,0,0,7,40,-675,1370.0,5.0,1370.0,1.0,raise,0,0.5213730335235596
6,7,6,Turn,0,♦10 ♣A,♠10 ♥K ♠A ♥10,45,0.8666666666666667,0.3231786571610886,2045,40,146,2,106,-715,1710.5333333333338,4.2,1204.4,0.7333333333333334,raise,0,0.5232210159301758
7,7,6,Turn,0,♦10 ♣A,♠10 ♥K ♠A ♥10,85,0.9058823529411765,0.2710992616894803,2045,292,10550,1,10258,-967,47969.88235294118,4.435294117647059,9741.647058823532,0.8117647058823529,raise,0,0.5231528282165527
