,N,Nnf,round,first,hole,board,Nsim,prWin,prWinStd,pot,bet,maxBet,NMaxBet,minBet,util_fold,util_call,util_raise_coeff,util_call2,util_raise_coeff2,action,amount,cputime
0,8,7,Deal,0,♦7 ♦A,,40,0.2,0.3840572873934304,0,0,20,1,20,0,8.0,0.40000000000000013,-12.0,-0.6,raise,0,0.5227530002593994
1,8,7,Flop,0,♦7 ♦A,♠10 ♦9 ♠6,10,0.08333333333333333,0.1707825127659933,276,0,23,1,23,-40,-26.583333333333336,-0.41666666666666674,-36.16666666666667,-0.8333333333333334,call,0,0.5220227241516113
2,8,6,Turn,0,♦7 ♦A,♠10 ♦9 ♠6 ♦J,15,0.26666666666666666,0.44221663871405337,322,0,20,1,20,-63,34.86666666666666,0.6000000000000001,13.533333333333331,-0.4666666666666667,raise,0,0.5241682529449463
3,8,6,Turn,0,♦7 ♦A,♠10 ♦9 ♠6 ♦J,40,0.275,0.44651427748729383,322,40,90,1,50,-103,84.05000000000004,0.6500000000000001,-14.949999999999989,-0.44999999999999996,raise,0,0.5181069374084473
4,8,6,River,0,♦7 ♦A,♠10 ♦9 ♠6 ♦J ♣5,15,0.0,0.0,682,0,59,1,59,-243,-302.0,-1.0,-302.0,-1.0,fold,0,0.5264589786529541
