,N,Nnf,round,first,hole,board,Nsim,prWin,prWinStd,pot,bet,maxBet,NMaxBet,minBet,util_fold,util_call,util_raise_coeff,util_call2,util_raise_coeff2,action,amount,cputime
0,7,6,Deal,0,♥Q ♠9,,65,0.19963369963369962,0.37807273135170366,0,0,59,1,59,0,11.670329670329664,0.19780219780219777,-35.443223443223445,-0.6007326007326008,raise,0,0.5259518623352051
1,7,5,Flop,0,♥Q ♠9,♥2 ♥9 ♦7,45,0.3,0.4521553322083512,708,0,55,2,55,-118,121.89999999999998,0.5,72.4,-0.4,raise,0,0.5264530181884766
2,7,5,Turn,0,♥Q ♠9,♥2 ♥9 ♦7 ♥3,35,0.2571428571428571,0.4370588154508102,1258,0,74,1,74,-228,116.62857142857138,0.2857142857142856,59.54285714285709,-0.48571428571428577,raise,0,0.5245118141174316
3,7,5,River,0,♥Q ♠9,♥2 ♥9 ♦7 ♥3 ♣4,35,0.22857142857142856,0.4199125273342591,1998,0,75,3,75,-376,91.39999999999998,0.1428571428571428,39.97142857142853,-0.5428571428571429,raise,0,0.5237078666687012
4,7,5,River,0,♥Q ♠9,♥2 ♥9 ♦7 ♥3 ♣4,100,0.245,0.42127781807258735,1998,150,153,1,3,-526,147.93499999999995,0.2250000000000001,35.48000000000002,-0.51,raise,0,0.5246968269348145
