,N,Nnf,round,first,hole,board,Nsim,prWin,prWinStd,pot,bet,maxBet,NMaxBet,minBet,util_fold,util_call,util_raise_coeff,util_call2,util_raise_coeff2,action,amount,cputime
0,7,7,Deal,0,♥5 ♠8,,10,0.2,0.4000000000000001,0,0,40,1,40,0,16.0,0.40000000000000013,-24.0,-0.6,raise,0,0.5277130603790283
1,7,7,Deal,0,♥5 ♠8,,85,0.13697478991596637,0.33738841732099045,0,80,117,3,37,-80,-4.817647058823539,-0.04117647058823537,-84.94789915966388,-0.7260504201680673,call,0,0.5214347839355469
2,7,6,Flop,0,♥5 ♠8,♠2 ♥9 ♣K,45,0.044444444444444446,0.20608041101101562,468,0,40,1,40,-117,-125.53333333333333,-0.7333333333333334,-132.64444444444445,-0.9111111111111111,fold,0,0.5267021656036377
