,N,Nnf,round,first,hole,board,Nsim,prWin,prWinStd,pot,bet,maxBet,NMaxBet,minBet,util_fold,util_call,util_raise_coeff,util_call2,util_raise_coeff2,action,amount,cputime
0,7,6,Deal,0,♦5 ♠6,,65,0.17142857142857143,0.3639569729775264,0,0,56,1,56,0,1.5999999999999943,0.02857142857142847,-36.8,-0.6571428571428571,raise,0,0.5250270366668701
1,7,6,Deal,0,♦5 ♠6,,150,0.11428571428571428,0.3061723315367335,0,112,117,1,5,-112,-36.77142857142857,-0.3142857142857143,-90.25714285714285,-0.7714285714285715,call,0,0.5202498435974121
2,7,6,Deal,0,♦5 ♠6,,225,0.10878306878306877,0.301617301023499,0,117,1000,5,883,-117,-347.30158730158735,-0.34730158730158733,-782.4338624338625,-0.7824338624338625,fold,0,0.5282549858093262
