,N,Nnf,round,first,hole,board,Nsim,prWin,prWinStd,pot,bet,maxBet,NMaxBet,minBet,util_fold,util_call,util_raise_coeff,util_call2,util_raise_coeff2,action,amount,cputime
0,7,7,Deal,0,♣3 ♣10,,10,0.4,0.48989794855663565,0,0,20,1,20,0,36.0,1.8000000000000003,-4.0,-0.19999999999999996,raise,0,0.5261528491973877
1,7,6,Flop,0,♣3 ♣10,♠7 ♣5 ♠8,45,0.13777777777777778,0.33946944806983664,160,0,30,1,30,-40,-23.15555555555556,-0.17333333333333334,-39.68888888888889,-0.7244444444444444,call,0,0.5202658176422119
2,7,6,Flop,0,♣3 ♣10,♠7 ♣5 ♠8,85,0.11411764705882352,0.31027613552578703,160,30,91,1,61,-70,-50.43294117647059,-0.31529411764705895,-91.97176470588235,-0.7717647058823529,call,0,0.5248560905456543
3,7,6,Flop,0,♣3 ♣10,♠7 ♣5 ♠8,125,0.09226666666666666,0.2769399774519943,160,91,92,2,1,-131,-66.30613333333334,-0.4464,-100.26026666666667,-0.8154666666666667,call,0,0.5215029716491699
4,7,6,Turn,0,♣3 ♣10,♠7 ♣5 ♠8 ♠A,20,0.0,0.0,436,0,67,1,67,-132,-199.0,-1.0,-199.0,-1.0,fold,0,0.5251641273498535
