,N,Nnf,round,first,hole,board,Nsim,prWin,prWinStd,pot,bet,maxBet,NMaxBet,minBet,util_fold,util_call,util_raise_coeff,util_call2,util_raise_coeff2,action,amount,cputime
0,8,8,Deal,0,♦A ♣3,,40,0.13333333333333333,0.3122498999199199,0,0,160,1,160,0,10.666666666666657,0.06666666666666665,-117.33333333333334,-0.7333333333333334,raise,0,0.526648998260498
