,N,Nnf,round,first,hole,board,Nsim,prWin,prWinStd,pot,bet,maxBet,NMaxBet,minBet,util_fold,util_call,util_raise_coeff,util_call2,util_raise_coeff2,action,amount,cputime
0,8,7,Deal,0,♥10 ♣2,,55,0.09090909090909091,0.2874797872880344,0,0,49,2,49,0,-17.818181818181813,-0.36363636363636365,-40.09090909090909,-0.8181818181818181,fold,0,0.5262629985809326
