,N,Nnf,round,first,hole,board,Nsim,prWin,prWinStd,pot,bet,maxBet,NMaxBet,minBet,util_fold,util_call,util_raise_coeff,util_call2,util_raise_coeff2,action,amount,cputime
0,8,8,Deal,0,♠A ♠2,,95,0.14035087719298245,0.34396704373761317,0,80,160,2,80,-80,19.649122807017534,0.12280701754385959,-115.08771929824562,-0.7192982456140351,raise,0,0.5262210369110107
1,8,8,Deal,0,♠A ♠2,,185,0.16846846846846847,0.3692331104419041,0,320,361,1,41,-320,125.53693693693691,0.34774774774774775,-239.3657657657658,-0.6630630630630631,raise,0,0.5232048034667969
2,8,8,Flop,1,♠A ♠2,♦8 ♠Q ♣3,5,0.0,0.0,3249,0,0,8,80,-722,-722.0,-1.0,-722.0,-1.0,call,0,0.5226259231567383
3,8,8,Flop,0,♠A ♠2,♦8 ♠Q ♣3,60,0.041666666666666664,0.18911342863183697,3249,80,253,2,173,-802,-755.2916666666667,-0.6666666666666667,-818.5416666666666,-0.9166666666666666,call,0,0.5299477577209473
4,8,8,Turn,1,♠A ♠2,♦8 ♠Q ♣3 ♥Q,5,0.0,0.0,4261,0,0,8,80,-975,-975.0,-1.0,-975.0,-1.0,call,0,0.5294299125671387
5,8,8,Turn,0,♠A ♠2,♦8 ♠Q ♣3 ♥Q,60,0.016666666666666666,0.08975274678557506,4261,80,141,1,61,-1055,-1026.1833333333334,-0.8666666666666667,-1040.2833333333333,-0.9666666666666667,call,0,0.5208961963653564
6,8,8,River,1,♠A ♠2,♦8 ♠Q ♣3 ♥Q ♦A,5,0.7,0.4,4709,0,0,8,80,-1116,2180.2999999999997,4.6,2180.2999999999997,0.3999999999999999,raise,0,0.5294327735900879
7,8,8,River,0,♠A ♠2,♦8 ♠Q ♣3 ♥Q ♦A,50,0.30666666666666664,0.42211109648737943,4709,80,196,1,116,-1196,612.9466666666665,1.4533333333333331,252.30666666666662,-0.3866666666666667,raise,0,0.5234479904174805
8,8,8,River,0,♠A ♠2,♦8 ♠Q ♣3 ♥Q ♦A,90,0.25740740740740736,0.40837007477265236,4709,392,484,1,92,-1508,608.8129629629625,1.059259259259259,-138.69814814814845,-0.4851851851851853,raise,0,0.5293071269989014
