,N,Nnf,round,first,hole,board,Nsim,prWin,prWinStd,pot,bet,maxBet,NMaxBet,minBet,util_fold,util_call,util_raise_coeff,util_call2,util_raise_coeff2,action,amount,cputime
0,8,8,Deal,0,♣A ♠10,,80,0.18125,0.3811475272122331,0,0,136,1,136,0,61.19999999999999,0.44999999999999996,-86.7,-0.6375,raise,0,0.5234420299530029
1,8,8,Deal,0,♣A ♠10,,185,0.20810810810810812,0.39754542720425723,0,272,544,1,272,-272,361.6864864864865,0.664864864864865,-317.5783783783784,-0.5837837837837838,raise,0,0.5263862609863281
