,N,Nnf,round,first,hole,board,Nsim,prWin,prWinStd,pot,bet,maxBet,NMaxBet,minBet,util_fold,util_call,util_raise_coeff,util_call2,util_raise_coeff2,action,amount,cputime
0,7,7,Deal,0,♣2 ♣5,,95,0.1631578947368421,0.3659314378056568,0,10,148,1,138,-10,21.031578947368416,0.14210526315789473,-99.70526315789473,-0.6736842105263158,raise,0,0.5311341285705566
1,7,7,Deal,0,♣2 ♣5,,200,0.14166666666666666,0.34349106409208247,0,296,592,1,296,-296,-4.933333333333394,-0.008333333333333304,-424.26666666666665,-0.7166666666666667,call,0,0.5243589878082275
