,N,Nnf,round,first,hole,board,Nsim,prWin,prWinStd,pot,bet,maxBet,NMaxBet,minBet,util_fold,util_call,util_raise_coeff,util_call2,util_raise_coeff2,action,amount,cputime
0,7,7,Deal,0,♣2 ♦Q,,65,0.12307692307692308,0.32852548467788645,0,80,338,1,258,-80,-46.80000000000001,-0.1384615384615384,-254.8,-0.7538461538461538,call,0,0.5269169807434082
1,7,7,Deal,0,♣2 ♦Q,,135,0.14444444444444443,0.34354721852756237,0,338,804,1,466,-338,8.93333333333328,0.011111111111111072,-571.7333333333333,-0.7111111111111111,raise,0,0.5230300426483154
2,7,7,Deal,0,♣2 ♦Q,,210,0.1261904761904762,0.326642023227062,0,1608,2609,1,1001,-1608,-304.3833333333332,-0.1166666666666667,-1950.5380952380951,-0.7476190476190476,call,0,0.5329957008361816
3,7,7,Flop,1,♣2 ♦Q,♥8 ♦7 ♥2,5,0.2,0.4,8827,0,0,7,80,-2609,-843.5999999999999,0.40000000000000013,-843.5999999999999,-0.6,raise,0,0.526263952255249
4,7,7,Turn,1,♣2 ♦Q,♥8 ♦7 ♥2 ♥10,5,0.2,0.4000000000000001,8987,0,0,7,80,-2689,-891.5999999999999,0.40000000000000013,-891.5999999999999,-0.6,raise,0,0.5277280807495117
5,7,7,Turn,0,♣2 ♦Q,♥8 ♦7 ♥2 ♥10,35,0.05714285714285714,0.2321153829895989,8987,80,210,1,130,-2769,-2301.457142857143,-0.6000000000000001,-2361.457142857143,-0.8857142857142857,call,0,0.5288488864898682
6,7,7,River,1,♣2 ♦Q,♥8 ♦7 ♥2 ♥10 ♦10,5,0.0,0.0,9407,0,0,7,80,-2899,-2899.0,-1.0,-2899.0,-1.0,call,0,0.5288307666778564
7,7,7,River,0,♣2 ♦Q,♥8 ♦7 ♥2 ♥10 ♦10,30,0.03333333333333333,0.1795054935711501,9407,80,112,1,32,-2979,-2671.3,-0.7666666666666666,-2689.9666666666667,-0.9333333333333333,call,0,0.5224320888519287
