,N,Nnf,round,first,hole,board,Nsim,prWin,prWinStd,pot,bet,maxBet,NMaxBet,minBet,util_fold,util_call,util_raise_coeff,util_call2,util_raise_coeff2,action,amount,cputime
0,7,7,Deal,0,♠4 ♦K,,65,0.10732600732600732,0.29437789957340355,0,40,232,1,192,-40,-57.70256410256411,-0.24871794871794872,-182.2007326007326,-0.7853479853479853,fold,0,0.5270049571990967
