,N,Nnf,round,first,hole,board,Nsim,prWin,prWinStd,pot,bet,maxBet,NMaxBet,minBet,util_fold,util_call,util_raise_coeff,util_call2,util_raise_coeff2,action,amount,cputime
0,7,6,Deal,0,♥A ♣Q,,90,0.22539682539682537,0.41457449036630833,0,10,56,2,46,-10,19.73333333333332,0.35238095238095224,-30.75555555555556,-0.5492063492063493,raise,0,0.5232832431793213
1,7,6,Deal,0,♥A ♣Q,,170,0.21638655462184872,0.40823063228394324,0,112,115,2,3,-112,34.30672268907563,0.29831932773109227,-65.23109243697479,-0.5672268907563025,raise,0,0.5305838584899902
2,7,6,Deal,0,♥A ♣Q,,245,0.23313896987366373,0.41691408362489335,0,230,1000,3,770,-230,398.8338192419824,0.39883381924198247,-533.7220602526725,-0.5337220602526725,raise,0,0.5269131660461426
