,N,Nnf,round,first,hole,board,Nsim,prWin,prWinStd,pot,bet,maxBet,NMaxBet,minBet,util_fold,util_call,util_raise_coeff,util_call2,util_raise_coeff2,action,amount,cputime
0,7,7,Deal,0,♦7 ♣9,,65,0.12307692307692308,0.31660177888087193,0,10,108,1,98,-10,-14.953846153846143,-0.1384615384615384,-81.41538461538461,-0.7538461538461538,fold,0,0.5264379978179932
