,N,Nnf,round,first,hole,board,Nsim,prWin,prWinStd,pot,bet,maxBet,NMaxBet,minBet,util_fold,util_call,util_raise_coeff,util_call2,util_raise_coeff2,action,amount,cputime
0,7,6,Deal,0,♣7 ♣A,,80,0.22291666666666665,0.40133782354907827,0,40,143,2,103,-40,48.26249999999999,0.3374999999999999,-79.24583333333334,-0.5541666666666667,raise,0,0.5216610431671143
