,N,Nnf,round,first,hole,board,Nsim,prWin,prWinStd,pot,bet,maxBet,NMaxBet,minBet,util_fold,util_call,util_raise_coeff,util_call2,util_raise_coeff2,action,amount,cputime
0,7,6,Deal,0,♠J ♦9,,75,0.23777777777777775,0.41826213057907025,0,40,137,2,97,-40,58.45333333333332,0.4266666666666665,-71.8488888888889,-0.5244444444444445,raise,0,0.5333559513092041
1,7,6,Deal,0,♠J ♦9,,125,0.20666666666666667,0.3951933422741048,0,274,288,1,14,-274,69.12,0.24,-168.96,-0.5866666666666667,raise,0,0.5239181518554688
2,7,6,Flop,1,♠J ♦9,♠3 ♦10 ♦A,5,0.0,0.0,2324,0,0,7,40,-576,-576.0,-1.0,-576.0,-1.0,call,0,0.5223667621612549
3,7,6,Flop,0,♠J ♦9,♠3 ♦10 ♦A,55,0.05454545454545454,0.22709083630539628,2324,40,108,2,68,-616,-521.8909090909091,-0.6727272727272727,-545.4545454545455,-0.8909090909090909,call,0,0.5246350765228271
4,7,6,Turn,1,♠J ♦9,♠3 ♦10 ♦A ♥9,5,0.4,0.48989794855663565,2667,0,0,7,40,-684,382.79999999999995,1.4000000000000004,382.79999999999995,-0.19999999999999996,raise,0,0.5258240699768066
5,7,6,Turn,0,♠J ♦9,♠3 ♦10 ♦A ♥9,45,0.08888888888888889,0.28458329944145994,2667,40,130,1,90,-724,-507.6,-0.4666666666666667,-553.8222222222223,-0.8222222222222222,call,0,0.52242112159729
6,7,6,Turn,0,♠J ♦9,♠3 ♦10 ♦A ♥9,85,0.07058823529411765,0.25613577714208524,2667,130,252,2,122,-814,-641.0117647058823,-0.5764705882352941,-712.164705882353,-0.8588235294117648,call,0,0.5313699245452881
7,7,6,River,1,♠J ♦9,♠3 ♦10 ♦A ♥9 ♠4,5,0.0,0.0,3423,0,0,7,40,-936,-936.0,-1.0,-936.0,-1.0,call,0,0.5195798873901367
8,7,6,River,0,♠J ♦9,♠3 ♦10 ♦A ♥9 ♠4,45,0.06666666666666667,0.2494438257849294,3423,40,114,2,74,-976,-776.2,-0.6,-806.6,-0.8666666666666667,call,0,0.5227420330047607
