,N,Nnf,round,first,hole,board,Nsim,prWin,prWinStd,pot,bet,maxBet,NMaxBet,minBet,util_fold,util_call,util_raise_coeff,util_call2,util_raise_coeff2,action,amount,cputime
0,7,6,Deal,0,♦5 ♦A,,65,0.2512820512820513,0.4115045117396856,0,0,63,1,63,0,31.98461538461538,0.5076923076923077,-31.338461538461537,-0.49743589743589745,raise,0,0.5279488563537598
1,7,6,Flop,0,♦5 ♦A,♥A ♠Q ♥5,50,0.63,0.4775981574503822,630,0,78,4,78,-126,487.74,2.7800000000000002,291.17999999999995,0.26,raise,0,0.5312130451202393
2,7,6,Turn,0,♦5 ♦A,♥A ♠Q ♥5 ♦7,50,0.61,0.48259714048054614,1410,0,46,2,46,-282,700.46,2.66,588.22,0.21999999999999997,raise,0,0.5326030254364014
3,7,6,River,0,♦5 ♦A,♥A ♠Q ♥5 ♦7 ♥9,50,0.54,0.49839743177508455,1870,0,59,1,59,-374,767.96,2.24,640.52,0.08000000000000007,raise,0,0.5261020660400391
4,7,6,River,0,♦5 ♦A,♥A ♠Q ♥5 ♦7 ♥9,110,0.5409090909090909,0.49603802173650396,1870,118,130,1,12,-492,929.409090909091,2.245454545454545,648.1363636363635,0.08181818181818179,raise,0,0.520258903503418
