,N,Nnf,round,first,hole,board,Nsim,prWin,prWinStd,pot,bet,maxBet,NMaxBet,minBet,util_fold,util_call,util_raise_coeff,util_call2,util_raise_coeff2,action,amount,cputime
0,7,7,Deal,0,♥K ♦5,,70,0.1357142857142857,0.3372306181175108,0,40,146,1,106,-40,-7.300000000000011,-0.050000000000000044,-106.37142857142857,-0.7285714285714286,call,0,0.523608922958374
1,7,7,Deal,0,♥K ♦5,,155,0.14193548387096774,0.34433122983207476,0,146,207,4,61,-146,-1.335483870967721,-0.006451612903225823,-148.23870967741937,-0.7161290322580645,call,0,0.5233550071716309
2,7,7,Flop,0,♥K ♦5,♥J ♠7 ♣K,35,0.36666666666666664,0.45215533220835114,1035,0,40,1,40,-207,235.16666666666663,1.5666666666666664,161.83333333333331,-0.2666666666666667,raise,0,0.5292148590087891
3,7,6,Turn,1,♥K ♦5,♥J ♠7 ♣K ♣Q,5,0.6,0.37416573867739417,1395,0,0,7,40,-287,550.0,2.5999999999999996,550.0,0.19999999999999996,raise,0,0.5222339630126953
4,7,6,Turn,0,♥K ♦5,♥J ♠7 ♣K ♣Q,60,0.28888888888888886,0.43018801516902083,1395,40,43,2,3,-327,147.5333333333333,0.7333333333333332,97.84444444444438,-0.4222222222222223,raise,0,0.527040958404541
5,7,6,River,1,♥K ♦5,♥J ♠7 ♣K ♣Q ♠9,5,0.0,0.0,1669,0,0,7,40,-373,-373.0,-1.0,-373.0,-1.0,call,0,0.5244100093841553
6,7,6,River,0,♥K ♦5,♥J ♠7 ♣K ♣Q ♠9,45,0.08888888888888889,0.2643417167415626,1669,40,70,2,30,-413,-257.31111111111113,-0.4666666666666667,-282.2,-0.8222222222222222,call,0,0.5277550220489502
