,N,Nnf,round,first,hole,board,Nsim,prWin,prWinStd,pot,bet,maxBet,NMaxBet,minBet,util_fold,util_call,util_raise_coeff,util_call2,util_raise_coeff2,action,amount,cputime
0,8,7,Deal,0,♣J ♣9,,80,0.175,0.37165171868296265,0,20,58,2,38,-20,13.049999999999983,0.22499999999999987,-37.7,-0.65,raise,0,0.5304529666900635
1,8,7,Deal,0,♣J ♣9,,135,0.1925925925925926,0.38482889504771967,0,116,119,2,3,-116,41.42962962962963,0.3481481481481481,-73.16296296296296,-0.6148148148148148,raise,0,0.5273747444152832
