,N,Nnf,round,first,hole,board,Nsim,prWin,prWinStd,pot,bet,maxBet,NMaxBet,minBet,util_fold,util_call,util_raise_coeff,util_call2,util_raise_coeff2,action,amount,cputime
0,7,7,Deal,0,♣8 ♥9,,10,0.15,0.32015621187164245,0,0,40,1,40,0,2.0,0.050000000000000044,-28.0,-0.7,raise,0,0.5255510807037354
1,7,7,Deal,0,♣8 ♥9,,95,0.12781954887218044,0.32392841381433857,0,80,290,1,210,-80,-30.5263157894737,-0.10526315789473695,-215.86466165413535,-0.7443609022556391,call,0,0.5287389755249023
2,7,7,Flop,0,♣8 ♥9,♦J ♠8 ♥8,45,0.5888888888888889,0.47479690264936664,1450,0,80,1,80,-290,813.6666666666667,3.1222222222222227,578.1111111111111,0.1777777777777778,raise,0,0.5244481563568115
3,7,7,Turn,0,♣8 ♥9,♦J ♠8 ♥8 ♠J,50,0.4057142857142857,0.4429585137436227,2250,0,111,2,111,-450,667.0971428571429,1.8399999999999999,441.9257142857142,-0.1885714285714286,raise,0,0.5271859169006348
4,7,7,River,0,♣8 ♥9,♦J ♠8 ♥8 ♠J ♦2,50,0.49,0.474236228055175,3360,0,107,2,107,-672,1234.4099999999999,2.4299999999999997,972.2599999999998,-0.020000000000000018,raise,0,0.5221598148345947
