,N,Nnf,round,first,hole,board,Nsim,prWin,prWinStd,pot,bet,maxBet,NMaxBet,minBet,util_fold,util_call,util_raise_coeff,util_call2,util_raise_coeff2,action,amount,cputime
0,8,8,Deal,0,♥Q ♥8,,65,0.16666666666666669,0.35203923635246104,0,0,144,1,144,0,48.00000000000003,0.3333333333333335,-96.0,-0.6666666666666666,raise,0,0.5226531028747559
1,8,7,Deal,0,♥Q ♥8,,175,0.1769047619047619,0.369556178012874,0,288,1000,4,712,-288,238.33333333333326,0.23833333333333329,-646.1904761904761,-0.6461904761904762,raise,0,0.5260169506072998
