,N,Nnf,round,first,hole,board,Nsim,prWin,prWinStd,pot,bet,maxBet,NMaxBet,minBet,util_fold,util_call,util_raise_coeff,util_call2,util_raise_coeff2,action,amount,cputime
0,8,7,Deal,0,♣8 ♣A,,50,0.19666666666666666,0.37221558866394144,0,0,20,2,20,0,7.533333333333331,0.3766666666666665,-12.133333333333333,-0.6066666666666667,raise,0,0.5292837619781494
1,8,7,Deal,0,♣8 ♣A,,105,0.21746031746031744,0.3951584033893387,0,40,96,2,56,-40,50.133333333333326,0.5222222222222221,-54.247619047619054,-0.5650793650793651,raise,0,0.5236110687255859
2,8,7,Deal,0,♣8 ♣A,,160,0.2247395833333333,0.401524246313475,0,192,2425,2,2233,-192,1389.954427083333,0.5731770833333332,-1335.0130208333335,-0.5505208333333333,raise,0,0.5229911804199219
3,8,7,Flop,0,♣8 ♣A,♠8 ♥K ♣2,15,0.26666666666666666,0.44221663871405337,15037,0,29,1,29,-4850,-815.0,0.8666666666666667,-853.6666666666665,-0.4666666666666667,raise,0,0.5223219394683838
4,8,7,Flop,0,♣8 ♣A,♠8 ♥K ♣2,40,0.35,0.47696960070847283,15037,58,91,1,33,-4908,544.8999999999996,1.4499999999999997,385.64999999999964,-0.30000000000000004,raise,0,0.5223400592803955
5,8,7,Turn,0,♣8 ♣A,♠8 ♥K ♣2 ♣K,10,0.2,0.4000000000000001,15401,0,64,1,64,-5032,-1926.1999999999998,0.40000000000000013,-1990.1999999999998,-0.6,raise,0,0.5241789817810059
6,8,7,River,0,♣8 ♣A,♠8 ♥K ♣2 ♣K ♠A,10,0.15,0.32015621187164245,15657,0,66,1,66,-5160,-2808.15,0.050000000000000044,-2857.65,-0.7,raise,0,0.5223851203918457
