,N,Nnf,round,first,hole,board,Nsim,prWin,prWinStd,pot,bet,maxBet,NMaxBet,minBet,util_fold,util_call,util_raise_coeff,util_call2,util_raise_coeff2,action,amount,cputime
0,7,7,Deal,0,♣10 ♠J,,15,0.34285714285714286,0.465985898008574,0,0,20,1,20,0,28.0,1.4,-6.285714285714285,-0.3142857142857143,raise,0,0.5211429595947266
1,7,6,Deal,0,♣10 ♠J,,95,0.21729323308270676,0.4076228261083037,0,40,76,1,36,-40,23.085714285714275,0.30375939849624056,-42.971428571428575,-0.5654135338345865,raise,0,0.5213582515716553
2,7,6,Flop,0,♣10 ♠J,♦9 ♠A ♥J,15,0.16666666666666666,0.34960294939005054,628,0,51,1,51,-152,-47.33333333333334,0.0,-81.33333333333334,-0.6666666666666667,call,0,0.5322189331054688
3,7,6,Turn,0,♣10 ♠J,♦9 ♠A ♥J ♥8,15,0.2,0.4000000000000001,832,0,60,1,60,-203,-24.599999999999994,0.20000000000000018,-72.6,-0.6,raise,0,0.5263049602508545
4,7,6,Turn,0,♣10 ♠J,♦9 ♠A ♥J ♥8,70,0.15714285714285714,0.3539860483818248,832,120,130,1,10,-323,-79.68571428571431,-0.05714285714285716,-161.4,-0.6857142857142857,call,0,0.5286328792572021
5,7,6,Turn,0,♣10 ♠J,♦9 ♠A ♥J ♥8,125,0.192,0.3835831070315794,832,130,198,1,68,-333,-13.159999999999968,0.15200000000000014,-165.224,-0.616,raise,0,0.5212597846984863
6,7,6,River,0,♣10 ♠J,♦9 ♠A ♥J ♥8 ♦8,15,0.08888888888888888,0.257240820062005,2197,0,20,1,20,-599,-413.0444444444445,-0.4666666666666668,-420.15555555555557,-0.8222222222222222,call,0,0.5250918865203857
7,7,6,River,0,♣10 ♠J,♦9 ♠A ♥J ♥8 ♦8,55,0.07272727272727272,0.19270440115860177,2197,20,79,1,59,-619,-483.74545454545455,-0.5636363636363637,-506.72727272727275,-0.8545454545454545,call,0,0.5220661163330078
