,N,Nnf,round,first,hole,board,Nsim,prWin,prWinStd,pot,bet,maxBet,NMaxBet,minBet,util_fold,util_call,util_raise_coeff,util_call2,util_raise_coeff2,action,amount,cputime
0,7,7,Deal,0,♥2 ♦5,,95,0.1225563909774436,0.3218940919516491,0,80,315,4,235,-80,-44.76315789473688,-0.14210526315789485,-237.78947368421052,-0.7548872180451128,call,0,0.5222272872924805
1,7,7,Flop,1,♥2 ♦5,♥7 ♣9 ♣8,5,0.0,0.0,1628,0,0,7,80,-315,-315.0,-1.0,-315.0,-1.0,call,0,0.5305120944976807
2,7,7,Flop,0,♥2 ♦5,♥7 ♣9 ♣8,70,0.01,0.06358346595505109,1628,80,285,3,205,-395,-563.77,-0.9299999999999999,-578.02,-0.98,fold,0,0.5298821926116943
