,N,Nnf,round,first,hole,board,Nsim,prWin,prWinStd,pot,bet,maxBet,NMaxBet,minBet,util_fold,util_call,util_raise_coeff,util_call2,util_raise_coeff2,action,amount,cputime
0,7,7,Deal,0,♠8 ♦A,,60,0.18333333333333332,0.3647678104706548,0,10,154,1,144,-10,43.633333333333326,0.2833333333333332,-97.53333333333333,-0.6333333333333333,raise,0,0.5268311500549316
1,7,7,Flop,1,♠8 ♦A,♦J ♣6 ♠9,5,0.0,0.0,1540,0,0,7,20,-308,-308.0,-1.0,-308.0,-1.0,call,0,0.5227358341217041
2,7,7,Flop,0,♠8 ♦A,♦J ♣6 ♠9,85,0.047058823529411764,0.19738778512426486,1540,20,116,1,96,-328,-313.3176470588235,-0.6705882352941177,-340.61176470588236,-0.9058823529411765,call,0,0.5225811004638672
3,7,7,Flop,0,♠8 ♦A,♦J ♣6 ♠9,170,0.058823529411764705,0.2224431811904593,1540,116,256,1,140,-424,-368.0,-0.5882352941176471,-443.2941176470588,-0.8823529411764706,call,0,0.5299310684204102
4,7,7,Turn,1,♠8 ♦A,♦J ♣6 ♠9 ♦8,5,0.2,0.4000000000000001,2820,0,0,7,20,-564,0.0,0.40000000000000013,0.0,-0.6,raise,0,0.5278677940368652
5,7,7,Turn,0,♠8 ♦A,♦J ♣6 ♠9 ♦8,90,0.1388888888888889,0.34179085367271167,2820,20,134,1,114,-584,-176.05555555555554,-0.02777777777777768,-269.1111111111111,-0.7222222222222222,call,0,0.5266270637512207
6,7,7,Turn,0,♠8 ♦A,♦J ♣6 ♠9 ♦8,175,0.13428571428571429,0.33885762466841196,2820,134,140,2,6,-698,-193.71428571428567,-0.06000000000000005,-287.71428571428567,-0.7314285714285714,call,0,0.5269119739532471
7,7,7,River,1,♠8 ♦A,♦J ♣6 ♠9 ♦8 ♥10,5,0.0,0.0,3520,0,0,7,20,-704,-704.0,-1.0,-704.0,-1.0,call,0,0.519528865814209
8,7,6,River,0,♠8 ♦A,♦J ♣6 ♠9 ♦8 ♥10,85,0.0,0.0,3520,20,68,1,48,-724,-772.0,-1.0,-772.0,-1.0,fold,0,0.5277159214019775
