,N,Nnf,round,first,hole,board,Nsim,prWin,prWinStd,pot,bet,maxBet,NMaxBet,minBet,util_fold,util_call,util_raise_coeff,util_call2,util_raise_coeff2,action,amount,cputime
0,8,8,Deal,0,♣K ♥10,,60,0.11875,0.32066418701397464,0,20,210,1,190,-20,-10.5,-0.050000000000000044,-160.125,-0.7625,call,0,0.5277731418609619
1,8,8,Deal,0,♣K ♥10,,135,0.13518518518518519,0.3395434884094554,0,210,230,3,20,-210,18.740740740740733,0.08148148148148149,-167.8148148148148,-0.7296296296296296,raise,0,0.5301780700683594
2,8,8,Deal,0,♣K ♥10,,205,0.16707317073170733,0.36831186349666434,0,460,920,1,460,-460,309.65853658536594,0.3365853658536586,-612.5853658536585,-0.6658536585365853,raise,0,0.5269098281860352
