,N,Nnf,round,first,hole,board,Nsim,prWin,prWinStd,pot,bet,maxBet,NMaxBet,minBet,util_fold,util_call,util_raise_coeff,util_call2,util_raise_coeff2,action,amount,cputime
0,8,8,Deal,0,♦Q ♦5,,80,0.18958333333333333,0.38073736026295085,0,0,156,1,156,0,80.6,0.5166666666666666,-96.85,-0.6208333333333333,raise,0,0.5234191417694092
1,8,8,Flop,0,♦Q ♦5,♠5 ♣K ♦7,95,0.23157894736842105,0.4155562303821449,2496,0,100,7,100,-312,351.28421052631586,0.8526315789473684,212.33684210526314,-0.5368421052631579,raise,0,0.521176815032959
2,8,6,Turn,0,♦Q ♦5,♠5 ♣K ♦7 ♠8,40,0.075,0.26339134382131846,3896,0,69,4,69,-512,-257.75,-0.55,-278.45,-0.85,call,0,0.5256869792938232
3,8,6,Turn,0,♦Q ♦5,♠5 ♣K ♦7 ♠8,90,0.03888888888888889,0.1860074338087023,3896,69,132,2,63,-581,-461.68888888888887,-0.7666666666666666,-482.2222222222222,-0.9222222222222223,call,0,0.5231239795684814
4,8,6,Turn,0,♦Q ♦5,♠5 ♣K ♦7 ♠8,125,0.076,0.26119724347703216,3896,132,170,3,38,-644,-308.384,-0.544,-360.064,-0.848,call,0,0.5247299671173096
5,8,6,River,0,♦Q ♦5,♠5 ♣K ♦7 ♠8 ♦10,25,0.0,0.0,4716,0,30,2,30,-682,-712.0,-1.0,-712.0,-1.0,fold,0,0.5259380340576172
