,N,Nnf,round,first,hole,board,Nsim,prWin,prWinStd,pot,bet,maxBet,NMaxBet,minBet,util_fold,util_call,util_raise_coeff,util_call2,util_raise_coeff2,action,amount,cputime
0,8,7,Deal,0,♣4 ♦10,,95,0.12105263157894737,0.3221293420652495,0,20,69,4,49,-20,-10.531578947368416,-0.15263157894736845,-52.294736842105266,-0.7578947368421053,call,0,0.5221378803253174
1,8,7,Flop,1,♣4 ♦10,♠J ♠2 ♦9,5,0.0,0.0,493,0,0,8,20,-69,-69.0,-1.0,-69.0,-1.0,call,0,0.5238749980926514
2,8,6,Flop,0,♣4 ♦10,♠J ♠2 ♦9,75,0.0044444444444444444,0.038232556742411675,493,20,46,2,26,-89,-111.58222222222223,-0.9733333333333334,-112.4,-0.9911111111111112,fold,0,0.5306100845336914
