,N,Nnf,round,first,hole,board,Nsim,prWin,prWinStd,pot,bet,maxBet,NMaxBet,minBet,util_fold,util_call,util_raise_coeff,util_call2,util_raise_coeff2,action,amount,cputime
0,7,7,Deal,0,♣10 ♥8,,10,0.2,0.4000000000000001,0,0,40,1,40,0,16.0,0.40000000000000013,-24.0,-0.6,raise,0,0.5226719379425049
1,7,7,Deal,0,♣10 ♥8,,80,0.1392857142857143,0.3348202380931217,0,80,214,1,134,-80,-5.349999999999994,-0.02499999999999991,-154.3857142857143,-0.7214285714285714,call,0,0.5223052501678467
2,7,7,Deal,0,♣10 ♥8,,150,0.14761904761904762,0.34401260326013355,0,214,13021,1,12807,-214,434.03333333333467,0.03333333333333344,-9176.704761904763,-0.7047619047619047,raise,0,0.5239722728729248
