,N,Nnf,round,first,hole,board,Nsim,prWin,prWinStd,pot,bet,maxBet,NMaxBet,minBet,util_fold,util_call,util_raise_coeff,util_call2,util_raise_coeff2,action,amount,cputime
0,7,6,Deal,0,♣A ♣5,,40,0.2208333333333333,0.4003253884862496,0,0,20,1,20,0,6.4999999999999964,0.32499999999999973,-11.166666666666668,-0.5583333333333333,raise,0,0.5215790271759033
1,7,6,Deal,0,♣A ♣5,,85,0.22156862745098038,0.40129548001907156,0,40,95,1,55,-40,31.294117647058812,0.3294117647058823,-52.90196078431373,-0.5568627450980392,raise,0,0.5272350311279297
2,7,6,Flop,0,♣A ♣5,♣3 ♠4 ♦9,25,0.24,0.4270831300812524,570,0,35,2,35,-190,-37.80000000000001,0.43999999999999995,-71.4,-0.52,raise,0,0.5255019664764404
3,7,6,Turn,0,♣A ♣5,♣3 ♠4 ♦9 ♦7,25,0.12,0.32496153618543844,780,0,23,1,23,-260,-172.84,-0.28,-183.88,-0.76,call,0,0.5225570201873779
4,7,6,Turn,0,♣A ♣5,♣3 ♠4 ♦9 ♦7,65,0.17692307692307693,0.37653040770832047,780,23,84,1,61,-283,-116.83076923076922,0.06153846153846154,-176.27692307692308,-0.6461538461538461,raise,0,0.5290429592132568
5,7,6,River,0,♣A ♣5,♣3 ♠4 ♦9 ♦7 ♠6,25,0.6533333333333333,0.34292856398964494,1284,0,61,1,61,-428,589.0,2.92,429.5866666666667,0.30666666666666664,raise,0,0.5237371921539307
