,N,Nnf,round,first,hole,board,Nsim,prWin,prWinStd,pot,bet,maxBet,NMaxBet,minBet,util_fold,util_call,util_raise_coeff,util_call2,util_raise_coeff2,action,amount,cputime
0,7,6,Deal,0,♣3 ♣J,,55,0.22077922077922077,0.38939387923545316,0,0,49,1,49,0,15.909090909090907,0.3246753246753247,-27.363636363636363,-0.5584415584415585,raise,0,0.5230007171630859
1,7,6,Flop,0,♣3 ♣J,♦5 ♠6 ♣7,40,0.14250000000000002,0.3345799605475498,490,0,67,3,67,-98,-37.889999999999986,-0.1449999999999999,-76.08,-0.715,call,0,0.5265228748321533
2,7,6,Turn,0,♣3 ♣J,♦5 ♠6 ♣7 ♣Q,40,0.225,0.41758232721225164,825,0,79,1,79,-165,48.27499999999998,0.3500000000000001,-22.82499999999999,-0.55,raise,0,0.5272119045257568
3,7,6,River,0,♣3 ♣J,♦5 ♠6 ♣7 ♣Q ♠A,40,0.0,0.0,1615,0,33,1,33,-323,-356.0,-1.0,-356.0,-1.0,fold,0,0.5298786163330078
