,N,Nnf,round,first,hole,board,Nsim,prWin,prWinStd,pot,bet,maxBet,NMaxBet,minBet,util_fold,util_call,util_raise_coeff,util_call2,util_raise_coeff2,action,amount,cputime
0,8,8,Deal,0,♣A ♦Q,,50,0.16,0.36660605559646714,0,0,40,3,40,0,11.200000000000003,0.28,-27.2,-0.6799999999999999,raise,0,0.5246179103851318
1,8,7,Deal,0,♣A ♦Q,,135,0.21203703703703702,0.4054815592903753,0,80,190,2,110,-80,92.00925925925924,0.48425925925925917,-109.42592592592592,-0.575925925925926,raise,0,0.5233099460601807
2,8,7,Flop,0,♣A ♦Q,♣7 ♠5 ♠2,35,0.08571428571428572,0.27994168488950605,1560,0,134,1,134,-380,-299.88571428571424,-0.4,-357.3142857142857,-0.8285714285714285,call,0,0.5234417915344238
3,8,6,Flop,0,♣A ♦Q,♣7 ♠5 ♠2,75,0.08,0.2712931993250107,1560,134,258,2,124,-514,-389.36,-0.52,-471.92,-0.84,call,0,0.5234088897705078
4,8,6,Turn,0,♣A ♦Q,♣7 ♠5 ♠2 ♥6,25,0.04,0.19595917942265428,2434,0,147,2,147,-638,-652.36,-0.76,-675.88,-0.92,fold,0,0.525468111038208
