,N,Nnf,round,first,hole,board,Nsim,prWin,prWinStd,pot,bet,maxBet,NMaxBet,minBet,util_fold,util_call,util_raise_coeff,util_call2,util_raise_coeff2,action,amount,cputime
0,7,6,Deal,0,♠K ♥8,,65,0.2021978021978022,0.38953525236698916,0,40,86,2,46,-40,18.334065934065933,0.21318681318681332,-51.221978021978025,-0.5956043956043956,raise,0,0.5250637531280518
1,7,6,Deal,0,♠K ♥8,,105,0.19659863945578232,0.38062668292848073,0,172,236,2,64,-172,42.38367346938776,0.1795918367346938,-143.20544217687075,-0.6068027210884354,raise,0,0.5233101844787598
2,7,6,Flop,1,♠K ♥8,♦Q ♣6 ♥7,5,0.0,0.0,1436,0,0,7,40,-472,-472.0,-1.0,-472.0,-1.0,call,0,0.5222940444946289
3,7,6,Flop,0,♠K ♥8,♦Q ♣6 ♥7,45,0.06666666666666667,0.2494438257849294,1436,40,143,2,103,-512,-462.06666666666666,-0.6,-500.2,-0.8666666666666667,call,0,0.529163122177124
4,7,6,Turn,1,♠K ♥8,♦Q ♣6 ♥7 ♠7,5,0.06666666666666667,0.13333333333333333,1865,0,0,7,40,-615,-490.6666666666667,-0.6,-490.6666666666667,-0.8666666666666667,call,0,0.5216779708862305
5,7,6,Turn,0,♠K ♥8,♦Q ♣6 ♥7 ♠7,45,0.018518518518518517,0.0876456264162906,1865,40,116,1,76,-655,-683.5740740740741,-0.8888888888888888,-692.1666666666666,-0.962962962962963,fold,0,0.5223269462585449
