,N,Nnf,round,first,hole,board,Nsim,prWin,prWinStd,pot,bet,maxBet,NMaxBet,minBet,util_fold,util_call,util_raise_coeff,util_call2,util_raise_coeff2,action,amount,cputime
0,7,6,Deal,0,♣3 ♣9,,100,0.17,0.36891733491393436,0,20,68,2,48,-20,1.3599999999999994,0.020000000000000018,-44.879999999999995,-0.6599999999999999,raise,0,0.5247437953948975
1,7,6,Flop,1,♣3 ♣9,♠2 ♥5 ♦K,5,0.0,0.0,826,0,0,7,20,-136,-136.0,-1.0,-136.0,-1.0,call,0,0.5263338088989258
2,7,6,Flop,0,♣3 ♣9,♠2 ♥5 ♦K,80,0.0125,0.11110243021644486,826,20,2409,1,2389,-156,-2354.0,-0.925,-2474.45,-0.975,fold,0,0.5203361511230469
