,N,Nnf,round,first,hole,board,Nsim,prWin,prWinStd,pot,bet,maxBet,NMaxBet,minBet,util_fold,util_call,util_raise_coeff,util_call2,util_raise_coeff2,action,amount,cputime
0,7,7,Deal,0,♦A ♥6,,100,0.145,0.3412843389316304,0,20,73,5,53,-20,1.0949999999999989,0.014999999999999902,-51.83,-0.71,raise,0,0.5312418937683105
1,7,7,Deal,0,♦A ♥6,,210,0.17142857142857143,0.36728457520521257,0,146,292,1,146,-146,58.39999999999998,0.19999999999999996,-191.8857142857143,-0.6571428571428571,raise,0,0.5254158973693848
2,7,6,Flop,1,♦A ♥6,♠2 ♣5 ♥3,5,0.3,0.39999999999999997,3796,0,0,7,20,-584,554.8,0.7999999999999998,554.8,-0.4,raise,0,0.529569149017334
3,7,5,Flop,0,♦A ♥6,♠2 ♣5 ♥3,80,0.125,0.3010398644698074,3796,20,57,3,37,-604,-130.875,-0.375,-152.25,-0.75,call,0,0.5252089500427246
4,7,5,Flop,0,♦A ♥6,♠2 ♣5 ♥3,145,0.11494252873563217,0.29132886275753356,3796,57,88,4,31,-641,-185.10344827586215,-0.4252873563218391,-215.448275862069,-0.7701149425287357,call,0,0.5210151672363281
5,7,5,Turn,1,♦A ♥6,♠2 ♣5 ♥3 ♠K,5,0.1,0.20000000000000004,4236,0,0,7,20,-672,-248.39999999999998,-0.5,-248.39999999999998,-0.8,call,0,0.5251021385192871
6,7,5,Turn,0,♦A ♥6,♠2 ♣5 ♥3 ♠K,65,0.06153846153846154,0.22373907034229212,4236,20,78,4,58,-692,-465.3230769230769,-0.6923076923076923,-479.72307692307686,-0.8769230769230769,call,0,0.521496057510376
7,7,5,River,1,♦A ♥6,♠2 ♣5 ♥3 ♠K ♥A,5,0.0,0.0,4626,0,0,7,20,-750,-750.0,-1.0,-750.0,-1.0,call,0,0.5257217884063721
8,7,5,River,0,♦A ♥6,♠2 ♣5 ♥3 ♠K ♥A,65,0.06923076923076923,0.24615384615384614,4626,20,69,2,49,-770,-474.8538461538462,-0.6538461538461539,-489.18461538461537,-0.8615384615384616,call,0,0.5208709239959717
