,N,Nnf,round,first,hole,board,Nsim,prWin,prWinStd,pot,bet,maxBet,NMaxBet,minBet,util_fold,util_call,util_raise_coeff,util_call2,util_raise_coeff2,action,amount,cputime
0,7,6,Deal,0,♣9 ♦5,,55,0.13333333333333333,0.33393884397468876,0,80,160,2,80,-80,-32.0,-0.19999999999999996,-117.33333333333334,-0.7333333333333334,call,0,0.5249359607696533
1,7,6,Deal,0,♣9 ♦5,,95,0.12982456140350876,0.32460407495687554,0,160,320,1,160,-160,-70.73684210526318,-0.2210526315789474,-236.9122807017544,-0.7403508771929825,call,0,0.5271978378295898
2,7,6,Flop,1,♣9 ♦5,♣4 ♥5 ♦4,5,0.2,0.4000000000000001,838,0,0,7,160,-320,-152.39999999999998,0.20000000000000018,-152.39999999999998,-0.6,raise,0,0.5230522155761719
3,7,6,Turn,1,♣9 ♦5,♣4 ♥5 ♦4 ♠9,10,0.6,0.48989794855663565,1158,0,0,7,160,-480,214.79999999999995,2.5999999999999996,214.79999999999995,0.19999999999999996,raise,0,0.5291957855224609
4,7,6,Turn,0,♣9 ♦5,♣4 ♥5 ♦4 ♠9,35,0.5142857142857142,0.4997958767010257,1158,160,181,1,21,-640,493.0571428571427,2.0857142857142854,120.71428571428567,0.02857142857142847,raise,0,0.522568941116333
5,7,6,River,1,♣9 ♦5,♣4 ♥5 ♦4 ♠9 ♥9,5,1.0,0.0,1882,0,0,7,160,-842,1040.0,5.0,1040.0,1.0,raise,0,0.5179409980773926
6,7,6,River,0,♣9 ♦5,♣4 ♥5 ♦4 ♠9 ♥9,30,1.0,0.0,1882,160,230,1,70,-1002,2190.0,5.0,1270.0,1.0,raise,0,0.5277292728424072
7,7,6,River,0,♣9 ♦5,♣4 ♥5 ♦4 ♠9 ♥9,60,0.9833333333333333,0.12801909579781015,1882,460,685,1,225,-1302,4365.133333333333,4.8999999999999995,1670.7999999999997,0.9666666666666666,raise,0,0.5196788311004639
