,N,Nnf,round,first,hole,board,Nsim,prWin,prWinStd,pot,bet,maxBet,NMaxBet,minBet,util_fold,util_call,util_raise_coeff,util_call2,util_raise_coeff2,action,amount,cputime
0,7,6,Deal,0,♦7 ♦Q,,40,0.175,0.3799671038392666,0,0,40,1,40,0,2.0,0.04999999999999982,-26.0,-0.65,raise,0,0.5244500637054443
1,7,6,Deal,0,♦7 ♦Q,,95,0.17894736842105263,0.37638019323749733,0,80,130,1,50,-80,9.57894736842104,0.0736842105263158,-83.47368421052632,-0.6421052631578947,raise,0,0.528709888458252
2,7,6,Flop,0,♦7 ♦Q,♦4 ♥6 ♠J,25,0.08,0.2712931993250107,1040,0,128,2,128,-260,-243.36,-0.52,-284.32,-0.84,call,0,0.5271060466766357
