,N,Nnf,round,first,hole,board,Nsim,prWin,prWinStd,pot,bet,maxBet,NMaxBet,minBet,util_fold,util_call,util_raise_coeff,util_call2,util_raise_coeff2,action,amount,cputime
0,7,6,Deal,0,♠9 ♣Q,,70,0.11632653061224489,0.3064352143734137,0,80,169,1,89,-80,-51.044897959183686,-0.3020408163265307,-129.68163265306123,-0.7673469387755102,call,0,0.5311779975891113
1,7,6,Flop,1,♠9 ♣Q,♠2 ♦3 ♠3,5,0.06666666666666667,0.13333333333333333,547,0,0,7,80,-169,-132.53333333333333,-0.6,-132.53333333333333,-0.8666666666666667,call,0,0.5247459411621094
2,7,6,Flop,0,♠9 ♣Q,♠2 ♦3 ♠3,45,0.007407407407407407,0.04913518207933926,547,80,245,1,165,-249,-399.05925925925925,-0.9555555555555556,-406.31851851851854,-0.9851851851851852,fold,0,0.5258681774139404
