,N,Nnf,round,first,hole,board,Nsim,prWin,prWinStd,pot,bet,maxBet,NMaxBet,minBet,util_fold,util_call,util_raise_coeff,util_call2,util_raise_coeff2,action,amount,cputime
0,8,7,Deal,0,♦5 ♠5,,100,0.16125,0.36627133043687704,0,20,73,5,53,-20,9.398750000000007,0.12875000000000014,-49.457499999999996,-0.6775,raise,0,0.5239150524139404
1,8,7,Flop,1,♦5 ♠5,♠4 ♦J ♥9,5,0.0,0.0,1007,0,0,8,20,-146,-146.0,-1.0,-146.0,-1.0,call,0,0.5265040397644043
2,8,6,Flop,0,♦5 ♠5,♠4 ♦J ♥9,70,0.04285714285714286,0.20253495541082608,1007,20,755,2,735,-166,-663.7,-0.7428571428571429,-793.1285714285714,-0.9142857142857143,fold,0,0.5217969417572021
