,N,Nnf,round,first,hole,board,Nsim,prWin,prWinStd,pot,bet,maxBet,NMaxBet,minBet,util_fold,util_call,util_raise_coeff,util_call2,util_raise_coeff2,action,amount,cputime
0,8,7,Deal,0,♠4 ♠7,,60,0.16666666666666666,0.372677996249965,0,0,1000,2,1000,0,166.66666666666652,0.16666666666666652,-666.6666666666667,-0.6666666666666667,raise,0,0.5313529968261719
1,8,7,Flop,1,♠4 ♠7,♣7 ♥A ♦2,5,0.2,0.4000000000000001,9000,0,0,8,20,-2000,-200.0,0.40000000000000013,-200.0,-0.6,raise,0,0.522759199142456
2,8,7,Flop,0,♠4 ♠7,♣7 ♥A ♦2,30,0.11666666666666667,0.3077697552103231,9000,20,34,1,14,-2020,-956.2333333333333,-0.18333333333333335,-976.0666666666666,-0.7666666666666666,call,0,0.5273990631103516
3,8,7,Turn,1,♠4 ♠7,♣7 ♥A ♦2 ♠9,5,0.2,0.4000000000000001,9068,0,0,8,20,-2034,-220.39999999999986,0.40000000000000013,-220.39999999999986,-0.6,raise,0,0.5305981636047363
4,8,7,Turn,0,♠4 ♠7,♣7 ♥A ♦2 ♠9,30,0.06666666666666667,0.24944382578492943,9068,20,65,1,45,-2054,-1464.1333333333332,-0.5333333333333333,-1485.8000000000002,-0.8666666666666667,call,0,0.519834041595459
5,8,7,River,1,♠4 ♠7,♣7 ♥A ♦2 ♠9 ♦3,5,0.2,0.4,9198,0,0,8,20,-2099,-259.39999999999986,0.40000000000000013,-259.39999999999986,-0.6,raise,0,0.525446891784668
