,N,Nnf,round,first,hole,board,Nsim,prWin,prWinStd,pot,bet,maxBet,NMaxBet,minBet,util_fold,util_call,util_raise_coeff,util_call2,util_raise_coeff2,action,amount,cputime
0,7,7,Deal,0,♦J ♥A,,15,0.3,0.4396968652757639,0,0,80,1,80,0,88.0,1.1,-32.0,-0.4,raise,0,0.5207300186157227
1,7,7,Deal,0,♦J ♥A,,65,0.24615384615384617,0.4217461588268554,0,160,387,1,227,-160,279.8307692307692,0.7230769230769232,-196.47692307692307,-0.5076923076923077,raise,0,0.5296552181243896
2,7,7,Flop,0,♦J ♥A,♣A ♠J ♥10,25,0.56,0.4963869458396342,3096,0,285,1,285,-774,1791.9600000000005,2.9200000000000004,993.96,0.1200000000000001,raise,0,0.5288240909576416
3,7,7,Turn,0,♦J ♥A,♣A ♠J ♥10 ♣J,25,1.0,0.0,5376,0,302,1,302,-1344,5844.0,6.0,4334.0,1.0,raise,0,0.5218861103057861
4,7,7,River,0,♦J ♥A,♣A ♠J ♥10 ♣J ♦10,30,0.95,0.19790570145063197,7792,0,312,2,312,-1948,7217.199999999999,5.6499999999999995,5735.2,0.8999999999999999,raise,0,0.5251128673553467
