,N,Nnf,round,first,hole,board,Nsim,prWin,prWinStd,pot,bet,maxBet,NMaxBet,minBet,util_fold,util_call,util_raise_coeff,util_call2,util_raise_coeff2,action,amount,cputime
0,7,7,Deal,0,♣9 ♦5,,70,0.11904761904761903,0.3189054409572042,0,0,106,1,106,0,-17.666666666666686,-0.16666666666666685,-80.76190476190476,-0.761904761904762,fold,0,0.521949052810669
