,N,Nnf,round,first,hole,board,Nsim,prWin,prWinStd,pot,bet,maxBet,NMaxBet,minBet,util_fold,util_call,util_raise_coeff,util_call2,util_raise_coeff2,action,amount,cputime
0,8,7,Deal,0,♣A ♣4,,55,0.2545454545454545,0.39931070084919107,0,0,21,1,21,0,16.418181818181814,0.7818181818181817,-10.30909090909091,-0.49090909090909096,raise,0,0.5208077430725098
1,8,7,Deal,0,♣A ♣4,,130,0.22403846153846155,0.3905010404893618,0,42,62,3,20,-42,35.232692307692304,0.5682692307692307,-34.21923076923077,-0.551923076923077,raise,0,0.5221619606018066
2,8,7,Deal,0,♣A ♣4,,210,0.18313492063492065,0.36460680466505624,0,124,131,3,7,-124,36.934722222222234,0.28194444444444455,-83.01865079365079,-0.6337301587301587,raise,0,0.5273981094360352
3,8,7,Flop,0,♣A ♣4,♠J ♦9 ♥Q,45,0.03333333333333333,0.16329931618554516,1834,0,66,2,66,-262,-251.46666666666667,-0.7666666666666666,-262.4666666666667,-0.9333333333333333,call,0,0.5227611064910889
4,8,6,Flop,0,♣A ♣4,♠J ♦9 ♥Q,120,0.029166666666666667,0.1619649310464734,1834,66,86,2,20,-328,-279.4583333333333,-0.825,-289.4916666666667,-0.9416666666666667,call,0,0.5209300518035889
5,8,6,Turn,0,♣A ♣4,♠J ♦9 ♥Q ♦K,45,0.0962962962962963,0.26640934086451035,2350,0,75,1,75,-348,-153.37037037037038,-0.4222222222222223,-182.25925925925924,-0.8074074074074074,call,0,0.5285260677337646
6,8,6,Turn,0,♣A ♣4,♠J ♦9 ♥Q ♦K,115,0.07391304347826087,0.2275593083470218,2350,75,84,4,9,-423,-221.05217391304348,-0.5565217391304348,-245.8869565217391,-0.8521739130434782,call,0,0.5214657783508301
7,8,6,River,0,♣A ♣4,♠J ♦9 ♥Q ♦K ♣10,45,0.674074074074074,0.2580926131879162,2854,0,72,4,72,-432,1711.0074074074073,3.0444444444444443,1516.8740740740739,0.3481481481481481,raise,0,0.5320339202880859
