,N,Nnf,round,first,hole,board,Nsim,prWin,prWinStd,pot,bet,maxBet,NMaxBet,minBet,util_fold,util_call,util_raise_coeff,util_call2,util_raise_coeff2,action,amount,cputime
0,8,7,Deal,0,♥J ♦J,,45,0.24444444444444444,0.42975732457363813,0,0,20,1,20,0,14.222222222222221,0.711111111111111,-10.222222222222223,-0.5111111111111111,raise,0,0.5270168781280518
1,8,7,Deal,0,♥J ♦J,,145,0.2655172413793103,0.43965179173818564,0,40,69,1,29,-40,59.244827586206895,0.8586206896551722,-32.358620689655176,-0.46896551724137936,raise,0,0.5276870727539062
2,8,7,Flop,0,♥J ♦J,♦5 ♥7 ♠2,30,0.16666666666666666,0.37267799624996495,966,0,20,2,20,-138,26.333333333333343,0.16666666666666652,9.666666666666657,-0.6666666666666667,raise,0,0.5242762565612793
3,8,6,Flop,0,♥J ♦J,♦5 ♥7 ♠2,125,0.272,0.4449898875255481,966,40,68,4,28,-178,167.728,0.6320000000000001,93.74400000000003,-0.45599999999999996,raise,0,0.5219659805297852
4,8,6,Flop,0,♥J ♦J,♦5 ♥7 ♠2,210,0.2619047619047619,0.43967107887189016,966,136,138,2,2,-274,193.8571428571429,0.5714285714285716,49.28571428571428,-0.47619047619047616,raise,0,0.5256941318511963
5,8,6,Turn,0,♥J ♦J,♦5 ♥7 ♠2 ♥2,30,0.23333333333333334,0.4229525846816506,2622,0,66,1,66,-414,224.19999999999993,0.3999999999999999,162.5999999999999,-0.5333333333333333,raise,0,0.5265789031982422
6,8,6,River,0,♥J ♦J,♦5 ♥7 ♠2 ♥2 ♦K,15,0.06666666666666667,0.24944382578492943,3236,0,33,1,33,-546,-350.0666666666667,-0.6,-358.8666666666667,-0.8666666666666667,call,0,0.5260002613067627
7,8,6,River,0,♥J ♦J,♦5 ♥7 ♠2 ♥2 ♦K,75,0.05333333333333334,0.22469732728470287,3236,33,60,1,27,-579,-414.2133333333333,-0.6799999999999999,-427.0133333333333,-0.8933333333333333,call,0,0.5234689712524414
