,N,Nnf,round,first,hole,board,Nsim,prWin,prWinStd,pot,bet,maxBet,NMaxBet,minBet,util_fold,util_call,util_raise_coeff,util_call2,util_raise_coeff2,action,amount,cputime
0,8,8,Deal,0,♦4 ♦K,,80,0.14791666666666664,0.33746784826278053,0,10,138,1,128,-10,25.299999999999983,0.18333333333333313,-97.17500000000001,-0.7041666666666667,raise,0,0.5252652168273926
1,8,8,Flop,1,♦4 ♦K,♠K ♠A ♦9,5,0.2,0.4000000000000001,1932,0,0,8,20,-276,110.40000000000003,0.6000000000000001,110.40000000000003,-0.6,raise,0,0.5262720584869385
2,8,6,Flop,0,♦4 ♦K,♠K ♠A ♦9,95,0.18947368421052632,0.3711925827895885,1932,20,75,2,55,-296,100.32631578947371,0.13684210526315788,43.48421052631579,-0.6210526315789473,raise,0,0.5222609043121338
3,8,6,Turn,1,♦4 ♦K,♠K ♠A ♦9 ♠8,5,0.0,0.0,2682,0,0,8,20,-426,-426.0,-1.0,-426.0,-1.0,call,0,0.52335524559021
4,8,6,Turn,0,♦4 ♦K,♠K ♠A ♦9 ♠8,55,0.06363636363636363,0.23460887091934432,2682,20,73,3,53,-446,-300.4545454545455,-0.6181818181818182,-319.03636363636366,-0.8727272727272728,call,0,0.5199847221374512
5,8,6,Turn,0,♦4 ♦K,♠K ♠A ♦9 ♠8,110,0.07272727272727272,0.25078389498424947,2682,73,77,4,4,-499,-274.3454545454546,-0.5636363636363637,-296.74545454545455,-0.8545454545454545,call,0,0.5254769325256348
6,8,6,River,1,♦4 ♦K,♠K ♠A ♦9 ♠8 ♥A,5,0.3,0.39999999999999997,3067,0,0,8,20,-503,417.1,0.7999999999999998,417.1,-0.4,raise,0,0.5305500030517578
7,8,5,River,0,♦4 ♦K,♠K ♠A ♦9 ♠8 ♥A,55,0.11515151515151514,0.28225772175018227,3067,20,71,3,51,-523,-179.9515151515152,-0.4242424242424243,-204.4787878787879,-0.7696969696969698,call,0,0.5159912109375
