,N,Nnf,round,first,hole,board,Nsim,prWin,prWinStd,pot,bet,maxBet,NMaxBet,minBet,util_fold,util_call,util_raise_coeff,util_call2,util_raise_coeff2,action,amount,cputime
0,8,7,Deal,0,♦K ♣Q,,90,0.13333333333333333,0.339934634239519,0,10,60,1,50,-10,-4.0,-0.06666666666666665,-44.0,-0.7333333333333334,call,0,0.5262670516967773
1,8,7,Deal,0,♦K ♣Q,,165,0.17954545454545454,0.3809604362587936,0,60,117,3,57,-60,30.047727272727258,0.25681818181818183,-74.98636363636365,-0.6409090909090909,raise,0,0.5206539630889893
2,8,7,Flop,1,♦K ♣Q,♠9 ♠J ♠3,5,0.0,0.0,1638,0,0,8,20,-234,-234.0,-1.0,-234.0,-1.0,call,0,0.5244946479797363
3,8,7,Flop,0,♦K ♣Q,♠9 ♠J ♠3,80,0.0953125,0.2858948055557323,1638,20,78,1,58,-254,-103.83750000000003,-0.33281250000000007,-141.009375,-0.809375,call,0,0.5252048969268799
4,8,7,Flop,0,♦K ♣Q,♠9 ♠J ♠3,150,0.11083333333333334,0.3100862335258085,1638,78,133,1,55,-312,-82.26916666666665,-0.22416666666666663,-155.9733333333333,-0.7783333333333333,call,0,0.5230510234832764
5,8,7,Turn,1,♦K ♣Q,♠9 ♠J ♠3 ♥3,5,0.2,0.4,2569,0,0,8,20,-367,146.80000000000007,0.40000000000000013,146.80000000000007,-0.6,raise,0,0.5237390995025635
6,8,7,Turn,0,♦K ♣Q,♠9 ♠J ♠3 ♥3,80,0.08125,0.2674386611916833,2569,20,69,3,49,-387,-188.02499999999998,-0.43125,-216.05624999999998,-0.8375,call,0,0.5253901481628418
7,8,7,Turn,0,♦K ♣Q,♠9 ♠J ♠3 ♥3,155,0.09032258064516129,0.28096014952150555,2569,69,633,1,564,-436,-367.741935483871,-0.367741935483871,-653.6129032258065,-0.8193548387096774,call,0,0.520880937576294
