,N,Nnf,round,first,hole,board,Nsim,prWin,prWinStd,pot,bet,maxBet,NMaxBet,minBet,util_fold,util_call,util_raise_coeff,util_call2,util_raise_coeff2,action,amount,cputime
0,8,7,Deal,0,♦J ♥K,,50,0.25,0.42720018726587655,0,0,49,1,49,0,36.75,0.75,-24.5,-0.5,raise,0,0.5295290946960449
1,8,7,Flop,0,♦J ♥K,♦10 ♠7 ♣J,35,0.2,0.4000000000000001,588,0,20,3,20,-98,27.600000000000023,0.40000000000000013,7.6000000000000085,-0.6,raise,0,0.5314528942108154
2,8,7,Flop,0,♦J ♥K,♦10 ♠7 ♣J,105,0.22857142857142856,0.4199125273342591,588,40,53,2,13,-138,68.19999999999999,0.5999999999999999,7.628571428571433,-0.5428571428571429,raise,0,0.526331901550293
3,8,7,Flop,0,♦J ♥K,♦10 ♠7 ♣J,170,0.22647058823529412,0.41678660326881894,588,106,2996,2,2890,-204,1788.7058823529405,0.5852941176470587,-1603.8235294117646,-0.5470588235294118,raise,0,0.5240018367767334
