,N,Nnf,round,first,hole,board,Nsim,prWin,prWinStd,pot,bet,maxBet,NMaxBet,minBet,util_fold,util_call,util_raise_coeff,util_call2,util_raise_coeff2,action,amount,cputime
0,7,6,Deal,0,♠7 ♠4,,65,0.18681318681318682,0.38733730725380583,0,0,63,2,63,0,7.615384615384613,0.1208791208791209,-39.46153846153846,-0.6263736263736264,raise,0,0.5213809013366699
1,7,5,Flop,0,♠7 ♠4,♦9 ♣2 ♥J,55,0.01818181818181818,0.133608531424537,630,0,70,2,70,-126,-178.1818181818182,-0.9090909090909091,-182.0,-0.9636363636363636,fold,0,0.5250718593597412
