,N,Nnf,round,first,hole,board,Nsim,prWin,prWinStd,pot,bet,maxBet,NMaxBet,minBet,util_fold,util_call,util_raise_coeff,util_call2,util_raise_coeff2,action,amount,cputime
0,7,6,Deal,0,♠5 ♦4,,65,0.13296703296703297,0.33099368092089626,0,0,58,2,58,0,-11.727472527472528,-0.20219780219780215,-42.575824175824174,-0.7340659340659341,fold,0,0.5248639583587646
