,N,Nnf,round,first,hole,board,Nsim,prWin,prWinStd,pot,bet,maxBet,NMaxBet,minBet,util_fold,util_call,util_raise_coeff,util_call2,util_raise_coeff2,action,amount,cputime
0,7,6,Deal,0,♣8 ♣2,,45,0.12222222222222222,0.30102704853653484,0,0,40,1,40,0,-10.666666666666671,-0.2666666666666667,-30.22222222222222,-0.7555555555555555,fold,0,0.5286080837249756
