,N,Nnf,round,first,hole,board,Nsim,prWin,prWinStd,pot,bet,maxBet,NMaxBet,minBet,util_fold,util_call,util_raise_coeff,util_call2,util_raise_coeff2,action,amount,cputime
0,7,6,Deal,0,♣A ♦J,,45,0.2587301587301587,0.42838326263136833,0,0,20,1,20,0,11.047619047619044,0.5523809523809522,-9.650793650793652,-0.4825396825396826,raise,0,0.5299341678619385
1,7,6,Deal,0,♣A ♦J,,120,0.2511904761904762,0.42277663058059317,0,40,73,5,33,-40,37.02142857142857,0.5071428571428571,-36.326190476190476,-0.4976190476190476,raise,0,0.5278997421264648
2,7,6,Deal,0,♣A ♦J,,190,0.23233082706766914,0.4120849532632506,0,146,150,4,4,-146,59.0977443609022,0.39398496240601477,-80.30075187969926,-0.5353383458646617,raise,0,0.5262291431427002
3,7,6,Flop,0,♣A ♦J,♠9 ♣8 ♦3,30,0.03333333333333333,0.1795054935711501,1800,0,51,1,51,-300,-280.8,-0.8,-287.6,-0.9333333333333333,call,0,0.52164626121521
4,7,6,Flop,0,♣A ♦J,♠9 ♣8 ♦3,105,0.09523809523809523,0.28531718436086173,1800,51,62,2,11,-351,-155.14285714285717,-0.4285714285714286,-178.7619047619048,-0.8095238095238095,call,0,0.5252780914306641
5,7,6,Turn,0,♣A ♦J,♠9 ♣8 ♦3 ♠6,30,0.05,0.19790570145063194,2172,0,50,1,50,-362,-288.4,-0.7,-298.4,-0.9,call,0,0.5214698314666748
6,7,6,Turn,0,♣A ♦J,♠9 ♣8 ♦3 ♠6,105,0.03333333333333333,0.1727462585449243,2172,50,108,1,58,-412,-376.0,-0.8,-390.4,-0.9333333333333333,call,0,0.5219218730926514
7,7,6,River,0,♣A ♦J,♠9 ♣8 ♦3 ♠6 ♠10,30,0.0,0.0,2820,0,62,2,62,-470,-532.0,-1.0,-532.0,-1.0,fold,0,0.5240950584411621
