,N,Nnf,round,first,hole,board,Nsim,prWin,prWinStd,pot,bet,maxBet,NMaxBet,minBet,util_fold,util_call,util_raise_coeff,util_call2,util_raise_coeff2,action,amount,cputime
0,8,8,Deal,0,♦6 ♦9,,10,0.2,0.4000000000000001,0,0,80,1,80,0,48.0,0.6000000000000001,-48.0,-0.6,raise,0,0.5249028205871582
1,8,8,Deal,0,♦6 ♦9,,85,0.1411764705882353,0.3482034961634998,0,160,320,1,160,-160,41.41176470588232,0.12941176470588234,-229.64705882352942,-0.7176470588235294,raise,0,0.5223789215087891
2,8,7,Flop,0,♦6 ♦9,♣8 ♦J ♥10,15,0.13333333333333333,0.33993463423951903,2880,0,80,1,80,-640,-261.33333333333337,-0.06666666666666665,-314.6666666666667,-0.7333333333333334,call,0,0.5323357582092285
3,8,7,Flop,0,♦6 ♦9,♣8 ♦J ♥10,60,0.16666666666666666,0.34960294939005054,2880,80,314,2,234,-720,-107.66666666666674,0.16666666666666652,-369.33333333333337,-0.6666666666666667,raise,0,0.5282270908355713
4,8,7,Turn,0,♦6 ♦9,♣8 ♦J ♥10 ♣5,10,0.1,0.30000000000000004,5392,0,278,1,278,-1268,-812.1999999999999,-0.29999999999999993,-951.1999999999999,-0.8,call,0,0.5264360904693604
5,8,7,River,0,♦6 ♦9,♣8 ♦J ♥10 ♣5 ♣2,15,0.0,0.0,6504,0,80,1,80,-1546,-1626.0,-1.0,-1626.0,-1.0,fold,0,0.5225541591644287
