,N,Nnf,round,first,hole,board,Nsim,prWin,prWinStd,pot,bet,maxBet,NMaxBet,minBet,util_fold,util_call,util_raise_coeff,util_call2,util_raise_coeff2,action,amount,cputime
0,8,8,Deal,0,♦J ♦A,,110,0.23636363636363636,0.40099737913311284,0,20,148,1,128,-20,131.85454545454547,0.8909090909090909,-78.03636363636363,-0.5272727272727273,raise,0,0.5244958400726318
1,8,8,Deal,0,♦J ♦A,,215,0.2387596899224806,0.4102643146608556,0,296,592,1,296,-296,538.7658914728681,0.9100775193798447,-309.30852713178297,-0.5224806201550388,raise,0,0.5239899158477783
