,N,Nnf,round,first,hole,board,Nsim,prWin,prWinStd,pot,bet,maxBet,NMaxBet,minBet,util_fold,util_call,util_raise_coeff,util_call2,util_raise_coeff2,action,amount,cputime
0,7,6,Deal,0,♠8 ♦K,,65,0.16923076923076924,0.36455371110993184,0,40,53,2,13,-40,0.815384615384616,0.01538461538461533,-35.06153846153846,-0.6615384615384615,raise,0,0.5196919441223145
1,7,6,Flop,1,♠8 ♦K,♠7 ♠3 ♥8,5,0.0,0.0,338,0,0,7,40,-106,-106.0,-1.0,-106.0,-1.0,call,0,0.5270867347717285
2,7,6,Flop,0,♠8 ♦K,♠7 ♠3 ♥8,45,0.25555555555555554,0.4166296279833927,338,40,92,2,52,-146,29.44444444444443,0.5333333333333332,-64.60000000000002,-0.48888888888888893,raise,0,0.5216019153594971
3,7,6,Flop,0,♠8 ♦K,♠7 ♠3 ♥8,85,0.28823529411764703,0.4296131679178874,338,184,201,2,17,-290,138.03529411764703,0.7294117647058822,-93.70588235294119,-0.42352941176470593,raise,0,0.5240120887756348
4,7,6,Turn,1,♠8 ♦K,♠7 ♠3 ♥8 ♦7,5,0.2,0.4000000000000001,1544,0,0,7,40,-508,-199.2,0.20000000000000018,-199.2,-0.6,raise,0,0.5212740898132324
5,7,6,River,1,♠8 ♦K,♠7 ♠3 ♥8 ♦7 ♥K,5,0.4,0.48989794855663565,1664,0,0,7,40,-548,117.60000000000002,1.4000000000000004,117.60000000000002,-0.19999999999999996,raise,0,0.5282778739929199
6,7,6,River,0,♠8 ♦K,♠7 ♠3 ♥8 ♦7 ♥K,45,0.5222222222222223,0.4939135726865082,1664,40,130,1,90,-588,598.3111111111111,2.1333333333333337,326.7555555555557,0.04444444444444451,raise,0,0.5229802131652832
