,N,Nnf,round,first,hole,board,Nsim,prWin,prWinStd,pot,bet,maxBet,NMaxBet,minBet,util_fold,util_call,util_raise_coeff,util_call2,util_raise_coeff2,action,amount,cputime
0,8,7,Deal,0,♣3 ♦8,,90,0.07222222222222222,0.25343321617682324,0,10,67,2,57,-10,-33.12777777777778,-0.49444444444444446,-57.32222222222222,-0.8555555555555556,fold,0,0.5244269371032715
