,N,Nnf,round,first,hole,board,Nsim,prWin,prWinStd,pot,bet,maxBet,NMaxBet,minBet,util_fold,util_call,util_raise_coeff,util_call2,util_raise_coeff2,action,amount,cputime
0,7,7,Deal,0,♦10 ♥Q,,65,0.23076923076923078,0.41209523803011916,0,20,266,1,246,-20,163.69230769230774,0.6153846153846154,-143.23076923076923,-0.5384615384615384,raise,0,0.5291619300842285
1,7,7,Flop,1,♦10 ♥Q,♦9 ♥A ♣5,5,0.2,0.4,2142,0,0,7,40,-532,-103.59999999999997,0.40000000000000013,-103.59999999999997,-0.6,raise,0,0.5259439945220947
2,7,7,Flop,0,♦10 ♥Q,♦9 ♥A ♣5,45,0.1111111111111111,0.3142696805273545,2142,40,59,2,19,-572,-307.1111111111111,-0.22222222222222232,-339.8888888888889,-0.7777777777777778,call,0,0.52836012840271
3,7,7,Turn,1,♦10 ♥Q,♦9 ♥A ♣5 ♣J,5,0.4,0.48989794855663565,2319,0,0,7,40,-591,336.6,1.8000000000000003,336.6,-0.19999999999999996,raise,0,0.529508113861084
4,7,7,Turn,0,♦10 ♥Q,♦9 ♥A ♣5 ♣J,45,0.1111111111111111,0.3142696805273545,2319,40,146,2,106,-631,-365.7777777777778,-0.22222222222222232,-446.8888888888889,-0.7777777777777778,call,0,0.5258650779724121
5,7,7,River,1,♦10 ♥Q,♦9 ♥A ♣5 ♣J ♠4,5,0.0,0.0,2757,0,0,7,40,-737,-737.0,-1.0,-737.0,-1.0,call,0,0.5261268615722656
6,7,7,River,0,♦10 ♥Q,♦9 ♥A ♣5 ♣J ♠4,45,0.0,0.0,2757,40,157,2,117,-777,-894.0,-1.0,-894.0,-1.0,fold,0,0.5289158821105957
