,N,Nnf,round,first,hole,board,Nsim,prWin,prWinStd,pot,bet,maxBet,NMaxBet,minBet,util_fold,util_call,util_raise_coeff,util_call2,util_raise_coeff2,action,amount,cputime
0,8,6,Deal,0,♦K ♣Q,,100,0.15,0.3570714214271425,0,20,26,3,6,-20,-2.6000000000000014,-0.10000000000000009,-18.2,-0.7,call,0,0.524367094039917
1,8,6,Deal,0,♦K ♣Q,,170,0.1801470588235294,0.38154963691835164,0,26,97,1,71,-26,7.845588235294116,0.0808823529411764,-62.0514705882353,-0.6397058823529411,raise,0,0.5230939388275146
2,8,6,Flop,1,♦K ♣Q,♠4 ♣2 ♦A,5,0.0,0.0,1174,0,0,8,20,-194,-194.0,-1.0,-194.0,-1.0,call,0,0.5237572193145752
3,8,5,Flop,0,♦K ♣Q,♠4 ♣2 ♦A,65,0.10384615384615385,0.2938219885351428,1174,20,68,3,48,-214,-104.77692307692305,-0.4807692307692307,-125.96153846153845,-0.7923076923076923,call,0,0.5235998630523682
4,8,5,Flop,0,♦K ♣Q,♠4 ♣2 ♦A,105,0.08333333333333333,0.26874192494328497,1174,68,93,4,25,-262,-150.41666666666669,-0.5833333333333334,-173.66666666666669,-0.8333333333333334,call,0,0.5210371017456055
5,8,5,Turn,1,♦K ♣Q,♠4 ♣2 ♦A ♥5,5,0.0,0.0,1639,0,0,8,20,-287,-287.0,-1.0,-287.0,-1.0,call,0,0.5285248756408691
6,8,5,Turn,0,♦K ♣Q,♠4 ♣2 ♦A ♥5,45,0.007619047619047619,0.03583788137567006,1639,20,42,1,22,-307,-314.91238095238094,-0.9619047619047619,-315.872380952381,-0.9847619047619047,fold,0,0.5250959396362305
