,N,Nnf,round,first,hole,board,Nsim,prWin,prWinStd,pot,bet,maxBet,NMaxBet,minBet,util_fold,util_call,util_raise_coeff,util_call2,util_raise_coeff2,action,amount,cputime
0,7,7,Deal,0,♣5 ♥A,,55,0.21471861471861473,0.3978785971218328,0,20,254,1,234,-20,127.76969696969701,0.5030303030303032,-144.92294372294373,-0.5705627705627705,raise,0,0.5271549224853516
1,7,6,Flop,1,♣5 ♥A,♥2 ♥9 ♠J,5,0.2,0.4000000000000001,1778,0,0,7,40,-508,-152.39999999999998,0.20000000000000018,-152.39999999999998,-0.6,raise,0,0.5293328762054443
2,7,6,Flop,0,♣5 ♥A,♥2 ♥9 ♠J,50,0.13,0.3287856444554719,1778,40,93,1,53,-548,-297.32,-0.21999999999999997,-345.67999999999995,-0.74,call,0,0.524111270904541
3,7,6,Flop,0,♣5 ♥A,♥2 ♥9 ♠J,90,0.1111111111111111,0.30530292586742414,1778,93,133,1,40,-601,-354.7777777777778,-0.33333333333333337,-413.8888888888889,-0.7777777777777778,call,0,0.5284721851348877
4,7,6,Turn,1,♣5 ♥A,♥2 ♥9 ♠J ♠7,5,0.0,0.0,2177,0,0,7,40,-641,-641.0,-1.0,-641.0,-1.0,call,0,0.527684211730957
5,7,6,Turn,0,♣5 ♥A,♥2 ♥9 ♠J ♠7,45,0.007407407407407407,0.04913518207933926,2177,40,158,1,118,-681,-775.8518518518518,-0.9555555555555556,-780.5333333333333,-0.9851851851851852,fold,0,0.52388596534729
