,N,Nnf,round,first,hole,board,Nsim,prWin,prWinStd,pot,bet,maxBet,NMaxBet,minBet,util_fold,util_call,util_raise_coeff,util_call2,util_raise_coeff2,action,amount,cputime
0,7,6,Deal,0,♦6 ♠7,,55,0.12727272727272726,0.31934851036818723,0,80,160,2,80,-80,-37.81818181818184,-0.23636363636363644,-119.27272727272728,-0.7454545454545455,call,0,0.5235841274261475
1,7,6,Deal,0,♦6 ♠7,,95,0.15789473684210525,0.35735253045827275,0,160,399,1,239,-160,-21.0,-0.052631578947368474,-273.0,-0.6842105263157895,call,0,0.5227169990539551
2,7,6,Deal,0,♦6 ♠7,,135,0.14814814814814814,0.3499951008867393,0,399,757,1,358,-399,-84.1111111111112,-0.11111111111111116,-532.7037037037037,-0.7037037037037037,call,0,0.5274291038513184
3,7,6,Flop,1,♦6 ♠7,♥4 ♠6 ♦5,5,0.2,0.4000000000000001,2271,0,0,7,160,-757,-302.79999999999995,0.20000000000000018,-302.79999999999995,-0.6,raise,0,0.5251812934875488
4,7,5,Flop,0,♦6 ♠7,♥4 ♠6 ♦5,45,0.11666666666666667,0.3144660377352201,2271,160,268,1,108,-917,-603.7166666666667,-0.41666666666666663,-697.5166666666667,-0.7666666666666666,call,0,0.5255928039550781
