,N,Nnf,round,first,hole,board,Nsim,prWin,prWinStd,pot,bet,maxBet,NMaxBet,minBet,util_fold,util_call,util_raise_coeff,util_call2,util_raise_coeff2,action,amount,cputime
0,7,6,Deal,0,♦6 ♦5,,50,0.18,0.38418745424597095,0,0,45,1,45,0,3.5999999999999943,0.08000000000000007,-28.8,-0.64,raise,0,0.530275821685791
1,7,6,Flop,0,♦6 ♦5,♥5 ♦4 ♥10,40,0.15,0.3391164991562634,540,0,42,3,42,-90,-13.200000000000003,-0.10000000000000009,-38.400000000000006,-0.7,call,0,0.522636890411377
2,7,6,Flop,0,♦6 ♦5,♥5 ♦4 ♥10,120,0.1375,0.3225064598836226,540,42,111,1,69,-132,-35.17500000000001,-0.17499999999999993,-96.225,-0.725,call,0,0.5245130062103271
3,7,6,Turn,0,♦6 ♦5,♥5 ♦4 ♥10 ♥3,40,0.05,0.18708286933869706,1206,0,56,2,56,-201,-179.89999999999998,-0.7,-191.1,-0.9,call,0,0.5256812572479248
4,7,6,Turn,0,♦6 ♦5,♥5 ♦4 ♥10 ♥3,120,0.058333333333333334,0.22530843057659625,1206,56,105,3,49,-257,-198.9,-0.65,-223.4,-0.8833333333333333,call,0,0.5304291248321533
5,7,6,River,0,♦6 ♦5,♥5 ♦4 ♥10 ♥3 ♣5,40,0.45,0.49749371855331,1836,0,67,1,67,-306,634.1,1.7000000000000002,513.5,-0.09999999999999998,raise,0,0.5266227722167969
