,N,Nnf,round,first,hole,board,Nsim,prWin,prWinStd,pot,bet,maxBet,NMaxBet,minBet,util_fold,util_call,util_raise_coeff,util_call2,util_raise_coeff2,action,amount,cputime
0,8,7,Deal,0,♣J ♣9,,85,0.16470588235294117,0.36289874859263954,0,0,59,2,59,0,9.023529411764699,0.15294117647058814,-39.56470588235294,-0.6705882352941177,raise,0,0.5225191116333008
1,8,7,Deal,0,♣J ♣9,,160,0.1875,0.38222212128551636,0,118,133,1,15,-118,41.5625,0.3125,-83.125,-0.625,raise,0,0.5282118320465088
2,8,7,Flop,0,♣J ♣9,♣5 ♣2 ♠4,65,0.3384615384615385,0.4731863538224523,1862,0,100,3,100,-266,501.13846153846157,1.3692307692307693,331.9076923076924,-0.32307692307692304,raise,0,0.5277249813079834
3,8,7,Turn,0,♣J ♣9,♣5 ♣2 ♠4 ♥3,30,0.24833333333333335,0.41842628449412156,2770,0,100,3,100,-466,295.7166666666667,0.7383333333333335,171.54999999999995,-0.5033333333333333,raise,0,0.523853063583374
4,8,6,River,0,♣J ♣9,♣5 ♣2 ♠4 ♥3 ♣Q,25,0.8,0.4,3470,0,100,2,100,-666,2490.0,3.8000000000000007,2170.0,0.6000000000000001,raise,0,0.5244650840759277
