,N,Nnf,round,first,hole,board,Nsim,prWin,prWinStd,pot,bet,maxBet,NMaxBet,minBet,util_fold,util_call,util_raise_coeff,util_call2,util_raise_coeff2,action,amount,cputime
0,8,8,Deal,0,♣J ♦A,,50,0.16666666666666663,0.35276684147527876,0,0,74,1,74,0,24.666666666666643,0.33333333333333304,-49.33333333333334,-0.6666666666666667,raise,0,0.5265071392059326
1,8,8,Deal,0,♣J ♦A,,160,0.15833333333333333,0.34550687402713137,0,148,296,1,148,-148,78.93333333333334,0.2666666666666666,-202.26666666666665,-0.6833333333333333,raise,0,0.5226807594299316
2,8,7,Flop,0,♣J ♦A,♣3 ♦4 ♠5,65,0.1346153846153846,0.3313054687285851,4462,0,50,2,50,-592,5.769230769230717,-0.05769230769230771,-27.884615384615472,-0.7307692307692308,call,0,0.5276510715484619
3,8,6,Flop,0,♣J ♦A,♣3 ♦4 ♠5,130,0.08038461538461537,0.25962222213218206,4462,50,72,2,22,-642,-270.59769230769234,-0.5176923076923078,-293.7484615384616,-0.8392307692307692,call,0,0.5227010250091553
4,8,6,Flop,0,♣J ♦A,♣3 ♦4 ♠5,190,0.08921052631578948,0.2747283977326982,4462,72,100,4,28,-664,-240.41631578947369,-0.4647368421052631,-276.10052631578947,-0.8215789473684211,call,0,0.5275707244873047
5,8,6,Turn,0,♣J ♦A,♣3 ♦4 ♠5 ♣K,25,0.1,0.282842712474619,4962,0,61,1,61,-692,-220.19999999999993,-0.3999999999999999,-244.59999999999997,-0.8,call,0,0.5293498039245605
6,8,6,Turn,0,♣J ♦A,♣3 ♦4 ♠5 ♣K,80,0.0625,0.2287875652215391,4962,61,109,2,48,-753,-450.0,-0.625,-477.25,-0.875,call,0,0.5266501903533936
7,8,6,Turn,0,♣J ♦A,♣3 ♦4 ♠5 ♣K,135,0.037037037037037035,0.17877805016514325,4962,109,110,3,1,-801,-593.7777777777778,-0.7777777777777778,-610.0740740740741,-0.9259259259259259,call,0,0.5209271907806396
8,8,6,River,0,♣J ♦A,♣3 ♦4 ♠5 ♣K ♣A,25,0.0,0.0,5512,0,71,1,71,-802,-873.0,-1.0,-873.0,-1.0,fold,0,0.5250329971313477
