,N,Nnf,round,first,hole,board,Nsim,prWin,prWinStd,pot,bet,maxBet,NMaxBet,minBet,util_fold,util_call,util_raise_coeff,util_call2,util_raise_coeff2,action,amount,cputime
0,7,7,Deal,0,♥A ♦5,,45,0.18888888888888888,0.3842581436842352,0,0,80,1,80,0,25.77777777777777,0.3222222222222222,-49.77777777777778,-0.6222222222222222,raise,0,0.5266637802124023
1,7,7,Deal,0,♥A ♦5,,125,0.156,0.3544911846576724,0,160,356,1,196,-160,32.75200000000001,0.09200000000000008,-244.928,-0.688,raise,0,0.5256569385528564
