,N,Nnf,round,first,hole,board,Nsim,prWin,prWinStd,pot,bet,maxBet,NMaxBet,minBet,util_fold,util_call,util_raise_coeff,util_call2,util_raise_coeff2,action,amount,cputime
0,7,7,Deal,0,♦3 ♥6,,15,0.13333333333333333,0.33993463423951903,0,0,20,1,20,0,-1.3333333333333357,-0.06666666666666665,-14.666666666666668,-0.7333333333333334,fold,0,0.525148868560791
