,N,Nnf,round,first,hole,board,Nsim,prWin,prWinStd,pot,bet,maxBet,NMaxBet,minBet,util_fold,util_call,util_raise_coeff,util_call2,util_raise_coeff2,action,amount,cputime
0,8,8,Deal,0,♣K ♥Q,,45,0.17777777777777778,0.3823255674241167,0,0,80,1,80,0,33.777777777777786,0.4222222222222223,-51.55555555555556,-0.6444444444444444,raise,0,0.5280649662017822
1,8,8,Deal,0,♣K ♥Q,,120,0.17604166666666668,0.37412948729535994,0,160,162,2,2,-160,66.15,0.40833333333333344,-104.9625,-0.6479166666666667,raise,0,0.5265500545501709
2,8,8,Flop,0,♣K ♥Q,♦9 ♦10 ♣Q,35,0.2571428571428571,0.4370588154508102,1418,0,127,1,127,-324,174.88571428571413,1.057142857142857,-21.057142857142935,-0.48571428571428577,raise,0,0.5270431041717529
3,8,7,Turn,0,♣K ♥Q,♦9 ♦10 ♣Q ♣3,25,0.36,0.48000000000000004,2280,0,40,2,40,-578,303.5999999999999,1.52,231.5999999999999,-0.28,raise,0,0.5240371227264404
4,8,7,Turn,0,♣K ♥Q,♦9 ♦10 ♣Q ♣3,60,0.2916666666666667,0.4499228328897696,2280,80,183,1,103,-658,277.625,1.041666666666667,10.75,-0.41666666666666663,raise,0,0.5201430320739746
5,8,7,River,0,♣K ♥Q,♦9 ♦10 ♣Q ♣3 ♥6,25,0.16,0.36660605559646714,3378,0,159,2,159,-944,-384.43999999999994,0.1200000000000001,-511.64,-0.6799999999999999,raise,0,0.5240540504455566
