,N,Nnf,round,first,hole,board,Nsim,prWin,prWinStd,pot,bet,maxBet,NMaxBet,minBet,util_fold,util_call,util_raise_coeff,util_call2,util_raise_coeff2,action,amount,cputime
0,7,7,Deal,0,♥4 ♥Q,,70,0.16394557823129252,0.35355437227562764,0,40,272,1,232,-40,40.15238095238095,0.14761904761904754,-182.81360544217688,-0.672108843537415,raise,0,0.5267302989959717
1,7,7,Deal,0,♥4 ♥Q,,140,0.19727891156462585,0.3891682686457697,0,544,1088,1,544,-544,414.47619047619037,0.38095238095238093,-658.7210884353742,-0.6054421768707483,raise,0,0.5267138481140137
2,7,7,Flop,1,♥4 ♥Q,♣3 ♥5 ♦J,5,0.0,0.0,8515,0,0,7,40,-2176,-2176.0,-1.0,-2176.0,-1.0,call,0,0.5234692096710205
3,7,7,Flop,0,♥4 ♥Q,♣3 ♥5 ♦J,45,0.08888888888888889,0.26434171674156265,8515,40,103,1,63,-2216,-1458.0222222222221,-0.37777777777777777,-1503.8,-0.8222222222222222,call,0,0.522381067276001
4,7,7,Turn,1,♥4 ♥Q,♣3 ♥5 ♦J ♥10,5,0.4,0.48989794855663565,8824,0,0,7,40,-2279,1250.6000000000004,1.8000000000000003,1250.6000000000004,-0.19999999999999996,raise,0,0.525331974029541
5,7,7,Turn,0,♥4 ♥Q,♣3 ♥5 ♦J ♥10,45,0.18888888888888888,0.3842581436842352,8824,40,84,2,44,-2319,-585.1777777777779,0.3222222222222222,-664.5111111111112,-0.6222222222222222,raise,0,0.5297319889068604
6,7,7,Turn,0,♥4 ♥Q,♣3 ♥5 ♦J ♥10,85,0.19411764705882353,0.3917841365963933,8824,168,193,1,25,-2447,-496.8529411764705,0.35882352941176476,-684.1764705882351,-0.611764705882353,raise,0,0.5270328521728516
