,N,Nnf,round,first,hole,board,Nsim,prWin,prWinStd,pot,bet,maxBet,NMaxBet,minBet,util_fold,util_call,util_raise_coeff,util_call2,util_raise_coeff2,action,amount,cputime
0,7,7,Deal,0,♠2 ♦9,,15,0.15555555555555553,0.341384255460827,0,0,40,1,40,0,3.55555555555555,0.0888888888888888,-27.555555555555557,-0.6888888888888889,raise,0,0.524940013885498
1,7,6,Deal,0,♠2 ♦9,,85,0.07787114845938375,0.25751058454177894,0,80,173,1,93,-80,-92.16974789915966,-0.5327731092436975,-146.0565826330532,-0.8442577030812325,fold,0,0.5225450992584229
