,N,Nnf,round,first,hole,board,Nsim,prWin,prWinStd,pot,bet,maxBet,NMaxBet,minBet,util_fold,util_call,util_raise_coeff,util_call2,util_raise_coeff2,action,amount,cputime
0,7,7,Deal,0,♣8 ♦7,,45,0.1111111111111111,0.29606472432164954,0,0,160,1,160,0,-35.55555555555554,-0.22222222222222232,-124.44444444444444,-0.7777777777777778,fold,0,0.5209128856658936
