,N,Nnf,round,first,hole,board,Nsim,prWin,prWinStd,pot,bet,maxBet,NMaxBet,minBet,util_fold,util_call,util_raise_coeff,util_call2,util_raise_coeff2,action,amount,cputime
0,7,7,Deal,0,♥6 ♣4,,10,0.2,0.4000000000000001,0,0,131,1,131,0,52.400000000000034,0.40000000000000013,-78.6,-0.6,raise,0,0.5264158248901367
1,7,7,Deal,0,♥6 ♣4,,65,0.1021978021978022,0.29329750616452266,0,262,501,1,239,-262,-142.5923076923077,-0.2846153846153846,-398.5978021978022,-0.7956043956043957,call,0,0.5208919048309326
2,7,7,Deal,0,♥6 ♣4,,110,0.07857142857142857,0.262701464345371,0,501,794,1,293,-501,-357.3,-0.44999999999999996,-669.2285714285714,-0.8428571428571429,call,0,0.5240159034729004
3,7,7,Flop,1,♥6 ♣4,♠7 ♥K ♦J,5,0.0,0.0,2282,0,0,7,160,-794,-794.0,-1.0,-794.0,-1.0,call,0,0.5246391296386719
4,7,7,Flop,0,♥6 ♣4,♠7 ♥K ♦J,30,0.0,0.0,2282,160,508,1,348,-954,-1302.0,-1.0,-1302.0,-1.0,fold,0,0.5314743518829346
