,N,Nnf,round,first,hole,board,Nsim,prWin,prWinStd,pot,bet,maxBet,NMaxBet,minBet,util_fold,util_call,util_raise_coeff,util_call2,util_raise_coeff2,action,amount,cputime
0,8,7,Deal,0,♥9 ♠10,,105,0.1761904761904762,0.3714896164731826,0,20,68,5,48,-20,15.866666666666674,0.2333333333333334,-44.03809523809524,-0.6476190476190475,raise,0,0.5285530090332031
1,8,7,Deal,0,♥9 ♠10,,180,0.13055555555555556,0.3306722483101192,0,136,2483,3,2347,-136,-213.81388888888887,-0.08611111111111103,-1834.661111111111,-0.7388888888888889,fold,0,0.5221788883209229
