,N,Nnf,round,first,hole,board,Nsim,prWin,prWinStd,pot,bet,maxBet,NMaxBet,minBet,util_fold,util_call,util_raise_coeff,util_call2,util_raise_coeff2,action,amount,cputime
0,8,8,Deal,0,♦5 ♥A,,40,0.15,0.3391164991562634,0,0,40,1,40,0,8.0,0.19999999999999996,-28.0,-0.7,raise,0,0.5289127826690674
1,8,6,Deal,0,♦5 ♥A,,120,0.14444444444444443,0.3367418324598164,0,80,86,1,6,-80,-11.466666666666669,-0.13333333333333341,-61.15555555555556,-0.7111111111111111,call,0,0.5302841663360596
2,8,6,Deal,0,♦5 ♥A,,165,0.15656565656565655,0.3465544543025807,0,86,121,2,35,-86,-7.333333333333343,-0.060606060606060774,-83.11111111111111,-0.6868686868686869,call,0,0.527580976486206
3,8,6,Flop,0,♦5 ♥A,♦2 ♠5 ♠9,15,0.16666666666666666,0.3496029493900505,524,0,60,2,60,-121,-33.666666666666686,0.0,-73.66666666666667,-0.6666666666666667,call,0,0.5235168933868408
4,8,5,Turn,0,♦5 ♥A,♦2 ♠5 ♠9 ♥9,25,0.14,0.33226495451672294,704,0,23,2,23,-181,-89.34,-0.29999999999999993,-99.0,-0.72,call,0,0.5180020332336426
5,8,5,River,0,♦5 ♥A,♦2 ♠5 ♠9 ♥9 ♥6,25,0.08,0.2712931993250107,773,0,54,2,54,-204,-174.56,-0.6,-187.51999999999998,-0.84,call,0,0.5216770172119141
