,N,Nnf,round,first,hole,board,Nsim,prWin,prWinStd,pot,bet,maxBet,NMaxBet,minBet,util_fold,util_call,util_raise_coeff,util_call2,util_raise_coeff2,action,amount,cputime
0,8,8,Deal,0,♠9 ♥J,,40,0.2,0.4,0,0,20,2,20,0,12.0,0.6000000000000001,-12.0,-0.6,raise,0,0.5235910415649414
1,8,8,Deal,0,♠9 ♥J,,115,0.1782608695652174,0.3741152132921557,0,40,192,1,152,-40,81.80869565217392,0.4260869565217391,-123.54782608695652,-0.6434782608695653,raise,0,0.5218479633331299
2,8,8,Flop,0,♠9 ♥J,♣3 ♠7 ♥10,45,0.15555555555555556,0.36243347622889094,1590,0,20,2,20,-384,-131.77777777777777,0.24444444444444446,-150.44444444444443,-0.6888888888888889,raise,0,0.5268077850341797
3,8,8,Flop,0,♠9 ♥J,♣3 ♠7 ♥10,110,0.16363636363636364,0.36994527180683284,1590,40,83,2,43,-424,-98.16363636363633,0.3090909090909091,-179.65454545454543,-0.6727272727272727,raise,0,0.524799108505249
4,8,7,Turn,0,♠9 ♥J,♣3 ♠7 ♥10 ♣Q,15,0.13333333333333333,0.339934634239519,2171,0,20,1,20,-550,-261.8666666666667,-0.06666666666666665,-275.20000000000005,-0.7333333333333334,call,0,0.5176641941070557
5,8,7,Turn,0,♠9 ♥J,♣3 ♠7 ♥10 ♣Q,50,0.14,0.33226495451672294,2171,20,40,1,20,-570,-246.85999999999996,-0.019999999999999907,-274.85999999999996,-0.72,call,0,0.5298712253570557
6,8,7,Turn,0,♠9 ♥J,♣3 ♠7 ♥10 ♣Q,80,0.125,0.3211308144666282,2171,40,110,2,70,-590,-292.375,-0.125,-361.125,-0.75,call,0,0.5223507881164551
7,8,7,River,0,♠9 ♥J,♣3 ♠7 ♥10 ♣Q ♥K,15,0.9333333333333333,0.24944382578492943,2501,0,20,1,20,-660,1784.9333333333334,5.533333333333333,1691.6000000000004,0.8666666666666667,raise,0,0.5246899127960205
8,8,7,River,0,♠9 ♥J,♣3 ♠7 ♥10 ♣Q ♥K,55,0.8545454545454545,0.31148803089112387,2501,40,340,2,300,-700,3171.0363636363636,4.9818181818181815,1718.3090909090906,0.709090909090909,raise,0,0.5235047340393066
