,N,Nnf,round,first,hole,board,Nsim,prWin,prWinStd,pot,bet,maxBet,NMaxBet,minBet,util_fold,util_call,util_raise_coeff,util_call2,util_raise_coeff2,action,amount,cputime
0,7,6,Deal,0,♠2 ♥2,,70,0.1020408163265306,0.29979862740332824,0,40,146,2,106,-40,-56.61224489795919,-0.3877551020408164,-116.20408163265307,-0.7959183673469388,fold,0,0.524824857711792
