,N,Nnf,round,first,hole,board,Nsim,prWin,prWinStd,pot,bet,maxBet,NMaxBet,minBet,util_fold,util_call,util_raise_coeff,util_call2,util_raise_coeff2,action,amount,cputime
0,7,7,Deal,0,♣Q ♣3,,65,0.17912087912087912,0.3759077087297222,0,80,236,1,156,-80,59.90769230769229,0.25384615384615383,-151.45494505494506,-0.6417582417582417,raise,0,0.5272581577301025
1,7,7,Flop,1,♣Q ♣3,♣6 ♥3 ♣K,5,0.6,0.48989794855663565,1700,0,0,7,80,-472,548.0,3.2,548.0,0.19999999999999996,raise,0,0.530036211013794
2,7,7,Flop,0,♣Q ♣3,♣6 ♥3 ♣K,45,0.4666666666666667,0.49888765156985887,1700,80,280,1,200,-552,956.0,2.2666666666666666,302.66666666666674,-0.06666666666666665,raise,0,0.5211629867553711
