,N,Nnf,round,first,hole,board,Nsim,prWin,prWinStd,pot,bet,maxBet,NMaxBet,minBet,util_fold,util_call,util_raise_coeff,util_call2,util_raise_coeff2,action,amount,cputime
0,7,7,Deal,0,♥9 ♦Q,,65,0.15384615384615385,0.3499788666485331,0,20,292,1,272,-20,22.46153846153851,0.0769230769230771,-202.15384615384613,-0.6923076923076923,raise,0,0.5314440727233887
1,7,7,Deal,0,♥9 ♦Q,,150,0.18333333333333332,0.37601713908928264,0,584,960,1,376,-584,272.0,0.2833333333333332,-608.0,-0.6333333333333333,raise,0,0.5218808650970459
