,N,Nnf,round,first,hole,board,Nsim,prWin,prWinStd,pot,bet,maxBet,NMaxBet,minBet,util_fold,util_call,util_raise_coeff,util_call2,util_raise_coeff2,action,amount,cputime
0,7,7,Deal,0,♦J ♥10,,10,0.2,0.4000000000000001,0,0,80,1,80,0,32.0,0.40000000000000013,-48.0,-0.6,raise,0,0.5271270275115967
1,7,6,Flop,0,♦J ♥10,♥4 ♦9 ♠10,50,0.23,0.4148493702538308,640,0,83,1,83,-160,18.74000000000001,0.3800000000000001,-57.619999999999976,-0.54,raise,0,0.531782865524292
2,7,6,Flop,0,♦J ♥10,♥4 ♦9 ♠10,90,0.2388888888888889,0.42313497831843583,640,166,208,1,42,-326,83.02222222222224,0.43333333333333335,-115.73333333333335,-0.5222222222222221,raise,0,0.5237679481506348
3,7,6,Flop,0,♦J ♥10,♥4 ♦9 ♠10,130,0.27307692307692305,0.4433766347437429,640,416,512,1,96,-576,341.6615384615384,0.6384615384615384,-217.60000000000002,-0.4538461538461539,raise,0,0.5236639976501465
