,N,Nnf,round,first,hole,board,Nsim,prWin,prWinStd,pot,bet,maxBet,NMaxBet,minBet,util_fold,util_call,util_raise_coeff,util_call2,util_raise_coeff2,action,amount,cputime
0,8,8,Deal,0,♦2 ♠9,,40,0.125,0.33071891388307384,0,0,80,1,80,0,0.0,0.0,-60.0,-0.75,call,0,0.5231759548187256
1,8,7,Deal,0,♦2 ♠9,,115,0.11847826086956521,0.31830199900548606,0,80,164,2,84,-80,-27.98695652173913,-0.17065217391304355,-125.1391304347826,-0.7630434782608696,call,0,0.5253849029541016
2,8,7,Flop,0,♦2 ♠9,♥7 ♣5 ♠J,20,0.05,0.21794494717703364,736,0,107,1,107,-164,-196.75,-0.6499999999999999,-223.5,-0.9,fold,0,0.5253579616546631
