,N,Nnf,round,first,hole,board,Nsim,prWin,prWinStd,pot,bet,maxBet,NMaxBet,minBet,util_fold,util_call,util_raise_coeff,util_call2,util_raise_coeff2,action,amount,cputime
0,7,7,Deal,0,♠J ♣A,,55,0.3025974025974026,0.4519517838329279,0,0,86,1,86,0,96.16363636363636,1.1181818181818182,-33.95324675324675,-0.3948051948051948,raise,0,0.5195767879486084
1,7,6,Deal,0,♠J ♣A,,150,0.23095238095238094,0.4104433198638537,0,172,344,1,172,-172,132.68571428571425,0.3857142857142857,-185.10476190476192,-0.5380952380952382,raise,0,0.5199978351593018
2,7,6,Flop,0,♠J ♣A,♥7 ♠7 ♦6,55,0.10606060606060605,0.2936424617060762,2762,0,28,2,28,-688,-405.2424242424243,-0.36363636363636376,-417.1212121212122,-0.7878787878787878,call,0,0.5277659893035889
3,7,6,Flop,0,♠J ♣A,♥7 ♠7 ♦6,115,0.12153209109730849,0.3118383586332021,2762,28,105,2,77,-716,-380.76314699792965,-0.2708074534161491,-431.80662525879916,-0.756935817805383,call,0,0.5239789485931396
4,7,5,Turn,0,♠J ♣A,♥7 ♠7 ♦6 ♠2,45,0.07407407407407407,0.25228720542113187,3182,0,33,2,33,-793,-578.0740740740741,-0.6296296296296297,-585.4074074074074,-0.8518518518518519,call,0,0.5200109481811523
5,7,5,River,0,♠J ♣A,♥7 ♠7 ♦6 ♠2 ♦Q,25,0.0,0.0,3281,0,66,1,66,-826,-892.0,-1.0,-892.0,-1.0,fold,0,0.5256907939910889
