,N,Nnf,round,first,hole,board,Nsim,prWin,prWinStd,pot,bet,maxBet,NMaxBet,minBet,util_fold,util_call,util_raise_coeff,util_call2,util_raise_coeff2,action,amount,cputime
0,8,7,Deal,0,♠A ♥5,,70,0.17142857142857143,0.3768830273792263,0,0,75,3,75,0,15.0,0.19999999999999996,-49.285714285714285,-0.6571428571428571,raise,0,0.5295109748840332
1,8,7,Flop,0,♠A ♥5,♦J ♥Q ♥10,50,0.13666666666666666,0.3139178944317199,1050,0,78,3,78,-150,-9.879999999999995,-0.043333333333333446,-63.18000000000001,-0.7266666666666667,call,0,0.5289618968963623
