,N,Nnf,round,first,hole,board,Nsim,prWin,prWinStd,pot,bet,maxBet,NMaxBet,minBet,util_fold,util_call,util_raise_coeff,util_call2,util_raise_coeff2,action,amount,cputime
0,7,7,Deal,0,♠7 ♠9,,55,0.20259740259740258,0.3991557966191905,0,40,368,1,328,-40,153.89090909090908,0.418181818181818,-218.8883116883117,-0.5948051948051949,raise,0,0.5239748954772949
1,7,6,Flop,1,♠7 ♠9,♠J ♣Q ♥6,5,0.0,0.0,2576,0,0,7,80,-736,-736.0,-1.0,-736.0,-1.0,call,0,0.5266878604888916
2,7,6,Flop,0,♠7 ♠9,♠J ♣Q ♥6,45,0.05555555555555555,0.1892154040658489,2576,80,253,2,173,-816,-761.5555555555555,-0.6666666666666667,-817.7777777777778,-0.8888888888888888,call,0,0.5285351276397705
3,7,6,Turn,1,♠7 ♠9,♠J ♣Q ♥6 ♥J,5,0.0,0.0,3335,0,0,7,80,-989,-989.0,-1.0,-989.0,-1.0,call,0,0.5215179920196533
4,7,6,Turn,0,♠7 ♠9,♠J ♣Q ♥6 ♥J,45,0.0,0.0,3335,80,170,2,90,-1069,-1159.0,-1.0,-1159.0,-1.0,fold,0,0.5220410823822021
