,N,Nnf,round,first,hole,board,Nsim,prWin,prWinStd,pot,bet,maxBet,NMaxBet,minBet,util_fold,util_call,util_raise_coeff,util_call2,util_raise_coeff2,action,amount,cputime
0,8,7,Deal,0,♥6 ♦4,,55,0.05454545454545454,0.20610516452281152,0,0,6000,1,6000,0,-3709.090909090909,-0.6181818181818182,-5345.454545454546,-0.8909090909090909,fold,0,0.5178952217102051
