,N,Nnf,round,first,hole,board,Nsim,prWin,prWinStd,pot,bet,maxBet,NMaxBet,minBet,util_fold,util_call,util_raise_coeff,util_call2,util_raise_coeff2,action,amount,cputime
0,7,6,Deal,0,♠A ♥K,,45,0.2698412698412698,0.4408013957513596,0,0,40,1,40,0,24.76190476190476,0.6190476190476191,-18.412698412698415,-0.46031746031746035,raise,0,0.5230908393859863
1,7,6,Deal,0,♠A ♥K,,95,0.22932330827067668,0.4141553770658247,0,80,113,3,33,-80,42.481203007518786,0.37593984962406,-61.172932330827074,-0.5413533834586466,raise,0,0.5278630256652832
2,7,5,Deal,0,♠A ♥K,,150,0.24523809523809523,0.4263766552640928,0,226,260,1,34,-226,58.809523809523796,0.22619047619047605,-132.47619047619048,-0.5095238095238095,raise,0,0.5224640369415283
3,7,5,Flop,0,♠A ♥K,♠4 ♣9 ♠J,15,0.2,0.4000000000000001,1673,0,40,1,40,-520,-185.39999999999998,0.0,-209.39999999999998,-0.6,call,0,0.5214481353759766
4,7,5,Turn,0,♠A ♥K,♠4 ♣9 ♠J ♣8,15,0.0,0.0,1793,0,111,1,111,-560,-671.0,-1.0,-671.0,-1.0,fold,0,0.5210690498352051
