,N,Nnf,round,first,hole,board,Nsim,prWin,prWinStd,pot,bet,maxBet,NMaxBet,minBet,util_fold,util_call,util_raise_coeff,util_call2,util_raise_coeff2,action,amount,cputime
0,7,6,Deal,0,♣A ♥10,,40,0.24107142857142855,0.4167070558655843,0,0,20,1,20,0,8.928571428571427,0.4464285714285712,-10.357142857142858,-0.5178571428571429,raise,0,0.5228140354156494
1,7,6,Deal,0,♣A ♥10,,120,0.20357142857142857,0.39357618180519227,0,40,46,4,6,-40,10.185714285714283,0.22142857142857153,-27.271428571428572,-0.5928571428571429,raise,0,0.5248818397521973
2,7,6,Deal,0,♣A ♥10,,195,0.20476190476190478,0.3963640786180914,0,92,122,2,30,-92,27.8857142857143,0.22857142857142865,-72.03809523809522,-0.5904761904761904,raise,0,0.5269157886505127
3,7,6,Flop,0,♣A ♥10,♥3 ♦J ♠10,25,0.28,0.4261455150532503,1464,0,55,2,55,-244,203.32000000000005,0.6800000000000002,141.72000000000003,-0.43999999999999995,raise,0,0.5239641666412354
4,7,5,Flop,0,♣A ♥10,♥3 ♦J ♠10,100,0.25,0.42720018726587655,1464,110,129,1,19,-354,154.25,0.25,57.5,-0.5,raise,0,0.5212368965148926
5,7,5,Turn,0,♣A ♥10,♥3 ♦J ♠10 ♦5,20,0.2,0.4000000000000001,2754,0,63,1,63,-502,48.80000000000007,0.0,11.000000000000114,-0.6,call,0,0.5260128974914551
6,7,5,Turn,0,♣A ♥10,♥3 ♦J ♠10 ♦5,70,0.24285714285714285,0.4288094577086753,2754,63,119,1,56,-565,192.32857142857142,0.2142857142857142,105.62857142857138,-0.5142857142857142,raise,0,0.5214846134185791
7,7,5,River,0,♣A ♥10,♥3 ♦J ♠10 ♦5 ♣10,25,0.92,0.2712931993250107,3944,0,52,1,52,-740,3075.68,3.6000000000000005,2932.16,0.8400000000000001,raise,0,0.5245418548583984
