,N,Nnf,round,first,hole,board,Nsim,prWin,prWinStd,pot,bet,maxBet,NMaxBet,minBet,util_fold,util_call,util_raise_coeff,util_call2,util_raise_coeff2,action,amount,cputime
0,8,8,Deal,0,♣J ♠8,,70,0.15238095238095237,0.3504451331995067,0,40,228,1,188,-40,49.94285714285712,0.21904761904761894,-158.51428571428573,-0.6952380952380952,raise,0,0.5236160755157471
1,8,8,Deal,0,♣J ♠8,,140,0.11904761904761903,0.31890544095720413,0,456,3345,1,2889,-456,-159.28571428571468,-0.04761904761904778,-2548.5714285714284,-0.761904761904762,call,0,0.5285520553588867
