,N,Nnf,round,first,hole,board,Nsim,prWin,prWinStd,pot,bet,maxBet,NMaxBet,minBet,util_fold,util_call,util_raise_coeff,util_call2,util_raise_coeff2,action,amount,cputime
0,8,7,Deal,0,♦5 ♣3,,120,0.10972222222222222,0.30314389180025125,0,20,75,2,55,-20,-17.395833333333336,-0.2319444444444445,-58.54166666666667,-0.7805555555555556,call,0,0.5282831192016602
1,8,7,Deal,0,♦5 ♣3,,220,0.10227272727272728,0.29605126222034417,0,75,95,2,20,-75,-26.98863636363636,-0.28409090909090906,-75.56818181818181,-0.7954545454545454,call,0,0.5228111743927002
2,8,7,Flop,1,♦5 ♣3,♠J ♥7 ♠4,5,0.0,0.0,675,0,0,8,20,-95,-95.0,-1.0,-95.0,-1.0,call,0,0.5270378589630127
3,8,6,Flop,0,♦5 ♣3,♠J ♥7 ♠4,100,0.13,0.32878564445547187,675,20,905,2,885,-115,-206.3499999999999,-0.21999999999999997,-676.95,-0.74,fold,0,0.5263581275939941
