,N,Nnf,round,first,hole,board,Nsim,prWin,prWinStd,pot,bet,maxBet,NMaxBet,minBet,util_fold,util_call,util_raise_coeff,util_call2,util_raise_coeff2,action,amount,cputime
0,7,6,Deal,0,♥6 ♦8,,55,0.14545454545454545,0.33942099459262665,0,20,40,2,20,-20,-5.0909090909090935,-0.12727272727272732,-28.363636363636363,-0.7090909090909091,call,0,0.5281479358673096
1,7,6,Deal,0,♥6 ♦8,,95,0.10676691729323308,0.2980195432231143,0,40,145,1,105,-40,-52.112781954887225,-0.3593984962406015,-114.0375939849624,-0.7864661654135339,fold,0,0.5229690074920654
