,N,Nnf,round,first,hole,board,Nsim,prWin,prWinStd,pot,bet,maxBet,NMaxBet,minBet,util_fold,util_call,util_raise_coeff,util_call2,util_raise_coeff2,action,amount,cputime
0,7,7,Deal,0,♣4 ♥K,,70,0.15918367346938775,0.3534856479268935,0,0,158,1,158,0,18.05714285714285,0.11428571428571432,-107.69795918367348,-0.6816326530612244,raise,0,0.5228385925292969
1,7,7,Deal,0,♣4 ♥K,,175,0.18653061224489795,0.38308161036509786,0,316,632,1,316,-316,193.21142857142854,0.3057142857142856,-396.22530612244896,-0.626938775510204,raise,0,0.526278018951416
