,N,Nnf,round,first,hole,board,Nsim,prWin,prWinStd,pot,bet,maxBet,NMaxBet,minBet,util_fold,util_call,util_raise_coeff,util_call2,util_raise_coeff2,action,amount,cputime
0,8,8,Deal,0,♦Q ♠K,,90,0.2388888888888889,0.42313497831843583,0,10,73,6,63,-10,66.51111111111112,0.9111111111111112,-38.12222222222222,-0.5222222222222221,raise,0,0.5244410037994385
1,8,7,Flop,1,♦Q ♠K,♠Q ♠9 ♣Q,5,0.7,0.4,1095,0,0,8,20,-146,620.5,3.8999999999999995,620.5,0.3999999999999999,raise,0,0.5224330425262451
2,8,7,Flop,0,♦Q ♠K,♠Q ♠9 ♣Q,85,0.711764705882353,0.43640557625862136,1095,20,488,3,468,-166,2576.7705882352943,3.9823529411764707,840.0647058823529,0.42352941176470593,raise,0,0.5238537788391113
