,N,Nnf,round,first,hole,board,Nsim,prWin,prWinStd,pot,bet,maxBet,NMaxBet,minBet,util_fold,util_call,util_raise_coeff,util_call2,util_raise_coeff2,action,amount,cputime
0,8,8,Deal,0,♠K ♠2,,35,0.17142857142857143,0.3574284572341944,0,0,80,1,80,0,29.714285714285722,0.37142857142857144,-52.57142857142857,-0.6571428571428571,raise,0,0.531491756439209
1,8,8,Flop,0,♠K ♠2,♠8 ♥5 ♥10,50,0.05,0.206155281280883,800,0,228,1,228,-160,-256.8,-0.6,-325.2,-0.9,fold,0,0.5241978168487549
