,N,Nnf,round,first,hole,board,Nsim,prWin,prWinStd,pot,bet,maxBet,NMaxBet,minBet,util_fold,util_call,util_raise_coeff,util_call2,util_raise_coeff2,action,amount,cputime
0,7,7,Deal,0,♠9 ♠A,,40,0.25357142857142856,0.43152257727015575,0,0,40,1,40,0,31.0,0.7749999999999999,-19.714285714285715,-0.4928571428571429,raise,0,0.5288920402526855
1,7,6,Flop,0,♠9 ♠A,♥4 ♥7 ♠K,25,0.16,0.36660605559646714,440,0,60,1,60,-80,-12.0,-0.040000000000000036,-50.39999999999999,-0.6799999999999999,call,0,0.5277600288391113
2,7,6,Flop,0,♠9 ♠A,♥4 ♥7 ♠K,90,0.11666666666666667,0.31666666666666665,440,60,91,2,31,-140,-55.96666666666667,-0.30000000000000004,-98.43333333333334,-0.7666666666666666,call,0,0.5205581188201904
3,7,6,Turn,0,♠9 ♠A,♥4 ♥7 ♠K ♦9,25,0.14,0.33226495451672294,895,0,65,2,65,-171,-56.099999999999966,-0.15999999999999992,-92.5,-0.72,call,0,0.5235402584075928
4,7,6,River,0,♠9 ♠A,♥4 ♥7 ♠K ♦9 ♣10,25,0.08,0.2712931993250107,1220,0,20,2,20,-236,-148.79999999999998,-0.52,-155.2,-0.84,call,0,0.5295650959014893
5,7,6,River,0,♠9 ♠A,♥4 ♥7 ♠K ♦9 ♣10,95,0.05263157894736842,0.22329687826943606,1220,20,78,2,58,-256,-225.1578947368421,-0.6842105263157895,-241.57894736842107,-0.8947368421052632,call,0,0.518455982208252
