,N,Nnf,round,first,hole,board,Nsim,prWin,prWinStd,pot,bet,maxBet,NMaxBet,minBet,util_fold,util_call,util_raise_coeff,util_call2,util_raise_coeff2,action,amount,cputime
0,7,7,Deal,0,♠4 ♦4,,55,0.09350649350649351,0.28729198404258627,0,0,172,1,172,0,-59.41818181818182,-0.34545454545454546,-139.83376623376623,-0.8129870129870129,fold,0,0.5219569206237793
