,N,Nnf,round,first,hole,board,Nsim,prWin,prWinStd,pot,bet,maxBet,NMaxBet,minBet,util_fold,util_call,util_raise_coeff,util_call2,util_raise_coeff2,action,amount,cputime
0,8,7,Deal,0,♦6 ♦10,,75,0.1911111111111111,0.38073353502332574,0,40,146,3,106,-40,49.315555555555534,0.33777777777777773,-90.19555555555556,-0.6177777777777778,raise,0,0.5311539173126221
1,8,7,Flop,1,♦6 ♦10,♣A ♠A ♠10,5,0.3,0.39999999999999997,1480,0,0,8,40,-292,152.0,1.1,152.0,-0.4,raise,0,0.5279238224029541
2,8,7,Flop,0,♦6 ♦10,♣A ♠A ♠10,60,0.20555555555555555,0.3780636173522019,1480,40,126,1,86,-332,67.52222222222224,0.4388888888888889,-61.97777777777776,-0.5888888888888889,raise,0,0.5285787582397461
3,8,7,Flop,0,♦6 ♦10,♣A ♠A ♠10,110,0.19242424242424241,0.3680321431644305,1480,252,260,1,8,-544,83.0,0.34696969696969693,-167.15151515151518,-0.6151515151515152,raise,0,0.5219199657440186
4,8,7,Turn,1,♦6 ♦10,♣A ♠A ♠10 ♥3,5,0.0,0.0,4080,0,0,8,40,-812,-812.0,-1.0,-812.0,-1.0,call,0,0.5319130420684814
5,8,7,Turn,0,♦6 ♦10,♣A ♠A ♠10 ♥3,55,0.1515151515151515,0.33974548892542933,4080,40,152,3,112,-852,-184.60606060606074,0.06060606060606055,-299.75757575757586,-0.696969696969697,raise,0,0.5256800651550293
6,8,7,River,1,♦6 ♦10,♣A ♠A ♠10 ♥3 ♠2,5,0.0,0.0,5484,0,0,8,40,-1116,-1116.0,-1.0,-1116.0,-1.0,call,0,0.5272562503814697
7,8,7,River,0,♦6 ♦10,♣A ♠A ♠10 ♥3 ♠2,45,0.06666666666666667,0.2494438257849294,5484,40,153,1,113,-1156,-832.0,-0.5333333333333333,-883.0,-0.8666666666666667,call,0,0.5214858055114746
