,N,Nnf,round,first,hole,board,Nsim,prWin,prWinStd,pot,bet,maxBet,NMaxBet,minBet,util_fold,util_call,util_raise_coeff,util_call2,util_raise_coeff2,action,amount,cputime
0,7,6,Deal,0,♥K ♠5,,45,0.18095238095238095,0.36657389055081396,0,0,160,1,160,0,13.714285714285722,0.08571428571428563,-102.0952380952381,-0.638095238095238,raise,0,0.5240161418914795
1,7,6,Deal,0,♥K ♠5,,85,0.16386554621848737,0.35194938681259674,0,320,714,2,394,-320,-12.000000000000114,-0.016806722689075793,-480.0,-0.6722689075630253,call,0,0.5194940567016602
2,7,6,Flop,0,♥K ♠5,♣9 ♦10 ♠6,20,0.05,0.21794494717703367,2142,0,160,2,160,-714,-718.9,-0.7,-750.9,-0.9,fold,0,0.5266540050506592
