,N,Nnf,round,first,hole,board,Nsim,prWin,prWinStd,pot,bet,maxBet,NMaxBet,minBet,util_fold,util_call,util_raise_coeff,util_call2,util_raise_coeff2,action,amount,cputime
0,7,6,Deal,0,♠J ♣K,,100,0.2114285714285714,0.40062705951586264,0,20,76,4,56,-20,20.41142857142856,0.26857142857142846,-43.862857142857145,-0.5771428571428572,raise,0,0.522831916809082
1,7,6,Flop,1,♠J ♣K,♥Q ♠9 ♥2,5,0.0,0.0,922,0,0,7,20,-152,-152.0,-1.0,-152.0,-1.0,call,0,0.5321307182312012
2,7,6,Flop,0,♠J ♣K,♥Q ♠9 ♥2,75,0.13333333333333333,0.3299831645537221,922,20,3736,1,3716,-172,-776.2666666666664,-0.19999999999999996,-2768.8,-0.7333333333333334,fold,0,0.5225601196289062
