,N,Nnf,round,first,hole,board,Nsim,prWin,prWinStd,pot,bet,maxBet,NMaxBet,minBet,util_fold,util_call,util_raise_coeff,util_call2,util_raise_coeff2,action,amount,cputime
0,7,7,Deal,0,♠6 ♣Q,,65,0.16373626373626374,0.3622108714168303,0,80,550,1,470,-80,80.38461538461536,0.14615384615384608,-369.8901098901099,-0.6725274725274726,raise,0,0.5215353965759277
