,N,Nnf,round,first,hole,board,Nsim,prWin,prWinStd,pot,bet,maxBet,NMaxBet,minBet,util_fold,util_call,util_raise_coeff,util_call2,util_raise_coeff2,action,amount,cputime
0,7,6,Deal,0,♥J ♥7,,80,0.16220238095238093,0.35841230244382505,0,0,68,2,68,0,-1.8214285714285836,-0.026785714285714413,-45.94047619047619,-0.6755952380952381,fold,0,0.5299687385559082
