,N,Nnf,round,first,hole,board,Nsim,prWin,prWinStd,pot,bet,maxBet,NMaxBet,minBet,util_fold,util_call,util_raise_coeff,util_call2,util_raise_coeff2,action,amount,cputime
0,7,6,Deal,0,♥7 ♥5,,65,0.12527472527472527,0.32817242118558404,0,20,145,1,125,-20,-36.01098901098902,-0.24835164835164836,-108.67032967032966,-0.7494505494505495,fold,0,0.5251610279083252
