,N,Nnf,round,first,hole,board,Nsim,prWin,prWinStd,pot,bet,maxBet,NMaxBet,minBet,util_fold,util_call,util_raise_coeff,util_call2,util_raise_coeff2,action,amount,cputime
0,7,6,Deal,0,♥2 ♠9,,75,0.11523809523809524,0.31143585254339795,0,0,63,2,63,0,-19.439999999999998,-0.3085714285714286,-48.480000000000004,-0.7695238095238095,fold,0,0.5286321640014648
