,N,Nnf,round,first,hole,board,Nsim,prWin,prWinStd,pot,bet,maxBet,NMaxBet,minBet,util_fold,util_call,util_raise_coeff,util_call2,util_raise_coeff2,action,amount,cputime
0,7,6,Deal,0,♠10 ♠A,,85,0.2310924369747899,0.41630153716598534,0,10,49,1,39,-10,18.941176470588232,0.38655462184873945,-26.35294117647059,-0.5378151260504203,raise,0,0.5254278182983398
1,7,6,Deal,0,♠10 ♠A,,145,0.20788177339901479,0.4004674644763336,0,98,104,1,6,-98,25.718226600985247,0.24729064039408866,-60.76059113300492,-0.5842364532019704,raise,0,0.5218429565429688
2,7,6,Flop,1,♠10 ♠A,♣4 ♥10 ♠2,5,0.4,0.48989794855663565,962,0,0,7,20,-208,176.8,1.4000000000000004,176.8,-0.19999999999999996,raise,0,0.5207462310791016
3,7,6,Flop,0,♠10 ♠A,♣4 ♥10 ♠2,55,0.38181818181818183,0.48583233512317764,962,20,70,3,50,-228,249.67272727272734,1.290909090909091,142.76363636363635,-0.23636363636363633,raise,0,0.5255072116851807
4,7,6,Flop,0,♠10 ♠A,♣4 ♥10 ♠2,110,0.43636363636363634,0.4913297860680603,962,140,143,3,3,-348,443.18181818181813,1.6181818181818182,193.5818181818181,-0.12727272727272732,raise,0,0.5242407321929932
5,7,6,Turn,1,♠10 ♠A,♣4 ♥10 ♠2 ♠Q,5,0.0,0.0,2091,0,0,7,20,-494,-494.0,-1.0,-494.0,-1.0,call,0,0.5251362323760986
6,7,6,Turn,0,♠10 ♠A,♣4 ♥10 ♠2 ♠Q,45,0.4444444444444444,0.49690399499995336,2091,20,72,1,52,-514,555.3333333333333,1.6666666666666665,427.33333333333326,-0.11111111111111116,raise,0,0.5259299278259277
7,7,6,River,1,♠10 ♠A,♣4 ♥10 ♠2 ♠Q ♥5,5,0.4,0.48989794855663565,2523,0,0,7,20,-638,371.20000000000005,1.4000000000000004,371.20000000000005,-0.19999999999999996,raise,0,0.522515058517456
8,7,6,River,0,♠10 ♠A,♣4 ♥10 ♠2 ♠Q ♥5,45,0.15555555555555556,0.36243347622889094,2523,20,26,2,6,-658,-247.26666666666665,-0.06666666666666665,-263.4444444444444,-0.6888888888888889,call,0,0.5226199626922607
