,N,Nnf,round,first,hole,board,Nsim,prWin,prWinStd,pot,bet,maxBet,NMaxBet,minBet,util_fold,util_call,util_raise_coeff,util_call2,util_raise_coeff2,action,amount,cputime
0,7,7,Deal,0,♣6 ♣3,,5,0.2,0.4,0,0,80,1,80,0,32.0,0.40000000000000013,-48.0,-0.6,raise,0,0.5282580852508545
1,7,6,Flop,0,♣6 ♣3,♠3 ♥Q ♣J,15,0.1,0.27080128015453203,560,0,80,1,80,-160,-136.0,-0.3999999999999999,-168.0,-0.8,call,0,0.5234832763671875
2,7,6,Flop,0,♣6 ♣3,♠3 ♥Q ♣J,55,0.13636363636363635,0.3364864640603954,560,80,160,1,80,-240,-112.72727272727275,-0.18181818181818188,-200.0,-0.7272727272727273,call,0,0.5298271179199219
3,7,6,Flop,0,♣6 ♣3,♠3 ♥Q ♣J,95,0.14736842105263157,0.346969467870516,560,160,404,2,244,-320,-124.25263157894744,-0.11578947368421066,-362.40000000000003,-0.7052631578947368,call,0,0.5286977291107178
4,7,6,Turn,0,♣6 ♣3,♠3 ♥Q ♣J ♠Q,15,0.0,0.0,1772,0,183,1,183,-564,-747.0,-1.0,-747.0,-1.0,fold,0,0.5246129035949707
