,N,Nnf,round,first,hole,board,Nsim,prWin,prWinStd,pot,bet,maxBet,NMaxBet,minBet,util_fold,util_call,util_raise_coeff,util_call2,util_raise_coeff2,action,amount,cputime
0,7,7,Deal,0,♣7 ♥10,,75,0.1419047619047619,0.3318661588536714,0,40,176,1,136,-40,-1.1733333333333462,-0.00666666666666671,-126.0495238095238,-0.7161904761904763,call,0,0.5223610401153564
1,7,7,Flop,0,♣7 ♥10,♣10 ♥Q ♠7,35,0.38571428571428573,0.47937033530178624,880,0,40,1,40,-176,231.42857142857144,1.7000000000000002,154.28571428571428,-0.22857142857142854,raise,0,0.5312800407409668
2,7,6,Flop,0,♣7 ♥10,♣10 ♥Q ♠7,115,0.4434782608695652,0.4923997023950305,880,80,134,2,54,-256,436.8173913043478,1.660869565217391,199.11304347826086,-0.11304347826086958,raise,0,0.530724048614502
3,7,6,Flop,0,♣7 ♥10,♣10 ♥Q ♠7,170,0.4676470588235294,0.49451139773654307,880,268,273,2,5,-444,728.535294117647,1.8058823529411763,217.86470588235295,-0.06470588235294117,raise,0,0.5300610065460205
4,7,6,Turn,1,♣7 ♥10,♣10 ♥Q ♠7 ♠4,5,0.2,0.4000000000000001,2714,0,0,7,40,-722,-179.19999999999993,0.20000000000000018,-179.19999999999993,-0.6,raise,0,0.526494026184082
5,7,6,Turn,0,♣7 ♥10,♣10 ♥Q ♠7 ♠4,45,0.4222222222222222,0.4939135726865082,2714,40,137,1,97,-762,633.9777777777776,1.5333333333333332,402.5999999999999,-0.15555555555555556,raise,0,0.5229268074035645
6,7,6,River,1,♣7 ♥10,♣10 ♥Q ♠7 ♠4 ♦2,5,0.6,0.48989794855663565,3536,0,0,7,40,-996,1125.6,2.5999999999999996,1125.6,0.19999999999999996,raise,0,0.5213220119476318
7,7,6,River,0,♣7 ♥10,♣10 ♥Q ♠7 ♠4 ♦2,45,0.8777777777777778,0.3189488909868295,3536,40,134,2,94,-1036,2679.5555555555557,4.266666666666667,2209.0666666666666,0.7555555555555555,raise,0,0.5227460861206055
8,7,6,River,0,♣7 ♥10,♣10 ♥Q ♠7 ♠4 ♦2,85,0.8176470588235294,0.3823076896299275,3536,268,275,2,7,-1264,2969.3176470588232,3.905882352941177,2069.905882352941,0.6352941176470588,raise,0,0.5210750102996826
