,N,Nnf,round,first,hole,board,Nsim,prWin,prWinStd,pot,bet,maxBet,NMaxBet,minBet,util_fold,util_call,util_raise_coeff,util_call2,util_raise_coeff2,action,amount,cputime
0,7,7,Deal,0,♦J ♥A,,10,0.3,0.45825756949558394,0,0,20,1,20,0,22.0,1.1,-8.0,-0.4,raise,0,0.5256490707397461
1,7,6,Deal,0,♦J ♥A,,120,0.22916666666666666,0.40771637064126925,0,40,556,5,516,-40,208.5,0.375,-301.1666666666667,-0.5416666666666667,raise,0,0.5223572254180908
