,N,Nnf,round,first,hole,board,Nsim,prWin,prWinStd,pot,bet,maxBet,NMaxBet,minBet,util_fold,util_call,util_raise_coeff,util_call2,util_raise_coeff2,action,amount,cputime
0,7,6,Deal,0,♠10 ♣3,,55,0.0935064935064935,0.28729198404258627,0,20,40,2,20,-20,-17.55844155844156,-0.438961038961039,-32.519480519480524,-0.812987012987013,call,0,0.5257759094238281
1,7,6,Deal,0,♠10 ♣3,,100,0.12142857142857143,0.32474479776198006,0,40,181,2,141,-40,-49.12857142857143,-0.27142857142857146,-137.04285714285714,-0.7571428571428571,fold,0,0.5190250873565674
