,N,Nnf,round,first,hole,board,Nsim,prWin,prWinStd,pot,bet,maxBet,NMaxBet,minBet,util_fold,util_call,util_raise_coeff,util_call2,util_raise_coeff2,action,amount,cputime
0,7,7,Deal,0,♦10 ♣A,,55,0.15714285714285714,0.3545097741429624,0,0,160,1,160,0,16.0,0.10000000000000009,-109.71428571428572,-0.6857142857142857,raise,0,0.5226118564605713
1,7,5,Flop,0,♦10 ♣A,♣6 ♦8 ♥6,40,0.1625,0.36033838263498935,1760,0,177,1,177,-320,-67.1875,-0.1875,-153.47500000000002,-0.675,call,0,0.5246860980987549
2,7,5,Flop,0,♦10 ♣A,♣6 ♦8 ♥6,90,0.11269841269841269,0.2958476383966463,1760,177,304,2,127,-497,-254.34920634920638,-0.4365079365079365,-357.13015873015877,-0.7746031746031746,call,0,0.5272870063781738
3,7,5,Turn,0,♦10 ♣A,♣6 ♦8 ♥6 ♦5,25,0.04,0.19595917942265428,2976,0,242,2,242,-624,-698.56,-0.8,-727.6,-0.92,fold,0,0.5274178981781006
