,N,Nnf,round,first,hole,board,Nsim,prWin,prWinStd,pot,bet,maxBet,NMaxBet,minBet,util_fold,util_call,util_raise_coeff,util_call2,util_raise_coeff2,action,amount,cputime
0,8,8,Deal,0,♥Q ♣10,,40,0.175,0.36314597615834876,0,0,80,1,80,0,32.0,0.3999999999999999,-52.0,-0.65,raise,0,0.5286040306091309
1,8,7,Deal,0,♥Q ♣10,,110,0.15113636363636362,0.34710468625926166,0,160,177,2,17,-160,10.257954545454538,0.05795454545454537,-123.49772727272727,-0.6977272727272728,raise,0,0.5275039672851562
2,8,7,Flop,0,♥Q ♣10,♦6 ♠K ♣A,20,0.15,0.3570714214271425,1496,0,137,2,137,-354,-122.75,0.050000000000000044,-225.5,-0.7,raise,0,0.5241518020629883
3,8,7,Turn,0,♥Q ♣10,♦6 ♠K ♣A ♥4,25,0.14,0.332264954516723,2592,0,105,1,105,-628,-267.2199999999999,-0.019999999999999907,-340.71999999999997,-0.72,call,0,0.521151065826416
4,8,7,River,0,♥Q ♣10,♦6 ♠K ♣A ♥4 ♣J,15,1.0,0.0,2963,0,40,1,40,-733,2470.0,6.0,2270.0,1.0,raise,0,0.5272140502929688
5,8,7,River,0,♥Q ♣10,♦6 ♠K ♣A ♥4 ♣J,50,0.96,0.13564659966250536,2963,80,89,1,9,-813,2620.56,5.72,2193.36,0.9199999999999999,raise,0,0.5193779468536377
6,8,7,River,0,♥Q ♣10,♦6 ♠K ♣A ♥4 ♣J,85,0.9588235294117647,0.13745084053585793,2963,178,239,1,61,-911,3473.105882352941,5.711764705882353,2327.3117647058825,0.9176470588235295,raise,0,0.5212361812591553
