,N,Nnf,round,first,hole,board,Nsim,prWin,prWinStd,pot,bet,maxBet,NMaxBet,minBet,util_fold,util_call,util_raise_coeff,util_call2,util_raise_coeff2,action,amount,cputime
0,7,7,Deal,0,♥K ♠Q,,45,0.2698412698412698,0.4408013957513596,0,0,80,1,80,0,71.11111111111109,0.8888888888888888,-36.82539682539683,-0.46031746031746035,raise,0,0.5252437591552734
1,7,7,Deal,0,♥K ♠Q,,125,0.23828571428571427,0.4213626098499863,0,160,177,2,17,-160,118.23599999999999,0.6679999999999999,-92.64685714285714,-0.5234285714285715,raise,0,0.5214612483978271
2,7,7,Flop,0,♥K ♠Q,♠7 ♣3 ♣8,55,0.09090909090909091,0.28747978728803447,1770,0,69,3,69,-354,-218.1818181818182,-0.36363636363636365,-249.54545454545456,-0.8181818181818181,call,0,0.5271041393280029
3,7,7,Flop,0,♥K ♠Q,♠7 ♣3 ♣8,135,0.12962962962962962,0.3331275084706497,1770,69,646,3,577,-423,-184.37037037037044,-0.09259259259259267,-603.0740740740741,-0.7407407407407407,call,0,0.521061897277832
