,N,Nnf,round,first,hole,board,Nsim,prWin,prWinStd,pot,bet,maxBet,NMaxBet,minBet,util_fold,util_call,util_raise_coeff,util_call2,util_raise_coeff2,action,amount,cputime
0,7,6,Deal,0,♦K ♠8,,45,0.17777777777777778,0.3823255674241167,0,0,20,1,20,0,1.3333333333333357,0.06666666666666665,-12.88888888888889,-0.6444444444444444,raise,0,0.5304107666015625
1,7,6,Deal,0,♦K ♠8,,85,0.16470588235294117,0.3628987485926396,0,40,68,1,28,-40,-0.8000000000000114,-0.0117647058823529,-45.6,-0.6705882352941177,call,0,0.5212769508361816
2,7,6,Deal,0,♦K ♠8,,125,0.204,0.395454169278818,0,68,102,1,34,-68,22.848,0.22399999999999998,-60.384,-0.5920000000000001,raise,0,0.5234038829803467
