,N,Nnf,round,first,hole,board,Nsim,prWin,prWinStd,pot,bet,maxBet,NMaxBet,minBet,util_fold,util_call,util_raise_coeff,util_call2,util_raise_coeff2,action,amount,cputime
0,7,6,Deal,0,♠6 ♥2,,55,0.07532467532467532,0.25966232597051814,0,80,160,2,80,-80,-87.68831168831169,-0.5480519480519481,-135.8961038961039,-0.8493506493506493,fold,0,0.5210480690002441
