,N,Nnf,round,first,hole,board,Nsim,prWin,prWinStd,pot,bet,maxBet,NMaxBet,minBet,util_fold,util_call,util_raise_coeff,util_call2,util_raise_coeff2,action,amount,cputime
0,7,5,Deal,0,♣3 ♦9,,100,0.07333333333333333,0.24644133852366026,0,20,67,3,47,-20,-42.43333333333334,-0.6333333333333333,-57.17333333333333,-0.8533333333333333,fold,0,0.5219850540161133
