,N,Nnf,round,first,hole,board,Nsim,prWin,prWinStd,pot,bet,maxBet,NMaxBet,minBet,util_fold,util_call,util_raise_coeff,util_call2,util_raise_coeff2,action,amount,cputime
0,8,8,Deal,0,♣J ♠9,,60,0.1861111111111111,0.37403167159750617,0,0,134,1,134,0,65.51111111111109,0.4888888888888887,-84.12222222222223,-0.6277777777777778,raise,0,0.5267093181610107
1,8,8,Flop,0,♣J ♠9,♥K ♣4 ♦5,75,0.02666666666666667,0.16110727964792765,2144,0,60,4,60,-268,-258.02666666666664,-0.7866666666666666,-267.62666666666667,-0.9466666666666667,call,0,0.5249478816986084
2,8,7,Flop,0,♣J ♠9,♥K ♣4 ♦5,180,0.041666666666666664,0.19632031648982917,2144,60,258,1,198,-328,-361.4166666666667,-0.7083333333333334,-415.1666666666667,-0.9166666666666666,fold,0,0.5221397876739502
