,N,Nnf,round,first,hole,board,Nsim,prWin,prWinStd,pot,bet,maxBet,NMaxBet,minBet,util_fold,util_call,util_raise_coeff,util_call2,util_raise_coeff2,action,amount,cputime
0,7,7,Deal,0,♣6 ♣4,,55,0.19090909090909092,0.37526849891909625,0,0,56,1,56,0,18.836363636363643,0.3363636363636364,-34.61818181818182,-0.6181818181818182,raise,0,0.5270020961761475
1,7,7,Deal,0,♣6 ♣4,,160,0.171875,0.36677170607204695,0,112,224,1,112,-112,45.5,0.203125,-147.0,-0.65625,raise,0,0.5258910655975342
