,N,Nnf,round,first,hole,board,Nsim,prWin,prWinStd,pot,bet,maxBet,NMaxBet,minBet,util_fold,util_call,util_raise_coeff,util_call2,util_raise_coeff2,action,amount,cputime
0,7,6,Deal,0,♠A ♥2,,55,0.12987012987012986,0.33283259178475527,0,0,52,1,52,0,-11.480519480519483,-0.22077922077922085,-38.493506493506494,-0.7402597402597403,fold,0,0.5238029956817627
