,N,Nnf,round,first,hole,board,Nsim,prWin,prWinStd,pot,bet,maxBet,NMaxBet,minBet,util_fold,util_call,util_raise_coeff,util_call2,util_raise_coeff2,action,amount,cputime
0,8,7,Deal,0,♣4 ♦3,,70,0.07857142857142857,0.2623481096029565,0,0,53,3,53,0,-23.849999999999998,-0.44999999999999996,-44.67142857142857,-0.8428571428571429,fold,0,0.5234377384185791
