,N,Nnf,round,first,hole,board,Nsim,prWin,prWinStd,pot,bet,maxBet,NMaxBet,minBet,util_fold,util_call,util_raise_coeff,util_call2,util_raise_coeff2,action,amount,cputime
0,8,8,Deal,0,♦J ♥5,,105,0.12857142857142856,0.3238795442501324,0,20,138,1,118,-20,3.9428571428571217,0.02857142857142847,-102.51428571428572,-0.7428571428571429,raise,0,0.5295000076293945
1,8,8,Deal,0,♦J ♥5,,205,0.13252032520325202,0.31908471786496134,0,276,552,1,276,-276,33.2097560975609,0.060162601626016166,-405.6975609756098,-0.734959349593496,raise,0,0.5274670124053955
