,N,Nnf,round,first,hole,board,Nsim,prWin,prWinStd,pot,bet,maxBet,NMaxBet,minBet,util_fold,util_call,util_raise_coeff,util_call2,util_raise_coeff2,action,amount,cputime
0,8,8,Deal,0,♦Q ♣5,,100,0.09833333333333334,0.2809655969450115,0,10,1000,6,990,-10,-213.33333333333326,-0.21333333333333326,-803.3333333333333,-0.8033333333333333,fold,0,0.528752326965332
