,N,Nnf,round,first,hole,board,Nsim,prWin,prWinStd,pot,bet,maxBet,NMaxBet,minBet,util_fold,util_call,util_raise_coeff,util_call2,util_raise_coeff2,action,amount,cputime
0,8,7,Deal,0,♣A ♠6,,90,0.13333333333333333,0.32317865716108857,0,10,61,4,51,-10,-4.06666666666667,-0.06666666666666665,-44.733333333333334,-0.7333333333333334,call,0,0.5273902416229248
