,N,Nnf,round,first,hole,board,Nsim,prWin,prWinStd,pot,bet,maxBet,NMaxBet,minBet,util_fold,util_call,util_raise_coeff,util_call2,util_raise_coeff2,action,amount,cputime
0,8,8,Deal,0,♦6 ♦10,,20,0.15,0.3570714214271425,0,0,40,1,40,0,8.0,0.19999999999999996,-28.0,-0.7,raise,0,0.5284552574157715
1,8,7,Deal,0,♦6 ♦10,,95,0.1719298245614035,0.3671070971888203,0,80,86,2,6,-80,17.5017543859649,0.2035087719298243,-56.4280701754386,-0.656140350877193,raise,0,0.5267148017883301
2,8,7,Deal,0,♦6 ♦10,,140,0.14494047619047618,0.3385553699476766,0,172,234,2,62,-172,3.4124999999999943,0.01458333333333317,-166.16785714285714,-0.7101190476190476,raise,0,0.5318150520324707
3,8,7,Flop,0,♦6 ♦10,♣A ♦5 ♠A,15,0.13333333333333333,0.33993463423951903,1912,0,118,1,118,-468,-220.93333333333334,-0.06666666666666665,-299.6,-0.7333333333333334,call,0,0.5292019844055176
4,8,7,Turn,0,♦6 ♦10,♣A ♦5 ♠A ♥7,15,0.0,0.0,2384,0,40,1,40,-586,-626.0,-1.0,-626.0,-1.0,fold,0,0.522061824798584
