,N,Nnf,round,first,hole,board,Nsim,prWin,prWinStd,pot,bet,maxBet,NMaxBet,minBet,util_fold,util_call,util_raise_coeff,util_call2,util_raise_coeff2,action,amount,cputime
0,7,7,Deal,0,♣8 ♦Q,,80,0.1375,0.33517719194479806,0,10,150,1,140,-10,-5.625,-0.03749999999999987,-108.75,-0.725,call,0,0.522101879119873
1,7,7,Flop,1,♣8 ♦Q,♥Q ♠7 ♣A,5,0.2,0.4000000000000001,1050,0,0,7,20,-150,60.0,0.40000000000000013,60.0,-0.6,raise,0,0.5249252319335938
2,7,7,Flop,0,♣8 ♦Q,♥Q ♠7 ♣A,110,0.33939393939393936,0.46651906363078643,1050,20,132,1,112,-170,387.9636363636363,1.3757575757575755,163.96363636363628,-0.3212121212121213,raise,0,0.521899938583374
3,7,7,Flop,0,♣8 ♦Q,♥Q ♠7 ♣A,215,0.3085271317829457,0.4505576804628605,1050,264,528,1,264,-414,786.2697674418603,1.15968992248062,-28.24186046511636,-0.38294573643410856,raise,0,0.5272502899169922
