,N,Nnf,round,first,hole,board,Nsim,prWin,prWinStd,pot,bet,maxBet,NMaxBet,minBet,util_fold,util_call,util_raise_coeff,util_call2,util_raise_coeff2,action,amount,cputime
0,8,7,Deal,0,♦9 ♣10,,75,0.18666666666666668,0.38964371189873215,0,0,38,2,38,0,11.653333333333336,0.30666666666666664,-23.813333333333333,-0.6266666666666667,raise,0,0.5266528129577637
1,8,7,Deal,0,♦9 ♣10,,150,0.17222222222222222,0.3688905622452006,0,76,106,2,30,-76,21.78888888888889,0.2055555555555555,-69.48888888888888,-0.6555555555555556,raise,0,0.5269849300384521
2,8,7,Flop,0,♦9 ♣10,♣K ♠3 ♣5,60,0.1,0.30000000000000004,1484,0,100,6,100,-212,-93.6,-0.29999999999999993,-143.6,-0.8,call,0,0.5253570079803467
3,8,7,Turn,0,♦9 ♣10,♣K ♠3 ♣5 ♥J,70,0.1,0.30000000000000004,2184,0,100,6,100,-312,-123.60000000000002,-0.29999999999999993,-173.6,-0.8,call,0,0.5272319316864014
4,8,7,River,0,♦9 ♣10,♣K ♠3 ♣5 ♥J ♣9,65,0.015384615384615385,0.12307692307692308,2884,0,100,6,100,-412,-456.86153846153843,-0.8923076923076922,-464.55384615384617,-0.9692307692307692,fold,0,0.527850866317749
