,N,Nnf,round,first,hole,board,Nsim,prWin,prWinStd,pot,bet,maxBet,NMaxBet,minBet,util_fold,util_call,util_raise_coeff,util_call2,util_raise_coeff2,action,amount,cputime
0,7,7,Deal,0,♣5 ♦10,,10,0.3,0.45825756949558394,0,0,80,1,80,0,88.0,1.1,-32.0,-0.4,raise,0,0.521569013595581
1,7,7,Flop,0,♣5 ♦10,♣K ♦7 ♥5,45,0.1,0.29059326290271154,640,0,200,1,200,-160,-156.0,-0.29999999999999993,-256.0,-0.8,call,0,0.5323529243469238
2,7,7,Turn,0,♣5 ♦10,♣K ♦7 ♥5 ♦4,10,0.1,0.30000000000000004,1440,0,80,1,80,-360,-240.0,-0.29999999999999993,-280.0,-0.8,call,0,0.5261831283569336
3,7,7,Turn,0,♣5 ♦10,♣K ♦7 ♥5 ♦4,55,0.14545454545454545,0.3525585350848239,1440,80,188,2,108,-440,-147.12727272727273,0.018181818181818077,-283.8545454545455,-0.7090909090909091,raise,0,0.5274927616119385
4,7,7,Turn,0,♣5 ♦10,♣K ♦7 ♥5 ♦4,95,0.12631578947368421,0.3322049229065159,1440,376,398,2,22,-736,-224.1894736842105,-0.11578947368421044,-475.5578947368421,-0.7473684210526316,call,0,0.5268580913543701
5,7,7,River,0,♣5 ♦10,♣K ♦7 ♥5 ♦4 ♣J,20,0.0,0.0,2634,0,80,1,80,-758,-838.0,-1.0,-838.0,-1.0,fold,0,0.5230610370635986
