,N,Nnf,round,first,hole,board,Nsim,prWin,prWinStd,pot,bet,maxBet,NMaxBet,minBet,util_fold,util_call,util_raise_coeff,util_call2,util_raise_coeff2,action,amount,cputime
0,7,7,Deal,0,♣K ♠5,,55,0.0722943722943723,0.23718282475674424,0,20,182,1,162,-20,-89.89696969696969,-0.4939393939393939,-155.6848484848485,-0.8554112554112554,fold,0,0.5216081142425537
