,N,Nnf,round,first,hole,board,Nsim,prWin,prWinStd,pot,bet,maxBet,NMaxBet,minBet,util_fold,util_call,util_raise_coeff,util_call2,util_raise_coeff2,action,amount,cputime
0,8,8,Deal,0,♠Q ♦10,,10,0.35,0.39051248379533277,0,0,20,1,20,0,36.0,1.7999999999999998,-6.0,-0.30000000000000004,raise,0,0.5252199172973633
1,8,8,Deal,0,♠Q ♦10,,140,0.21428571428571427,0.39253233325811676,0,40,85,2,45,-40,60.714285714285694,0.7142857142857142,-48.57142857142858,-0.5714285714285714,raise,0,0.5264089107513428
2,8,7,Deal,0,♠Q ♦10,,260,0.22115384615384615,0.40446381337687176,0,170,1000,1,830,-170,548.0769230769229,0.5480769230769229,-557.6923076923077,-0.5576923076923077,raise,0,0.524357795715332
