,N,Nnf,round,first,hole,board,Nsim,prWin,prWinStd,pot,bet,maxBet,NMaxBet,minBet,util_fold,util_call,util_raise_coeff,util_call2,util_raise_coeff2,action,amount,cputime
0,7,7,Deal,0,♣2 ♠K,,90,0.16825396825396824,0.3722687553409147,0,10,140,1,130,-10,24.888888888888886,0.1777777777777776,-92.88888888888889,-0.6634920634920636,raise,0,0.5252101421356201
1,7,7,Flop,1,♣2 ♠K,♠9 ♥Q ♣A,5,0.0,0.0,1960,0,0,7,20,-280,-280.0,-1.0,-280.0,-1.0,call,0,0.5273499488830566
2,7,7,Flop,0,♣2 ♠K,♠9 ♥Q ♣A,110,0.07727272727272727,0.2627335639385168,1960,20,122,1,102,-300,-184.55454545454546,-0.4590909090909091,-231.69090909090912,-0.8454545454545455,call,0,0.5199999809265137
3,7,7,Flop,0,♣2 ♠K,♠9 ♥Q ♣A,210,0.08571428571428572,0.27130322920464983,1960,122,133,4,11,-402,-165.2,-0.4,-222.2,-0.8285714285714285,call,0,0.521507978439331
4,7,7,Turn,1,♣2 ♠K,♠9 ♥Q ♣A ♠6,5,0.0,0.0,2813,0,0,7,20,-413,-413.0,-1.0,-413.0,-1.0,call,0,0.5257353782653809
5,7,7,Turn,0,♣2 ♠K,♠9 ♥Q ♣A ♠6,85,0.01764705882352941,0.11997692973159493,2813,20,134,1,114,-433,-480.8058823529412,-0.8764705882352941,-492.6294117647059,-0.9647058823529412,fold,0,0.5294210910797119
