,N,Nnf,round,first,hole,board,Nsim,prWin,prWinStd,pot,bet,maxBet,NMaxBet,minBet,util_fold,util_call,util_raise_coeff,util_call2,util_raise_coeff2,action,amount,cputime
0,7,7,Deal,0,♣3 ♦J,,15,0.2,0.4000000000000001,0,0,20,1,20,0,8.0,0.40000000000000013,-12.0,-0.6,raise,0,0.5266799926757812
1,7,7,Deal,0,♣3 ♦J,,125,0.07333333333333333,0.24979991993593592,0,40,150,1,110,-40,-73.0,-0.4866666666666667,-128.0,-0.8533333333333333,fold,0,0.530299186706543
