,N,Nnf,round,first,hole,board,Nsim,prWin,prWinStd,pot,bet,maxBet,NMaxBet,minBet,util_fold,util_call,util_raise_coeff,util_call2,util_raise_coeff2,action,amount,cputime
0,7,7,Deal,0,♥3 ♦3,,55,0.18181818181818182,0.38569460791993504,0,0,40,1,40,0,10.909090909090914,0.2727272727272727,-25.454545454545453,-0.6363636363636364,raise,0,0.5265378952026367
1,7,7,Deal,0,♥3 ♦3,,160,0.14464285714285713,0.35065081619462857,0,80,160,1,80,-80,1.9999999999999716,0.012499999999999956,-113.71428571428572,-0.7107142857142857,raise,0,0.5279350280761719
