,N,Nnf,round,first,hole,board,Nsim,prWin,prWinStd,pot,bet,maxBet,NMaxBet,minBet,util_fold,util_call,util_raise_coeff,util_call2,util_raise_coeff2,action,amount,cputime
0,7,6,Deal,0,♥10 ♠10,,80,0.2517857142857143,0.43227197008648266,0,0,79,2,79,0,40.346428571428575,0.5107142857142857,-39.21785714285714,-0.49642857142857144,raise,0,0.5325722694396973
1,7,6,Flop,0,♥10 ♠10,♣2 ♦K ♦Q,65,0.1076923076923077,0.3099914104555367,948,0,77,4,77,-158,-83.15384615384613,-0.3538461538461538,-116.32307692307691,-0.7846153846153846,call,0,0.5349700450897217
2,7,6,Turn,0,♥10 ♠10,♣2 ♦K ♦Q ♠5,65,0.06153846153846154,0.24031537464328168,1410,0,77,2,77,-235,-196.8,-0.6307692307692307,-215.75384615384615,-0.8769230769230769,call,0,0.5299019813537598
3,7,6,Turn,0,♥10 ♠10,♣2 ♦K ♦Q ♠5,140,0.05714285714285714,0.2321153829895989,1410,77,119,3,42,-312,-232.62857142857143,-0.6571428571428571,-259.8285714285714,-0.8857142857142857,call,0,0.52590012550354
4,7,6,River,0,♥10 ♠10,♣2 ♦K ♦Q ♠5 ♦3,65,0.046153846153846156,0.20981817995362856,2124,0,72,1,72,-354,-308.03076923076924,-0.7230769230769231,-321.3230769230769,-0.9076923076923077,call,0,0.5218687057495117
