,N,Nnf,round,first,hole,board,Nsim,prWin,prWinStd,pot,bet,maxBet,NMaxBet,minBet,util_fold,util_call,util_raise_coeff,util_call2,util_raise_coeff2,action,amount,cputime
0,7,7,Deal,0,♣10 ♦9,,15,0.26666666666666666,0.44221663871405337,0,0,80,1,80,0,69.33333333333331,0.8666666666666667,-37.333333333333336,-0.4666666666666667,raise,0,0.5205559730529785
1,7,7,Deal,0,♣10 ♦9,,100,0.21833333333333335,0.40735938269133637,0,160,398,1,238,-160,210.27666666666676,0.5283333333333335,-224.20666666666665,-0.5633333333333332,raise,0,0.524446964263916
2,7,7,Deal,0,♣10 ♦9,,185,0.17477477477477474,0.3709743202306528,0,796,960,1,164,-796,214.48648648648623,0.22342342342342314,-624.4324324324325,-0.6504504504504505,raise,0,0.5292339324951172
