,N,Nnf,round,first,hole,board,Nsim,prWin,prWinStd,pot,bet,maxBet,NMaxBet,minBet,util_fold,util_call,util_raise_coeff,util_call2,util_raise_coeff2,action,amount,cputime
0,7,7,Deal,0,♣6 ♠K,,70,0.19489795918367347,0.3893482309979818,0,0,118,1,118,0,42.985714285714295,0.3642857142857143,-72.00408163265305,-0.610204081632653,raise,0,0.5226900577545166
1,7,7,Deal,0,♣6 ♠K,,175,0.1436734693877551,0.3414929126830375,0,236,438,1,202,-236,2.502857142857124,0.005714285714285783,-312.1420408163265,-0.7126530612244898,raise,0,0.5304520130157471
2,7,7,Flop,0,♣6 ♠K,♥A ♦J ♣8,25,0.05,0.14142135623730953,4380,0,35,1,35,-876,-679.75,-0.6499999999999999,-688.5,-0.9,call,0,0.5320460796356201
3,7,7,Flop,0,♣6 ♠K,♥A ♦J ♣8,65,0.08076923076923077,0.23659317691122614,4380,35,90,1,55,-911,-561.3461538461538,-0.4346153846153846,-597.6923076923076,-0.8384615384615385,call,0,0.5298700332641602
4,7,7,Turn,0,♣6 ♠K,♥A ♦J ♣8 ♦3,30,0.0,0.0,4650,0,71,1,71,-966,-1037.0,-1.0,-1037.0,-1.0,fold,0,0.5242199897766113
