,N,Nnf,round,first,hole,board,Nsim,prWin,prWinStd,pot,bet,maxBet,NMaxBet,minBet,util_fold,util_call,util_raise_coeff,util_call2,util_raise_coeff2,action,amount,cputime
0,8,7,Deal,0,♣3 ♣10,,65,0.14358974358974358,0.32275115851404235,0,20,86,2,66,-20,0.44102564102563235,0.00512820512820511,-61.302564102564105,-0.7128205128205128,raise,0,0.5234549045562744
1,8,7,Deal,0,♣3 ♣10,,110,0.13030303030303028,0.31970774073482616,0,172,218,1,46,-172,-19.157575757575785,-0.087878787878788,-161.1878787878788,-0.7393939393939395,call,0,0.5239160060882568
2,8,7,Deal,0,♣3 ♣10,,165,0.1414141414141414,0.33765185415577864,0,218,313,2,95,-218,-3.161616161616166,-0.010101010101010166,-224.47474747474746,-0.7171717171717171,call,0,0.528026819229126
3,8,7,Flop,1,♣3 ♣10,♣4 ♣6 ♣8,5,0.2,0.4000000000000001,1252,0,0,8,40,-313,-62.599999999999994,0.40000000000000013,-62.599999999999994,-0.6,raise,0,0.5297279357910156
4,8,6,Flop,0,♣3 ♣10,♣4 ♣6 ♣8,50,0.54,0.49839743177508455,1252,40,136,2,96,-353,667.72,2.24,373.96000000000004,0.08000000000000007,raise,0,0.5218417644500732
5,8,6,Turn,1,♣3 ♣10,♣4 ♣6 ♣8 ♥A,5,0.6,0.48989794855663565,2068,0,0,8,40,-585,655.8,2.5999999999999996,655.8,0.19999999999999996,raise,0,0.5252640247344971
6,8,6,Turn,0,♣3 ♣10,♣4 ♣6 ♣8 ♥A,45,0.6,0.48989794855663565,2068,40,78,2,38,-625,858.5999999999999,2.5999999999999996,671.3999999999999,0.19999999999999996,raise,0,0.5231869220733643
