,N,Nnf,round,first,hole,board,Nsim,prWin,prWinStd,pot,bet,maxBet,NMaxBet,minBet,util_fold,util_call,util_raise_coeff,util_call2,util_raise_coeff2,action,amount,cputime
0,7,7,Deal,0,♥6 ♦Q,,5,0.2,0.4000000000000001,0,0,40,1,40,0,16.0,0.40000000000000013,-24.0,-0.6,raise,0,0.5274791717529297
1,7,7,Deal,0,♥6 ♦Q,,75,0.12666666666666668,0.3172100600898752,0,80,100,2,20,-80,-11.333333333333329,-0.11333333333333329,-74.66666666666666,-0.7466666666666666,call,0,0.522676944732666
2,7,7,Deal,0,♥6 ♦Q,,140,0.12142857142857143,0.31550089750511107,0,100,462,1,362,-100,-69.30000000000001,-0.15000000000000002,-349.8,-0.7571428571428571,call,0,0.5218307971954346
3,7,6,Flop,0,♥6 ♦Q,♣10 ♣K ♣6,45,0.044444444444444446,0.20608041101101562,1848,0,87,1,87,-462,-443.66666666666663,-0.7333333333333334,-459.1333333333333,-0.9111111111111111,call,0,0.5251169204711914
4,7,6,Turn,0,♥6 ♦Q,♣10 ♣K ♣6 ♠A,15,0.06666666666666667,0.24944382578492946,2109,0,40,1,40,-549,-432.4,-0.6,-443.06666666666666,-0.8666666666666667,call,0,0.5262589454650879
5,7,5,Turn,0,♥6 ♦Q,♣10 ♣K ♣6 ♠A,55,0.08787878787878788,0.24995867427031854,2109,40,80,1,40,-589,-408.5121212121212,-0.5606060606060606,-429.6030303030303,-0.8242424242424242,call,0,0.5253582000732422
6,7,5,River,1,♥6 ♦Q,♣10 ♣K ♣6 ♠A ♠J,5,0.4,0.48989794855663565,2309,0,0,7,40,-629,294.6,1.0,294.6,-0.19999999999999996,raise,0,0.5243489742279053
7,7,5,River,0,♥6 ♦Q,♣10 ♣K ♣6 ♠A ♠J,30,0.4611111111111111,0.4274890800713475,2309,40,72,1,32,-669,529.7055555555555,1.3055555555555554,430.1055555555556,-0.07777777777777783,raise,0,0.5235412120819092
