,N,Nnf,round,first,hole,board,Nsim,prWin,prWinStd,pot,bet,maxBet,NMaxBet,minBet,util_fold,util_call,util_raise_coeff,util_call2,util_raise_coeff2,action,amount,cputime
0,7,7,Deal,0,♦5 ♦7,,90,0.14444444444444443,0.34354721852756237,0,20,31,4,11,-20,0.3444444444444379,0.011111111111111072,-22.044444444444444,-0.7111111111111111,raise,0,0.5327270030975342
1,7,7,Flop,0,♦5 ♦7,♣2 ♥K ♠6,35,0.02857142857142857,0.1665986255670086,434,0,20,1,20,-62,-65.6,-0.8,-68.45714285714286,-0.9428571428571428,fold,0,0.5278480052947998
