,N,Nnf,round,first,hole,board,Nsim,prWin,prWinStd,pot,bet,maxBet,NMaxBet,minBet,util_fold,util_call,util_raise_coeff,util_call2,util_raise_coeff2,action,amount,cputime
0,7,7,Deal,0,♦J ♠8,,75,0.23333333333333334,0.4189935029992178,0,20,264,1,244,-20,167.2,0.6333333333333333,-140.8,-0.5333333333333333,raise,0,0.5280709266662598
1,7,7,Deal,0,♦J ♠8,,175,0.18571428571428572,0.38332593899996387,0,528,970,1,442,-528,291.0,0.30000000000000004,-609.7142857142858,-0.6285714285714286,raise,0,0.5244748592376709
2,7,7,Flop,1,♦J ♠8,♦5 ♣2 ♠4,5,0.0,0.0,6718,0,0,7,40,-1940,-1940.0,-1.0,-1940.0,-1.0,call,0,0.5261039733886719
3,7,7,Flop,0,♦J ♠8,♦5 ♣2 ♠4,30,0.005555555555555555,0.029917582261858356,6718,40,62,1,22,-1980,-1962.2666666666667,-0.9611111111111111,-1963.9888888888888,-0.9888888888888889,call,0,0.522007942199707
4,7,7,Turn,1,♦J ♠8,♦5 ♣2 ♠4 ♠3,5,0.0,0.0,6842,0,0,7,40,-2002,-2002.0,-1.0,-2002.0,-1.0,call,0,0.5266430377960205
5,7,7,Turn,0,♦J ♠8,♦5 ♣2 ♠4 ♠3,30,0.019761904761904762,0.06088025866971665,6842,40,123,1,83,-2042,-1972.7740476190477,-0.8616666666666667,-1984.927619047619,-0.9604761904761905,call,0,0.5204629898071289
6,7,7,River,1,♦J ♠8,♦5 ♣2 ♠4 ♠3 ♣4,5,0.0,0.0,7088,0,0,7,40,-2125,-2125.0,-1.0,-2125.0,-1.0,call,0,0.5285131931304932
7,7,7,River,0,♦J ♠8,♦5 ♣2 ♠4 ♠3 ♣4,30,0.0,0.0,7088,40,133,1,93,-2165,-2258.0,-1.0,-2258.0,-1.0,fold,0,0.5292379856109619
