,N,Nnf,round,first,hole,board,Nsim,prWin,prWinStd,pot,bet,maxBet,NMaxBet,minBet,util_fold,util_call,util_raise_coeff,util_call2,util_raise_coeff2,action,amount,cputime
0,7,6,Deal,0,♠K ♠5,,55,0.17532467532467533,0.37123326079168883,0,0,49,1,49,0,2.5454545454545467,0.051948051948051965,-31.818181818181817,-0.6493506493506493,raise,0,0.5242259502410889
1,7,6,Deal,0,♠K ♠5,,130,0.18058608058608058,0.3761346531515717,0,98,3928,1,3830,-98,328.0527472527474,0.08351648351648344,-2509.315750915751,-0.6388278388278388,raise,0,0.5233039855957031
