,N,Nnf,round,first,hole,board,Nsim,prWin,prWinStd,pot,bet,maxBet,NMaxBet,minBet,util_fold,util_call,util_raise_coeff,util_call2,util_raise_coeff2,action,amount,cputime
0,8,7,Deal,0,♠Q ♥9,,40,0.15,0.33911649915626335,0,0,40,1,40,0,2.0,0.050000000000000044,-28.0,-0.7,raise,0,0.5323529243469238
1,8,7,Deal,0,♠Q ♥9,,95,0.17894736842105263,0.3621266823530436,0,80,110,4,30,-80,27.78947368421055,0.2526315789473683,-70.63157894736841,-0.6421052631578947,raise,0,0.5237991809844971
2,8,7,Deal,0,♠Q ♥9,,150,0.18,0.3709447398198282,0,220,257,1,37,-220,66.82,0.26,-164.48000000000002,-0.64,raise,0,0.5232148170471191
3,8,7,Flop,0,♠Q ♥9,♦9 ♠A ♠8,10,0.0,0.0,2461,0,40,1,40,-514,-554.0,-1.0,-554.0,-1.0,fold,0,0.5235090255737305
