,N,Nnf,round,first,hole,board,Nsim,prWin,prWinStd,pot,bet,maxBet,NMaxBet,minBet,util_fold,util_call,util_raise_coeff,util_call2,util_raise_coeff2,action,amount,cputime
0,7,7,Deal,0,♦3 ♠7,,55,0.09090909090909091,0.2874797872880344,0,0,40,1,40,0,-14.545454545454543,-0.36363636363636365,-32.72727272727273,-0.8181818181818181,fold,0,0.5260441303253174
