,N,Nnf,round,first,hole,board,Nsim,prWin,prWinStd,pot,bet,maxBet,NMaxBet,minBet,util_fold,util_call,util_raise_coeff,util_call2,util_raise_coeff2,action,amount,cputime
0,7,6,Deal,0,♣3 ♥7,,55,0.0844155844155844,0.26555186667469927,0,0,63,1,63,0,-31.090909090909093,-0.49350649350649356,-52.36363636363637,-0.8311688311688312,fold,0,0.5277082920074463
