,N,Nnf,round,first,hole,board,Nsim,prWin,prWinStd,pot,bet,maxBet,NMaxBet,minBet,util_fold,util_call,util_raise_coeff,util_call2,util_raise_coeff2,action,amount,cputime
0,7,6,Deal,0,♣10 ♠9,,80,0.17678571428571427,0.3626319253255374,0,0,61,2,61,0,3.703571428571422,0.0607142857142855,-39.432142857142864,-0.6464285714285715,raise,0,0.5246927738189697
1,7,6,Flop,0,♣10 ♠9,♥4 ♣3 ♠7,65,0.03461538461538462,0.1747356414092392,732,0,76,2,76,-122,-156.87692307692308,-0.7923076923076923,-167.4,-0.9307692307692308,fold,0,0.5253610610961914
