,N,Nnf,round,first,hole,board,Nsim,prWin,prWinStd,pot,bet,maxBet,NMaxBet,minBet,util_fold,util_call,util_raise_coeff,util_call2,util_raise_coeff2,action,amount,cputime
0,8,8,Deal,0,♥8 ♥10,,35,0.17142857142857143,0.3574284572341944,0,0,40,1,40,0,14.857142857142861,0.37142857142857144,-26.285714285714285,-0.6571428571428571,raise,0,0.5204432010650635
1,8,7,Flop,0,♥8 ♥10,♥7 ♠3 ♠Q,20,0.15,0.3570714214271425,600,0,920,2,920,-80,56.0,0.050000000000000044,-634.0,-0.7,raise,0,0.5234949588775635
