,N,Nnf,round,first,hole,board,Nsim,prWin,prWinStd,pot,bet,maxBet,NMaxBet,minBet,util_fold,util_call,util_raise_coeff,util_call2,util_raise_coeff2,action,amount,cputime
0,7,6,Deal,0,♣A ♣2,,35,0.19523809523809524,0.37898300478231506,0,0,40,1,40,0,6.857142857142854,0.17142857142857149,-24.38095238095238,-0.6095238095238096,raise,0,0.5248920917510986
1,7,6,Deal,0,♣A ♣2,,85,0.19971988795518206,0.38334497464180667,0,80,135,3,55,-80,26.773109243697462,0.1983193277310924,-81.07563025210084,-0.6005602240896359,raise,0,0.5236070156097412
2,7,6,Flop,0,♣A ♣2,♠3 ♦10 ♦8,25,0.08,0.2712931993250107,1350,0,154,1,154,-270,-242.07999999999998,-0.52,-291.36,-0.84,call,0,0.5221848487854004
3,7,6,Turn,0,♣A ♣2,♠3 ♦10 ♦8 ♣5,30,0.06666666666666667,0.24944382578492943,2120,0,75,1,75,-424,-327.66666666666663,-0.6,-347.66666666666663,-0.8666666666666667,call,0,0.52115797996521
4,7,6,Turn,0,♣A ♣2,♠3 ♦10 ♦8 ♣5,95,0.05789473684210526,0.2278406402306669,2120,75,1283,1,1208,-499,-1138.5894736842106,-0.6526315789473685,-1435.7052631578947,-0.8842105263157894,fold,0,0.5263411998748779
