,N,Nnf,round,first,hole,board,Nsim,prWin,prWinStd,pot,bet,maxBet,NMaxBet,minBet,util_fold,util_call,util_raise_coeff,util_call2,util_raise_coeff2,action,amount,cputime
0,7,6,Deal,0,♦Q ♠2,,70,0.08775510204081632,0.26676209593332195,0,40,79,3,39,-40,-37.40408163265306,-0.47346938775510206,-65.13469387755102,-0.8244897959183674,call,0,0.5240414142608643
1,7,6,Flop,1,♦Q ♠2,♠3 ♦9 ♠J,5,0.0,0.0,336,0,0,7,40,-79,-79.0,-1.0,-79.0,-1.0,call,0,0.5269320011138916
2,7,6,Flop,0,♦Q ♠2,♠3 ♦9 ♠J,60,0.06388888888888888,0.2278963106218741,336,40,111,2,71,-119,-125.98333333333333,-0.6166666666666667,-154.35,-0.8722222222222222,fold,0,0.5237331390380859
