,N,Nnf,round,first,hole,board,Nsim,prWin,prWinStd,pot,bet,maxBet,NMaxBet,minBet,util_fold,util_call,util_raise_coeff,util_call2,util_raise_coeff2,action,amount,cputime
0,7,7,Deal,0,♣4 ♦K,,55,0.16363636363636364,0.34449627857266224,0,0,40,1,40,0,5.818181818181813,0.1454545454545455,-26.90909090909091,-0.6727272727272727,raise,0,0.5304040908813477
1,7,7,Deal,0,♣4 ♦K,,160,0.14375,0.33721052400540524,0,80,188,1,108,-80,1.174999999999983,0.006249999999999867,-133.95,-0.7125,raise,0,0.5260319709777832
