,N,Nnf,round,first,hole,board,Nsim,prWin,prWinStd,pot,bet,maxBet,NMaxBet,minBet,util_fold,util_call,util_raise_coeff,util_call2,util_raise_coeff2,action,amount,cputime
0,8,6,Deal,0,♠3 ♣4,,70,0.03571428571428571,0.17569105537498353,0,0,55,1,55,0,-43.214285714285715,-0.7857142857142857,-51.07142857142857,-0.9285714285714286,fold,0,0.5206351280212402
