,N,Nnf,round,first,hole,board,Nsim,prWin,prWinStd,pot,bet,maxBet,NMaxBet,minBet,util_fold,util_call,util_raise_coeff,util_call2,util_raise_coeff2,action,amount,cputime
0,7,7,Deal,0,♣4 ♣9,,10,0.33333333333333337,0.3872983346207417,0,0,20,1,20,0,26.66666666666667,1.3333333333333335,-6.666666666666664,-0.33333333333333326,raise,0,0.5312731266021729
1,7,7,Deal,0,♣4 ♣9,,120,0.16527777777777777,0.35453140260363225,0,40,65,3,25,-40,10.201388888888886,0.15694444444444433,-43.513888888888886,-0.6694444444444445,raise,0,0.5262219905853271
2,7,6,Deal,0,♣4 ♣9,,225,0.1385185185185185,0.3310257574966037,0,130,137,2,7,-130,-23.137777777777785,-0.16888888888888887,-99.04592592592593,-0.722962962962963,call,0,0.5210366249084473
3,7,6,Deal,0,♣4 ♣9,,295,0.14124293785310735,0.33616531350762774,0,137,208,4,71,-137,-31.72881355932202,-0.15254237288135597,-149.24293785310735,-0.7175141242937852,call,0,0.5275709629058838
4,7,6,Flop,0,♣4 ♣9,♣5 ♦K ♦A,15,0.0,0.0,1313,0,20,1,20,-208,-228.0,-1.0,-228.0,-1.0,fold,0,0.5258197784423828
