,N,Nnf,round,first,hole,board,Nsim,prWin,prWinStd,pot,bet,maxBet,NMaxBet,minBet,util_fold,util_call,util_raise_coeff,util_call2,util_raise_coeff2,action,amount,cputime
0,8,8,Deal,0,♥J ♠Q,,10,0.2,0.4000000000000001,0,0,20,1,20,0,12.0,0.6000000000000001,-12.0,-0.6,raise,0,0.5244669914245605
1,8,8,Deal,0,♥J ♠Q,,115,0.2391304347826087,0.4136151650095749,0,40,156,1,116,-40,142.43478260869568,0.9130434782608696,-81.39130434782608,-0.5217391304347826,raise,0,0.5254571437835693
2,8,8,Flop,0,♥J ♠Q,♠10 ♠7 ♠8,45,0.2,0.4000000000000001,2496,0,71,2,71,-312,229.80000000000007,0.6000000000000001,144.60000000000002,-0.6,raise,0,0.5298869609832764
3,8,8,Flop,0,♥J ♠Q,♠10 ♠7 ♠8,150,0.2122222222222222,0.40501333616207724,2496,142,147,2,5,-454,320.27999999999986,0.6977777777777776,133.0999999999999,-0.5755555555555556,raise,0,0.5217118263244629
4,8,8,Flop,0,♥J ♠Q,♠10 ♠7 ♠8,255,0.23267973856209148,0.41917494416538503,2496,294,588,1,294,-606,775.2941176470588,0.8614379084967319,-45.60000000000002,-0.5346405228758171,raise,0,0.5237429141998291
