,N,Nnf,round,first,hole,board,Nsim,prWin,prWinStd,pot,bet,maxBet,NMaxBet,minBet,util_fold,util_call,util_raise_coeff,util_call2,util_raise_coeff2,action,amount,cputime
0,7,7,Deal,0,♠5 ♥Q,,50,0.14238095238095239,0.3282776464396067,0,20,217,1,197,-20,-0.7233333333333292,-0.0033333333333332993,-155.20666666666665,-0.7152380952380952,call,0,0.5258088111877441
1,7,7,Flop,1,♠5 ♥Q,♥2 ♣2 ♦7,5,0.0,0.0,868,0,0,7,40,-217,-217.0,-1.0,-217.0,-1.0,call,0,0.5239639282226562
2,7,7,Flop,0,♠5 ♥Q,♥2 ♣2 ♦7,45,0.05555555555555555,0.21659542988464361,868,40,56,1,16,-257,-203.0,-0.6111111111111112,-218.55555555555554,-0.8888888888888888,call,0,0.5227940082550049
3,7,7,Flop,0,♠5 ♥Q,♥2 ♣2 ♦7,90,0.044444444444444446,0.19212907184211758,868,56,184,2,128,-273,-305.1777777777778,-0.6888888888888889,-346.06666666666666,-0.9111111111111111,fold,0,0.5244097709655762
