,N,Nnf,round,first,hole,board,Nsim,prWin,prWinStd,pot,bet,maxBet,NMaxBet,minBet,util_fold,util_call,util_raise_coeff,util_call2,util_raise_coeff2,action,amount,cputime
0,7,7,Deal,0,♥10 ♠A,,80,0.20803571428571427,0.4001265345143321,0,40,306,1,266,-40,139.61249999999995,0.4562499999999998,-178.68214285714288,-0.5839285714285715,raise,0,0.5249297618865967
1,7,7,Flop,1,♥10 ♠A,♣K ♦9 ♠4,5,0.0,0.0,2567,0,0,7,40,-612,-612.0,-1.0,-612.0,-1.0,call,0,0.5291237831115723
2,7,7,Flop,0,♥10 ♠A,♣K ♦9 ♠4,45,0.07407407407407407,0.25228720542113187,2567,40,154,1,114,-652,-496.0,-0.4814814814814815,-553.0370370370371,-0.8518518518518519,call,0,0.5205440521240234
3,7,7,Turn,1,♥10 ♠A,♣K ♦9 ♠4 ♦J,5,0.0,0.0,3029,0,0,7,40,-766,-766.0,-1.0,-766.0,-1.0,call,0,0.5214972496032715
4,7,7,Turn,0,♥10 ♠A,♣K ♦9 ♠4 ♦J,50,0.12,0.32496153618543844,3029,40,153,2,113,-806,-427.00000000000006,-0.16000000000000003,-518.8000000000001,-0.76,call,0,0.5232970714569092
5,7,7,River,1,♥10 ♠A,♣K ♦9 ♠4 ♦J ♣3,5,0.0,0.0,3488,0,0,7,40,-919,-919.0,-1.0,-919.0,-1.0,call,0,0.523914098739624
6,7,7,River,0,♥10 ♠A,♣K ♦9 ♠4 ♦J ♣3,45,0.0,0.0,3488,40,97,1,57,-959,-1016.0,-1.0,-1016.0,-1.0,fold,0,0.521986722946167
