,N,Nnf,round,first,hole,board,Nsim,prWin,prWinStd,pot,bet,maxBet,NMaxBet,minBet,util_fold,util_call,util_raise_coeff,util_call2,util_raise_coeff2,action,amount,cputime
0,8,8,Deal,0,♠6 ♠8,,70,0.1357142857142857,0.3372306181175108,0,10,78,1,68,-10,6.685714285714283,0.08571428571428563,-56.82857142857143,-0.7285714285714286,raise,0,0.5257999897003174
1,8,8,Flop,1,♠6 ♠8,♣J ♦8 ♦A,5,0.3,0.39999999999999997,936,0,0,8,20,-156,124.80000000000001,1.4,124.80000000000001,-0.4,raise,0,0.530689001083374
2,8,7,Flop,0,♠6 ♠8,♣J ♦8 ♦A,85,0.10588235294117647,0.2979747092215045,936,20,57,2,37,-176,-71.64705882352939,-0.2588235294117647,-101.8235294117647,-0.788235294117647,call,0,0.5212390422821045
