,N,Nnf,round,first,hole,board,Nsim,prWin,prWinStd,pot,bet,maxBet,NMaxBet,minBet,util_fold,util_call,util_raise_coeff,util_call2,util_raise_coeff2,action,amount,cputime
0,7,7,Deal,0,♥4 ♠2,,10,0.15,0.32015621187164245,0,0,20,1,20,0,1.0,0.050000000000000044,-14.0,-0.7,raise,0,0.5209243297576904
1,7,6,Deal,0,♥4 ♠2,,110,0.051298701298701295,0.2127939020021408,0,40,84,1,44,-40,-58.14545454545455,-0.6922077922077923,-75.38181818181818,-0.8974025974025974,fold,0,0.5257222652435303
