,N,Nnf,round,first,hole,board,Nsim,prWin,prWinStd,pot,bet,maxBet,NMaxBet,minBet,util_fold,util_call,util_raise_coeff,util_call2,util_raise_coeff2,action,amount,cputime
0,7,7,Deal,0,♠9 ♥5,,55,0.15714285714285714,0.3545097741429624,0,0,80,1,80,0,8.0,0.10000000000000009,-54.85714285714286,-0.6857142857142857,raise,0,0.5247423648834229
1,7,7,Deal,0,♠9 ♥5,,140,0.17959183673469387,0.37801130244082815,0,160,179,3,19,-160,46.02857142857141,0.2571428571428571,-114.7061224489796,-0.6408163265306123,raise,0,0.5287621021270752
2,7,7,Deal,0,♠9 ♥5,,225,0.1421164021164021,0.34213173635968847,0,358,716,1,358,-358,-3.712592592592614,-0.005185185185185182,-512.4893121693121,-0.7157671957671958,call,0,0.5234808921813965
3,7,6,Flop,0,♠9 ♥5,♣A ♣K ♠A,45,0.03333333333333333,0.1632993161855452,3222,0,128,2,128,-716,-711.0,-0.8,-728.0666666666667,-0.9333333333333333,call,0,0.5303232669830322
4,7,6,Turn,0,♠9 ♥5,♣A ♣K ♠A ♥8,50,0.0,0.0,3734,0,40,2,40,-844,-884.0,-1.0,-884.0,-1.0,fold,0,0.5219831466674805
