,N,Nnf,round,first,hole,board,Nsim,prWin,prWinStd,pot,bet,maxBet,NMaxBet,minBet,util_fold,util_call,util_raise_coeff,util_call2,util_raise_coeff2,action,amount,cputime
0,8,8,Deal,0,♦9 ♥5,,50,0.18666666666666665,0.3706450833044703,0,0,40,1,40,0,19.733333333333327,0.4933333333333332,-25.06666666666667,-0.6266666666666667,raise,0,0.5245418548583984
1,8,8,Deal,0,♦9 ♥5,,155,0.13655913978494622,0.33197085404622134,0,80,186,1,106,-80,17.19999999999996,0.09247311827956972,-135.20000000000002,-0.7268817204301076,raise,0,0.5236811637878418
2,8,8,Flop,0,♦9 ♥5,♥J ♥3 ♠10,50,0.04,0.16852299546352717,2762,0,43,3,43,-372,-290.76,-0.6799999999999999,-301.08,-0.92,call,0,0.5295097827911377
3,8,7,Turn,0,♦9 ♥5,♥J ♥3 ♠10 ♥7,55,0.03636363636363636,0.18719327529067276,3020,0,28,3,28,-415,-326.05454545454546,-0.7454545454545455,-331.1454545454545,-0.9272727272727272,call,0,0.5279629230499268
4,8,7,Turn,0,♦9 ♥5,♥J ♥3 ♠10 ♥7,140,0.05119047619047619,0.200095640397592,3020,28,94,3,66,-443,-320.72142857142853,-0.6416666666666666,-344.7809523809524,-0.8976190476190476,call,0,0.5247070789337158
5,8,7,River,0,♦9 ♥5,♥J ♥3 ♠10 ♥7 ♣8,55,0.4939393939393939,0.37867877216517115,3584,0,55,1,55,-509,1396.4454545454544,2.457575757575757,1260.6121212121209,-0.0121212121212122,raise,0,0.5238511562347412
6,8,7,River,0,♦9 ♥5,♥J ♥3 ♠10 ♥7 ♣8,110,0.5007575757575757,0.39320225322034635,3584,110,491,1,381,-619,2515.818939393939,2.50530303030303,1286.4590909090907,0.0015151515151514694,raise,0,0.5183629989624023
