,N,Nnf,round,first,hole,board,Nsim,prWin,prWinStd,pot,bet,maxBet,NMaxBet,minBet,util_fold,util_call,util_raise_coeff,util_call2,util_raise_coeff2,action,amount,cputime
0,7,6,Deal,0,♦A ♦8,,55,0.21818181818181817,0.4018552019145517,0,160,525,2,365,-160,162.27272727272725,0.3090909090909091,-295.9090909090909,-0.5636363636363637,raise,0,0.5269818305969238
1,7,6,Deal,0,♦A ♦8,,95,0.22631578947368422,0.4089036757801059,0,1050,1145,1,95,-1050,409.78947368421063,0.35789473684210527,-626.7368421052631,-0.5473684210526315,raise,0,0.5216939449310303
2,7,6,Flop,1,♦A ♦8,♥6 ♦3 ♦10,5,0.0,0.0,6950,0,0,7,160,-2290,-2290.0,-1.0,-2290.0,-1.0,call,0,0.53413987159729
3,7,6,Flop,0,♦A ♦8,♥6 ♦3 ♦10,45,0.3333333333333333,0.4714045207910317,6950,160,603,1,443,-2450,629.6666666666665,1.0,-174.33333333333348,-0.33333333333333337,raise,0,0.5220270156860352
4,7,6,Turn,1,♦A ♦8,♥6 ♦3 ♦10 ♠6,5,0.4,0.48989794855663565,10568,0,0,7,160,-3496,731.1999999999998,1.4000000000000004,731.1999999999998,-0.19999999999999996,raise,0,0.5280508995056152
5,7,6,Turn,0,♦A ♦8,♥6 ♦3 ♦10 ♠6,45,0.24444444444444444,0.42975732457363813,10568,160,186,2,26,-3656,-825.911111111111,0.46666666666666656,-1007.7777777777778,-0.5111111111111111,raise,0,0.5285439491271973
6,7,6,Turn,0,♦A ♦8,♥6 ♦3 ♦10 ♠6,85,0.18823529411764706,0.39089994649026233,10568,372,680,2,308,-3868,-1418.7294117647061,0.12941176470588234,-1930.7294117647061,-0.6235294117647059,raise,0,0.5276608467102051
7,7,6,River,1,♦A ♦8,♥6 ♦3 ♦10 ♠6 ♥Q,5,0.0,0.0,14648,0,0,7,160,-4856,-4856.0,-1.0,-4856.0,-1.0,call,0,0.5257837772369385
8,7,6,River,0,♦A ♦8,♥6 ♦3 ♦10 ♠6 ♥Q,45,0.0,0.0,14648,160,211,1,51,-5016,-5067.0,-1.0,-5067.0,-1.0,fold,0,0.5241081714630127
