,N,Nnf,round,first,hole,board,Nsim,prWin,prWinStd,pot,bet,maxBet,NMaxBet,minBet,util_fold,util_call,util_raise_coeff,util_call2,util_raise_coeff2,action,amount,cputime
0,7,6,Deal,0,♦5 ♣8,,75,0.09333333333333334,0.27920522121829233,0,40,142,1,102,-40,-62.47999999999999,-0.43999999999999995,-115.49333333333334,-0.8133333333333334,fold,0,0.5276169776916504
