,N,Nnf,round,first,hole,board,Nsim,prWin,prWinStd,pot,bet,maxBet,NMaxBet,minBet,util_fold,util_call,util_raise_coeff,util_call2,util_raise_coeff2,action,amount,cputime
0,7,6,Deal,0,♣Q ♣9,,55,0.16363636363636364,0.3699452718068329,0,20,62,1,42,-20,-1.1272727272727323,-0.018181818181818188,-41.70909090909091,-0.6727272727272727,call,0,0.5280859470367432
1,7,6,Deal,0,♣Q ♣9,,100,0.165,0.3677974986320598,0,62,120,1,58,-62,-1.1999999999999886,-0.010000000000000009,-80.4,-0.6699999999999999,call,0,0.5243487358093262
2,7,6,Deal,0,♣Q ♣9,,135,0.18624338624338624,0.3833354329328576,0,120,126,2,6,-120,14.799999999999983,0.11746031746031749,-79.06666666666666,-0.6275132275132276,raise,0,0.5253012180328369
