,N,Nnf,round,first,hole,board,Nsim,prWin,prWinStd,pot,bet,maxBet,NMaxBet,minBet,util_fold,util_call,util_raise_coeff,util_call2,util_raise_coeff2,action,amount,cputime
0,8,8,Deal,0,♦K ♦A,,10,0.35,0.45,0,0,20,1,20,0,36.0,1.7999999999999998,-6.0,-0.30000000000000004,raise,0,0.5228087902069092
1,8,7,Flop,0,♦K ♦A,♦8 ♠K ♣8,10,0.35,0.45,300,0,20,1,20,-40,94.0,1.4499999999999997,59.0,-0.30000000000000004,raise,0,0.5243608951568604
2,8,7,Flop,0,♦K ♦A,♦8 ♠K ♣8,90,0.41481481481481475,0.4787099720199961,300,40,60,3,20,-80,198.66666666666663,1.9037037037037035,74.2222222222222,-0.1703703703703705,raise,0,0.5227611064910889
3,8,7,Turn,0,♦K ♦A,♦8 ♠K ♣8 ♥J,15,0.6,0.48989794855663565,1140,0,44,1,44,-160,664.8,3.2,532.8,0.19999999999999996,raise,0,0.5279800891876221
4,8,7,River,0,♦K ♦A,♦8 ♠K ♣8 ♥J ♠5,10,0.2,0.4000000000000001,1756,0,20,1,20,-248,111.20000000000005,0.40000000000000013,91.20000000000005,-0.6,raise,0,0.5262978076934814
5,8,7,River,0,♦K ♦A,♦8 ♠K ♣8 ♥J ♠5,95,0.37894736842105264,0.4796697848448188,1756,40,88,1,48,-288,562.8631578947368,1.6526315789473687,396.12631578947367,-0.2421052631578947,raise,0,0.5271527767181396
