,N,Nnf,round,first,hole,board,Nsim,prWin,prWinStd,pot,bet,maxBet,NMaxBet,minBet,util_fold,util_call,util_raise_coeff,util_call2,util_raise_coeff2,action,amount,cputime
0,7,6,Deal,0,♥6 ♥Q,,55,0.1722943722943723,0.35672309058324136,0,20,119,1,99,-20,4.01818181818183,0.03376623376623389,-77.9939393939394,-0.6554112554112554,raise,0,0.523137092590332
1,7,6,Flop,1,♥6 ♥Q,♦3 ♦K ♠10,5,0.2,0.4,714,0,0,7,40,-238,-95.19999999999999,0.20000000000000018,-95.19999999999999,-0.6,raise,0,0.5303239822387695
2,7,6,Flop,0,♥6 ♥Q,♦3 ♦K ♠10,40,0.125,0.33071891388307384,714,40,152,1,112,-278,-186.75,-0.25,-262.75,-0.75,call,0,0.5239129066467285
3,7,6,Turn,1,♥6 ♥Q,♦3 ♦K ♠10 ♠3,5,0.0,0.0,1170,0,0,7,40,-390,-390.0,-1.0,-390.0,-1.0,call,0,0.5307109355926514
4,7,5,Turn,0,♥6 ♥Q,♦3 ♦K ♠10 ♠3,45,0.011111111111111112,0.07370277311900889,1170,40,136,1,96,-430,-505.44444444444446,-0.9444444444444444,-509.97777777777776,-0.9777777777777777,fold,0,0.5297069549560547
