,N,Nnf,round,first,hole,board,Nsim,prWin,prWinStd,pot,bet,maxBet,NMaxBet,minBet,util_fold,util_call,util_raise_coeff,util_call2,util_raise_coeff2,action,amount,cputime
0,8,7,Deal,0,♠Q ♣6,,40,0.15,0.3570714214271425,0,0,80,1,80,0,4.0,0.050000000000000044,-56.0,-0.7,raise,0,0.5219399929046631
1,8,7,Deal,0,♠Q ♣6,,85,0.12352941176470589,0.3153511800865932,0,160,388,1,228,-160,-52.49411764705883,-0.1352941176470588,-292.1411764705882,-0.7529411764705882,call,0,0.5199639797210693
2,8,7,Deal,0,♠Q ♣6,,130,0.11538461538461539,0.30721116227255163,0,388,510,2,122,-388,-98.0769230769231,-0.1923076923076923,-392.3076923076923,-0.7692307692307692,call,0,0.5300900936126709
3,8,7,Flop,0,♠Q ♣6,♠10 ♦7 ♦8,20,0.0,0.0,2040,0,288,1,288,-510,-798.0,-1.0,-798.0,-1.0,fold,0,0.5249228477478027
