,N,Nnf,round,first,hole,board,Nsim,prWin,prWinStd,pot,bet,maxBet,NMaxBet,minBet,util_fold,util_call,util_raise_coeff,util_call2,util_raise_coeff2,action,amount,cputime
0,7,7,Deal,0,♥6 ♥K,,10,0.2,0.4000000000000001,0,0,20,1,20,0,8.0,0.40000000000000013,-12.0,-0.6,raise,0,0.529033899307251
1,7,7,Deal,0,♥6 ♥K,,115,0.18944099378881987,0.3863284135893755,0,40,136,1,96,-40,44.34782608695653,0.326086956521739,-84.472049689441,-0.6211180124223603,raise,0,0.5212171077728271
2,7,7,Deal,0,♥6 ♥K,,220,0.17175324675324674,0.3711223592457482,0,272,544,1,272,-272,110.0363636363636,0.20227272727272716,-357.13246753246756,-0.6564935064935065,raise,0,0.529120922088623
3,7,7,Flop,0,♥6 ♥K,♦K ♥J ♣7,50,0.32,0.4445222154178574,3808,0,42,1,42,-544,726.6399999999999,1.2400000000000002,659.44,-0.36,raise,0,0.5232319831848145
4,7,7,Flop,0,♥6 ♥K,♦K ♥J ♣7,155,0.36451612903225805,0.464814718848418,3808,84,168,1,84,-628,1104.748387096774,1.5516129032258066,798.5548387096774,-0.2709677419354839,raise,0,0.5234239101409912
5,7,7,Turn,0,♥6 ♥K,♦K ♥J ♣7 ♥Q,35,0.37619047619047624,0.4634974994245267,5911,0,20,1,20,-880,1376.3285714285716,1.6333333333333337,1338.7095238095244,-0.24761904761904752,raise,0,0.5233111381530762
6,7,7,Turn,0,♥6 ♥K,♦K ♥J ♣7 ♥Q,130,0.47820512820512817,0.47429140197856795,5911,40,79,3,39,-920,2132.1179487179484,2.347435897435897,1943.226923076923,-0.04358974358974366,raise,0,0.5247697830200195
