,N,Nnf,round,first,hole,board,Nsim,prWin,prWinStd,pot,bet,maxBet,NMaxBet,minBet,util_fold,util_call,util_raise_coeff,util_call2,util_raise_coeff2,action,amount,cputime
0,8,7,Deal,0,♣J ♥K,,90,0.13472222222222222,0.33136280981485394,0,10,65,4,55,-10,-3.7013888888888857,-0.056944444444444464,-47.486111111111114,-0.7305555555555556,call,0,0.5277359485626221
1,8,7,Deal,0,♣J ♥K,,165,0.15833333333333333,0.3557251804980975,0,65,139,1,74,-65,15.058333333333337,0.10833333333333339,-94.98333333333333,-0.6833333333333333,raise,0,0.5253829956054688
2,8,7,Flop,1,♣J ♥K,♦4 ♦10 ♦9,5,0.2,0.4,1202,0,0,8,20,-278,-37.599999999999994,0.40000000000000013,-37.599999999999994,-0.6,raise,0,0.5221590995788574
3,8,6,Flop,0,♣J ♥K,♦4 ♦10 ♦9,45,0.06666666666666667,0.24944382578492943,1202,20,30,1,10,-298,-215.86666666666667,-0.6,-223.86666666666667,-0.8666666666666667,call,0,0.5255780220031738
4,8,6,Turn,1,♣J ♥K,♦4 ♦10 ♦9 ♣6,5,0.2,0.4000000000000001,1262,0,0,8,20,-308,-55.599999999999994,0.20000000000000018,-55.599999999999994,-0.6,raise,0,0.5269308090209961
5,8,6,Turn,0,♣J ♥K,♦4 ♦10 ♦9 ♣6,25,0.2,0.4,1262,20,49,1,29,-328,-45.80000000000001,0.20000000000000018,-85.0,-0.6,raise,0,0.5231189727783203
6,8,6,River,1,♣J ♥K,♦4 ♦10 ♦9 ♣6 ♠A,5,0.0,0.0,1458,0,0,8,20,-406,-406.0,-1.0,-406.0,-1.0,call,0,0.5356590747833252
7,8,6,River,0,♣J ♥K,♦4 ♦10 ♦9 ♣6 ♠A,30,0.0,0.0,1458,20,33,1,13,-426,-439.0,-1.0,-439.0,-1.0,fold,0,0.5197858810424805
