,N,Nnf,round,first,hole,board,Nsim,prWin,prWinStd,pot,bet,maxBet,NMaxBet,minBet,util_fold,util_call,util_raise_coeff,util_call2,util_raise_coeff2,action,amount,cputime
0,7,7,Deal,0,♥A ♣2,,55,0.13593073593073593,0.3334468800816293,0,80,299,2,219,-80,-14.4969696969697,-0.048484848484848464,-217.7134199134199,-0.7281385281385282,call,0,0.5297539234161377
1,7,7,Flop,0,♥A ♣2,♦8 ♠A ♠7,35,0.24285714285714285,0.4030495994190253,1196,0,80,1,80,-299,47.457142857142856,0.7,-49.68571428571431,-0.5142857142857142,raise,0,0.5240540504455566
2,7,7,Turn,0,♥A ♣2,♦8 ♠A ♠7 ♥J,30,0.2,0.35590260840104376,1836,0,80,1,80,-459,-59.799999999999955,0.40000000000000013,-139.79999999999995,-0.6,raise,0,0.5231490135192871
3,7,7,Turn,0,♥A ♣2,♦8 ♠A ♠7 ♥J,95,0.2578947368421053,0.4030355730331926,1836,160,258,1,98,-619,222.25263157894733,0.8052631578947369,-110.4315789473684,-0.4842105263157894,raise,0,0.527850866317749
