,N,Nnf,round,first,hole,board,Nsim,prWin,prWinStd,pot,bet,maxBet,NMaxBet,minBet,util_fold,util_call,util_raise_coeff,util_call2,util_raise_coeff2,action,amount,cputime
0,8,8,Deal,0,♠K ♦3,,85,0.12941176470588237,0.32677516264308587,0,0,88,1,88,0,3.1058823529411796,0.03529411764705892,-65.2235294117647,-0.7411764705882353,raise,0,0.5250911712646484
1,8,7,Deal,0,♠K ♦3,,190,0.10767543859649124,0.2984510547590608,0,176,352,1,176,-176,-86.68771929824555,-0.24627192982456125,-276.19649122807016,-0.7846491228070175,call,0,0.5239241123199463
2,8,7,Flop,0,♠K ♦3,♥J ♣Q ♥8,85,0.0058823529411764705,0.0539126552347746,2508,0,200,1,200,-352,-529.0117647058823,-0.9588235294117647,-534.8941176470588,-0.9882352941176471,fold,0,0.5247471332550049
