,N,Nnf,round,first,hole,board,Nsim,prWin,prWinStd,pot,bet,maxBet,NMaxBet,minBet,util_fold,util_call,util_raise_coeff,util_call2,util_raise_coeff2,action,amount,cputime
0,7,7,Deal,0,♠A ♥A,,45,0.38095238095238093,0.4828111183099648,0,0,40,1,40,0,66.66666666666666,1.6666666666666665,-9.523809523809526,-0.23809523809523814,raise,0,0.5283169746398926
1,7,7,Deal,0,♠A ♥A,,150,0.41428571428571426,0.4917689850873858,0,80,198,1,118,-80,376.19999999999993,1.9,-33.94285714285715,-0.17142857142857149,raise,0,0.5236079692840576
2,7,5,Flop,0,♠A ♥A,♦4 ♥3 ♦J,60,0.4083333333333333,0.48726846353479064,2456,0,64,1,64,-396,673.5333333333333,1.0416666666666665,595.1333333333334,-0.18333333333333335,raise,0,0.5251138210296631
3,7,5,Turn,0,♠A ♥A,♦4 ♥3 ♦J ♣J,30,0.4666666666666667,0.49888765156985887,3096,0,42,1,42,-524,976.8,1.3333333333333335,918.0,-0.06666666666666665,raise,0,0.5226230621337891
4,7,5,Turn,0,♠A ♥A,♦4 ♥3 ♦J ♣J,80,0.425,0.49434299833212975,3096,84,101,1,17,-608,905.425,1.125,776.6499999999999,-0.15000000000000002,raise,0,0.5268821716308594
5,7,5,River,0,♠A ♥A,♦4 ♥3 ♦J ♣J ♠3,15,0.2,0.4,3944,0,20,1,20,-726,62.80000000000007,0.0,50.80000000000007,-0.6,call,0,0.5265951156616211
6,7,5,River,0,♠A ♥A,♦4 ♥3 ♦J ♣J ♠3,65,0.27692307692307694,0.4474781406845842,3944,20,69,3,49,-746,392.72307692307686,0.3846153846153846,335.4000000000001,-0.4461538461538461,raise,0,0.5262951850891113
