,N,Nnf,round,first,hole,board,Nsim,prWin,prWinStd,pot,bet,maxBet,NMaxBet,minBet,util_fold,util_call,util_raise_coeff,util_call2,util_raise_coeff2,action,amount,cputime
0,7,7,Deal,0,♠K ♠A,,55,0.24805194805194805,0.4131095138092685,0,0,62,1,62,0,45.654545454545456,0.7363636363636363,-31.241558441558443,-0.5038961038961038,raise,0,0.5235130786895752
1,7,7,Deal,0,♠K ♠A,,155,0.26866359447004606,0.4256493216575132,0,124,248,1,124,-124,218.39999999999992,0.8806451612903223,-114.74285714285716,-0.4626728110599079,raise,0,0.5279080867767334
2,7,6,Flop,0,♠K ♠A,♠5 ♦6 ♣2,70,0.14285714285714285,0.3499271061118826,2976,0,71,3,71,-496,-81.00000000000006,-0.1428571428571429,-121.57142857142861,-0.7142857142857143,call,0,0.5225059986114502
3,7,6,Turn,0,♠K ♠A,♠5 ♦6 ♣2 ♠10,40,0.225,0.4023369234857771,3331,0,63,1,63,-567,204.5250000000001,0.3500000000000001,147.82500000000005,-0.55,raise,0,0.5217359066009521
4,7,6,River,0,♠K ♠A,♠5 ♦6 ♣2 ♠10 ♠9,50,1.0,0.0,3961,0,69,2,69,-693,3613.0,5.0,3337.0,1.0,raise,0,0.5286421775817871
5,7,6,River,0,♠K ♠A,♠5 ♦6 ♣2 ♠10 ♠9,115,1.0,0.0,3961,138,139,1,1,-831,3963.0,5.0,3407.0,1.0,raise,0,0.5246531963348389
