,N,Nnf,round,first,hole,board,Nsim,prWin,prWinStd,pot,bet,maxBet,NMaxBet,minBet,util_fold,util_call,util_raise_coeff,util_call2,util_raise_coeff2,action,amount,cputime
0,8,8,Deal,0,♥2 ♥J,,70,0.12857142857142856,0.3238795442501324,0,0,88,1,88,0,2.5142857142857054,0.02857142857142847,-65.37142857142857,-0.7428571428571429,raise,0,0.5206689834594727
1,8,8,Deal,0,♥2 ♥J,,170,0.14215686274509803,0.33900168927118896,0,176,352,1,176,-176,48.31372549019608,0.13725490196078427,-251.921568627451,-0.7156862745098039,raise,0,0.5217549800872803
2,8,8,Flop,0,♥2 ♥J,♣4 ♦6 ♠9,85,0.011764705882352941,0.1078253104695492,5632,0,296,3,296,-704,-905.8823529411765,-0.9058823529411765,-926.7764705882353,-0.9764705882352941,fold,0,0.5255110263824463
