,N,Nnf,round,first,hole,board,Nsim,prWin,prWinStd,pot,bet,maxBet,NMaxBet,minBet,util_fold,util_call,util_raise_coeff,util_call2,util_raise_coeff2,action,amount,cputime
0,7,6,Deal,0,♥J ♣9,,55,0.245021645021645,0.4118596609012964,0,0,23,1,23,0,10.812987012987008,0.47012987012986995,-11.72900432900433,-0.5099567099567099,raise,0,0.523327112197876
1,7,6,Deal,0,♥J ♣9,,120,0.24563492063492062,0.41724430859047834,0,46,58,4,12,-46,27.480952380952374,0.4738095238095237,-29.506349206349206,-0.5087301587301587,raise,0,0.5272152423858643
2,7,6,Deal,0,♥J ♣9,,185,0.2241956241956242,0.40824435489591265,0,116,125,3,9,-116,43.14671814671814,0.3451737451737451,-68.95109395109395,-0.5516087516087516,raise,0,0.5221021175384521
3,7,6,Deal,0,♥J ♣9,,250,0.2039047619047619,0.3949036910058806,0,250,2032,2,1782,-250,454.0068571428569,0.2234285714285713,-1203.3310476190477,-0.5921904761904762,raise,0,0.5220649242401123
