,N,Nnf,round,first,hole,board,Nsim,prWin,prWinStd,pot,bet,maxBet,NMaxBet,minBet,util_fold,util_call,util_raise_coeff,util_call2,util_raise_coeff2,action,amount,cputime
0,7,7,Deal,0,♠K ♥Q,,40,0.22857142857142856,0.41625149383809906,0,0,80,1,80,0,48.0,0.5999999999999999,-43.42857142857143,-0.5428571428571429,raise,0,0.521826982498169
1,7,7,Deal,0,♠K ♥Q,,115,0.24596273291925466,0.42817697213066436,0,160,163,2,3,-160,117.64347826086953,0.7217391304347827,-82.81614906832299,-0.5080745341614907,raise,0,0.5252869129180908
2,7,7,Deal,0,♠K ♥Q,,190,0.2593984962406015,0.43683175223583925,0,326,652,1,326,-326,531.8947368421054,0.8157894736842106,-313.7443609022556,-0.48120300751879697,raise,0,0.5348339080810547
3,7,7,Flop,0,♠K ♥Q,♣K ♦9 ♦3,45,0.3888888888888889,0.48176629752619554,2529,0,50,2,50,-652,417.6111111111111,1.7222222222222223,320.3888888888889,-0.2222222222222222,raise,0,0.5258579254150391
4,7,6,Turn,0,♠K ♥Q,♣K ♦9 ♦3 ♠Q,15,0.7333333333333333,0.4422166387140533,2779,0,101,1,101,-752,1629.333333333333,3.3999999999999995,1333.0666666666666,0.46666666666666656,raise,0,0.5278551578521729
5,7,6,River,0,♠K ♥Q,♣K ♦9 ♦3 ♠Q ♠9,15,0.26666666666666666,0.44221663871405337,3183,0,135,1,135,-954,-24.200000000000045,0.6000000000000001,-168.20000000000005,-0.4666666666666667,raise,0,0.5277729034423828
