,N,Nnf,round,first,hole,board,Nsim,prWin,prWinStd,pot,bet,maxBet,NMaxBet,minBet,util_fold,util_call,util_raise_coeff,util_call2,util_raise_coeff2,action,amount,cputime
0,7,7,Deal,0,♠Q ♦Q,,65,0.35384615384615387,0.47816216208984774,0,0,126,1,126,0,186.0923076923077,1.476923076923077,-36.83076923076922,-0.29230769230769227,raise,0,0.5238869190216064
1,7,7,Flop,0,♠Q ♦Q,♦J ♦3 ♦K,45,0.4222222222222222,0.4939135726865082,1691,0,60,1,60,-252,579.3111111111111,1.9555555555555557,452.6444444444444,-0.15555555555555556,raise,0,0.5266809463500977
2,7,7,Flop,0,♠Q ♦Q,♦J ♦3 ♦K,115,0.3739130434782609,0.48384096498238444,1691,120,240,1,120,-372,768.4608695652173,1.617391304347826,319.7652173913044,-0.25217391304347825,raise,0,0.5214319229125977
