,N,Nnf,round,first,hole,board,Nsim,prWin,prWinStd,pot,bet,maxBet,NMaxBet,minBet,util_fold,util_call,util_raise_coeff,util_call2,util_raise_coeff2,action,amount,cputime
0,7,6,Deal,0,♦K ♠3,,90,0.1349206349206349,0.33136227519137573,0,10,71,2,61,-10,-13.523809523809526,-0.19047619047619047,-51.84126984126984,-0.7301587301587302,fold,0,0.5232260227203369
