,N,Nnf,round,first,hole,board,Nsim,prWin,prWinStd,pot,bet,maxBet,NMaxBet,minBet,util_fold,util_call,util_raise_coeff,util_call2,util_raise_coeff2,action,amount,cputime
0,8,7,Deal,0,♦Q ♠8,,70,0.18333333333333332,0.3781219254105619,0,10,74,1,64,-10,20.96666666666667,0.2833333333333332,-46.86666666666667,-0.6333333333333333,raise,0,0.5317833423614502
1,8,7,Flop,1,♦Q ♠8,♠6 ♥J ♦9,5,0.2,0.4,740,0,0,8,20,-148,0.0,0.40000000000000013,0.0,-0.6,raise,0,0.5243961811065674
2,8,7,Flop,0,♦Q ♠8,♠6 ♥J ♦9,60,0.15277777777777776,0.34331130817522987,740,20,62,4,42,-168,-30.638888888888914,0.06944444444444442,-78.0,-0.6944444444444444,raise,0,0.5235393047332764
3,8,7,Turn,1,♦Q ♠8,♠6 ♥J ♦9 ♦J,5,0.0,0.0,1360,0,0,8,20,-272,-272.0,-1.0,-272.0,-1.0,call,0,0.5254969596862793
4,8,7,Turn,0,♦Q ♠8,♠6 ♥J ♦9 ♦J,60,0.058333333333333334,0.22530843057659622,1360,20,61,2,41,-292,-228.75833333333333,-0.5916666666666667,-246.55,-0.8833333333333333,call,0,0.523155927658081
5,8,7,River,1,♦Q ♠8,♠6 ♥J ♦9 ♦J ♠K,5,0.0,0.0,1619,0,0,8,20,-333,-333.0,-1.0,-333.0,-1.0,call,0,0.5258488655090332
6,8,7,River,0,♦Q ♠8,♠6 ♥J ♦9 ♦J ♠K,40,0.0,0.0,1619,20,67,2,47,-353,-400.0,-1.0,-400.0,-1.0,fold,0,0.5214231014251709
