,N,Nnf,round,first,hole,board,Nsim,prWin,prWinStd,pot,bet,maxBet,NMaxBet,minBet,util_fold,util_call,util_raise_coeff,util_call2,util_raise_coeff2,action,amount,cputime
0,7,7,Deal,0,♦A ♦10,,40,0.2833333333333333,0.4444097208657794,0,0,80,1,80,0,78.66666666666666,0.9833333333333334,-34.66666666666667,-0.43333333333333335,raise,0,0.5226070880889893
1,7,6,Flop,0,♦A ♦10,♥8 ♥5 ♥J,55,0.01818181818181818,0.09359663764533638,640,0,125,1,125,-160,-259.72727272727275,-0.8909090909090909,-268.8181818181818,-0.9636363636363636,fold,0,0.5293388366699219
