,N,Nnf,round,first,hole,board,Nsim,prWin,prWinStd,pot,bet,maxBet,NMaxBet,minBet,util_fold,util_call,util_raise_coeff,util_call2,util_raise_coeff2,action,amount,cputime
0,7,7,Deal,0,♣7 ♣6,,40,0.175,0.3799671038392666,0,0,160,1,160,0,36.0,0.22499999999999987,-104.0,-0.65,raise,0,0.5242280960083008
1,7,7,Deal,0,♣7 ♣6,,115,0.16521739130434782,0.37137663485326305,0,320,640,1,320,-320,100.17391304347814,0.15652173913043477,-428.5217391304348,-0.6695652173913044,raise,0,0.5231049060821533
