,N,Nnf,round,first,hole,board,Nsim,prWin,prWinStd,pot,bet,maxBet,NMaxBet,minBet,util_fold,util_call,util_raise_coeff,util_call2,util_raise_coeff2,action,amount,cputime
0,7,7,Deal,0,♥Q ♥10,,40,0.27440476190476193,0.4292318819745352,0,0,80,1,80,0,73.66666666666669,0.9208333333333334,-36.09523809523809,-0.45119047619047614,raise,0,0.5234851837158203
1,7,7,Deal,0,♥Q ♥10,,110,0.30432900432900434,0.44664144209899076,0,160,320,1,160,-160,361.69696969696975,1.1303030303030304,-125.22943722943722,-0.3913419913419913,raise,0,0.5216860771179199
2,7,7,Flop,0,♥Q ♥10,♠9 ♥2 ♠6,55,0.18787878787878787,0.3854088023172035,2560,0,40,3,40,-640,-146.4242424242425,0.31515151515151496,-184.00000000000006,-0.6242424242424243,raise,0,0.5238330364227295
3,7,7,Flop,0,♥Q ♥10,♠9 ♥2 ♠6,125,0.16666666666666666,0.36209268304000725,2560,80,168,2,88,-720,-185.33333333333337,0.16666666666666652,-325.33333333333337,-0.6666666666666667,raise,0,0.5250420570373535
4,7,7,Turn,0,♥Q ♥10,♠9 ♥2 ♠6 ♦6,25,0.04,0.19595917942265426,3630,0,146,1,146,-976,-935.92,-0.72,-965.12,-0.92,call,0,0.5246098041534424
