,N,Nnf,round,first,hole,board,Nsim,prWin,prWinStd,pot,bet,maxBet,NMaxBet,minBet,util_fold,util_call,util_raise_coeff,util_call2,util_raise_coeff2,action,amount,cputime
0,7,7,Deal,0,♠5 ♥J,,10,0.3,0.45825756949558394,0,0,40,1,40,0,44.0,1.1,-16.0,-0.4,raise,0,0.5297930240631104
1,7,6,Deal,0,♠5 ♥J,,80,0.14732142857142855,0.3455887740730392,0,80,175,1,95,-80,-20.31250000000003,-0.11607142857142871,-123.4375,-0.7053571428571429,call,0,0.5257000923156738
2,7,6,Flop,0,♠5 ♥J,♦5 ♠2 ♥5,15,0.8333333333333334,0.3496029493900505,565,0,108,1,108,-175,727.8333333333334,4.0,367.83333333333337,0.6666666666666667,raise,0,0.5278899669647217
3,7,6,Turn,0,♠5 ♥J,♦5 ♠2 ♥5 ♣7,15,0.5666666666666667,0.4784233364802441,1213,0,91,1,91,-391,514.7666666666667,2.4,308.5,0.1333333333333333,raise,0,0.5235810279846191
4,7,6,River,0,♠5 ♥J,♦5 ♠2 ♥5 ♣7 ♠K,15,0.7333333333333333,0.4422166387140533,1759,0,40,1,40,-573,852.9333333333332,3.3999999999999995,735.5999999999999,0.46666666666666656,raise,0,0.5306429862976074
5,7,6,River,0,♠5 ♥J,♦5 ♠2 ♥5 ♣7 ♠K,55,0.7727272727272727,0.41361138785735735,1759,80,91,2,11,-653,1117.1363636363635,3.6363636363636367,835.8636363636365,0.5454545454545454,raise,0,0.525299072265625
