,N,Nnf,round,first,hole,board,Nsim,prWin,prWinStd,pot,bet,maxBet,NMaxBet,minBet,util_fold,util_call,util_raise_coeff,util_call2,util_raise_coeff2,action,amount,cputime
0,8,7,Deal,0,♦J ♦Q,,65,0.18461538461538463,0.38798523732056894,0,0,65,2,65,0,19.0,0.2923076923076924,-41.0,-0.6307692307692307,raise,0,0.5213360786437988
1,8,7,Deal,0,♦J ♦Q,,140,0.17738095238095236,0.377549909601847,0,130,140,2,10,-130,33.833333333333314,0.24166666666666647,-90.33333333333334,-0.6452380952380953,raise,0,0.521827220916748
2,8,7,Flop,0,♦J ♦Q,♠K ♠9 ♣J,45,0.12222222222222222,0.3189488909868295,1960,0,68,3,68,-280,-50.26666666666671,-0.1444444444444445,-91.82222222222225,-0.7555555555555555,call,0,0.5214662551879883
3,8,6,Flop,0,♦J ♦Q,♠K ♠9 ♣J,125,0.144,0.34534620310639,1960,68,134,3,66,-348,-15.984000000000037,-0.13600000000000012,-93.16800000000006,-0.712,call,0,0.525130033493042
4,8,6,Turn,0,♦J ♦Q,♠K ♠9 ♣J ♦8,45,0.1,0.29059326290271154,2764,0,40,1,40,-414,-153.59999999999997,-0.3999999999999999,-169.59999999999997,-0.8,call,0,0.5270061492919922
5,8,6,Turn,0,♦J ♦Q,♠K ♠9 ♣J ♦8,115,0.06086956521739131,0.22981870063308713,2764,40,103,4,63,-454,-311.1391304347826,-0.6347826086956522,-336.2173913043478,-0.8782608695652174,call,0,0.5277719497680664
6,8,6,River,0,♦J ♦Q,♠K ♠9 ♣J ♦8 ♦7,45,0.044444444444444446,0.20608041101101562,3382,0,65,2,65,-517,-414.35555555555555,-0.7333333333333334,-425.91111111111115,-0.9111111111111111,call,0,0.523252010345459
7,8,6,River,0,♦J ♦Q,♠K ♠9 ♣J ♦8 ♦7,110,0.03636363636363636,0.18719327529067276,3382,65,102,4,37,-582,-473.76363636363635,-0.7818181818181819,-488.6,-0.9272727272727272,call,0,0.5263118743896484
8,8,6,River,0,♦J ♦Q,♠K ♠9 ♣J ♦8 ♦7,180,0.044444444444444446,0.20608041101101562,3382,102,128,5,26,-619,-460.55555555555554,-0.7333333333333334,-483.31111111111113,-0.9111111111111111,call,0,0.5313639640808105
