,N,Nnf,round,first,hole,board,Nsim,prWin,prWinStd,pot,bet,maxBet,NMaxBet,minBet,util_fold,util_call,util_raise_coeff,util_call2,util_raise_coeff2,action,amount,cputime
0,7,7,Deal,0,♦8 ♣K,,45,0.14391534391534394,0.33991816318161017,0,0,40,1,40,0,0.2962962962963047,0.007407407407407529,-28.486772486772484,-0.7121693121693121,raise,0,0.527202844619751
1,7,7,Deal,0,♦8 ♣K,,150,0.12412698412698414,0.3197999500664193,0,80,87,2,7,-80,-11.406666666666666,-0.13111111111111096,-65.40190476190476,-0.7517460317460317,call,0,0.5225181579589844
2,7,7,Deal,0,♦8 ♣K,,255,0.14164332399626517,0.33889037774860165,0,87,158,3,71,-87,-1.342483660130739,-0.00849673202614376,-113.24070961718022,-0.7167133520074697,call,0,0.5290181636810303
3,7,6,Flop,0,♦8 ♣K,♠8 ♣8 ♣4,55,0.8181818181818182,0.3737237234744448,1106,0,32,2,32,-158,872.0,3.909090909090909,767.2727272727274,0.6363636363636365,raise,0,0.5280368328094482
4,7,6,Turn,0,♦8 ♣K,♠8 ♣8 ♣4 ♣6,25,0.52,0.47916594202843765,1490,0,69,2,69,-222,699.0800000000002,2.12,555.5600000000001,0.040000000000000036,raise,0,0.5251100063323975
5,7,6,River,0,♦8 ♣K,♠8 ♣8 ♣4 ♣6 ♥5,25,0.18,0.3709447398198282,2318,0,41,1,41,-360,60.51999999999998,0.08000000000000007,31.0,-0.64,raise,0,0.5230321884155273
6,7,6,River,0,♦8 ♣K,♠8 ♣8 ♣4 ♣6 ♥5,100,0.195,0.3930330774883966,2318,82,103,1,21,-442,109.51999999999998,0.16999999999999993,29.180000000000007,-0.61,raise,0,0.5273289680480957
