,N,Nnf,round,first,hole,board,Nsim,prWin,prWinStd,pot,bet,maxBet,NMaxBet,minBet,util_fold,util_call,util_raise_coeff,util_call2,util_raise_coeff2,action,amount,cputime
0,7,6,Deal,0,♠10 ♣3,,75,0.1219047619047619,0.3246711226279305,0,80,87,1,7,-80,-23.36571428571429,-0.26857142857142857,-65.78857142857143,-0.7561904761904762,call,0,0.5242772102355957
1,7,5,Deal,0,♠10 ♣3,,115,0.12422360248447203,0.32659233242544067,0,87,230,1,143,-87,-87.14285714285717,-0.3788819875776398,-172.85714285714286,-0.7515527950310559,fold,0,0.5182499885559082
