,N,Nnf,round,first,hole,board,Nsim,prWin,prWinStd,pot,bet,maxBet,NMaxBet,minBet,util_fold,util_call,util_raise_coeff,util_call2,util_raise_coeff2,action,amount,cputime
0,7,7,Deal,0,♦6 ♥5,,50,0.16,0.3527038417709679,0,20,102,1,82,-20,12.240000000000009,0.1200000000000001,-69.36,-0.6799999999999999,raise,0,0.5298130512237549
1,7,7,Deal,0,♦6 ♥5,,125,0.12514285714285714,0.3201601639995909,0,204,408,1,204,-204,-50.59200000000004,-0.124,-305.88342857142857,-0.7497142857142858,call,0,0.5260469913482666
2,7,7,Flop,1,♦6 ♥5,♦5 ♥10 ♣6,5,0.4,0.48989794855663565,1632,0,0,7,40,-408,244.80000000000007,1.8000000000000003,244.80000000000007,-0.19999999999999996,raise,0,0.5310032367706299
3,7,7,Flop,0,♦6 ♥5,♦5 ♥10 ♣6,75,0.44,0.48962570738609446,1632,40,128,3,88,-448,576.3200000000002,2.08,294.72,-0.12,raise,0,0.5217280387878418
4,7,6,Flop,0,♦6 ♥5,♦5 ♥10 ♣6,150,0.4066666666666667,0.4878068834647124,1632,256,274,2,18,-664,650.24,1.44,204.53333333333342,-0.18666666666666665,raise,0,0.5283620357513428
5,7,6,Turn,1,♦6 ♥5,♦5 ♥10 ♣6 ♣10,0,,,3404,0,0,7,40,-956,,,,,call,0,0.5283899307250977
6,7,6,Turn,0,♦6 ♥5,♦5 ♥10 ♣6 ♣10,40,0.1625,0.36033838263498935,3404,40,2026,2,1986,-996,-453.5,-0.02499999999999991,-1770.4,-0.675,call,0,0.5194628238677979
7,7,6,River,1,♦6 ♥5,♦5 ♥10 ♣6 ♣10 ♦Q,5,0.3,0.39999999999999997,9482,0,0,7,40,-2982,-137.4000000000001,0.7999999999999998,-137.4000000000001,-0.4,raise,0,0.5300779342651367
