,N,Nnf,round,first,hole,board,Nsim,prWin,prWinStd,pot,bet,maxBet,NMaxBet,minBet,util_fold,util_call,util_raise_coeff,util_call2,util_raise_coeff2,action,amount,cputime
0,7,7,Deal,0,♥6 ♦6,,70,0.15714285714285714,0.3639354057959142,0,80,166,1,86,-80,16.599999999999994,0.10000000000000009,-113.82857142857142,-0.6857142857142857,raise,0,0.5253920555114746
