,N,Nnf,round,first,hole,board,Nsim,prWin,prWinStd,pot,bet,maxBet,NMaxBet,minBet,util_fold,util_call,util_raise_coeff,util_call2,util_raise_coeff2,action,amount,cputime
0,8,8,Deal,0,♣3 ♣9,,10,0.35,0.45000000000000007,0,0,20,1,20,0,36.0,1.7999999999999998,-6.0,-0.30000000000000004,raise,0,0.5335159301757812
1,8,7,Deal,0,♣3 ♣9,,120,0.15416666666666667,0.34638510200193207,0,40,1000,4,960,-40,79.16666666666674,0.07916666666666661,-691.6666666666666,-0.6916666666666667,raise,0,0.5212371349334717
