,N,Nnf,round,first,hole,board,Nsim,prWin,prWinStd,pot,bet,maxBet,NMaxBet,minBet,util_fold,util_call,util_raise_coeff,util_call2,util_raise_coeff2,action,amount,cputime
0,8,8,Deal,0,♦A ♥10,,75,0.16666666666666666,0.3681787005729087,0,0,96,1,96,0,32.0,0.33333333333333326,-64.0,-0.6666666666666667,raise,0,0.5203671455383301
1,8,6,Flop,0,♦A ♥10,♥8 ♦5 ♠9,100,0.05333333333333333,0.2196967607104544,1440,0,79,1,79,-192,-168.92000000000002,-0.68,-185.77333333333334,-0.8933333333333333,call,0,0.5234191417694092
2,8,5,Flop,0,♦A ♥10,♥8 ♦5 ♠9,160,0.06822916666666666,0.24418086473935893,1440,79,91,4,12,-271,-153.70572916666669,-0.6588541666666667,-172.33229166666666,-0.8635416666666667,call,0,0.5271670818328857
3,8,5,Turn,0,♦A ♥10,♥8 ♦5 ♠9 ♣4,45,0.044444444444444446,0.20608041101101565,1895,0,717,2,717,-283,-756.4444444444445,-0.7777777777777778,-852.0444444444445,-0.9111111111111111,fold,0,0.5285887718200684
