,N,Nnf,round,first,hole,board,Nsim,prWin,prWinStd,pot,bet,maxBet,NMaxBet,minBet,util_fold,util_call,util_raise_coeff,util_call2,util_raise_coeff2,action,amount,cputime
0,7,6,Deal,0,♠7 ♣Q,,90,0.1349206349206349,0.33136227519137573,0,10,64,2,54,-10,-12.19047619047619,-0.19047619047619047,-46.730158730158735,-0.7301587301587302,fold,0,0.5223879814147949
