,N,Nnf,round,first,hole,board,Nsim,prWin,prWinStd,pot,bet,maxBet,NMaxBet,minBet,util_fold,util_call,util_raise_coeff,util_call2,util_raise_coeff2,action,amount,cputime
0,8,7,Deal,0,♥5 ♦9,,90,0.15925925925925924,0.3547831115504607,0,10,77,5,67,-10,8.840740740740728,0.1148148148148147,-52.47407407407408,-0.6814814814814816,raise,0,0.5236411094665527
1,8,7,Flop,1,♥5 ♦9,♣10 ♠6 ♠10,5,0.0,0.0,1078,0,0,8,20,-154,-154.0,-1.0,-154.0,-1.0,call,0,0.5245120525360107
2,8,7,Flop,0,♥5 ♦9,♣10 ♠6 ♠10,60,0.008333333333333333,0.06400954789890508,1078,20,58,3,38,-174,-199.63333333333333,-0.9416666666666667,-202.05,-0.9833333333333333,fold,0,0.523259162902832
