,N,Nnf,round,first,hole,board,Nsim,prWin,prWinStd,pot,bet,maxBet,NMaxBet,minBet,util_fold,util_call,util_raise_coeff,util_call2,util_raise_coeff2,action,amount,cputime
0,7,7,Deal,0,♠K ♣2,,45,0.22539682539682537,0.41457449036630833,0,0,40,1,40,0,23.111111111111114,0.5777777777777775,-21.96825396825397,-0.5492063492063493,raise,0,0.528461217880249
1,7,7,Deal,0,♠K ♣2,,115,0.16335403726708073,0.36382143320726074,0,80,176,1,96,-80,25.252173913043464,0.14347826086956506,-118.49937888198758,-0.6732919254658385,raise,0,0.524022102355957
2,7,7,Flop,0,♠K ♣2,♦6 ♥Q ♦3,60,0.06388888888888888,0.22789631062187407,1408,0,5650,1,5650,-352,-3385.238888888889,-0.5527777777777778,-5190.1,-0.8722222222222222,fold,0,0.520982027053833
