,N,Nnf,round,first,hole,board,Nsim,prWin,prWinStd,pot,bet,maxBet,NMaxBet,minBet,util_fold,util_call,util_raise_coeff,util_call2,util_raise_coeff2,action,amount,cputime
0,7,6,Deal,0,♠J ♦K,,65,0.27692307692307694,0.4474781406845842,0,80,171,2,91,-80,113.12307692307695,0.6615384615384616,-76.29230769230769,-0.4461538461538461,raise,0,0.5237791538238525
1,7,6,Flop,1,♠J ♦K,♥3 ♣A ♣5,5,0.0,0.0,947,0,0,7,80,-342,-342.0,-1.0,-342.0,-1.0,call,0,0.5326581001281738
2,7,6,Flop,0,♠J ♦K,♥3 ♣A ♣5,30,0.1,0.30000000000000004,947,80,233,1,153,-422,-340.5,-0.3999999999999999,-433.7,-0.8,call,0,0.5253567695617676
3,7,6,Turn,1,♠J ♦K,♥3 ♣A ♣5 ♦5,5,0.0,0.0,1413,0,0,7,80,-575,-575.0,-1.0,-575.0,-1.0,call,0,0.5232012271881104
4,7,6,River,1,♠J ♦K,♥3 ♣A ♣5 ♦5 ♣Q,5,0.0,0.0,1573,0,0,7,80,-655,-655.0,-1.0,-655.0,-1.0,call,0,0.5282430648803711
