,N,Nnf,round,first,hole,board,Nsim,prWin,prWinStd,pot,bet,maxBet,NMaxBet,minBet,util_fold,util_call,util_raise_coeff,util_call2,util_raise_coeff2,action,amount,cputime
0,7,6,Deal,0,♦3 ♣2,,85,0.09411764705882353,0.2817395297606599,0,10,58,4,48,-10,-25.247058823529414,-0.43529411764705883,-47.08235294117647,-0.8117647058823529,fold,0,0.5243511199951172
