,N,Nnf,round,first,hole,board,Nsim,prWin,prWinStd,pot,bet,maxBet,NMaxBet,minBet,util_fold,util_call,util_raise_coeff,util_call2,util_raise_coeff2,action,amount,cputime
0,7,7,Deal,0,♦A ♣4,,45,0.15185185185185185,0.34394627455537485,0,0,80,1,80,0,5.037037037037038,0.06296296296296289,-55.7037037037037,-0.6962962962962963,raise,0,0.5246589183807373
1,7,7,Deal,0,♦A ♣4,,140,0.1238095238095238,0.315833131405532,0,160,322,1,162,-160,-42.933333333333394,-0.13333333333333341,-242.26666666666668,-0.7523809523809524,call,0,0.5267767906188965
2,7,7,Flop,0,♦A ♣4,♦10 ♦Q ♣Q,55,0.07532467532467534,0.24152352771005675,1932,0,236,1,236,-322,-288.0363636363636,-0.47272727272727266,-376.9194805194805,-0.8493506493506493,call,0,0.529973030090332
3,7,7,Turn,0,♦A ♣4,♦10 ♦Q ♣Q ♦4,55,0.22878787878787876,0.3998794584211818,3348,0,80,1,80,-558,256.1030303030302,0.6015151515151513,164.5878787878787,-0.5424242424242425,raise,0,0.5311002731323242
4,7,7,Turn,0,♦A ♣4,♦10 ♦Q ♣Q ♦4,150,0.25055555555555553,0.41838497541656655,3348,160,384,1,224,-718,570.353333333333,0.7538888888888886,89.28666666666663,-0.49888888888888894,raise,0,0.530526876449585
