,N,Nnf,round,first,hole,board,Nsim,prWin,prWinStd,pot,bet,maxBet,NMaxBet,minBet,util_fold,util_call,util_raise_coeff,util_call2,util_raise_coeff2,action,amount,cputime
0,8,7,Deal,0,♣A ♦7,,40,0.1875,0.38222212128551636,0,0,40,1,40,0,12.5,0.3125,-25.0,-0.625,raise,0,0.5265998840332031
1,8,7,Deal,0,♣A ♦7,,85,0.10882352941176471,0.29753165630767814,0,80,167,1,87,-80,-39.78529411764704,-0.2382352941176471,-130.6529411764706,-0.7823529411764706,call,0,0.5205078125
2,8,7,Flop,0,♣A ♦7,♥8 ♥5 ♦8,20,0.1375,0.31099638261561824,668,0,119,2,119,-167,-79.61249999999998,-0.03749999999999987,-161.42499999999998,-0.725,call,0,0.526555061340332
3,8,7,Turn,0,♣A ♦7,♥8 ♥5 ♦8 ♣9,20,0.06666666666666667,0.22607766610417562,1144,0,110,2,110,-286,-268.4,-0.5333333333333333,-305.06666666666666,-0.8666666666666667,call,0,0.5225589275360107
4,8,7,River,0,♣A ♦7,♥8 ♥5 ♦8 ♣9 ♣4,25,0.0,0.0,1584,0,73,2,73,-396,-469.0,-1.0,-469.0,-1.0,fold,0,0.5280449390411377
