,N,Nnf,round,first,hole,board,Nsim,prWin,prWinStd,pot,bet,maxBet,NMaxBet,minBet,util_fold,util_call,util_raise_coeff,util_call2,util_raise_coeff2,action,amount,cputime
0,7,7,Deal,0,♣A ♥5,,55,0.1844155844155844,0.38494172488411144,0,0,80,1,80,0,23.272727272727252,0.2909090909090908,-50.4935064935065,-0.6311688311688313,raise,0,0.5303351879119873
1,7,6,Deal,0,♣A ♥5,,140,0.17244897959183672,0.3718390308851793,0,160,6965,2,6805,-160,241.64285714285597,0.03469387755102038,-4562.785714285715,-0.6551020408163266,raise,0,0.5292658805847168
