,N,Nnf,round,first,hole,board,Nsim,prWin,prWinStd,pot,bet,maxBet,NMaxBet,minBet,util_fold,util_call,util_raise_coeff,util_call2,util_raise_coeff2,action,amount,cputime
0,8,8,Deal,0,♠A ♥K,,85,0.2411764705882353,0.4243456187499161,0,20,62,1,42,-20,57.62352941176471,0.9294117647058824,-32.09411764705882,-0.5176470588235293,raise,0,0.5218451023101807
1,8,7,Flop,1,♠A ♥K,♠2 ♠J ♠K,5,0.2,0.4,582,0,0,8,20,-124,-7.599999999999994,0.40000000000000013,-7.599999999999994,-0.6,raise,0,0.5253279209136963
2,8,7,Flop,0,♠A ♥K,♠2 ♠J ♠K,45,0.5222222222222223,0.4939135726865082,582,20,77,1,57,-144,384.41111111111115,2.655555555555556,183.35555555555555,0.04444444444444451,raise,0,0.5222737789154053
3,8,7,Turn,1,♠A ♥K,♠2 ♠J ♠K ♥6,5,0.4,0.48989794855663565,1198,0,0,8,20,-278,201.20000000000005,1.8000000000000003,201.20000000000005,-0.19999999999999996,raise,0,0.5304009914398193
4,8,7,Turn,0,♠A ♥K,♠2 ♠J ♠K ♥6,50,0.33,0.46486557196677836,1198,20,72,3,52,-298,211.66000000000008,1.31,92.86000000000001,-0.33999999999999997,raise,0,0.5256638526916504
5,8,7,Turn,0,♠A ♥K,♠2 ♠J ♠K ♥6,90,0.4222222222222222,0.48825716761599613,1198,144,151,1,7,-422,523.1111111111111,1.9555555555555557,204.33333333333326,-0.15555555555555556,raise,0,0.5255980491638184
6,8,7,River,1,♠A ♥K,♠2 ♠J ♠K ♥6 ♣4,5,0.4,0.48989794855663565,2406,0,0,8,20,-580,382.4000000000001,1.8000000000000003,382.4000000000001,-0.19999999999999996,raise,0,0.5229978561401367
7,8,7,River,0,♠A ♥K,♠2 ♠J ♠K ♥6 ♣4,55,0.2545454545454545,0.42504253554767124,2406,20,73,3,53,-600,89.5090909090909,0.7818181818181817,-3.400000000000091,-0.49090909090909096,raise,0,0.5197298526763916
