,N,Nnf,round,first,hole,board,Nsim,prWin,prWinStd,pot,bet,maxBet,NMaxBet,minBet,util_fold,util_call,util_raise_coeff,util_call2,util_raise_coeff2,action,amount,cputime
0,7,6,Deal,0,♠8 ♦9,,55,0.14545454545454545,0.33942099459262665,0,10,20,2,10,-10,-2.5454545454545467,-0.12727272727272732,-14.181818181818182,-0.7090909090909091,call,0,0.5233001708984375
1,7,6,Deal,0,♠8 ♦9,,95,0.15789473684210525,0.35735253045827275,0,20,70,1,50,-20,-3.6842105263157947,-0.052631578947368474,-47.89473684210526,-0.6842105263157895,call,0,0.528331995010376
2,7,6,Deal,0,♠8 ♦9,,135,0.14814814814814814,0.3499951008867392,0,70,118,1,48,-70,-13.111111111111114,-0.11111111111111116,-83.03703703703704,-0.7037037037037037,call,0,0.5196857452392578
3,7,6,Flop,1,♠8 ♦9,♥6 ♥2 ♠6,5,0.0,0.0,354,0,0,7,20,-118,-118.0,-1.0,-118.0,-1.0,call,0,0.5232629776000977
4,7,6,Flop,0,♠8 ♦9,♥6 ♥2 ♠6,45,0.05873015873015873,0.21680471211382693,354,20,58,1,38,-138,-134.77142857142857,-0.6476190476190476,-148.3968253968254,-0.8825396825396825,call,0,0.5264639854431152
5,7,6,Turn,1,♠8 ♦9,♥6 ♥2 ♠6 ♠3,5,0.0,0.0,528,0,0,7,20,-176,-176.0,-1.0,-176.0,-1.0,call,0,0.5267772674560547
6,7,6,Turn,0,♠8 ♦9,♥6 ♥2 ♠6 ♠3,45,0.0,0.0,528,20,69,2,49,-196,-245.0,-1.0,-245.0,-1.0,fold,0,0.5267400741577148
