,N,Nnf,round,first,hole,board,Nsim,prWin,prWinStd,pot,bet,maxBet,NMaxBet,minBet,util_fold,util_call,util_raise_coeff,util_call2,util_raise_coeff2,action,amount,cputime
0,8,8,Deal,0,♠6 ♦Q,,70,0.1261904761904762,0.3217458751301488,0,0,144,1,144,0,1.3714285714285666,0.00952380952380949,-107.65714285714286,-0.7476190476190476,raise,0,0.5277209281921387
1,8,7,Deal,0,♠6 ♦Q,,175,0.13238095238095238,0.3243049431401327,0,288,576,1,288,-288,-42.24000000000001,-0.07333333333333336,-423.4971428571429,-0.7352380952380952,call,0,0.5233559608459473
2,8,7,Flop,0,♠6 ♦Q,♥J ♠10 ♦K,70,0.15,0.2805182279112646,4052,0,50,3,50,-576,34.299999999999955,0.050000000000000044,-3.2000000000000455,-0.7,raise,0,0.5260982513427734
3,8,5,Turn,0,♠6 ♦Q,♥J ♠10 ♦K ♠3,75,0.09333333333333334,0.26699979192667717,4652,0,52,2,52,-676,-269.5466666666667,-0.5333333333333333,-284.1066666666667,-0.8133333333333334,call,0,0.5258760452270508
4,8,5,Turn,0,♠6 ♦Q,♥J ♠10 ♦K ♠3,130,0.10128205128205128,0.2722933261940317,4652,52,324,2,272,-728,-364.75897435897434,-0.4935897435897436,-463.2051282051282,-0.7974358974358975,call,0,0.5201389789581299
