,N,Nnf,round,first,hole,board,Nsim,prWin,prWinStd,pot,bet,maxBet,NMaxBet,minBet,util_fold,util_call,util_raise_coeff,util_call2,util_raise_coeff2,action,amount,cputime
0,7,6,Deal,0,♥7 ♣6,,65,0.1021978021978022,0.29329750616452266,0,0,20,3,20,0,-7.736263736263737,-0.38681318681318677,-15.912087912087912,-0.7956043956043957,fold,0,0.5224471092224121
