,N,Nnf,round,first,hole,board,Nsim,prWin,prWinStd,pot,bet,maxBet,NMaxBet,minBet,util_fold,util_call,util_raise_coeff,util_call2,util_raise_coeff2,action,amount,cputime
0,7,7,Deal,0,♣9 ♥9,,10,0.33333333333333337,0.4472135954999579,0,0,20,1,20,0,26.66666666666667,1.3333333333333335,-6.666666666666664,-0.33333333333333326,raise,0,0.5243189334869385
1,7,7,Deal,0,♣9 ♥9,,110,0.1965367965367965,0.3919994094895558,0,40,158,1,118,-40,59.369696969696946,0.3757575757575755,-95.8943722943723,-0.606926406926407,raise,0,0.5223109722137451
2,7,7,Deal,0,♣9 ♥9,,205,0.23228803716608595,0.41958511642378926,0,316,7327,1,7011,-316,4586.821138211382,0.6260162601626016,-3923.0511033681764,-0.5354239256678281,raise,0,0.52046799659729
