,N,Nnf,round,first,hole,board,Nsim,prWin,prWinStd,pot,bet,maxBet,NMaxBet,minBet,util_fold,util_call,util_raise_coeff,util_call2,util_raise_coeff2,action,amount,cputime
0,7,6,Deal,0,♦2 ♣10,,75,0.11523809523809524,0.31143585254339795,0,40,124,1,84,-40,-38.26285714285714,-0.3085714285714286,-95.42095238095239,-0.7695238095238095,call,0,0.5230388641357422
1,7,6,Deal,0,♦2 ♣10,,115,0.10559006211180123,0.2983759391648219,0,124,223,1,99,-124,-81.72049689440996,-0.36645962732919257,-175.90683229813664,-0.7888198757763976,call,0,0.5283420085906982
2,7,6,Flop,1,♦2 ♣10,♦Q ♠6 ♠5,5,0.0,0.0,698,0,0,7,40,-223,-223.0,-1.0,-223.0,-1.0,call,0,0.5244748592376709
3,7,6,Flop,0,♦2 ♣10,♦Q ♠6 ♠5,45,0.044444444444444446,0.20608041101101565,698,40,126,1,86,-263,-284.3777777777778,-0.7333333333333334,-306.77777777777777,-0.9111111111111111,fold,0,0.5164859294891357
