,N,Nnf,round,first,hole,board,Nsim,prWin,prWinStd,pot,bet,maxBet,NMaxBet,minBet,util_fold,util_call,util_raise_coeff,util_call2,util_raise_coeff2,action,amount,cputime
0,7,6,Deal,0,♠Q ♣2,,65,0.14835164835164835,0.3472944751670898,0,0,116,1,116,0,-12.747252747252759,-0.10989010989010994,-81.58241758241758,-0.7032967032967032,fold,0,0.5220649242401123
