,N,Nnf,round,first,hole,board,Nsim,prWin,prWinStd,pot,bet,maxBet,NMaxBet,minBet,util_fold,util_call,util_raise_coeff,util_call2,util_raise_coeff2,action,amount,cputime
0,7,7,Deal,0,♣A ♥9,,70,0.12823129251700677,0.32139185623373634,0,40,196,1,156,-40,-20.06666666666672,-0.10238095238095268,-145.73333333333335,-0.7435374149659865,call,0,0.530771017074585
1,7,7,Deal,0,♣A ♥9,,135,0.1490299823633157,0.3432263708875739,0,196,398,1,202,-196,17.197530864197518,0.043209876543209846,-279.3721340388007,-0.7019400352733687,raise,0,0.5263211727142334
2,7,7,Deal,0,♣A ♥9,,205,0.1761904761904762,0.3698258999629304,0,796,1458,1,662,-796,340.20000000000005,0.2333333333333334,-944.2285714285714,-0.6476190476190475,raise,0,0.5253720283508301
