,N,Nnf,round,first,hole,board,Nsim,prWin,prWinStd,pot,bet,maxBet,NMaxBet,minBet,util_fold,util_call,util_raise_coeff,util_call2,util_raise_coeff2,action,amount,cputime
0,7,6,Deal,0,♥A ♣7,,55,0.1722943722943723,0.34374475161717066,0,0,80,2,80,0,2.701298701298697,0.03376623376623389,-52.43290043290043,-0.6554112554112554,raise,0,0.5340509414672852
1,7,6,Deal,0,♥A ♣7,,110,0.16796536796536796,0.35711163447411154,0,160,338,1,178,-160,2.6337662337662096,0.007792207792207684,-224.45541125541126,-0.664069264069264,raise,0,0.5209560394287109
2,7,6,Flop,0,♥A ♣7,♦K ♣J ♠7,45,0.14444444444444443,0.3435472185275624,2704,0,196,1,196,-676,-311.55555555555566,-0.13333333333333341,-424.80000000000007,-0.7111111111111111,call,0,0.5320148468017578
3,7,6,Flop,0,♥A ♣7,♦K ♣J ♠7,100,0.18333333333333332,0.37749172176353757,2704,196,444,2,248,-872,-135.8666666666668,0.09999999999999987,-461.4666666666667,-0.6333333333333333,raise,0,0.5305359363555908
4,7,6,Turn,0,♥A ♣7,♦K ♣J ♠7 ♣4,30,0.2,0.4000000000000001,5692,0,2121,2,2121,-1564,-1.3999999999996362,0.20000000000000018,-1698.1999999999998,-0.6,raise,0,0.5281648635864258
