,N,Nnf,round,first,hole,board,Nsim,prWin,prWinStd,pot,bet,maxBet,NMaxBet,minBet,util_fold,util_call,util_raise_coeff,util_call2,util_raise_coeff2,action,amount,cputime
0,7,7,Deal,0,♣5 ♠K,,5,0.2,0.4000000000000001,0,0,80,1,80,0,32.0,0.40000000000000013,-48.0,-0.6,raise,0,0.5230910778045654
1,7,7,Deal,0,♣5 ♠K,,75,0.15968253968253965,0.35532390412911014,0,160,320,1,160,-160,37.68888888888881,0.11777777777777754,-217.80317460317463,-0.6806349206349207,raise,0,0.5225830078125
2,7,6,Flop,0,♣5 ♠K,♣Q ♦A ♥3,15,0.06666666666666667,0.24944382578492943,1666,0,192,1,192,-640,-644.1333333333333,-0.6,-695.3333333333334,-0.8666666666666667,fold,0,0.5211930274963379
