,N,Nnf,round,first,hole,board,Nsim,prWin,prWinStd,pot,bet,maxBet,NMaxBet,minBet,util_fold,util_call,util_raise_coeff,util_call2,util_raise_coeff2,action,amount,cputime
0,8,8,Deal,0,♣J ♥Q,,10,0.3,0.45825756949558394,0,0,20,1,20,0,28.0,1.4,-8.0,-0.4,raise,0,0.5211441516876221
1,8,6,Deal,0,♣J ♥Q,,105,0.21071428571428572,0.4065367250858616,0,40,63,2,23,-40,16.650000000000006,0.26428571428571423,-36.45,-0.5785714285714285,raise,0,0.5246908664703369
2,8,5,Flop,1,♣J ♥Q,♣A ♠4 ♥6,5,0.0,0.0,587,0,0,8,20,-126,-126.0,-1.0,-126.0,-1.0,call,0,0.5670661926269531
3,8,4,Flop,0,♣J ♥Q,♣A ♠4 ♥6,45,0.044444444444444446,0.20608041101101565,587,20,35,1,15,-146,-128.6888888888889,-0.8222222222222222,-131.8,-0.9111111111111111,call,0,0.5277769565582275
4,8,4,Flop,0,♣J ♥Q,♣A ♠4 ♥6,80,0.05,0.21794494717703367,587,35,108,1,73,-161,-183.05,-0.8,-193.85,-0.9,fold,0,0.5173850059509277
