,N,Nnf,round,first,hole,board,Nsim,prWin,prWinStd,pot,bet,maxBet,NMaxBet,minBet,util_fold,util_call,util_raise_coeff,util_call2,util_raise_coeff2,action,amount,cputime
0,7,7,Deal,0,♥J ♦5,,40,0.175,0.3799671038392666,0,0,80,1,80,0,18.0,0.22499999999999987,-52.0,-0.65,raise,0,0.5324878692626953
1,7,7,Deal,0,♥J ♦5,,135,0.14074074074074075,0.34775391390534827,0,160,320,1,160,-160,-4.740740740740762,-0.014814814814814725,-229.92592592592592,-0.7185185185185186,call,0,0.5290787220001221
2,7,6,Flop,0,♥J ♦5,♠10 ♠6 ♦J,55,0.14545454545454545,0.3525585350848239,1920,0,84,1,84,-320,-51.418181818181836,-0.12727272727272732,-100.29090909090911,-0.7090909090909091,call,0,0.5237069129943848
3,7,6,Flop,0,♥J ♦5,♠10 ♠6 ♦J,120,0.20416666666666666,0.38995637220363805,1920,84,185,2,101,-404,113.625,0.2250000000000001,-37.458333333333314,-0.5916666666666667,raise,0,0.5283210277557373
4,7,6,Turn,0,♥J ♦5,♠10 ♠6 ♦J ♣K,30,0.1611111111111111,0.34556270089075525,3770,0,139,1,139,-690,-87.24444444444453,-0.03333333333333344,-176.8222222222223,-0.6777777777777778,call,0,0.5300769805908203
5,7,6,Turn,0,♥J ♦5,♠10 ♠6 ♦J ♣K,90,0.14259259259259258,0.3338524763941598,3770,139,236,1,97,-829,-186.51481481481494,-0.1444444444444446,-321.12222222222226,-0.7148148148148148,call,0,0.5222740173339844
6,7,6,River,0,♥J ♦5,♠10 ♠6 ♦J ♣K ♥K,30,0.28888888888888886,0.3965904066127722,4950,0,145,1,145,-926,610.333333333333,0.7333333333333332,442.7777777777776,-0.4222222222222223,raise,0,0.5308301448822021
