,N,Nnf,round,first,hole,board,Nsim,prWin,prWinStd,pot,bet,maxBet,NMaxBet,minBet,util_fold,util_call,util_raise_coeff,util_call2,util_raise_coeff2,action,amount,cputime
0,8,8,Deal,0,♠10 ♠Q,,50,0.2766666666666666,0.425062086968219,0,0,140,1,140,0,169.86666666666662,1.213333333333333,-62.533333333333346,-0.44666666666666677,raise,0,0.5278730392456055
1,8,8,Deal,0,♠10 ♠Q,,135,0.26543209876543206,0.4290367698882828,0,280,560,1,280,-280,629.1358024691356,1.1234567901234565,-262.7160493827161,-0.4691358024691359,raise,0,0.5245199203491211
