,N,Nnf,round,first,hole,board,Nsim,prWin,prWinStd,pot,bet,maxBet,NMaxBet,minBet,util_fold,util_call,util_raise_coeff,util_call2,util_raise_coeff2,action,amount,cputime
0,7,7,Deal,0,♣6 ♥J,,40,0.17857142857142855,0.36210833873247356,0,0,40,1,40,0,10.0,0.24999999999999978,-25.714285714285715,-0.6428571428571429,raise,0,0.5246400833129883
1,7,7,Deal,0,♣6 ♥J,,150,0.1276190476190476,0.32738779213634295,0,80,176,1,96,-80,-18.77333333333337,-0.1066666666666668,-131.07809523809524,-0.7447619047619047,call,0,0.5253350734710693
2,7,7,Flop,0,♣6 ♥J,♥10 ♣K ♣9,60,0.12222222222222223,0.2948110924760356,1232,0,20,3,20,-176,-28.311111111111103,-0.14444444444444438,-40.53333333333333,-0.7555555555555555,call,0,0.5224659442901611
3,7,7,Flop,0,♣6 ♥J,♥10 ♣K ♣9,165,0.13232323232323234,0.30123034448190994,1232,20,74,3,54,-196,-18.43434343434342,-0.07373737373737366,-67.39393939393938,-0.7353535353535353,call,0,0.5308730602264404
4,7,7,Turn,0,♣6 ♥J,♥10 ♣K ♣9 ♠3,60,0.06666666666666667,0.2321398046197353,1750,0,142,2,142,-250,-209.06666666666666,-0.5333333333333333,-256.4,-0.8666666666666667,call,0,0.5220329761505127
5,7,7,River,0,♣6 ♥J,♥10 ♣K ♣9 ♠3 ♥5,20,0.0,0.0,2669,0,52,1,52,-392,-444.0,-1.0,-444.0,-1.0,fold,0,0.527350902557373
