,N,Nnf,round,first,hole,board,Nsim,prWin,prWinStd,pot,bet,maxBet,NMaxBet,minBet,util_fold,util_call,util_raise_coeff,util_call2,util_raise_coeff2,action,amount,cputime
0,7,6,Deal,0,♠8 ♥9,,65,0.11758241758241758,0.30055698405488934,0,20,53,2,33,-20,-15.60879120879121,-0.29450549450549457,-40.536263736263734,-0.7648351648351648,call,0,0.5287280082702637
1,7,6,Flop,1,♠8 ♥9,♠3 ♣5 ♣J,5,0.0,0.0,169,0,0,7,20,-53,-53.0,-1.0,-53.0,-1.0,call,0,0.5269620418548584
2,7,6,Flop,0,♠8 ♥9,♠3 ♣5 ♣J,50,0.08,0.2712931993250107,169,20,39,1,19,-73,-59.760000000000005,-0.52,-72.24000000000001,-0.84,call,0,0.5250520706176758
3,7,6,Flop,0,♠8 ♥9,♠3 ♣5 ♣J,85,0.047058823529411764,0.2117647058823529,169,39,98,1,59,-92,-115.37647058823529,-0.7176470588235294,-133.8235294117647,-0.9058823529411765,fold,0,0.5247280597686768
