,N,Nnf,round,first,hole,board,Nsim,prWin,prWinStd,pot,bet,maxBet,NMaxBet,minBet,util_fold,util_call,util_raise_coeff,util_call2,util_raise_coeff2,action,amount,cputime
0,7,6,Deal,0,♠8 ♦9,,65,0.15384615384615385,0.3499788666485331,0,20,112,2,92,-20,-8.615384615384599,-0.07692307692307687,-77.53846153846153,-0.6923076923076923,call,0,0.5272459983825684
1,7,6,Deal,0,♠8 ♦9,,120,0.15833333333333333,0.3593010189551683,0,112,258,1,146,-112,-12.899999999999977,-0.050000000000000044,-176.3,-0.6833333333333333,call,0,0.5206499099731445
2,7,6,Deal,0,♠8 ♦9,,165,0.14545454545454545,0.34823442912907676,0,258,355,2,97,-258,-45.18181818181819,-0.12727272727272732,-251.72727272727275,-0.7090909090909091,call,0,0.5247201919555664
3,7,6,Flop,1,♠8 ♦9,♠5 ♠4 ♥K,5,0.0,0.0,1294,0,0,7,40,-355,-355.0,-1.0,-355.0,-1.0,call,0,0.5261270999908447
4,7,6,Flop,0,♠8 ♦9,♠5 ♠4 ♥K,45,0.044444444444444446,0.20608041101101562,1294,40,156,2,116,-395,-411.8888888888889,-0.7333333333333334,-439.6222222222222,-0.9111111111111111,fold,0,0.5254669189453125
