,N,Nnf,round,first,hole,board,Nsim,prWin,prWinStd,pot,bet,maxBet,NMaxBet,minBet,util_fold,util_call,util_raise_coeff,util_call2,util_raise_coeff2,action,amount,cputime
0,7,7,Deal,0,♠6 ♠A,,65,0.14835164835164835,0.3472944751670898,0,0,132,1,132,0,5.076923076923094,0.03846153846153855,-92.83516483516483,-0.7032967032967032,raise,0,0.525609016418457
1,7,7,Deal,0,♠6 ♠A,,175,0.1493877551020408,0.3473572506203337,0,264,528,1,264,-264,24.13714285714275,0.045714285714285596,-370.2465306122449,-0.7012244897959183,raise,0,0.5210850238800049
