,N,Nnf,round,first,hole,board,Nsim,prWin,prWinStd,pot,bet,maxBet,NMaxBet,minBet,util_fold,util_call,util_raise_coeff,util_call2,util_raise_coeff2,action,amount,cputime
0,7,6,Deal,0,♠8 ♦6,,75,0.17333333333333334,0.3696244340167763,0,20,54,2,34,-20,2.1599999999999966,0.040000000000000036,-35.28,-0.6533333333333333,raise,0,0.5239191055297852
1,7,6,Deal,0,♠8 ♦6,,140,0.1357142857142857,0.3318931472996841,0,108,165,4,57,-108,-30.64285714285714,-0.18571428571428572,-120.21428571428572,-0.7285714285714286,call,0,0.5194387435913086
2,7,6,Flop,1,♠8 ♦6,♥A ♠A ♦2,5,0.0,0.0,825,0,0,7,40,-165,-165.0,-1.0,-165.0,-1.0,call,0,0.525073766708374
3,7,6,Flop,0,♠8 ♦6,♥A ♠A ♦2,60,0.05,0.21794494717703364,825,40,91,4,51,-205,-187.45,-0.7,-205.65,-0.9,call,0,0.5233640670776367
4,7,6,Turn,1,♠8 ♦6,♥A ♠A ♦2 ♣K,5,0.0,0.0,1280,0,0,7,40,-256,-256.0,-1.0,-256.0,-1.0,call,0,0.525827169418335
5,7,6,Turn,0,♠8 ♦6,♥A ♠A ♦2 ♣K,60,0.0,0.0,1280,40,2474,2,2434,-296,-2730.0,-1.0,-2730.0,-1.0,fold,0,0.5280640125274658
