,N,Nnf,round,first,hole,board,Nsim,prWin,prWinStd,pot,bet,maxBet,NMaxBet,minBet,util_fold,util_call,util_raise_coeff,util_call2,util_raise_coeff2,action,amount,cputime
0,7,7,Deal,0,♥10 ♣3,,90,0.12936507936507935,0.32938037830217093,0,10,108,1,98,-10,-10.200000000000017,-0.09444444444444455,-80.05714285714286,-0.7412698412698413,fold,0,0.5283041000366211
