,N,Nnf,round,first,hole,board,Nsim,prWin,prWinStd,pot,bet,maxBet,NMaxBet,minBet,util_fold,util_call,util_raise_coeff,util_call2,util_raise_coeff2,action,amount,cputime
0,7,7,Deal,0,♣7 ♣3,,25,0.2,0.4,0,0,51,1,51,0,20.400000000000006,0.40000000000000013,-30.599999999999998,-0.6,raise,0,0.5228779315948486
1,7,7,Flop,0,♣7 ♣3,♥A ♠4 ♥9,35,0.05714285714285714,0.19897697538834458,408,0,140,2,140,-102,-162.68571428571428,-0.6000000000000001,-202.68571428571428,-0.8857142857142857,fold,0,0.5235879421234131
