,N,Nnf,round,first,hole,board,Nsim,prWin,prWinStd,pot,bet,maxBet,NMaxBet,minBet,util_fold,util_call,util_raise_coeff,util_call2,util_raise_coeff2,action,amount,cputime
0,7,6,Deal,0,♦8 ♠K,,70,0.16428571428571428,0.35578312586892213,0,160,457,1,297,-160,-6.5285714285714675,-0.014285714285714235,-306.84285714285716,-0.6714285714285715,call,0,0.5229301452636719
1,7,6,Deal,0,♦8 ♠K,,110,0.17857142857142858,0.37249472359949204,0,457,710,1,253,-457,50.71428571428578,0.0714285714285714,-456.42857142857144,-0.6428571428571428,raise,0,0.5208439826965332
2,7,6,Flop,1,♦8 ♠K,♦Q ♥3 ♣A,5,0.2,0.4000000000000001,4340,0,0,7,160,-1420,-552.0,0.20000000000000018,-552.0,-0.6,raise,0,0.5295009613037109
