,N,Nnf,round,first,hole,board,Nsim,prWin,prWinStd,pot,bet,maxBet,NMaxBet,minBet,util_fold,util_call,util_raise_coeff,util_call2,util_raise_coeff2,action,amount,cputime
0,7,7,Deal,0,♠6 ♣A,,35,0.2040816326530612,0.38032625902894923,0,20,50,2,30,-20,21.428571428571416,0.4285714285714284,-29.59183673469388,-0.5918367346938775,raise,0,0.5238373279571533
1,7,7,Deal,0,♠6 ♣A,,85,0.1546218487394958,0.34279534786666976,0,100,202,2,102,-100,16.635294117647078,0.08235294117647074,-139.5327731092437,-0.6907563025210084,raise,0,0.5232691764831543
2,7,7,Flop,1,♠6 ♣A,♠4 ♥5 ♦8,5,0.0,0.0,1616,0,0,7,40,-404,-404.0,-1.0,-404.0,-1.0,call,0,0.5238268375396729
3,7,7,Flop,0,♠6 ♣A,♠4 ♥5 ♦8,55,0.16969696969696968,0.34449627857266213,1616,40,596,2,556,-444,-17.79393939393958,0.18787878787878776,-523.4909090909091,-0.6606060606060606,raise,0,0.5295779705047607
