,N,Nnf,round,first,hole,board,Nsim,prWin,prWinStd,pot,bet,maxBet,NMaxBet,minBet,util_fold,util_call,util_raise_coeff,util_call2,util_raise_coeff2,action,amount,cputime
0,7,6,Deal,0,♦K ♣3,,35,0.22857142857142856,0.4025429372458677,0,0,40,1,40,0,14.857142857142854,0.37142857142857144,-21.714285714285715,-0.5428571428571429,raise,0,0.5328099727630615
1,7,6,Deal,0,♦K ♣3,,75,0.13333333333333333,0.3197221015541813,0,80,154,2,74,-80,-30.80000000000001,-0.19999999999999996,-112.93333333333334,-0.7333333333333334,call,0,0.529289960861206
2,7,6,Flop,0,♦K ♣3,♠2 ♦6 ♥8,25,0.02,0.09797958971132714,462,0,87,1,87,-154,-221.32,-0.88,-228.28,-0.96,fold,0,0.5243182182312012
