,N,Nnf,round,first,hole,board,Nsim,prWin,prWinStd,pot,bet,maxBet,NMaxBet,minBet,util_fold,util_call,util_raise_coeff,util_call2,util_raise_coeff2,action,amount,cputime
0,7,7,Deal,0,♦6 ♦A,,15,0.23333333333333334,0.4027681991198191,0,0,40,1,40,0,25.333333333333343,0.6333333333333333,-21.333333333333332,-0.5333333333333333,raise,0,0.521082878112793
1,7,7,Deal,0,♦6 ♦A,,85,0.19411764705882353,0.36857529877224804,0,80,308,1,228,-80,110.51764705882351,0.35882352941176476,-188.42352941176472,-0.611764705882353,raise,0,0.5256021022796631
2,7,7,Deal,0,♦6 ♦A,,155,0.22258064516129034,0.3981486814352347,0,616,1232,1,616,-616,687.5354838709679,0.5580645161290323,-683.5612903225806,-0.5548387096774193,raise,0,0.5266177654266357
3,7,7,Flop,0,♦6 ♦A,♦K ♥Q ♦10,45,0.3888888888888889,0.4817662975261956,4928,0,156,2,156,-1232,953.1111111111113,1.7222222222222223,649.7777777777778,-0.2222222222222222,raise,0,0.5309731960296631
4,7,6,Turn,0,♦6 ♦A,♦K ♥Q ♦10 ♣7,15,0.36666666666666664,0.46427960923947065,6020,0,117,1,117,-1544,803.7333333333331,1.1999999999999997,632.1333333333332,-0.2666666666666667,raise,0,0.5219299793243408
5,7,6,River,0,♦6 ♦A,♦K ♥Q ♦10 ♣7 ♠J,15,0.6777777777777778,0.26851213274654606,6722,0,78,1,78,-1778,3017.2222222222226,3.0666666666666664,2805.7555555555564,0.3555555555555556,raise,0,0.5233306884765625
