,N,Nnf,round,first,hole,board,Nsim,prWin,prWinStd,pot,bet,maxBet,NMaxBet,minBet,util_fold,util_call,util_raise_coeff,util_call2,util_raise_coeff2,action,amount,cputime
0,7,7,Deal,0,♥Q ♣K,,65,0.17362637362637362,0.3737814804096245,0,40,144,2,104,-40,31.01538461538462,0.21538461538461529,-93.9956043956044,-0.6527472527472528,raise,0,0.5239298343658447
1,7,6,Flop,1,♥Q ♣K,♠9 ♠7 ♦5,5,0.0,0.0,1008,0,0,7,40,-288,-288.0,-1.0,-288.0,-1.0,call,0,0.5231409072875977
2,7,6,Flop,0,♥Q ♣K,♠9 ♠7 ♦5,45,0.022222222222222223,0.14740554623801777,1008,40,89,2,49,-328,-342.73333333333335,-0.8666666666666667,-350.64444444444445,-0.9555555555555556,fold,0,0.5203030109405518
