,N,Nnf,round,first,hole,board,Nsim,prWin,prWinStd,pot,bet,maxBet,NMaxBet,minBet,util_fold,util_call,util_raise_coeff,util_call2,util_raise_coeff2,action,amount,cputime
0,7,6,Deal,0,♥8 ♣J,,90,0.11640211640211641,0.3057244316758358,0,40,127,4,87,-40,-38.301587301587304,-0.3015873015873015,-97.43386243386243,-0.7671957671957672,call,0,0.5286130905151367
1,7,6,Flop,1,♥8 ♣J,♥10 ♦4 ♠8,5,0.0,0.0,655,0,0,7,40,-127,-127.0,-1.0,-127.0,-1.0,call,0,0.5235350131988525
2,7,6,Flop,0,♥8 ♣J,♥10 ♦4 ♠8,65,0.18461538461538463,0.387985237320569,655,40,78,4,38,-167,2.3230769230769397,0.10769230769230775,-55.276923076923055,-0.6307692307692307,raise,0,0.5264589786529541
