,N,Nnf,round,first,hole,board,Nsim,prWin,prWinStd,pot,bet,maxBet,NMaxBet,minBet,util_fold,util_call,util_raise_coeff,util_call2,util_raise_coeff2,action,amount,cputime
0,8,7,Deal,0,♣10 ♦K,,60,0.11666666666666667,0.2939198681424733,0,20,137,2,117,-20,-25.11666666666666,-0.18333333333333335,-105.03333333333333,-0.7666666666666666,fold,0,0.5252561569213867
