,N,Nnf,round,first,hole,board,Nsim,prWin,prWinStd,pot,bet,maxBet,NMaxBet,minBet,util_fold,util_call,util_raise_coeff,util_call2,util_raise_coeff2,action,amount,cputime
0,7,7,Deal,0,♣2 ♠9,,65,0.14578754578754577,0.34529828178942273,0,160,160,4,0,-160,3.282051282051242,0.02051282051282044,-113.34798534798536,-0.7084249084249085,raise,0,0.5218908786773682
1,7,7,Deal,0,♣2 ♠9,,140,0.1496598639455782,0.34462513864532757,0,320,495,3,175,-320,23.57142857142844,0.04761904761904745,-346.8367346938776,-0.7006802721088436,raise,0,0.5261073112487793
2,7,7,Flop,0,♣2 ♠9,♦2 ♠2 ♦J,40,0.5875,0.47285700798444347,3960,0,160,1,160,-990,1834.5,3.1125,1364.5,0.17500000000000004,raise,0,0.5280277729034424
3,7,7,Flop,0,♣2 ♠9,♦2 ♠2 ♦J,115,0.6304347826086957,0.46197570292659107,3960,320,1014,1,694,-1310,4967.347826086957,3.41304347826087,1771.04347826087,0.26086956521739135,raise,0,0.5268950462341309
4,7,6,Turn,1,♣2 ♠9,♦2 ♠2 ♦J ♠Q,5,0.7,0.4,10120,0,0,7,160,-3018,4066.0,3.1999999999999993,4066.0,0.3999999999999999,raise,0,0.529677152633667
5,7,6,Turn,0,♣2 ♠9,♦2 ♠2 ♦J ♠Q,30,0.6333333333333333,0.4268749491621899,10120,160,583,1,423,-3178,5023.733333333334,2.8,3546.7999999999993,0.2666666666666666,raise,0,0.520153284072876
