,N,Nnf,round,first,hole,board,Nsim,prWin,prWinStd,pot,bet,maxBet,NMaxBet,minBet,util_fold,util_call,util_raise_coeff,util_call2,util_raise_coeff2,action,amount,cputime
0,7,7,Deal,0,♠K ♦9,,55,0.2424242424242424,0.4129448098450462,0,20,80,1,60,-20,55.75757575757575,0.6969696969696968,-41.21212121212122,-0.5151515151515151,raise,0,0.5267021656036377
1,7,7,Deal,0,♠K ♦9,,120,0.19444444444444445,0.38809442659051063,0,160,320,1,160,-160,115.55555555555554,0.36111111111111116,-195.55555555555554,-0.6111111111111112,raise,0,0.5217380523681641
