,N,Nnf,round,first,hole,board,Nsim,prWin,prWinStd,pot,bet,maxBet,NMaxBet,minBet,util_fold,util_call,util_raise_coeff,util_call2,util_raise_coeff2,action,amount,cputime
0,7,7,Deal,0,♥10 ♣4,,75,0.14857142857142858,0.34380029007518637,0,20,140,1,120,-20,5.599999999999994,0.040000000000000036,-98.4,-0.7028571428571428,raise,0,0.5277450084686279
1,7,7,Deal,0,♥10 ♣4,,160,0.13214285714285715,0.3328525444194931,0,280,560,1,280,-280,-42.0,-0.07499999999999996,-412.0,-0.7357142857142858,call,0,0.5208210945129395
2,7,7,Flop,0,♥10 ♣4,♣6 ♠J ♣Q,35,0.04285714285714286,0.18405855323893036,2800,0,20,1,20,-560,-454.0,-0.7,-458.2857142857143,-0.9142857142857143,call,0,0.5265448093414307
3,7,7,Flop,0,♥10 ♣4,♣6 ♠J ♣Q,120,0.03333333333333333,0.1674979270186815,2800,20,110,1,90,-580,-551.0,-0.7666666666666666,-569.3333333333334,-0.9333333333333333,call,0,0.5222160816192627
4,7,7,Turn,0,♥10 ♣4,♣6 ♠J ♣Q ♦9,35,0.05714285714285714,0.19897697538834458,3350,0,20,1,20,-670,-490.57142857142856,-0.6000000000000001,-496.28571428571433,-0.8857142857142857,call,0,0.5259048938751221
5,7,7,Turn,0,♥10 ♣4,♣6 ♠J ♣Q ♦9,120,0.125,0.3044804317740852,3350,20,146,1,126,-690,-269.5,-0.125,-360.75,-0.75,call,0,0.5244431495666504
6,7,7,River,0,♥10 ♣4,♣6 ♠J ♣Q ♦9 ♠6,30,0.0,0.0,4080,0,20,1,20,-816,-836.0,-1.0,-836.0,-1.0,fold,0,0.5225880146026611
