,N,Nnf,round,first,hole,board,Nsim,prWin,prWinStd,pot,bet,maxBet,NMaxBet,minBet,util_fold,util_call,util_raise_coeff,util_call2,util_raise_coeff2,action,amount,cputime
0,7,6,Deal,0,♦Q ♠4,,60,0.12460317460317459,0.3082196783439009,0,160,178,1,18,-160,-44.92380952380955,-0.2523809523809525,-133.64126984126983,-0.7507936507936508,call,0,0.5236711502075195
1,7,6,Deal,0,♦Q ♠4,,105,0.109297052154195,0.29076590953268416,0,178,338,1,160,-178,-116.34557823129256,-0.34421768707483,-264.11519274376417,-0.78140589569161,call,0,0.515639066696167
2,7,6,Flop,1,♦Q ♠4,♥8 ♥K ♦7,5,0.0,0.0,996,0,0,7,160,-338,-338.0,-1.0,-338.0,-1.0,call,0,0.5261571407318115
3,7,6,Turn,1,♦Q ♠4,♥8 ♥K ♦7 ♦9,5,0.0,0.0,1316,0,0,7,160,-498,-498.0,-1.0,-498.0,-1.0,call,0,0.5286798477172852
4,7,6,Turn,0,♦Q ♠4,♥8 ♥K ♦7 ♦9,35,0.02857142857142857,0.1665986255670086,1316,160,339,1,179,-658,-741.2857142857142,-0.8285714285714285,-780.0285714285715,-0.9428571428571428,fold,0,0.5206530094146729
