,N,Nnf,round,first,hole,board,Nsim,prWin,prWinStd,pot,bet,maxBet,NMaxBet,minBet,util_fold,util_call,util_raise_coeff,util_call2,util_raise_coeff2,action,amount,cputime
0,8,8,Deal,0,♦Q ♦3,,90,0.13333333333333333,0.33166247903553997,0,10,1000,1,990,-10,66.66666666666674,0.06666666666666665,-733.3333333333333,-0.7333333333333334,raise,0,0.5274128913879395
