,N,Nnf,round,first,hole,board,Nsim,prWin,prWinStd,pot,bet,maxBet,NMaxBet,minBet,util_fold,util_call,util_raise_coeff,util_call2,util_raise_coeff2,action,amount,cputime
0,8,8,Deal,0,♠Q ♣9,,95,0.11578947368421053,0.30307747471343094,0,20,154,1,134,-20,-11.347368421052636,-0.0736842105263158,-118.33684210526316,-0.7684210526315789,call,0,0.523719072341919
1,8,7,Deal,0,♠Q ♣9,,200,0.135,0.33056769352131193,0,154,980,1,826,-154,-53.899999999999864,-0.05499999999999994,-715.4,-0.73,call,0,0.5221681594848633
