,N,Nnf,round,first,hole,board,Nsim,prWin,prWinStd,pot,bet,maxBet,NMaxBet,minBet,util_fold,util_call,util_raise_coeff,util_call2,util_raise_coeff2,action,amount,cputime
0,7,6,Deal,0,♦6 ♦A,,100,0.2,0.37416573867739417,0,20,61,3,41,-20,12.200000000000003,0.20000000000000018,-36.599999999999994,-0.6,raise,0,0.5281949043273926
1,7,6,Deal,0,♦6 ♦A,,175,0.21714285714285714,0.39459615108231805,0,122,137,3,15,-122,41.49142857142857,0.30285714285714294,-77.50285714285715,-0.5657142857142857,raise,0,0.5303909778594971
2,7,6,Flop,1,♦6 ♦A,♥9 ♥J ♥7,5,0.0,0.0,1654,0,0,7,20,-274,-274.0,-1.0,-274.0,-1.0,call,0,0.5233669281005859
3,7,6,Flop,0,♦6 ♦A,♥9 ♥J ♥7,80,0.00625,0.055551215108222425,1654,20,66,3,46,-294,-327.1875,-0.9625,-328.8375,-0.9875,fold,0,0.5280191898345947
