,N,Nnf,round,first,hole,board,Nsim,prWin,prWinStd,pot,bet,maxBet,NMaxBet,minBet,util_fold,util_call,util_raise_coeff,util_call2,util_raise_coeff2,action,amount,cputime
0,7,7,Deal,0,♦2 ♠J,,100,0.1514285714285714,0.34967623509148443,0,20,140,1,120,-20,8.400000000000006,0.05999999999999983,-97.6,-0.6971428571428572,raise,0,0.5295369625091553
1,7,7,Flop,0,♦2 ♠J,♦10 ♠2 ♥7,35,0.12857142857142856,0.3238795442501324,1960,0,20,1,20,-280,-30.0,-0.10000000000000009,-42.85714285714289,-0.7428571428571429,call,0,0.5242531299591064
