,N,Nnf,round,first,hole,board,Nsim,prWin,prWinStd,pot,bet,maxBet,NMaxBet,minBet,util_fold,util_call,util_raise_coeff,util_call2,util_raise_coeff2,action,amount,cputime
0,7,7,Deal,0,♣K ♦3,,55,0.12077922077922079,0.30054765327204513,0,20,80,1,60,-20,-12.36363636363636,-0.15454545454545443,-60.675324675324674,-0.7584415584415585,call,0,0.5213930606842041
1,7,7,Flop,1,♣K ♦3,♦5 ♥10 ♠5,5,0.2,0.4,320,0,0,7,40,-80,-16.0,0.40000000000000013,-16.0,-0.6,raise,0,0.5215327739715576
2,7,6,Flop,0,♣K ♦3,♦5 ♥10 ♠5,75,0.06,0.21540659228538017,320,40,65,2,25,-120,-102.4,-0.64,-118.0,-0.88,call,0,0.5229291915893555
3,7,6,Turn,1,♣K ♦3,♦5 ♥10 ♠5 ♦8,5,0.0,0.0,515,0,0,7,40,-145,-145.0,-1.0,-145.0,-1.0,call,0,0.5263090133666992
4,7,6,Turn,0,♣K ♦3,♦5 ♥10 ♠5 ♦8,45,0.044444444444444446,0.20608041101101565,515,40,117,2,77,-185,-207.9111111111111,-0.7333333333333334,-228.7111111111111,-0.9111111111111111,fold,0,0.5282609462738037
