,N,Nnf,round,first,hole,board,Nsim,prWin,prWinStd,pot,bet,maxBet,NMaxBet,minBet,util_fold,util_call,util_raise_coeff,util_call2,util_raise_coeff2,action,amount,cputime
0,8,8,Deal,0,♠10 ♥9,,5,0.2,0.4000000000000001,0,0,20,1,20,0,12.0,0.6000000000000001,-12.0,-0.6,raise,0,0.5210652351379395
1,8,8,Deal,0,♠10 ♥9,,60,0.15,0.34520525295346627,0,40,86,1,46,-40,17.200000000000003,0.19999999999999996,-60.2,-0.7,raise,0,0.5273051261901855
2,8,8,Flop,0,♠10 ♥9,♠A ♦2 ♣7,35,0.02857142857142857,0.1665986255670086,860,0,136,1,136,-172,-252.34285714285716,-0.7714285714285715,-275.65714285714284,-0.9428571428571428,fold,0,0.5242140293121338
