,N,Nnf,round,first,hole,board,Nsim,prWin,prWinStd,pot,bet,maxBet,NMaxBet,minBet,util_fold,util_call,util_raise_coeff,util_call2,util_raise_coeff2,action,amount,cputime
0,7,7,Deal,0,♥A ♦K,,65,0.2846153846153846,0.44694889373335234,0,40,80,1,40,-40,79.38461538461536,0.9923076923076923,-34.46153846153847,-0.4307692307692308,raise,0,0.5266199111938477
1,7,7,Deal,0,♥A ♦K,,140,0.2892857142857143,0.44748446558375127,0,160,320,1,160,-160,328.0000000000001,1.0250000000000004,-134.85714285714283,-0.4214285714285714,raise,0,0.5250771045684814
2,7,7,Flop,0,♥A ♦K,♦J ♣5 ♣8,35,0.2857142857142857,0.45175395145262565,2560,0,40,1,40,-640,131.42857142857133,1.0,74.28571428571422,-0.4285714285714286,raise,0,0.5221879482269287
3,7,7,Flop,0,♥A ♦K,♦J ♣5 ♣8,110,0.14545454545454545,0.35255853508482393,2560,80,286,1,206,-720,-262.4363636363637,0.018181818181818077,-470.43636363636364,-0.7090909090909091,raise,0,0.5212621688842773
4,7,7,Turn,1,♥A ♦K,♦J ♣5 ♣8 ♦5,5,0.0,0.0,4616,0,0,7,40,-1212,-1212.0,-1.0,-1212.0,-1.0,call,0,0.5306661128997803
5,7,7,Turn,0,♥A ♦K,♦J ♣5 ♣8 ♦5,45,0.08888888888888889,0.28458329944145994,4616,40,115,2,75,-1252,-845.1333333333333,-0.37777777777777777,-896.2444444444444,-0.8222222222222222,call,0,0.5255272388458252
6,7,7,River,1,♥A ♦K,♦J ♣5 ♣8 ♦5 ♦4,5,0.0,0.0,4961,0,0,7,40,-1327,-1327.0,-1.0,-1327.0,-1.0,call,0,0.5199539661407471
7,7,6,River,0,♥A ♦K,♦J ♣5 ♣8 ♦5 ♦4,45,0.0,0.0,4961,40,145,1,105,-1367,-1472.0,-1.0,-1472.0,-1.0,fold,0,0.5230941772460938
