,N,Nnf,round,first,hole,board,Nsim,prWin,prWinStd,pot,bet,maxBet,NMaxBet,minBet,util_fold,util_call,util_raise_coeff,util_call2,util_raise_coeff2,action,amount,cputime
0,7,6,Deal,0,♣2 ♣K,,55,0.12077922077922076,0.315309056289607,0,40,97,1,57,-40,-26.706493506493516,-0.2753246753246754,-73.56883116883117,-0.7584415584415585,call,0,0.5284178256988525
1,7,6,Deal,0,♣2 ♣K,,95,0.11203007518796992,0.30912589970220355,0,97,384,2,287,-97,-125.8827067669173,-0.32781954887218046,-297.9609022556391,-0.7759398496240602,fold,0,0.5209071636199951
