,N,Nnf,round,first,hole,board,Nsim,prWin,prWinStd,pot,bet,maxBet,NMaxBet,minBet,util_fold,util_call,util_raise_coeff,util_call2,util_raise_coeff2,action,amount,cputime
0,7,7,Deal,0,♠K ♥7,,100,0.16142857142857142,0.35936735794891506,0,20,128,1,108,-20,16.639999999999986,0.1299999999999999,-86.67428571428572,-0.6771428571428572,raise,0,0.5268559455871582
1,7,7,Deal,0,♠K ♥7,,210,0.13163265306122449,0.3282834543163851,0,256,512,1,256,-256,-40.228571428571456,-0.07857142857142863,-377.2081632653061,-0.736734693877551,call,0,0.5220038890838623
2,7,7,Flop,0,♠K ♥7,♠7 ♦3 ♣8,35,0.17142857142857143,0.3768830273792263,3584,0,20,1,20,-512,106.39999999999998,0.19999999999999996,89.25714285714287,-0.6571428571428571,raise,0,0.5286998748779297
3,7,7,Flop,0,♠K ♥7,♠7 ♦3 ♣8,140,0.225,0.4111178141881682,3584,40,46,6,6,-552,320.85,0.575,269.1,-0.55,raise,0,0.5272512435913086
4,7,7,Flop,0,♠K ♥7,♠7 ♦3 ♣8,250,0.21133333333333332,0.4034633399290035,3584,92,220,1,128,-604,350.87199999999984,0.47933333333333317,118.40533333333326,-0.5773333333333334,raise,0,0.5291380882263184
5,7,7,Turn,0,♠K ♥7,♠7 ♦3 ♣8 ♦6,35,0.05714285714285714,0.2321153829895989,6664,0,20,1,20,-952,-583.2,-0.6000000000000001,-588.9142857142857,-0.8857142857142857,call,0,0.5224618911743164
6,7,6,Turn,0,♠K ♥7,♠7 ♦3 ♣8 ♦6,145,0.1103448275862069,0.31331908114760126,6664,20,48,4,28,-972,-232.88275862068974,-0.33793103448275863,-254.0689655172414,-0.7793103448275862,call,0,0.5242660045623779
