,N,Nnf,round,first,hole,board,Nsim,prWin,prWinStd,pot,bet,maxBet,NMaxBet,minBet,util_fold,util_call,util_raise_coeff,util_call2,util_raise_coeff2,action,amount,cputime
0,7,6,Deal,0,♦Q ♠8,,70,0.2,0.3909694909544002,0,20,137,2,117,-20,27.400000000000006,0.20000000000000018,-82.19999999999999,-0.6,raise,0,0.5283799171447754
1,7,6,Deal,0,♦Q ♠8,,120,0.22083333333333333,0.4072050739151248,0,274,292,1,18,-274,94.89999999999998,0.32499999999999996,-163.03333333333333,-0.5583333333333333,raise,0,0.5294861793518066
2,7,6,Flop,1,♦Q ♠8,♥J ♠7 ♦8,5,0.2,0.4000000000000001,2336,0,0,7,40,-584,-116.79999999999995,0.20000000000000018,-116.79999999999995,-0.6,raise,0,0.5243439674377441
3,7,6,Flop,0,♦Q ♠8,♥J ♠7 ♦8,55,0.2636363636363636,0.435415636902838,2336,40,120,1,80,-624,101.67272727272712,0.5818181818181816,-24.87272727272739,-0.4727272727272728,raise,0,0.5276060104370117
4,7,6,Flop,0,♦Q ♠8,♥J ♠7 ♦8,85,0.2529411764705882,0.43130124187819663,2336,240,269,1,29,-824,146.11764705882342,0.5176470588235293,-126.04705882352937,-0.49411764705882355,raise,0,0.5222060680389404
