,N,Nnf,round,first,hole,board,Nsim,prWin,prWinStd,pot,bet,maxBet,NMaxBet,minBet,util_fold,util_call,util_raise_coeff,util_call2,util_raise_coeff2,action,amount,cputime
0,8,7,Deal,0,♠K ♥3,,40,0.1875,0.38222212128551636,0,0,40,1,40,0,12.5,0.3125,-25.0,-0.625,raise,0,0.522270917892456
1,8,7,Deal,0,♠K ♥3,,105,0.1761904761904762,0.37148961647318257,0,80,152,4,72,-80,35.46666666666667,0.2333333333333334,-98.43809523809523,-0.6476190476190475,raise,0,0.5258100032806396
2,8,7,Deal,0,♠K ♥3,,170,0.15294117647058825,0.35166435712082644,0,304,844,2,540,-304,59.57647058823534,0.07058823529411784,-585.835294117647,-0.6941176470588235,raise,0,0.520606279373169
