,N,Nnf,round,first,hole,board,Nsim,prWin,prWinStd,pot,bet,maxBet,NMaxBet,minBet,util_fold,util_call,util_raise_coeff,util_call2,util_raise_coeff2,action,amount,cputime
0,7,7,Deal,0,♥2 ♦9,,5,0.2,0.4000000000000001,0,0,20,1,20,0,8.0,0.40000000000000013,-12.0,-0.6,raise,0,0.5249381065368652
1,7,7,Deal,0,♥2 ♦9,,115,0.14927536231884056,0.3414758484775574,0,40,61,2,21,-40,2.740579710144921,0.04492753623188395,-42.78840579710145,-0.7014492753623189,raise,0,0.5210778713226318
2,7,7,Flop,0,♥2 ♦9,♣5 ♦8 ♥5,45,0.0031746031746031746,0.02105793517685968,854,0,56,2,56,-122,-174.04444444444445,-0.9777777777777777,-174.93333333333334,-0.9936507936507937,fold,0,0.5240368843078613
