,N,Nnf,round,first,hole,board,Nsim,prWin,prWinStd,pot,bet,maxBet,NMaxBet,minBet,util_fold,util_call,util_raise_coeff,util_call2,util_raise_coeff2,action,amount,cputime
0,7,7,Deal,0,♦3 ♦J,,65,0.14615384615384616,0.34777398632176354,0,80,390,1,310,-80,9.0,0.023076923076923217,-276.0,-0.7076923076923076,raise,0,0.5285651683807373
1,7,6,Flop,1,♦3 ♦J,♠4 ♣A ♠3,5,0.2,0.4000000000000001,2164,0,0,7,80,-780,-347.2,0.20000000000000018,-347.2,-0.6,raise,0,0.5256137847900391
2,7,6,Flop,0,♦3 ♦J,♠4 ♣A ♠3,35,0.17142857142857143,0.3768830273792263,2164,80,262,1,182,-860,-401.5428571428571,0.02857142857142847,-581.2,-0.6571428571428571,raise,0,0.5316352844238281
3,7,6,Turn,1,♦3 ♦J,♠4 ♣A ♠3 ♥A,5,0.0,0.0,3212,0,0,7,80,-1304,-1304.0,-1.0,-1304.0,-1.0,call,0,0.531048059463501
4,7,6,Turn,0,♦3 ♦J,♠4 ♣A ♠3 ♥A,30,0.03333333333333333,0.1795054935711501,3212,80,168,1,88,-1384,-1331.3333333333333,-0.8,-1353.7333333333333,-0.9333333333333333,call,0,0.5201561450958252
5,7,6,River,1,♦3 ♦J,♠4 ♣A ♠3 ♥A ♦2,5,0.0,0.0,3548,0,0,7,80,-1472,-1472.0,-1.0,-1472.0,-1.0,call,0,0.5216538906097412
6,7,6,River,0,♦3 ♦J,♠4 ♣A ♠3 ♥A ♦2,30,0.03333333333333333,0.1795054935711501,3548,80,228,1,148,-1552,-1536.1333333333332,-0.8,-1566.5333333333333,-0.9333333333333333,call,0,0.5250418186187744
