,N,Nnf,round,first,hole,board,Nsim,prWin,prWinStd,pot,bet,maxBet,NMaxBet,minBet,util_fold,util_call,util_raise_coeff,util_call2,util_raise_coeff2,action,amount,cputime
0,8,7,Deal,0,♥J ♠J,,70,0.3,0.458257569495584,0,20,110,3,90,-20,121.0,1.1,-44.0,-0.4,raise,0,0.5306286811828613
1,8,7,Deal,0,♥J ♠J,,130,0.2701923076923077,0.44311068414377786,0,220,246,2,26,-220,219.27115384615377,0.8913461538461538,-113.06538461538463,-0.45961538461538465,raise,0,0.5203089714050293
2,8,7,Flop,1,♥J ♠J,♣3 ♥A ♥6,5,0.2,0.4000000000000001,2210,0,0,8,40,-492,-50.0,0.40000000000000013,-50.0,-0.6,raise,0,0.5221767425537109
3,8,7,Flop,0,♥J ♠J,♣3 ♥A ♥6,45,0.13333333333333333,0.33993463423951903,2210,40,132,1,92,-532,-206.13333333333333,-0.06666666666666665,-294.1333333333333,-0.7333333333333334,call,0,0.5236761569976807
4,8,7,Flop,0,♥J ♠J,♣3 ♥A ♥6,80,0.1375,0.3443744328488978,2210,132,283,2,151,-624,-198.73749999999995,-0.03749999999999987,-393.3,-0.725,call,0,0.5218939781188965
5,8,7,Turn,1,♥J ♠J,♣3 ♥A ♥6 ♦10,5,0.0,0.0,3059,0,0,8,40,-775,-775.0,-1.0,-775.0,-1.0,call,0,0.5253877639770508
6,8,7,River,1,♥J ♠J,♣3 ♥A ♥6 ♦10 ♥8,5,0.0,0.0,3179,0,0,8,40,-815,-815.0,-1.0,-815.0,-1.0,call,0,0.5219669342041016
7,8,7,River,0,♥J ♠J,♣3 ♥A ♥6 ♦10 ♥8,40,0.05,0.21794494717703367,3179,40,119,2,79,-855,-733.4,-0.6499999999999999,-763.15,-0.9,call,0,0.5263359546661377
