,N,Nnf,round,first,hole,board,Nsim,prWin,prWinStd,pot,bet,maxBet,NMaxBet,minBet,util_fold,util_call,util_raise_coeff,util_call2,util_raise_coeff2,action,amount,cputime
0,8,8,Deal,0,♠6 ♣10,,65,0.12307692307692308,0.32852548467788645,0,80,348,1,268,-80,-5.353846153846121,-0.01538461538461533,-262.3384615384615,-0.7538461538461538,call,0,0.5254449844360352
1,8,8,Deal,0,♠6 ♣10,,140,0.10714285714285714,0.2975237942808362,0,348,421,2,73,-348,-60.14285714285717,-0.1428571428571429,-330.7857142857143,-0.7857142857142857,call,0,0.5242400169372559
2,8,8,Flop,0,♠6 ♣10,♣K ♥A ♦K,30,0.0,0.0,2105,0,80,1,80,-421,-501.0,-1.0,-501.0,-1.0,fold,0,0.523651123046875
