,N,Nnf,round,first,hole,board,Nsim,prWin,prWinStd,pot,bet,maxBet,NMaxBet,minBet,util_fold,util_call,util_raise_coeff,util_call2,util_raise_coeff2,action,amount,cputime
0,7,6,Deal,0,♣6 ♠Q,,55,0.22987012987012986,0.4126233798934289,0,20,89,1,69,-20,33.75064935064934,0.3792207792207791,-48.08311688311689,-0.5402597402597402,raise,0,0.5266201496124268
1,7,6,Flop,1,♣6 ♠Q,♥3 ♠8 ♦4,5,0.2,0.4000000000000001,534,0,0,7,40,-178,-71.19999999999999,0.20000000000000018,-71.19999999999999,-0.6,raise,0,0.5216329097747803
2,7,6,Flop,0,♣6 ♠Q,♥3 ♠8 ♦4,40,0.075,0.26339134382131846,534,40,125,1,85,-218,-206.7,-0.55,-244.2,-0.85,call,0,0.5255820751190186
3,7,6,Turn,1,♣6 ♠Q,♥3 ♠8 ♦4 ♦A,5,0.0,0.0,909,0,0,7,40,-303,-303.0,-1.0,-303.0,-1.0,call,0,0.5216479301452637
4,7,6,Turn,0,♣6 ♠Q,♥3 ♠8 ♦4 ♦A,45,0.0,0.0,909,40,137,2,97,-343,-440.0,-1.0,-440.0,-1.0,fold,0,0.5237276554107666
