,N,Nnf,round,first,hole,board,Nsim,prWin,prWinStd,pot,bet,maxBet,NMaxBet,minBet,util_fold,util_call,util_raise_coeff,util_call2,util_raise_coeff2,action,amount,cputime
0,8,8,Deal,0,♦J ♠8,,15,0.26666666666666666,0.44221663871405337,0,0,20,1,20,0,22.666666666666664,1.1333333333333333,-9.333333333333334,-0.4666666666666667,raise,0,0.5300159454345703
1,8,8,Deal,0,♦J ♠8,,130,0.18846153846153846,0.3836333617049197,0,40,170,1,130,-40,86.30769230769232,0.5076923076923077,-105.92307692307692,-0.6230769230769231,raise,0,0.5220043659210205
2,8,8,Flop,0,♦J ♠8,♥2 ♣9 ♦3,40,0.0875,0.2712816801776338,2720,0,40,1,40,-340,-114.0,-0.30000000000000004,-135.00000000000003,-0.825,call,0,0.529350996017456
3,8,7,Flop,0,♦J ♠8,♥2 ♣9 ♦3,150,0.04666666666666667,0.2028683207293725,2720,40,142,1,102,-380,-308.68,-0.6733333333333333,-341.81333333333333,-0.9066666666666666,call,0,0.5239560604095459
4,8,7,Turn,0,♦J ♠8,♥2 ♣9 ♦3 ♥8,45,0.1,0.29059326290271154,3714,0,144,1,144,-482,-153.79999999999995,-0.29999999999999993,-225.79999999999995,-0.8,call,0,0.5248570442199707
5,8,7,River,0,♦J ♠8,♥2 ♣9 ♦3 ♥8 ♦9,40,0.3375,0.46620140497428797,4722,0,20,2,20,-626,994.9250000000002,1.3625000000000003,961.1750000000002,-0.32499999999999996,raise,0,0.5248181819915771
6,8,7,River,0,♦J ♠8,♥2 ♣9 ♦3 ♥8 ♦9,130,0.31153846153846154,0.4610413990062423,4722,40,156,1,116,-666,1029.2846153846153,1.180769230769231,786.2846153846153,-0.3769230769230769,raise,0,0.5225117206573486
