,N,Nnf,round,first,hole,board,Nsim,prWin,prWinStd,pot,bet,maxBet,NMaxBet,minBet,util_fold,util_call,util_raise_coeff,util_call2,util_raise_coeff2,action,amount,cputime
0,7,7,Deal,0,♦7 ♥2,,15,0.06666666666666667,0.24944382578492943,0,0,40,1,40,0,-21.333333333333336,-0.5333333333333333,-34.666666666666664,-0.8666666666666667,fold,0,0.5231850147247314
