,N,Nnf,round,first,hole,board,Nsim,prWin,prWinStd,pot,bet,maxBet,NMaxBet,minBet,util_fold,util_call,util_raise_coeff,util_call2,util_raise_coeff2,action,amount,cputime
0,8,8,Deal,0,♦9 ♥6,,50,0.19,0.37269290307168457,0,0,40,1,40,0,20.799999999999997,0.52,-24.8,-0.62,raise,0,0.5308120250701904
1,8,8,Deal,0,♦9 ♥6,,120,0.125,0.3178705187126775,0,80,97,3,17,-80,0.0,0.0,-72.75,-0.75,call,0,0.5245382785797119
2,8,8,Deal,0,♦9 ♥6,,200,0.12,0.3132091952673165,0,97,154,2,57,-97,-6.159999999999997,-0.040000000000000036,-117.03999999999999,-0.76,call,0,0.5226659774780273
3,8,8,Deal,0,♦9 ♥6,,245,0.11836734693877551,0.3134231470996666,0,154,4672,2,4518,-154,-247.902040816326,-0.05306122448979589,-3565.9755102040817,-0.763265306122449,fold,0,0.5248739719390869
