,N,Nnf,round,first,hole,board,Nsim,prWin,prWinStd,pot,bet,maxBet,NMaxBet,minBet,util_fold,util_call,util_raise_coeff,util_call2,util_raise_coeff2,action,amount,cputime
0,7,6,Deal,0,♦6 ♠6,,70,0.18775510204081633,0.3882703343824155,0,20,41,1,21,-20,5.187755102040818,0.12653061224489792,-25.604081632653063,-0.6244897959183673,raise,0,0.5248539447784424
1,7,6,Deal,0,♦6 ♠6,,110,0.17402597402597403,0.37766090855228995,0,82,115,1,33,-82,5.077922077922096,0.04415584415584428,-74.97402597402598,-0.6519480519480519,raise,0,0.5226480960845947
2,7,6,Flop,1,♦6 ♠6,♥8 ♣5 ♣7,5,0.0,0.0,700,0,0,7,20,-230,-230.0,-1.0,-230.0,-1.0,call,0,0.5219399929046631
3,7,6,Flop,0,♦6 ♠6,♥8 ♣5 ♣7,45,0.13333333333333333,0.33993463423951903,700,20,65,1,45,-250,-149.66666666666669,-0.19999999999999996,-184.33333333333334,-0.7333333333333334,call,0,0.5244719982147217
4,7,6,Turn,1,♦6 ♠6,♥8 ♣5 ♣7 ♦10,5,0.0,0.0,895,0,0,7,20,-295,-295.0,-1.0,-295.0,-1.0,call,0,0.5270862579345703
5,7,6,Turn,0,♦6 ♠6,♥8 ♣5 ♣7 ♦10,45,0.044444444444444446,0.20608041101101565,895,20,34,2,14,-315,-280.15555555555557,-0.7333333333333334,-286.2,-0.9111111111111111,call,0,0.5290288925170898
6,7,6,River,1,♦6 ♠6,♥8 ♣5 ♣7 ♦10 ♦8,5,0.0,0.0,997,0,0,7,20,-329,-329.0,-1.0,-329.0,-1.0,call,0,0.5296587944030762
