,N,Nnf,round,first,hole,board,Nsim,prWin,prWinStd,pot,bet,maxBet,NMaxBet,minBet,util_fold,util_call,util_raise_coeff,util_call2,util_raise_coeff2,action,amount,cputime
0,8,8,Deal,0,♦8 ♣6,,60,0.058333333333333334,0.22530843057659622,0,0,298,1,298,0,-158.93333333333334,-0.5333333333333333,-263.23333333333335,-0.8833333333333333,fold,0,0.5263288021087646
