,N,Nnf,round,first,hole,board,Nsim,prWin,prWinStd,pot,bet,maxBet,NMaxBet,minBet,util_fold,util_call,util_raise_coeff,util_call2,util_raise_coeff2,action,amount,cputime
0,8,7,Deal,0,♠4 ♦4,,55,0.056818181818181816,0.22715906248578657,0,20,115,1,95,-20,-69.26136363636363,-0.6022727272727273,-101.93181818181819,-0.8863636363636364,fold,0,0.5241069793701172
