,N,Nnf,round,first,hole,board,Nsim,prWin,prWinStd,pot,bet,maxBet,NMaxBet,minBet,util_fold,util_call,util_raise_coeff,util_call2,util_raise_coeff2,action,amount,cputime
0,8,8,Deal,0,♠3 ♠9,,75,0.21333333333333335,0.4014418457953226,0,0,116,1,116,0,81.97333333333336,0.7066666666666668,-66.50666666666666,-0.5733333333333333,raise,0,0.5217339992523193
1,8,8,Deal,0,♠3 ♠9,,180,0.16111111111111112,0.36383587400073203,0,232,492,1,260,-232,142.13333333333333,0.288888888888889,-333.4666666666667,-0.6777777777777778,raise,0,0.5304040908813477
2,8,8,Flop,0,♠3 ♠9,♦7 ♠6 ♥7,20,0.0,0.0,5028,0,100,2,100,-984,-1084.0,-1.0,-1084.0,-1.0,fold,0,0.5215191841125488
