,N,Nnf,round,first,hole,board,Nsim,prWin,prWinStd,pot,bet,maxBet,NMaxBet,minBet,util_fold,util_call,util_raise_coeff,util_call2,util_raise_coeff2,action,amount,cputime
0,8,8,Deal,0,♣9 ♥3,,60,0.06666666666666667,0.23213980461973532,0,20,104,1,84,-20,-48.53333333333333,-0.4666666666666667,-90.13333333333333,-0.8666666666666667,fold,0,0.5205240249633789
