,N,Nnf,round,first,hole,board,Nsim,prWin,prWinStd,pot,bet,maxBet,NMaxBet,minBet,util_fold,util_call,util_raise_coeff,util_call2,util_raise_coeff2,action,amount,cputime
0,7,6,Deal,0,♦7 ♦A,,100,0.225,0.4023369234857771,0,20,79,5,59,-20,27.650000000000006,0.3500000000000001,-43.449999999999996,-0.55,raise,0,0.5295412540435791
1,7,6,Flop,1,♦7 ♦A,♥10 ♣8 ♥4,5,0.2,0.4000000000000001,958,0,0,7,20,-158,33.60000000000002,0.20000000000000018,33.60000000000002,-0.6,raise,0,0.5239300727844238
2,7,6,Flop,0,♦7 ♦A,♥10 ♣8 ♥4,80,0.07916666666666668,0.2648046974239275,958,20,51,2,31,-178,-108.93333333333331,-0.5249999999999999,-125.08333333333331,-0.8416666666666667,call,0,0.522784948348999
3,7,6,Turn,1,♦7 ♦A,♥10 ♣8 ♥4 ♦Q,5,0.0,0.0,1264,0,0,7,20,-209,-209.0,-1.0,-209.0,-1.0,call,0,0.5243337154388428
4,7,6,Turn,0,♦7 ♦A,♥10 ♣8 ♥4 ♦Q,80,0.03125,0.16476782908080084,1264,20,72,4,52,-229,-228.0,-0.8125,-237.0,-0.9375,call,0,0.5220930576324463
5,7,6,Turn,0,♦7 ♦A,♥10 ♣8 ♥4 ♦Q,155,0.02903225806451613,0.16302295185152615,1264,72,143,4,71,-281,-290.39354838709676,-0.8258064516129032,-307.0,-0.9419354838709677,fold,0,0.5313570499420166
