,N,Nnf,round,first,hole,board,Nsim,prWin,prWinStd,pot,bet,maxBet,NMaxBet,minBet,util_fold,util_call,util_raise_coeff,util_call2,util_raise_coeff2,action,amount,cputime
0,8,8,Deal,0,♠10 ♥8,,55,0.15454545454545454,0.35512772699317474,0,0,136,1,136,0,32.14545454545453,0.23636363636363633,-93.96363636363637,-0.6909090909090909,raise,0,0.5280799865722656
1,8,8,Deal,0,♠10 ♥8,,140,0.16071428571428573,0.35990007116488576,0,272,513,1,241,-272,146.57142857142867,0.2857142857142858,-348.10714285714283,-0.6785714285714286,raise,0,0.5225820541381836
2,8,8,Flop,0,♠10 ♥8,♠3 ♦8 ♦6,45,0.1,0.2905932629027116,5643,0,100,4,100,-1026,-481.69999999999993,-0.19999999999999996,-541.6999999999999,-0.8,call,0,0.5299346446990967
3,8,8,Turn,0,♠10 ♥8,♠3 ♦8 ♦6 ♣6,45,0.16666666666666666,0.3651483716701107,6143,0,148,2,148,-1126,-52.833333333333485,0.33333333333333326,-200.83333333333348,-0.6666666666666667,raise,0,0.524406909942627
4,8,8,River,0,♠10 ♥8,♠3 ♦8 ♦6 ♣6 ♥A,45,0.044444444444444446,0.20608041101101565,7623,0,134,2,134,-1422,-1169.5555555555557,-0.6444444444444444,-1205.2888888888888,-0.9111111111111111,call,0,0.5230190753936768
5,8,8,River,0,♠10 ♥8,♠3 ♦8 ♦6 ♣6 ♥A,95,0.04912280701754385,0.20501559519988125,7623,134,195,2,61,-1556,-1165.9052631578948,-0.6070175438596492,-1223.378947368421,-0.9017543859649123,call,0,0.523090124130249
