,N,Nnf,round,first,hole,board,Nsim,prWin,prWinStd,pot,bet,maxBet,NMaxBet,minBet,util_fold,util_call,util_raise_coeff,util_call2,util_raise_coeff2,action,amount,cputime
0,7,7,Deal,0,♥J ♦A,,25,0.24,0.4270831300812524,0,0,114,1,114,0,77.51999999999998,0.6799999999999999,-59.28,-0.52,raise,0,0.522639274597168
1,7,7,Deal,0,♥J ♦A,,75,0.23333333333333334,0.40276819911981904,0,228,239,1,11,-228,151.36666666666667,0.6333333333333333,-127.46666666666667,-0.5333333333333333,raise,0,0.5235180854797363
2,7,7,Flop,0,♥J ♦A,♠2 ♠10 ♠Q,40,0.175,0.36314597615834876,1912,0,137,1,137,-478,-112.57500000000005,0.22499999999999987,-232.45000000000005,-0.65,raise,0,0.5274209976196289
3,7,7,Turn,0,♥J ♦A,♠2 ♠10 ♠Q ♣5,35,0.12857142857142856,0.3238795442501324,3008,0,109,3,109,-752,-376.15714285714284,-0.10000000000000009,-446.22857142857146,-0.7428571428571429,call,0,0.5186970233917236
4,7,7,River,0,♥J ♦A,♠2 ♠10 ♠Q ♣5 ♦5,40,0.0,0.0,3444,0,80,2,80,-861,-941.0,-1.0,-941.0,-1.0,fold,0,0.5300700664520264
