,N,Nnf,round,first,hole,board,Nsim,prWin,prWinStd,pot,bet,maxBet,NMaxBet,minBet,util_fold,util_call,util_raise_coeff,util_call2,util_raise_coeff2,action,amount,cputime
0,7,6,Deal,0,♠9 ♣6,,55,0.21168831168831168,0.40013069209187313,0,0,26,1,26,0,7.02337662337662,0.27012987012987,-14.992207792207793,-0.5766233766233766,raise,0,0.52630615234375
1,7,6,Deal,0,♠9 ♣6,,105,0.18072562358276642,0.377359692214225,0,52,96,1,44,-52,8.097959183673453,0.08435374149659847,-61.30068027210885,-0.6385487528344671,raise,0,0.5224099159240723
2,7,6,Flop,0,♠9 ♣6,♥10 ♦A ♠7,40,0.125,0.33071891388307384,768,0,47,2,47,-192,-107.75,-0.25,-131.25,-0.75,call,0,0.5241918563842773
3,7,6,Flop,0,♠9 ♣6,♥10 ♦A ♠7,90,0.14444444444444443,0.35153982265680833,768,47,67,2,20,-239,-90.0,-0.13333333333333341,-128.7111111111111,-0.7111111111111111,call,0,0.5285201072692871
4,7,6,Turn,0,♠9 ♣6,♥10 ♦A ♠7 ♦K,40,0.05,0.21794494717703367,1036,0,75,3,75,-259,-259.7,-0.7,-274.7,-0.9,fold,0,0.5250701904296875
