,N,Nnf,round,first,hole,board,Nsim,prWin,prWinStd,pot,bet,maxBet,NMaxBet,minBet,util_fold,util_call,util_raise_coeff,util_call2,util_raise_coeff2,action,amount,cputime
0,8,7,Deal,0,♠8 ♠9,,40,0.2875,0.43138584816843495,0,0,20,1,20,0,20.25,1.0124999999999997,-8.5,-0.42500000000000004,raise,0,0.5200052261352539
1,8,7,Deal,0,♠8 ♠9,,95,0.21052631578947367,0.3945613645050802,0,40,75,2,35,-40,35.526315789473685,0.4736842105263157,-43.421052631578945,-0.5789473684210527,raise,0,0.5275890827178955
2,8,7,Flop,0,♠8 ♠9,♣6 ♥9 ♥8,20,0.225,0.4023369234857771,600,0,61,2,61,-150,20.07499999999999,0.575,-48.55000000000001,-0.55,raise,0,0.5238299369812012
3,8,7,Turn,0,♠8 ♠9,♣6 ♥9 ♥8 ♣2,25,0.56,0.4963869458396342,1088,0,7932,1,7932,-272,23498.72,2.9200000000000004,1289.1200000000008,0.1200000000000001,raise,0,0.5223500728607178
