,N,Nnf,round,first,hole,board,Nsim,prWin,prWinStd,pot,bet,maxBet,NMaxBet,minBet,util_fold,util_call,util_raise_coeff,util_call2,util_raise_coeff2,action,amount,cputime
0,7,7,Deal,0,♠6 ♣9,,105,0.12517006802721087,0.3218298254937724,0,20,140,1,120,-20,-17.333333333333343,-0.12380952380952392,-104.95238095238096,-0.7496598639455783,call,0,0.5260879993438721
1,7,7,Flop,0,♠6 ♣9,♠2 ♣Q ♥9,35,0.12857142857142856,0.3238795442501323,980,0,20,1,20,-140,-16.0,-0.10000000000000009,-28.85714285714286,-0.7428571428571429,call,0,0.5333011150360107
2,7,7,Flop,0,♠6 ♣9,♠2 ♣Q ♥9,145,0.2103448275862069,0.3968364794707807,980,20,158,1,138,-160,140.77931034482765,0.4724137931034482,-25.393103448275838,-0.5793103448275863,raise,0,0.5213067531585693
3,7,7,Flop,0,♠6 ♣9,♠2 ♣Q ♥9,250,0.192,0.3861813045707936,980,316,632,1,316,-456,265.568,0.3440000000000001,-341.152,-0.616,raise,0,0.5248301029205322
