,N,Nnf,round,first,hole,board,Nsim,prWin,prWinStd,pot,bet,maxBet,NMaxBet,minBet,util_fold,util_call,util_raise_coeff,util_call2,util_raise_coeff2,action,amount,cputime
0,8,8,Deal,0,♥6 ♦8,,90,0.09027777777777778,0.27451205307590887,0,10,138,1,128,-10,-38.33333333333333,-0.2777777777777778,-113.08333333333333,-0.8194444444444444,fold,0,0.5251469612121582
