,N,Nnf,round,first,hole,board,Nsim,prWin,prWinStd,pot,bet,maxBet,NMaxBet,minBet,util_fold,util_call,util_raise_coeff,util_call2,util_raise_coeff2,action,amount,cputime
0,7,7,Deal,0,♠A ♦4,,40,0.15,0.33911649915626335,0,0,40,1,40,0,2.0,0.050000000000000044,-28.0,-0.7,raise,0,0.524240255355835
1,7,7,Deal,0,♠A ♦4,,150,0.13095238095238096,0.32861455893595337,0,80,87,3,7,-80,-7.249999999999986,-0.08333333333333326,-64.21428571428571,-0.7380952380952381,call,0,0.5323340892791748
2,7,7,Deal,0,♠A ♦4,,255,0.15938375350140055,0.3558618207202557,0,87,272,1,185,-87,31.46666666666664,0.11568627450980395,-185.29523809523812,-0.6812324929971989,raise,0,0.5201711654663086
