,N,Nnf,round,first,hole,board,Nsim,prWin,prWinStd,pot,bet,maxBet,NMaxBet,minBet,util_fold,util_call,util_raise_coeff,util_call2,util_raise_coeff2,action,amount,cputime
0,8,8,Deal,0,♥4 ♣2,,75,0.09333333333333334,0.29089898972361905,0,0,37,3,37,0,-9.373333333333331,-0.2533333333333333,-30.093333333333334,-0.8133333333333334,fold,0,0.5225999355316162
