,N,Nnf,round,first,hole,board,Nsim,prWin,prWinStd,pot,bet,maxBet,NMaxBet,minBet,util_fold,util_call,util_raise_coeff,util_call2,util_raise_coeff2,action,amount,cputime
0,7,7,Deal,0,♥J ♣6,,100,0.1514285714285714,0.34967623509148443,0,20,158,1,138,-20,9.479999999999961,0.05999999999999983,-110.14857142857144,-0.6971428571428572,raise,0,0.5221171379089355
1,7,7,Deal,0,♥J ♣6,,205,0.1470383275261324,0.3498309895915975,0,316,632,1,316,-316,18.49756097560976,0.029268292682926855,-446.14355400696866,-0.7059233449477351,raise,0,0.5212259292602539
