,N,Nnf,round,first,hole,board,Nsim,prWin,prWinStd,pot,bet,maxBet,NMaxBet,minBet,util_fold,util_call,util_raise_coeff,util_call2,util_raise_coeff2,action,amount,cputime
0,8,8,Deal,0,♣9 ♠A,,95,0.14736842105263157,0.3393002412902358,0,20,148,1,128,-20,26.484210526315763,0.17894736842105252,-104.37894736842105,-0.7052631578947368,raise,0,0.5314710140228271
1,8,7,Flop,1,♣9 ♠A,♥7 ♣4 ♥10,5,0.0,0.0,2220,0,0,8,20,-296,-296.0,-1.0,-296.0,-1.0,call,0,0.5306797027587891
2,8,6,Flop,0,♣9 ♠A,♥7 ♣4 ♥10,80,0.05625,0.22351943427809584,2220,20,73,3,53,-316,-219.4875,-0.6625,-235.9125,-0.8875,call,0,0.5283629894256592
3,8,6,Turn,1,♣9 ♠A,♥7 ♣4 ♥10 ♥2,5,0.0,0.0,2658,0,0,8,20,-369,-369.0,-1.0,-369.0,-1.0,call,0,0.5247030258178711
4,8,6,Turn,0,♣9 ♠A,♥7 ♣4 ♥10 ♥2,65,0.015384615384615385,0.12307692307692308,2658,20,28,1,8,-389,-353.5230769230769,-0.9076923076923077,-355.24615384615385,-0.9692307692307692,call,0,0.5213477611541748
5,8,6,Turn,0,♣9 ♠A,♥7 ♣4 ♥10 ♥2,100,0.01,0.09949874371066199,2658,28,67,1,39,-397,-405.4,-0.94,-408.08,-0.98,fold,0,0.5255999565124512
