,N,Nnf,round,first,hole,board,Nsim,prWin,prWinStd,pot,bet,maxBet,NMaxBet,minBet,util_fold,util_call,util_raise_coeff,util_call2,util_raise_coeff2,action,amount,cputime
0,7,6,Deal,0,♥2 ♦J,,100,0.13,0.3287856444554719,0,20,57,5,37,-20,-12.54,-0.21999999999999997,-42.18,-0.74,call,0,0.5255749225616455
1,7,6,Flop,1,♥2 ♦J,♠K ♦9 ♥J,5,0.0,0.0,352,0,0,7,20,-57,-57.0,-1.0,-57.0,-1.0,call,0,0.5306518077850342
2,7,6,Flop,0,♥2 ♦J,♠K ♦9 ♥J,85,0.27647058823529413,0.44395205327325193,352,20,69,4,49,-77,85.77647058823533,0.6588235294117648,9.470588235294144,-0.44705882352941173,raise,0,0.5223579406738281
3,7,6,Flop,0,♥2 ♦J,♠K ♦9 ♥J,160,0.2583333333333333,0.42890364108192575,352,138,141,2,3,-195,111.48333333333329,0.5499999999999998,-34.2166666666667,-0.4833333333333334,raise,0,0.5207509994506836
4,7,6,Turn,1,♥2 ♦J,♠K ♦9 ♥J ♠9,5,0.2,0.4000000000000001,2044,0,0,7,20,-339,69.80000000000001,0.20000000000000018,69.80000000000001,-0.6,raise,0,0.5299372673034668
5,7,6,Turn,0,♥2 ♦J,♠K ♦9 ♥J ♠9,80,0.1125,0.3059309562630104,2044,20,74,5,54,-359,-133.09999999999997,-0.32499999999999996,-166.39999999999998,-0.775,call,0,0.5219287872314453
6,7,6,River,1,♥2 ♦J,♠K ♦9 ♥J ♠9 ♦4,5,0.1,0.2,2488,0,0,7,20,-413,-164.2,-0.3999999999999999,-164.2,-0.8,call,0,0.5228500366210938
7,7,6,River,0,♥2 ♦J,♠K ♦9 ♥J ♠9 ♦4,80,0.09791666666666667,0.2644356543240298,2488,20,66,1,46,-433,-196.60833333333335,-0.4125,-222.45833333333331,-0.8041666666666667,call,0,0.5232329368591309
8,7,6,River,0,♥2 ♦J,♠K ♦9 ♥J ♠9 ♦4,155,0.08924731182795698,0.2618362366490224,2488,66,102,5,36,-479,-238.33333333333337,-0.46451612903225814,-274.74623655913985,-0.821505376344086,call,0,0.524946928024292
