,N,Nnf,round,first,hole,board,Nsim,prWin,prWinStd,pot,bet,maxBet,NMaxBet,minBet,util_fold,util_call,util_raise_coeff,util_call2,util_raise_coeff2,action,amount,cputime
0,7,7,Deal,0,♥5 ♠8,,90,0.14047619047619048,0.3414737301609344,0,10,140,1,130,-10,-2.3333333333333144,-0.016666666666666607,-100.66666666666666,-0.719047619047619,call,0,0.5252189636230469
1,7,7,Flop,1,♥5 ♠8,♥8 ♣7 ♦2,5,0.0,0.0,980,0,0,7,20,-140,-140.0,-1.0,-140.0,-1.0,call,0,0.5293078422546387
2,7,6,Flop,0,♥5 ♠8,♥8 ♣7 ♦2,110,0.22727272727272727,0.40247170220324824,980,20,67,3,47,-160,107.09090909090907,0.36363636363636354,46.18181818181819,-0.5454545454545454,raise,0,0.5215480327606201
3,7,6,Flop,0,♥5 ♠8,♥8 ♣7 ♦2,210,0.2,0.38791260675078676,980,134,860,1,726,-274,228.0,0.20000000000000018,-460.0,-0.6,raise,0,0.5207250118255615
