,N,Nnf,round,first,hole,board,Nsim,prWin,prWinStd,pot,bet,maxBet,NMaxBet,minBet,util_fold,util_call,util_raise_coeff,util_call2,util_raise_coeff2,action,amount,cputime
0,7,7,Deal,0,♦J ♣2,,65,0.09743589743589744,0.29072898016529986,0,0,136,1,136,0,-43.24102564102563,-0.31794871794871793,-109.49743589743589,-0.8051282051282052,fold,0,0.5243473052978516
