,N,Nnf,round,first,hole,board,Nsim,prWin,prWinStd,pot,bet,maxBet,NMaxBet,minBet,util_fold,util_call,util_raise_coeff,util_call2,util_raise_coeff2,action,amount,cputime
0,7,6,Deal,0,♥10 ♠4,,100,0.10285714285714284,0.28253950419113333,0,20,56,5,36,-20,-21.440000000000005,-0.382857142857143,-44.480000000000004,-0.7942857142857143,fold,0,0.5292742252349854
