,N,Nnf,round,first,hole,board,Nsim,prWin,prWinStd,pot,bet,maxBet,NMaxBet,minBet,util_fold,util_call,util_raise_coeff,util_call2,util_raise_coeff2,action,amount,cputime
0,8,8,Deal,0,♥J ♣3,,90,0.08333333333333333,0.2713136766016617,0,10,124,1,114,-10,-41.33333333333334,-0.33333333333333337,-103.33333333333334,-0.8333333333333334,fold,0,0.5241091251373291
