,N,Nnf,round,first,hole,board,Nsim,prWin,prWinStd,pot,bet,maxBet,NMaxBet,minBet,util_fold,util_call,util_raise_coeff,util_call2,util_raise_coeff2,action,amount,cputime
0,8,7,Deal,0,♦9 ♥K,,50,0.2,0.4,0,0,31,1,31,0,12.399999999999999,0.40000000000000013,-18.6,-0.6,raise,0,0.5301833152770996
1,8,7,Deal,0,♦9 ♥K,,125,0.19866666666666666,0.39423399706829504,0,62,75,2,13,-62,29.299999999999983,0.3906666666666667,-45.2,-0.6026666666666667,raise,0,0.5252108573913574
2,8,7,Deal,0,♦9 ♥K,,200,0.17166666666666663,0.3722715556030451,0,150,153,2,3,-150,30.85499999999996,0.20166666666666644,-100.47000000000001,-0.6566666666666667,raise,0,0.5285818576812744
3,8,7,Flop,0,♦9 ♥K,♥7 ♦10 ♥10,35,0.060714285714285714,0.23217032804492868,2142,0,45,3,45,-306,-201.825,-0.575,-215.48571428571427,-0.8785714285714286,call,0,0.5287001132965088
4,8,7,Flop,0,♦9 ♥K,♥7 ♦10 ♥10,120,0.06215277777777777,0.23564061578407647,2142,45,339,5,294,-351,-364.38020833333337,-0.5649305555555556,-469.7291666666667,-0.8756944444444444,fold,0,0.5281801223754883
