,N,Nnf,round,first,hole,board,Nsim,prWin,prWinStd,pot,bet,maxBet,NMaxBet,minBet,util_fold,util_call,util_raise_coeff,util_call2,util_raise_coeff2,action,amount,cputime
0,7,7,Deal,0,♣10 ♠7,,40,0.10357142857142858,0.2996383875028467,0,0,160,1,160,0,-43.999999999999986,-0.2749999999999999,-126.85714285714286,-0.7928571428571428,fold,0,0.5248878002166748
