,N,Nnf,round,first,hole,board,Nsim,prWin,prWinStd,pot,bet,maxBet,NMaxBet,minBet,util_fold,util_call,util_raise_coeff,util_call2,util_raise_coeff2,action,amount,cputime
0,7,7,Deal,0,♦A ♠Q,,100,0.265,0.4327528162819972,0,20,114,1,94,-20,97.47,0.855,-53.58,-0.47,raise,0,0.5229449272155762
1,7,7,Deal,0,♦A ♠Q,,205,0.2682926829268293,0.4375313365169006,0,228,456,1,228,-228,400.390243902439,0.878048780487805,-211.3170731707317,-0.46341463414634143,raise,0,0.5212399959564209
2,7,7,Flop,0,♦A ♠Q,♠5 ♠10 ♣K,35,0.17142857142857143,0.3768830273792263,6384,0,20,1,20,-912,186.4000000000001,0.19999999999999996,169.25714285714298,-0.6571428571428571,raise,0,0.5325090885162354
3,7,7,Flop,0,♦A ♠Q,♠5 ♠10 ♣K,145,0.1724137931034483,0.3731474255425872,6384,40,531,2,491,-952,298.55172413793116,0.2068965517241379,-159.20689655172396,-0.6551724137931034,raise,0,0.5285470485687256
