,N,Nnf,round,first,hole,board,Nsim,prWin,prWinStd,pot,bet,maxBet,NMaxBet,minBet,util_fold,util_call,util_raise_coeff,util_call2,util_raise_coeff2,action,amount,cputime
0,7,7,Deal,0,♦6 ♠5,,55,0.17532467532467533,0.37123326079168883,0,20,80,1,60,-20,18.181818181818187,0.2272727272727273,-51.94805194805195,-0.6493506493506493,raise,0,0.5303730964660645
1,7,7,Flop,1,♦6 ♠5,♥7 ♦K ♦8,5,0.0,0.0,640,0,0,7,40,-160,-160.0,-1.0,-160.0,-1.0,call,0,0.5279099941253662
2,7,7,Flop,0,♦6 ♠5,♥7 ♦K ♦8,75,0.11333333333333333,0.3116978594016256,640,40,298,1,258,-200,-149.05333333333334,-0.20666666666666667,-317.92,-0.7733333333333333,call,0,0.5230491161346436
