,N,Nnf,round,first,hole,board,Nsim,prWin,prWinStd,pot,bet,maxBet,NMaxBet,minBet,util_fold,util_call,util_raise_coeff,util_call2,util_raise_coeff2,action,amount,cputime
0,7,7,Deal,0,♠9 ♣4,,10,0.23333333333333334,0.39581140290126393,0,0,40,1,40,0,25.333333333333343,0.6333333333333333,-21.333333333333332,-0.5333333333333333,raise,0,0.5250310897827148
1,7,6,Deal,0,♠9 ♣4,,100,0.1330952380952381,0.3274323769135349,0,80,154,1,74,-80,-31.02000000000001,-0.2014285714285714,-113.00666666666666,-0.7338095238095238,call,0,0.5257830619812012
2,7,6,Deal,0,♠9 ♣4,,150,0.12968253968253965,0.3265006828372218,0,154,254,1,100,-154,-56.36380952380961,-0.22190476190476205,-188.12126984126985,-0.7406349206349208,call,0,0.5204789638519287
3,7,6,Deal,0,♠9 ♣4,,205,0.11440185830429733,0.30707147484600106,0,254,275,3,21,-254,-86.23693379790942,-0.313588850174216,-212.07897793263646,-0.7711962833914053,call,0,0.5286121368408203
4,7,6,Flop,0,♠9 ♣4,♥8 ♥A ♦J,15,0.0,0.0,1140,0,40,1,40,-275,-315.0,-1.0,-315.0,-1.0,fold,0,0.5252079963684082
