,N,Nnf,round,first,hole,board,Nsim,prWin,prWinStd,pot,bet,maxBet,NMaxBet,minBet,util_fold,util_call,util_raise_coeff,util_call2,util_raise_coeff2,action,amount,cputime
0,7,7,Deal,0,♣J ♠A,,65,0.22271062271062272,0.4001445484772962,0,40,300,1,260,-40,167.69230769230774,0.558974358974359,-166.37362637362637,-0.5545787545787546,raise,0,0.5264022350311279
