,N,Nnf,round,first,hole,board,Nsim,prWin,prWinStd,pot,bet,maxBet,NMaxBet,minBet,util_fold,util_call,util_raise_coeff,util_call2,util_raise_coeff2,action,amount,cputime
0,7,7,Deal,0,♠8 ♣A,,65,0.2021978021978022,0.38953525236698916,0,0,114,1,114,0,47.35384615384615,0.41538461538461546,-67.89890109890109,-0.5956043956043956,raise,0,0.5260109901428223
1,7,7,Deal,0,♠8 ♣A,,170,0.1773109243697479,0.369226140653506,0,228,456,1,228,-228,109.97647058823532,0.24117647058823533,-294.2924369747899,-0.6453781512605041,raise,0,0.5211918354034424
2,7,7,Flop,0,♠8 ♣A,♦A ♥3 ♦9,35,0.21428571428571427,0.40152769493014845,5425,0,65,2,65,-912,283.0,0.5,213.3571428571429,-0.5714285714285714,raise,0,0.5205879211425781
