,N,Nnf,round,first,hole,board,Nsim,prWin,prWinStd,pot,bet,maxBet,NMaxBet,minBet,util_fold,util_call,util_raise_coeff,util_call2,util_raise_coeff2,action,amount,cputime
0,8,8,Deal,0,♣5 ♦2,,100,0.08333333333333331,0.27233557730613656,0,20,140,1,120,-20,-46.666666666666686,-0.3333333333333335,-116.66666666666667,-0.8333333333333334,fold,0,0.5271410942077637
