,N,Nnf,round,first,hole,board,Nsim,prWin,prWinStd,pot,bet,maxBet,NMaxBet,minBet,util_fold,util_call,util_raise_coeff,util_call2,util_raise_coeff2,action,amount,cputime
0,7,7,Deal,0,♦5 ♠7,,45,0.15555555555555556,0.36243347622889094,0,0,40,1,40,0,3.555555555555557,0.08888888888888902,-27.555555555555557,-0.6888888888888889,raise,0,0.5309600830078125
1,7,7,Deal,0,♦5 ♠7,,155,0.11612903225806452,0.32037958755961643,0,80,160,1,80,-80,-29.935483870967744,-0.1870967741935483,-122.83870967741936,-0.7677419354838709,call,0,0.521125316619873
2,7,7,Flop,0,♦5 ♠7,♥9 ♠8 ♠K,60,0.08333333333333333,0.27638539919628335,1120,0,23,3,23,-160,-76.25,-0.41666666666666674,-85.83333333333334,-0.8333333333333334,call,0,0.5260488986968994
3,7,7,Flop,0,♦5 ♠7,♥9 ♠8 ♠K,165,0.11818181818181818,0.3204679773673282,1120,23,69,3,46,-183,-39.55454545454546,-0.17272727272727273,-80.32727272727271,-0.7636363636363637,call,0,0.5279738903045654
4,7,7,Turn,0,♦5 ♠7,♥9 ♠8 ♠K ♦6,60,0.6083333333333333,0.4386690729417286,1603,0,61,3,61,-229,944.9166666666665,3.258333333333333,759.375,0.21666666666666656,raise,0,0.5218710899353027
5,7,7,Turn,0,♦5 ♠7,♥9 ♠8 ♠K ♦6,175,0.6342857142857142,0.44354171359713196,1603,122,244,1,122,-351,1627.12,3.4399999999999995,853.2914285714285,0.26857142857142846,raise,0,0.5261881351470947
6,7,6,River,0,♦5 ♠7,♥9 ♠8 ♠K ♦6 ♣2,30,0.8833333333333333,0.3077697552103231,4775,0,52,2,52,-717,3724.5166666666673,4.3,3540.7833333333338,0.7666666666666666,raise,0,0.522068977355957
