,N,Nnf,round,first,hole,board,Nsim,prWin,prWinStd,pot,bet,maxBet,NMaxBet,minBet,util_fold,util_call,util_raise_coeff,util_call2,util_raise_coeff2,action,amount,cputime
0,7,6,Deal,0,♥4 ♣4,,65,0.15604395604395604,0.36029211672037587,0,0,20,1,20,0,-1.2747252747252737,-0.06373626373626373,-13.758241758241759,-0.6879120879120879,fold,0,0.523759126663208
