,N,Nnf,round,first,hole,board,Nsim,prWin,prWinStd,pot,bet,maxBet,NMaxBet,minBet,util_fold,util_call,util_raise_coeff,util_call2,util_raise_coeff2,action,amount,cputime
0,7,6,Deal,0,♥5 ♠Q,,105,0.15374149659863945,0.33860471611972304,0,20,79,2,59,-20,-6.126530612244906,-0.07755102040816331,-54.708843537414964,-0.6925170068027211,call,0,0.5231149196624756
1,7,6,Deal,0,♥5 ♠Q,,180,0.13875661375661374,0.3284298306535376,0,79,140,4,61,-79,-23.444444444444457,-0.16746031746031753,-101.14814814814815,-0.7224867724867725,call,0,0.5234599113464355
2,7,6,Flop,1,♥5 ♠Q,♦9 ♥4 ♥9,5,0.0,0.0,850,0,0,7,20,-140,-140.0,-1.0,-140.0,-1.0,call,0,0.5222752094268799
3,7,6,Flop,0,♥5 ♠Q,♦9 ♥4 ♥9,75,0.057777777777777775,0.22688442698844835,850,20,54,4,34,-160,-126.16888888888889,-0.6533333333333333,-138.6488888888889,-0.8844444444444445,call,0,0.5313689708709717
4,7,6,Flop,0,♥5 ♠Q,♦9 ♥4 ♥9,150,0.048888888888888885,0.2121727691072002,850,54,695,2,641,-194,-589.5777777777778,-0.7066666666666667,-725.4888888888889,-0.9022222222222223,fold,0,0.5305311679840088
