,N,Nnf,round,first,hole,board,Nsim,prWin,prWinStd,pot,bet,maxBet,NMaxBet,minBet,util_fold,util_call,util_raise_coeff,util_call2,util_raise_coeff2,action,amount,cputime
0,7,7,Deal,0,♥8 ♠A,,10,0.15,0.32015621187164245,0,0,20,1,20,0,1.0,0.050000000000000044,-14.0,-0.7,raise,0,0.5275177955627441
1,7,7,Deal,0,♥8 ♠A,,115,0.1795031055900621,0.3737582478120973,0,40,172,1,132,-40,44.121739130434776,0.25652173913043486,-110.25093167701863,-0.6409937888198758,raise,0,0.5235052108764648
2,7,6,Flop,0,♥8 ♠A,♦7 ♥K ♥5,45,0.12222222222222222,0.3189488909868295,2408,0,48,1,48,-344,-62.48888888888894,-0.2666666666666667,-85.95555555555558,-0.7555555555555555,call,0,0.5260028839111328
3,7,6,Flop,0,♥8 ♠A,♦7 ♥K ♥5,125,0.12,0.31874754901018454,2408,48,79,5,31,-392,-77.16000000000003,-0.28,-115.08000000000004,-0.76,call,0,0.522446870803833
4,7,6,Turn,0,♥8 ♠A,♦7 ♥K ♥5 ♣A,15,0.43333333333333335,0.47842333648024415,2882,0,71,1,71,-423,939.4666666666667,1.6,816.4000000000001,-0.1333333333333333,raise,0,0.5218939781188965
5,7,6,River,0,♥8 ♠A,♦7 ♥K ♥5 ♣A ♦J,15,0.3333333333333333,0.47140452079103173,3734,0,66,1,66,-565,745.6666666666665,1.0,657.6666666666665,-0.33333333333333337,raise,0,0.5236690044403076
