,N,Nnf,round,first,hole,board,Nsim,prWin,prWinStd,pot,bet,maxBet,NMaxBet,minBet,util_fold,util_call,util_raise_coeff,util_call2,util_raise_coeff2,action,amount,cputime
0,8,8,Deal,0,♣9 ♣4,,10,0.3166666666666667,0.38333333333333336,0,0,20,1,20,0,30.66666666666667,1.5333333333333337,-7.333333333333332,-0.3666666666666666,raise,0,0.5225908756256104
1,8,8,Deal,0,♣9 ♣4,,80,0.1645833333333333,0.35009299359836765,0,40,122,1,82,-40,38.6333333333333,0.31666666666666643,-81.84166666666667,-0.6708333333333334,raise,0,0.5300729274749756
2,8,8,Deal,0,♣9 ♣4,,145,0.13908045977011493,0.3287115174822128,0,244,488,1,244,-244,54.97011494252865,0.11264367816091947,-352.25747126436784,-0.7218390804597701,raise,0,0.525925874710083
3,8,8,Flop,0,♣9 ♣4,♠4 ♦7 ♦8,35,0.12857142857142856,0.3238795442501324,1975,0,20,1,20,-488,-233.5,0.02857142857142847,-248.92857142857144,-0.7428571428571429,raise,0,0.5323503017425537
4,8,7,Flop,0,♣9 ♣4,♠4 ♦7 ♦8,100,0.07083333333333335,0.2433490291741473,1975,40,80,1,40,-528,-388.43749999999994,-0.5041666666666667,-416.77083333333326,-0.8583333333333333,call,0,0.5273480415344238
5,8,7,Turn,0,♣9 ♣4,♠4 ♦7 ♦8 ♦6,30,0.06666666666666667,0.21343747458109497,2215,0,20,1,20,-568,-431.0,-0.5333333333333333,-437.6666666666667,-0.8666666666666667,call,0,0.5264089107513428
6,8,7,Turn,0,♣9 ♣4,♠4 ♦7 ♦8 ♦6,85,0.052941176470588235,0.188235294117647,2215,20,72,1,52,-588,-496.0529411764706,-0.6294117647058823,-515.1117647058824,-0.8941176470588236,call,0,0.5309338569641113
7,8,7,Turn,0,♣9 ♣4,♠4 ♦7 ♦8 ♦6,135,0.06296296296296296,0.21455923493274423,2215,72,216,1,144,-640,-549.337037037037,-0.5592592592592593,-617.337037037037,-0.8740740740740741,call,0,0.5223851203918457
8,8,7,River,0,♣9 ♣4,♠4 ♦7 ♦8 ♦6 ♣3,30,0.0,0.0,2863,0,20,1,20,-784,-804.0,-1.0,-804.0,-1.0,fold,0,0.5292880535125732
