,N,Nnf,round,first,hole,board,Nsim,prWin,prWinStd,pot,bet,maxBet,NMaxBet,minBet,util_fold,util_call,util_raise_coeff,util_call2,util_raise_coeff2,action,amount,cputime
0,7,7,Deal,0,♠K ♦9,,80,0.21666666666666665,0.40086711569352307,0,20,124,1,104,-20,64.06666666666663,0.5166666666666666,-70.26666666666668,-0.5666666666666667,raise,0,0.5293731689453125
1,7,7,Deal,0,♠K ♦9,,165,0.19595959595959594,0.3874945487404184,0,248,496,1,248,-248,184.37171717171714,0.37171717171717167,-301.6080808080808,-0.6080808080808081,raise,0,0.5263421535491943
2,7,7,Flop,0,♠K ♦9,♠4 ♣K ♠6,35,0.2857142857142857,0.43565573377076877,4958,0,20,1,20,-992,444.57142857142844,1.0,415.9999999999998,-0.4285714285714286,raise,0,0.5213241577148438
