,N,Nnf,round,first,hole,board,Nsim,prWin,prWinStd,pot,bet,maxBet,NMaxBet,minBet,util_fold,util_call,util_raise_coeff,util_call2,util_raise_coeff2,action,amount,cputime
0,8,7,Deal,0,♣Q ♠7,,90,0.09444444444444444,0.28765763257776933,0,10,78,2,68,-10,-26.433333333333337,-0.3388888888888889,-63.266666666666666,-0.8111111111111111,fold,0,0.5233190059661865
