,N,Nnf,round,first,hole,board,Nsim,prWin,prWinStd,pot,bet,maxBet,NMaxBet,minBet,util_fold,util_call,util_raise_coeff,util_call2,util_raise_coeff2,action,amount,cputime
0,7,7,Deal,0,♥K ♥4,,50,0.20285714285714285,0.3990703482559721,0,0,148,1,148,0,62.16,0.41999999999999993,-87.95428571428572,-0.5942857142857143,raise,0,0.5252401828765869
1,7,7,Flop,0,♥K ♥4,♥8 ♦8 ♠6,30,0.03333333333333333,0.1795054935711501,1080,0,143,2,143,-296,-369.6333333333333,-0.7666666666666666,-393.4666666666667,-0.9333333333333333,fold,0,0.5264670848846436
