,N,Nnf,round,first,hole,board,Nsim,prWin,prWinStd,pot,bet,maxBet,NMaxBet,minBet,util_fold,util_call,util_raise_coeff,util_call2,util_raise_coeff2,action,amount,cputime
0,7,6,Deal,0,♦6 ♠5,,25,0.18,0.3709447398198282,0,0,20,1,20,0,1.5999999999999979,0.08000000000000007,-12.8,-0.64,raise,0,0.5224459171295166
1,7,6,Deal,0,♦6 ♠5,,55,0.17532467532467533,0.37123326079168883,0,40,53,4,13,-40,2.7532467532467564,0.051948051948051965,-34.41558441558442,-0.6493506493506493,raise,0,0.5200700759887695
2,7,6,Flop,0,♦6 ♠5,♦3 ♠2 ♥K,15,0.03333333333333333,0.12472191289246473,636,0,34,2,34,-106,-112.0,-0.8,-116.53333333333333,-0.9333333333333333,fold,0,0.5252339839935303
