,N,Nnf,round,first,hole,board,Nsim,prWin,prWinStd,pot,bet,maxBet,NMaxBet,minBet,util_fold,util_call,util_raise_coeff,util_call2,util_raise_coeff2,action,amount,cputime
0,7,7,Deal,0,♠6 ♠5,,90,0.13862433862433862,0.33996757396132227,0,10,154,1,144,-10,-4.562962962962956,-0.029629629629629672,-111.3037037037037,-0.7227513227513227,call,0,0.5227382183074951
1,7,7,Flop,1,♠6 ♠5,♦3 ♥5 ♣J,5,0.0,0.0,1078,0,0,7,20,-154,-154.0,-1.0,-154.0,-1.0,call,0,0.5209741592407227
2,7,7,Flop,0,♠6 ♠5,♦3 ♥5 ♣J,115,0.11739130434782609,0.31849124472717283,1078,20,124,1,104,-174,-49.55652173913043,-0.17826086956521736,-122.33913043478262,-0.7652173913043478,call,0,0.5218582153320312
3,7,7,Turn,1,♠6 ♠5,♦3 ♥5 ♣J ♠Q,5,0.2,0.4,1946,0,0,7,20,-278,111.20000000000005,0.40000000000000013,111.20000000000005,-0.6,raise,0,0.5257720947265625
4,7,7,Turn,0,♠6 ♠5,♦3 ♥5 ♣J ♠Q,115,0.12608695652173912,0.3286565424167697,1946,20,86,1,66,-298,-42.73043478260871,-0.11739130434782608,-96.94782608695652,-0.7478260869565218,call,0,0.5205340385437012
5,7,7,Turn,0,♠6 ♠5,♦3 ♥5 ♣J ♠Q,220,0.09772727272727273,0.28721914057169623,1946,86,186,1,100,-364,-146.58181818181816,-0.3159090909090909,-237.4681818181818,-0.8045454545454546,call,0,0.5207412242889404
6,7,7,Turn,0,♠6 ♠5,♦3 ♥5 ♣J ♠Q,330,0.09848484848484848,0.29154365764990686,1946,186,254,6,68,-464,-165.24242424242425,-0.31060606060606066,-290.3181818181818,-0.803030303030303,call,0,0.5254421234130859
7,7,7,River,1,♠6 ♠5,♦3 ♥5 ♣J ♠Q ♦A,5,0.0,0.0,3724,0,0,7,20,-532,-532.0,-1.0,-532.0,-1.0,call,0,0.5295329093933105
8,7,7,River,0,♠6 ♠5,♦3 ♥5 ♣J ♠Q ♦A,75,0.0,0.0,3724,20,40,1,20,-552,-572.0,-1.0,-572.0,-1.0,fold,0,0.5223100185394287
