,N,Nnf,round,first,hole,board,Nsim,prWin,prWinStd,pot,bet,maxBet,NMaxBet,minBet,util_fold,util_call,util_raise_coeff,util_call2,util_raise_coeff2,action,amount,cputime
0,7,7,Deal,0,♥5 ♣J,,90,0.12751322751322752,0.31916824520411746,0,10,150,1,140,-10,-16.111111111111086,-0.1074074074074074,-111.74603174603175,-0.744973544973545,fold,0,0.5281438827514648
