,N,Nnf,round,first,hole,board,Nsim,prWin,prWinStd,pot,bet,maxBet,NMaxBet,minBet,util_fold,util_call,util_raise_coeff,util_call2,util_raise_coeff2,action,amount,cputime
0,7,6,Deal,0,♠6 ♦8,,80,0.2017857142857143,0.3915196387807647,0,10,73,4,63,-10,15.382142857142853,0.21071428571428585,-43.53928571428571,-0.5964285714285714,raise,0,0.5227949619293213
1,7,6,Flop,1,♠6 ♦8,♣J ♥A ♠4,5,0.0,0.0,876,0,0,7,20,-146,-146.0,-1.0,-146.0,-1.0,call,0,0.5272409915924072
2,7,5,Flop,0,♠6 ♦8,♣J ♥A ♠4,70,0.02142857142857143,0.13190132366156704,876,20,54,4,34,-166,-175.44285714285715,-0.8928571428571428,-178.9142857142857,-0.9571428571428572,fold,0,0.5287411212921143
