,N,Nnf,round,first,hole,board,Nsim,prWin,prWinStd,pot,bet,maxBet,NMaxBet,minBet,util_fold,util_call,util_raise_coeff,util_call2,util_raise_coeff2,action,amount,cputime
0,8,8,Deal,0,♣6 ♣10,,50,0.13666666666666666,0.3139178944317199,0,0,128,1,128,0,11.946666666666658,0.09333333333333327,-93.01333333333334,-0.7266666666666667,raise,0,0.5232861042022705
1,8,8,Flop,0,♣6 ♣10,♣A ♥7 ♥Q,60,0.10833333333333334,0.30402393911591163,2048,0,88,1,88,-256,-45.866666666666674,-0.1333333333333333,-103.06666666666666,-0.7833333333333333,call,0,0.5215520858764648
2,8,7,Flop,0,♣6 ♣10,♣A ♥7 ♥Q,160,0.0625,0.23551804601770965,2048,88,202,1,114,-344,-241.625,-0.5625,-304.75,-0.875,call,0,0.5282931327819824
3,8,7,Turn,0,♣6 ♣10,♣A ♥7 ♥Q ♠8,65,0.046153846153846156,0.20981817995362856,3462,0,134,1,134,-458,-388.9230769230769,-0.676923076923077,-419.8461538461538,-0.9076923076923077,call,0,0.5258207321166992
4,8,7,River,0,♣6 ♣10,♣A ♥7 ♥Q ♠8 ♣K,65,0.0,0.0,4400,0,57,4,57,-592,-649.0,-1.0,-649.0,-1.0,fold,0,0.5326437950134277
