,N,Nnf,round,first,hole,board,Nsim,prWin,prWinStd,pot,bet,maxBet,NMaxBet,minBet,util_fold,util_call,util_raise_coeff,util_call2,util_raise_coeff2,action,amount,cputime
0,7,7,Deal,0,♦2 ♦Q,,40,0.15,0.3570714214271425,0,0,40,1,40,0,2.0,0.050000000000000044,-28.0,-0.7,raise,0,0.5313270092010498
1,7,6,Deal,0,♦2 ♦Q,,145,0.16896551724137931,0.37241379310344824,0,80,160,1,80,-80,2.206896551724128,0.01379310344827589,-105.93103448275862,-0.6620689655172414,raise,0,0.5208280086517334
2,7,6,Flop,0,♦2 ♦Q,♠J ♥A ♠9,60,0.041666666666666664,0.16562172428626495,1920,0,68,3,68,-320,-291.0,-0.75,-302.3333333333333,-0.9166666666666666,call,0,0.5296988487243652
3,7,6,Turn,0,♦2 ♦Q,♠J ♥A ♠9 ♦6,60,0.016666666666666666,0.12801909579781015,2328,0,130,1,130,-388,-466.2,-0.9,-474.8666666666667,-0.9666666666666667,fold,0,0.52773118019104
