,N,Nnf,round,first,hole,board,Nsim,prWin,prWinStd,pot,bet,maxBet,NMaxBet,minBet,util_fold,util_call,util_raise_coeff,util_call2,util_raise_coeff2,action,amount,cputime
0,7,6,Deal,0,♥7 ♦J,,85,0.08823529411764706,0.27840375449880544,0,10,22,2,12,-10,-10.352941176470587,-0.47058823529411764,-18.11764705882353,-0.8235294117647058,fold,0,0.5251848697662354
