,N,Nnf,round,first,hole,board,Nsim,prWin,prWinStd,pot,bet,maxBet,NMaxBet,minBet,util_fold,util_call,util_raise_coeff,util_call2,util_raise_coeff2,action,amount,cputime
0,7,7,Deal,0,♠2 ♦4,,65,0.056043956043956046,0.19869760703435407,0,0,122,1,122,0,-74.13846153846154,-0.6076923076923078,-108.32527472527472,-0.8879120879120879,fold,0,0.5218989849090576
