,N,Nnf,round,first,hole,board,Nsim,prWin,prWinStd,pot,bet,maxBet,NMaxBet,minBet,util_fold,util_call,util_raise_coeff,util_call2,util_raise_coeff2,action,amount,cputime
0,7,6,Deal,0,♣J ♦A,,80,0.18720238095238093,0.3721212967507569,0,0,78,1,78,0,9.61071428571428,0.1232142857142855,-48.79642857142858,-0.6255952380952381,raise,0,0.531012773513794
1,7,6,Deal,0,♣J ♦A,,155,0.1998463901689708,0.3868069404798421,0,156,1000,1,844,-156,199.07834101382468,0.19907834101382482,-600.3072196620584,-0.6003072196620585,raise,0,0.529979944229126
