,N,Nnf,round,first,hole,board,Nsim,prWin,prWinStd,pot,bet,maxBet,NMaxBet,minBet,util_fold,util_call,util_raise_coeff,util_call2,util_raise_coeff2,action,amount,cputime
0,8,7,Deal,0,♠K ♠A,,60,0.225,0.4023369234857771,0,0,69,1,69,0,39.675,0.575,-37.95,-0.55,raise,0,0.5253260135650635
1,8,7,Flop,0,♠K ♠A,♦6 ♣10 ♦J,45,0.23333333333333334,0.41633319989322654,966,0,64,4,64,-138,127.93333333333334,0.6333333333333333,53.26666666666668,-0.5333333333333333,raise,0,0.5230600833892822
2,8,6,Turn,0,♠K ♠A,♦6 ♣10 ♦J ♦Q,45,0.37777777777777777,0.48483164953936514,1734,0,56,1,56,-266,460.0,1.2666666666666666,375.37777777777774,-0.24444444444444446,raise,0,0.5322318077087402
3,8,6,River,0,♠K ♠A,♦6 ♣10 ♦J ♦Q ♥5,50,0.71,0.4482186966202994,2406,0,72,2,72,-378,1564.98,3.26,1360.5,0.41999999999999993,raise,0,0.5246691703796387
