,N,Nnf,round,first,hole,board,Nsim,prWin,prWinStd,pot,bet,maxBet,NMaxBet,minBet,util_fold,util_call,util_raise_coeff,util_call2,util_raise_coeff2,action,amount,cputime
0,7,6,Deal,0,♥5 ♣9,,65,0.12527472527472527,0.31623540335405315,0,40,151,1,111,-40,-37.5010989010989,-0.24835164835164836,-113.16703296703297,-0.7494505494505495,call,0,0.5250780582427979
1,7,6,Flop,1,♥5 ♣9,♣3 ♣K ♣A,5,0.4,0.48989794855663565,473,0,0,7,40,-151,38.20000000000002,1.4000000000000004,38.20000000000002,-0.19999999999999996,raise,0,0.530066967010498
2,7,6,Flop,0,♥5 ♣9,♣3 ♣K ♣A,45,0.34074074074074073,0.468719763542411,473,40,107,1,67,-191,121.92592592592587,1.0444444444444443,-23.911111111111126,-0.31851851851851853,raise,0,0.5254199504852295
3,7,5,Flop,0,♥5 ♣9,♣3 ♣K ♣A,85,0.2862745098039216,0.44911806438338525,473,214,259,1,45,-365,96.13333333333338,0.4313725490196081,-126.30196078431368,-0.4274509803921568,raise,0,0.5218379497528076
4,7,5,Turn,1,♥5 ♣9,♣3 ♣K ♣A ♥8,5,0.0,0.0,1616,0,0,7,40,-669,-669.0,-1.0,-669.0,-1.0,call,0,0.5266978740692139
5,7,5,River,1,♥5 ♣9,♣3 ♣K ♣A ♥8 ♠6,5,0.0,0.0,1696,0,0,7,40,-709,-709.0,-1.0,-709.0,-1.0,call,0,0.5264668464660645
6,7,5,River,0,♥5 ♣9,♣3 ♣K ♣A ♥8 ♠6,30,0.0,0.0,1696,40,92,1,52,-749,-801.0,-1.0,-801.0,-1.0,fold,0,0.5160269737243652
