,N,Nnf,round,first,hole,board,Nsim,prWin,prWinStd,pot,bet,maxBet,NMaxBet,minBet,util_fold,util_call,util_raise_coeff,util_call2,util_raise_coeff2,action,amount,cputime
0,7,6,Deal,0,♦A ♥7,,55,0.19090909090909092,0.3752684989190962,0,0,59,1,59,0,8.581818181818178,0.1454545454545455,-36.47272727272727,-0.6181818181818182,raise,0,0.5217099189758301
1,7,5,Deal,0,♦A ♥7,,130,0.1576923076923077,0.35644945366454345,0,118,133,1,15,-118,-28.134615384615387,-0.21153846153846156,-91.05384615384615,-0.6846153846153846,call,0,0.5298111438751221
2,7,5,Deal,0,♦A ♥7,,195,0.1717948717948718,0.36860702300634335,0,133,170,4,37,-133,-23.974358974358978,-0.14102564102564097,-111.58974358974359,-0.6564102564102564,call,0,0.5321660041809082
3,7,5,Flop,0,♦A ♥7,♦3 ♣9 ♠7,40,0.225,0.4175823272122517,850,0,77,1,77,-170,30.875,0.125,-21.099999999999994,-0.55,raise,0,0.5257360935211182
4,7,5,Turn,0,♦A ♥7,♦3 ♣9 ♠7 ♣3,40,0.0625,0.2287875652215391,1620,0,28,1,28,-324,-242.0,-0.6875,-247.25,-0.875,call,0,0.5220663547515869
5,7,5,Turn,0,♦A ♥7,♦3 ♣9 ♠7 ♣3,105,0.10476190476190476,0.29837047995848653,1620,28,69,4,41,-352,-187.14285714285714,-0.47619047619047616,-208.82857142857142,-0.7904761904761904,call,0,0.524791955947876
6,7,5,River,0,♦A ♥7,♦3 ♣9 ♠7 ♣3 ♠K,40,0.025,0.15612494995995996,1965,0,20,3,20,-393,-361.375,-0.875,-362.875,-0.95,call,0,0.5232899188995361
