,N,Nnf,round,first,hole,board,Nsim,prWin,prWinStd,pot,bet,maxBet,NMaxBet,minBet,util_fold,util_call,util_raise_coeff,util_call2,util_raise_coeff2,action,amount,cputime
0,7,6,Deal,0,♥A ♣A,,45,0.4476190476190476,0.49450495183798737,0,40,110,1,70,-40,185.4285714285714,1.6857142857142855,-11.523809523809533,-0.10476190476190483,raise,0,0.5291030406951904
1,7,6,Deal,0,♥A ♣A,,85,0.4134453781512605,0.49098647762044273,0,220,264,1,44,-220,390.8974789915966,1.480672268907563,-45.70084033613446,-0.17310924369747904,raise,0,0.5310580730438232
2,7,6,Deal,0,♥A ♣A,,125,0.4251428571428571,0.49337289784353844,0,528,529,2,1,-528,820.4034285714283,1.5508571428571427,-79.19885714285721,-0.1497142857142858,raise,0,0.5231778621673584
3,7,6,Flop,1,♥A ♣A,♥10 ♦K ♦5,5,0.4,0.48989794855663565,3174,0,0,7,80,-1058,211.60000000000014,1.4000000000000004,211.60000000000014,-0.19999999999999996,raise,0,0.5243489742279053
4,7,6,Flop,0,♥A ♣A,♥10 ♦K ♦5,45,0.37777777777777777,0.48483164953936514,3174,80,287,1,207,-1138,504.5999999999999,1.2666666666666666,70.91111111111104,-0.24444444444444446,raise,0,0.5276699066162109
5,7,6,Turn,1,♥A ♣A,♥10 ♦K ♦5 ♥8,5,0.4,0.48989794855663565,4896,0,0,7,80,-1632,326.4000000000001,1.4000000000000004,326.4000000000001,-0.19999999999999996,raise,0,0.5318572521209717
6,7,5,River,1,♥A ♣A,♥10 ♦K ♦5 ♥8 ♥6,5,0.2,0.4000000000000001,5056,0,0,7,80,-1712,-700.8,0.0,-700.8,-0.6,call,0,0.5211122035980225
