,N,Nnf,round,first,hole,board,Nsim,prWin,prWinStd,pot,bet,maxBet,NMaxBet,minBet,util_fold,util_call,util_raise_coeff,util_call2,util_raise_coeff2,action,amount,cputime
0,7,7,Deal,0,♦K ♥8,,55,0.15454545454545454,0.35512772699317474,0,20,80,1,60,-20,6.545454545454547,0.08181818181818179,-55.27272727272727,-0.6909090909090909,raise,0,0.5244319438934326
1,7,7,Deal,0,♦K ♥8,,125,0.158,0.3599111001344638,0,160,320,1,160,-160,33.920000000000016,0.1060000000000001,-218.88,-0.6839999999999999,raise,0,0.5259180068969727
