,N,Nnf,round,first,hole,board,Nsim,prWin,prWinStd,pot,bet,maxBet,NMaxBet,minBet,util_fold,util_call,util_raise_coeff,util_call2,util_raise_coeff2,action,amount,cputime
0,8,7,Deal,0,♣2 ♠K,,105,0.12857142857142856,0.33114930763264205,0,20,75,4,55,-20,-7.5,-0.10000000000000009,-55.714285714285715,-0.7428571428571429,call,0,0.5274631977081299
1,8,7,Deal,0,♣2 ♠K,,180,0.1284722222222222,0.3209768498151914,0,75,95,4,20,-75,-9.565972222222229,-0.10069444444444453,-70.59027777777777,-0.7430555555555556,call,0,0.5285389423370361
2,8,7,Flop,1,♣2 ♠K,♣8 ♦10 ♦A,5,0.0,0.0,675,0,0,8,20,-95,-95.0,-1.0,-95.0,-1.0,call,0,0.5287377834320068
3,8,7,Flop,0,♣2 ♠K,♣8 ♦10 ♦A,80,0.041666666666666664,0.17579185924774157,675,20,59,5,39,-115,-108.66666666666667,-0.7083333333333334,-120.95833333333334,-0.9166666666666666,call,0,0.5241210460662842
4,8,7,Turn,1,♣2 ♠K,♣8 ♦10 ♦A ♣5,5,0.0,0.0,1088,0,0,8,20,-154,-154.0,-1.0,-154.0,-1.0,call,0,0.5257956981658936
5,8,7,Turn,0,♣2 ♠K,♣8 ♦10 ♦A ♣5,80,0.00625,0.055551215108222425,1088,20,71,3,51,-174,-215.09375,-0.95625,-217.3125,-0.9875,fold,0,0.5224790573120117
