,N,Nnf,round,first,hole,board,Nsim,prWin,prWinStd,pot,bet,maxBet,NMaxBet,minBet,util_fold,util_call,util_raise_coeff,util_call2,util_raise_coeff2,action,amount,cputime
0,7,7,Deal,0,♦7 ♥7,,55,0.23636363636363636,0.42484805256537894,0,0,148,1,148,0,96.87272727272727,0.6545454545454545,-78.03636363636363,-0.5272727272727273,raise,0,0.5253760814666748
1,7,7,Deal,0,♦7 ♥7,,160,0.20089285714285712,0.3997119099669007,0,296,592,1,296,-296,240.4999999999999,0.4062499999999998,-354.14285714285717,-0.5982142857142858,raise,0,0.5267269611358643
