,N,Nnf,round,first,hole,board,Nsim,prWin,prWinStd,pot,bet,maxBet,NMaxBet,minBet,util_fold,util_call,util_raise_coeff,util_call2,util_raise_coeff2,action,amount,cputime
0,7,7,Deal,0,♣A ♥J,,75,0.23047619047619047,0.40917593197872426,0,0,134,1,134,0,82.18666666666667,0.6133333333333333,-72.23238095238095,-0.539047619047619,raise,0,0.5271501541137695
1,7,7,Deal,0,♣A ♥J,,180,0.2571428571428571,0.4290737796580242,0,268,536,1,268,-268,428.79999999999995,0.7999999999999998,-260.34285714285716,-0.48571428571428577,raise,0,0.5239651203155518
