,N,Nnf,round,first,hole,board,Nsim,prWin,prWinStd,pot,bet,maxBet,NMaxBet,minBet,util_fold,util_call,util_raise_coeff,util_call2,util_raise_coeff2,action,amount,cputime
0,8,7,Deal,0,♥K ♦10,,40,0.275,0.44651427748729383,0,0,20,1,20,0,18.5,0.9250000000000003,-9.0,-0.44999999999999996,raise,0,0.524899959564209
1,8,7,Deal,0,♥K ♦10,,110,0.2318181818181818,0.41929200460295807,0,40,71,1,31,-40,44.213636363636354,0.6227272727272726,-38.081818181818186,-0.5363636363636364,raise,0,0.5212957859039307
2,8,7,Flop,0,♥K ♦10,♥8 ♥4 ♦A,10,0.1,0.30000000000000004,944,0,75,1,75,-142,-70.1,-0.29999999999999993,-107.6,-0.8,call,0,0.5291159152984619
3,8,6,Turn,0,♥K ♦10,♥8 ♥4 ♦A ♦8,10,0.0,0.0,1244,0,31,1,31,-217,-248.0,-1.0,-248.0,-1.0,fold,0,0.5239570140838623
