,N,Nnf,round,first,hole,board,Nsim,prWin,prWinStd,pot,bet,maxBet,NMaxBet,minBet,util_fold,util_call,util_raise_coeff,util_call2,util_raise_coeff2,action,amount,cputime
0,7,6,Deal,0,♦K ♥4,,55,0.14545454545454545,0.33942099459262665,0,40,236,1,196,-40,-30.03636363636363,-0.12727272727272732,-167.34545454545454,-0.7090909090909091,call,0,0.5323450565338135
1,7,6,Deal,0,♦K ♥4,,95,0.12894736842105264,0.32416523948917597,0,236,394,2,158,-236,-89.16842105263152,-0.22631578947368414,-292.38947368421054,-0.7421052631578947,call,0,0.5246729850769043
2,7,6,Flop,1,♦K ♥4,♠2 ♠3 ♥2,5,0.0,0.0,1182,0,0,7,80,-394,-394.0,-1.0,-394.0,-1.0,call,0,0.5236802101135254
3,7,6,Flop,0,♦K ♥4,♠2 ♠3 ♥2,45,0.06666666666666667,0.24944382578492943,1182,80,224,2,144,-474,-449.6,-0.6,-509.33333333333337,-0.8666666666666667,call,0,0.5200600624084473
4,7,6,Turn,1,♦K ♥4,♠2 ♠3 ♥2 ♦9,5,0.0,0.0,1854,0,0,7,80,-618,-618.0,-1.0,-618.0,-1.0,call,0,0.5271642208099365
5,7,6,River,1,♦K ♥4,♠2 ♠3 ♥2 ♦9 ♥10,5,0.0,0.0,2094,0,0,7,80,-698,-698.0,-1.0,-698.0,-1.0,call,0,0.5233690738677979
