,N,Nnf,round,first,hole,board,Nsim,prWin,prWinStd,pot,bet,maxBet,NMaxBet,minBet,util_fold,util_call,util_raise_coeff,util_call2,util_raise_coeff2,action,amount,cputime
0,7,6,Deal,0,♥5 ♣7,,75,0.10857142857142857,0.2860379119536952,0,40,125,1,85,-40,-43.57142857142857,-0.34857142857142853,-97.85714285714286,-0.7828571428571429,fold,0,0.5238778591156006
