,N,Nnf,round,first,hole,board,Nsim,prWin,prWinStd,pot,bet,maxBet,NMaxBet,minBet,util_fold,util_call,util_raise_coeff,util_call2,util_raise_coeff2,action,amount,cputime
0,7,7,Deal,0,♥K ♣Q,,65,0.17362637362637362,0.3737814804096245,0,0,77,2,77,0,16.584615384615375,0.21538461538461529,-50.261538461538464,-0.6527472527472528,raise,0,0.5276880264282227
1,7,7,Flop,0,♥K ♣Q,♦2 ♦10 ♠10,50,0.15,0.35,954,0,3551,1,3551,-154,166.64999999999964,0.050000000000000044,-2496.6000000000004,-0.7,raise,0,0.5313050746917725
