,N,Nnf,round,first,hole,board,Nsim,prWin,prWinStd,pot,bet,maxBet,NMaxBet,minBet,util_fold,util_call,util_raise_coeff,util_call2,util_raise_coeff2,action,amount,cputime
0,7,7,Deal,0,♠Q ♥A,,65,0.215018315018315,0.3995455562320564,0,0,132,1,132,0,66.67692307692306,0.5051282051282051,-75.23516483516484,-0.5699633699633699,raise,0,0.5249598026275635
1,7,7,Deal,0,♠Q ♥A,,175,0.23496598639455782,0.4122436855912664,0,264,528,1,264,-264,340.4342857142857,0.6447619047619046,-279.8759183673469,-0.5300680272108844,raise,0,0.5237429141998291
