,N,Nnf,round,first,hole,board,Nsim,prWin,prWinStd,pot,bet,maxBet,NMaxBet,minBet,util_fold,util_call,util_raise_coeff,util_call2,util_raise_coeff2,action,amount,cputime
0,8,8,Deal,0,♦2 ♣2,,10,0.2,0.4000000000000001,0,0,20,1,20,0,12.0,0.6000000000000001,-12.0,-0.6,raise,0,0.5234899520874023
1,8,8,Deal,0,♦2 ♣2,,110,0.10909090909090909,0.3117532399905863,0,40,75,3,35,-40,-9.545454545454547,-0.12727272727272732,-58.63636363636364,-0.7818181818181819,call,0,0.5223188400268555
2,8,8,Deal,0,♦2 ♣2,,215,0.11627906976744186,0.32055927330442374,0,75,114,5,39,-75,-7.95348837209302,-0.06976744186046513,-87.48837209302326,-0.7674418604651163,call,0,0.5200848579406738
3,8,7,Flop,0,♦2 ♣2,♥J ♥2 ♥3,40,0.375,0.4841229182759271,912,0,20,1,20,-114,260.5,1.625,223.0,-0.25,raise,0,0.5249936580657959
4,8,6,Flop,0,♦2 ♣2,♥J ♥2 ♥3,115,0.4260869565217391,0.4945066854995802,912,40,70,3,30,-154,383.54782608695655,1.5565217391304347,264.24347826086955,-0.14782608695652177,raise,0,0.5217382907867432
5,8,6,Turn,0,♦2 ♣2,♥J ♥2 ♥3 ♠5,15,0.4666666666666667,0.49888765156985887,1752,0,35,1,35,-254,626.6,1.7999999999999998,561.2666666666667,-0.06666666666666665,raise,0,0.5317671298980713
6,8,5,Turn,0,♦2 ♣2,♥J ♥2 ♥3 ♠5,80,0.4,0.48989794855663565,1752,70,94,1,24,-324,540.8000000000001,1.0,428.0000000000001,-0.19999999999999996,raise,0,0.5271830558776855
