,N,Nnf,round,first,hole,board,Nsim,prWin,prWinStd,pot,bet,maxBet,NMaxBet,minBet,util_fold,util_call,util_raise_coeff,util_call2,util_raise_coeff2,action,amount,cputime
0,7,7,Deal,0,♠8 ♣Q,,65,0.15347985347985346,0.34752697785271275,0,0,300,1,300,0,22.307692307692264,0.07435897435897432,-207.91208791208794,-0.693040293040293,raise,0,0.523627758026123
1,7,7,Deal,0,♠8 ♣Q,,160,0.11860119047619047,0.3075195165879444,0,600,768,1,168,-600,-130.39999999999998,-0.16979166666666667,-585.8285714285714,-0.7627976190476191,call,0,0.5220589637756348
2,7,7,Flop,0,♠8 ♣Q,♦5 ♣A ♦4,50,0.02,0.13999999999999999,4608,0,140,1,140,-768,-796.24,-0.86,-810.24,-0.96,fold,0,0.5244019031524658
