,N,Nnf,round,first,hole,board,Nsim,prWin,prWinStd,pot,bet,maxBet,NMaxBet,minBet,util_fold,util_call,util_raise_coeff,util_call2,util_raise_coeff2,action,amount,cputime
0,7,7,Deal,0,♣8 ♣5,,15,0.3,0.4396968652757639,0,0,40,1,40,0,44.0,1.1,-16.0,-0.4,raise,0,0.5255558490753174
1,7,7,Deal,0,♣8 ♣5,,95,0.15263157894736842,0.3559544930297035,0,80,208,1,128,-80,14.231578947368405,0.06842105263157894,-144.50526315789475,-0.6947368421052631,raise,0,0.5258963108062744
2,7,7,Deal,0,♣8 ♣5,,180,0.16111111111111112,0.363835874000732,0,416,832,1,416,-416,106.31111111111113,0.12777777777777777,-563.911111111111,-0.6777777777777778,raise,0,0.5230190753936768
3,7,7,Flop,0,♣8 ♣5,♥10 ♠4 ♠K,45,0.022222222222222223,0.14740554623801777,4160,0,80,1,80,-832,-807.1111111111111,-0.8444444444444444,-816.0,-0.9555555555555556,call,0,0.5235190391540527
4,7,7,Flop,0,♣8 ♣5,♥10 ♠4 ♠K,130,0.015384615384615385,0.12307692307692308,4160,80,155,4,75,-912,-906.3076923076923,-0.8923076923076922,-918.2307692307693,-0.9692307692307692,call,0,0.5228009223937988
5,7,7,Turn,0,♣8 ♣5,♥10 ♠4 ♠K ♠3,45,0.0,0.0,4935,0,80,1,80,-987,-1067.0,-1.0,-1067.0,-1.0,fold,0,0.5266580581665039
