,N,Nnf,round,first,hole,board,Nsim,prWin,prWinStd,pot,bet,maxBet,NMaxBet,minBet,util_fold,util_call,util_raise_coeff,util_call2,util_raise_coeff2,action,amount,cputime
0,8,8,Deal,0,♠Q ♠5,,70,0.25476190476190474,0.4108850576648474,0,0,156,1,156,0,161.94285714285712,1.038095238095238,-76.51428571428572,-0.4904761904761905,raise,0,0.5212371349334717
1,8,8,Deal,0,♠Q ♠5,,180,0.1907407407407407,0.37684616430324536,0,312,624,1,312,-312,328.1777777777776,0.5259259259259257,-385.95555555555563,-0.6185185185185186,raise,0,0.5280687808990479
