,N,Nnf,round,first,hole,board,Nsim,prWin,prWinStd,pot,bet,maxBet,NMaxBet,minBet,util_fold,util_call,util_raise_coeff,util_call2,util_raise_coeff2,action,amount,cputime
0,7,7,Deal,0,♦A ♣8,,55,0.17878787878787877,0.35936889891814777,0,20,172,1,152,-20,43.26060606060605,0.25151515151515147,-110.4969696969697,-0.6424242424242425,raise,0,0.5234711170196533
1,7,7,Flop,1,♦A ♣8,♦6 ♦3 ♠10,5,0.06666666666666667,0.13333333333333333,1376,0,0,7,40,-344,-252.26666666666665,-0.5333333333333333,-252.26666666666665,-0.8666666666666667,call,0,0.5329959392547607
2,7,7,Flop,0,♦A ♣8,♦6 ♦3 ♠10,75,0.10444444444444444,0.2953633460212006,1376,40,63,3,23,-384,-217.22444444444446,-0.26888888888888896,-250.12444444444446,-0.7911111111111111,call,0,0.5218980312347412
3,7,7,Turn,1,♦A ♣8,♦6 ♦3 ♠10 ♥7,5,0.2,0.4000000000000001,1628,0,0,7,40,-407,-81.39999999999998,0.40000000000000013,-81.39999999999998,-0.6,raise,0,0.5227289199829102
4,7,7,Turn,0,♦A ♣8,♦6 ♦3 ♠10 ♥7,75,0.08666666666666667,0.2753583523741785,1628,40,248,1,208,-447,-363.4533333333334,-0.3933333333333333,-470.92,-0.8266666666666667,call,0,0.5211219787597656
5,7,7,Turn,0,♦A ♣8,♦6 ♦3 ♠10 ♥7,150,0.07666666666666666,0.2564934480428085,1628,248,252,2,4,-655,-398.94666666666666,-0.4633333333333334,-495.5466666666667,-0.8466666666666667,call,0,0.5264918804168701
6,7,7,River,1,♦A ♣8,♦6 ♦3 ♠10 ♥7 ♠6,5,0.0,0.0,2633,0,0,7,40,-659,-659.0,-1.0,-659.0,-1.0,call,0,0.5257546901702881
7,7,7,River,0,♦A ♣8,♦6 ♦3 ♠10 ♥7 ♠6,45,0.0,0.0,2633,40,156,1,116,-699,-815.0,-1.0,-815.0,-1.0,fold,0,0.5319740772247314
