,N,Nnf,round,first,hole,board,Nsim,prWin,prWinStd,pot,bet,maxBet,NMaxBet,minBet,util_fold,util_call,util_raise_coeff,util_call2,util_raise_coeff2,action,amount,cputime
0,8,7,Deal,0,♥9 ♦K,,40,0.175,0.3799671038392666,0,0,20,1,20,0,4.5,0.22499999999999987,-13.0,-0.65,raise,0,0.5259389877319336
1,8,7,Deal,0,♥9 ♦K,,115,0.2217391304347826,0.407491287438608,0,40,56,2,16,-40,30.921739130434773,0.5521739130434782,-31.16521739130435,-0.5565217391304348,raise,0,0.5234808921813965
2,8,7,Flop,0,♥9 ♦K,♥6 ♣Q ♦9,25,0.08,0.2712931993250107,784,0,43,1,43,-112,-68.2,-0.43999999999999995,-85.4,-0.84,call,0,0.5273730754852295
3,8,6,Flop,0,♥9 ♦K,♥6 ♣Q ♦9,100,0.145,0.34853263835686893,784,43,120,1,77,-155,-13.920000000000016,-0.13000000000000012,-83.52000000000001,-0.71,call,0,0.5220432281494141
4,8,6,Turn,0,♥9 ♦K,♥6 ♣Q ♦9 ♣5,25,0.08,0.2712931993250107,1504,0,49,2,49,-232,-137.16,-0.52,-152.84,-0.84,call,0,0.5224559307098389
5,8,6,Turn,0,♥9 ♦K,♥6 ♣Q ♦9 ♣5,90,0.13333333333333333,0.33993463423951903,1504,49,101,2,52,-281,-51.666666666666686,-0.19999999999999996,-105.53333333333333,-0.7333333333333334,call,0,0.5203261375427246
6,8,6,Turn,0,♥9 ♦K,♥6 ♣Q ♦9 ♣5,160,0.134375,0.33875634219155215,1504,101,103,4,2,-333,-49.856250000000045,-0.1937500000000001,-105.21875,-0.73125,call,0,0.5222971439361572
7,8,6,River,0,♥9 ♦K,♥6 ♣Q ♦9 ♣5 ♥2,25,0.08,0.2712931993250107,2122,0,63,2,63,-335,-198.0,-0.52,-218.16,-0.84,call,0,0.526127815246582
