,N,Nnf,round,first,hole,board,Nsim,prWin,prWinStd,pot,bet,maxBet,NMaxBet,minBet,util_fold,util_call,util_raise_coeff,util_call2,util_raise_coeff2,action,amount,cputime
0,8,8,Deal,0,♠9 ♣3,,60,0.13888888888888887,0.34043363777452296,0,20,314,1,294,-20,34.88888888888886,0.11111111111111094,-226.77777777777777,-0.7222222222222223,raise,0,0.5236489772796631
1,8,8,Flop,1,♠9 ♣3,♥J ♣2 ♦3,5,0.2,0.4000000000000001,2962,0,0,8,40,-628,-35.60000000000002,0.6000000000000001,-35.60000000000002,-0.6,raise,0,0.5218119621276855
2,8,8,Flop,0,♠9 ♣3,♥J ♣2 ♦3,50,0.1,0.3,2962,40,146,3,106,-668,-361.0,-0.19999999999999996,-448.6,-0.8,call,0,0.5210578441619873
3,8,8,Turn,1,♠9 ♣3,♥J ♣2 ♦3 ♠2,5,0.0,0.0,3546,0,0,8,40,-774,-774.0,-1.0,-774.0,-1.0,call,0,0.5280940532684326
4,8,8,Turn,0,♠9 ♣3,♥J ♣2 ♦3 ♠2,45,0.03333333333333333,0.1632993161855452,3546,40,121,1,81,-814,-744.5333333333333,-0.7333333333333334,-768.7333333333333,-0.9333333333333333,call,0,0.5210659503936768
5,8,8,Turn,0,♠9 ♣3,♥J ♣2 ♦3 ♠2,90,0.044444444444444446,0.19212907184211758,3546,121,165,3,44,-895,-722.7333333333333,-0.6444444444444444,-766.7333333333333,-0.9111111111111111,call,0,0.5231828689575195
6,8,8,River,1,♠9 ♣3,♥J ♣2 ♦3 ♠2 ♣9,5,0.0,0.0,4206,0,0,8,40,-939,-939.0,-1.0,-939.0,-1.0,call,0,0.5307669639587402
7,8,8,River,0,♠9 ♣3,♥J ♣2 ♦3 ♠2 ♣9,50,0.08,0.2712931993250107,4206,40,101,2,61,-979,-638.88,-0.36,-687.3599999999999,-0.84,call,0,0.5215981006622314
8,8,8,River,0,♠9 ♣3,♥J ♣2 ♦3 ♠2 ♣9,95,0.07368421052631578,0.26125628728401806,4206,101,170,3,69,-1040,-698.8736842105263,-0.41052631578947374,-774.0315789473684,-0.8526315789473684,call,0,0.5305569171905518
