,N,Nnf,round,first,hole,board,Nsim,prWin,prWinStd,pot,bet,maxBet,NMaxBet,minBet,util_fold,util_call,util_raise_coeff,util_call2,util_raise_coeff2,action,amount,cputime
0,7,7,Deal,0,♣10 ♦A,,40,0.2458333333333333,0.41664583281247386,0,0,80,1,80,0,57.66666666666666,0.720833333333333,-40.66666666666667,-0.5083333333333334,raise,0,0.5231289863586426
1,7,7,Deal,0,♣10 ♦A,,125,0.1958095238095238,0.3830284383443336,0,160,320,1,160,-160,118.61333333333329,0.3706666666666665,-194.68190476190478,-0.6083809523809525,raise,0,0.524420976638794
