,N,Nnf,round,first,hole,board,Nsim,prWin,prWinStd,pot,bet,maxBet,NMaxBet,minBet,util_fold,util_call,util_raise_coeff,util_call2,util_raise_coeff2,action,amount,cputime
0,8,8,Deal,0,♥J ♥8,,40,0.125,0.3112474899497183,0,0,40,1,40,0,0.0,0.0,-30.0,-0.75,call,0,0.527022123336792
1,8,8,Deal,0,♥J ♥8,,140,0.18214285714285713,0.3789586967963013,0,40,81,2,41,-40,37.028571428571425,0.4571428571428571,-51.49285714285715,-0.6357142857142857,raise,0,0.5224349498748779
2,8,8,Deal,0,♥J ♥8,,245,0.16360544217687073,0.3606443193088556,0,162,2710,1,2548,-162,836.9659863945576,0.30884353741496584,-1823.2585034013605,-0.6727891156462585,raise,0,0.5289731025695801
