,N,Nnf,round,first,hole,board,Nsim,prWin,prWinStd,pot,bet,maxBet,NMaxBet,minBet,util_fold,util_call,util_raise_coeff,util_call2,util_raise_coeff2,action,amount,cputime
0,7,6,Deal,0,♣6 ♥5,,75,0.1419047619047619,0.3318661588536714,0,20,76,2,56,-20,-11.291428571428582,-0.14857142857142858,-54.43047619047619,-0.7161904761904763,call,0,0.5216329097747803
1,7,6,Deal,0,♣6 ♥5,,125,0.14514285714285713,0.3392592170104308,0,76,143,2,67,-76,-18.46742857142857,-0.12914285714285723,-101.48914285714287,-0.7097142857142857,call,0,0.5223767757415771
2,7,6,Flop,1,♣6 ♥5,♠10 ♦8 ♥6,5,0.2,0.4000000000000001,582,0,0,7,20,-143,-26.599999999999994,0.20000000000000018,-26.599999999999994,-0.6,raise,0,0.5268428325653076
3,7,6,Flop,0,♣6 ♥5,♠10 ♦8 ♥6,55,0.07272727272727272,0.25968830649246727,582,20,58,3,38,-163,-133.36363636363637,-0.5636363636363637,-150.23636363636365,-0.8545454545454545,call,0,0.5224907398223877
4,7,6,Turn,1,♣6 ♥5,♠10 ♦8 ♥6 ♠6,5,0.6,0.48989794855663565,814,0,0,7,20,-201,287.4,2.5999999999999996,287.4,0.19999999999999996,raise,0,0.5274806022644043
5,7,6,Turn,0,♣6 ♥5,♠10 ♦8 ♥6 ♠6,55,0.6363636363636364,0.46176091269819247,814,20,22,3,2,-221,379.0,2.8181818181818183,323.0,0.2727272727272727,raise,0,0.5305089950561523
6,7,6,Turn,0,♣6 ♥5,♠10 ♦8 ♥6 ♠6,95,0.6736842105263158,0.4517126534973754,814,44,85,2,41,-245,605.957894736842,3.042105263157895,376.90526315789464,0.34736842105263155,raise,0,0.5231380462646484
7,7,6,River,1,♣6 ♥5,♠10 ♦8 ♥6 ♠6 ♣9,5,0.6,0.48989794855663565,1346,0,0,7,20,-371,436.6,2.5999999999999996,436.6,0.19999999999999996,raise,0,0.5279350280761719
8,7,6,River,0,♣6 ♥5,♠10 ♦8 ♥6 ♠6 ♣9,45,0.24444444444444444,0.42975732457363813,1346,20,63,2,43,-391,-12.577777777777783,0.46666666666666656,-74.1777777777778,-0.5111111111111111,raise,0,0.5230259895324707
