,N,Nnf,round,first,hole,board,Nsim,prWin,prWinStd,pot,bet,maxBet,NMaxBet,minBet,util_fold,util_call,util_raise_coeff,util_call2,util_raise_coeff2,action,amount,cputime
0,8,7,Deal,0,♠9 ♦4,,85,0.11764705882352941,0.3221897397089212,0,20,78,5,58,-20,-13.764705882352942,-0.17647058823529416,-59.64705882352941,-0.7647058823529411,call,0,0.5314939022064209
1,8,7,Flop,1,♠9 ♦4,♦J ♣3 ♥K,5,0.0,0.0,478,0,0,8,20,-78,-78.0,-1.0,-78.0,-1.0,call,0,0.5220110416412354
2,8,7,Flop,0,♠9 ♦4,♦J ♣3 ♥K,70,0.0,0.0,478,20,63,1,43,-98,-141.0,-1.0,-141.0,-1.0,fold,0,0.5214719772338867
