,N,Nnf,round,first,hole,board,Nsim,prWin,prWinStd,pot,bet,maxBet,NMaxBet,minBet,util_fold,util_call,util_raise_coeff,util_call2,util_raise_coeff2,action,amount,cputime
0,7,7,Deal,0,♠9 ♣9,,15,0.40952380952380957,0.483374382493315,0,0,40,1,40,0,74.66666666666669,1.8666666666666671,-7.238095238095234,-0.18095238095238086,raise,0,0.5203628540039062
1,7,7,Deal,0,♠9 ♣9,,85,0.31932773109243695,0.46466865077956465,0,80,250,1,170,-80,308.82352941176475,1.2352941176470589,-90.33613445378151,-0.3613445378151261,raise,0,0.5258030891418457
2,7,7,Deal,0,♠9 ♣9,,155,0.2976958525345622,0.4563803660342553,0,500,715,1,215,-500,774.9677419354839,1.0838709677419356,-289.29493087557603,-0.4046082949308756,raise,0,0.5250060558319092
