,N,Nnf,round,first,hole,board,Nsim,prWin,prWinStd,pot,bet,maxBet,NMaxBet,minBet,util_fold,util_call,util_raise_coeff,util_call2,util_raise_coeff2,action,amount,cputime
0,7,6,Deal,0,♦Q ♣2,,55,0.14545454545454545,0.3525585350848239,0,40,59,2,19,-40,-7.509090909090908,-0.12727272727272732,-41.836363636363636,-0.7090909090909091,call,0,0.5216550827026367
1,7,6,Flop,1,♦Q ♣2,♥K ♦8 ♣6,5,0.0,0.0,197,0,0,7,40,-59,-59.0,-1.0,-59.0,-1.0,call,0,0.5305321216583252
2,7,6,Flop,0,♦Q ♣2,♥K ♦8 ♣6,45,0.03333333333333333,0.16329931618554516,197,40,131,2,91,-99,-157.23333333333335,-0.8,-174.7,-0.9333333333333333,fold,0,0.5212690830230713
