,N,Nnf,round,first,hole,board,Nsim,prWin,prWinStd,pot,bet,maxBet,NMaxBet,minBet,util_fold,util_call,util_raise_coeff,util_call2,util_raise_coeff2,action,amount,cputime
0,7,6,Deal,0,♠A ♠5,,40,0.20357142857142857,0.3988343986556582,0,0,20,1,20,0,4.428571428571427,0.22142857142857153,-11.857142857142858,-0.5928571428571429,raise,0,0.5234789848327637
1,7,6,Deal,0,♠A ♠5,,115,0.1795031055900621,0.37953004346760966,0,40,60,2,20,-40,4.621118012422357,0.07701863354037264,-38.45962732919254,-0.6409937888198758,raise,0,0.5207321643829346
2,7,6,Deal,0,♠A ♠5,,195,0.19218559218559222,0.388482487575792,0,120,1000,2,880,-120,153.11355311355328,0.15311355311355346,-615.6288156288156,-0.6156288156288156,raise,0,0.5237698554992676
