,N,Nnf,round,first,hole,board,Nsim,prWin,prWinStd,pot,bet,maxBet,NMaxBet,minBet,util_fold,util_call,util_raise_coeff,util_call2,util_raise_coeff2,action,amount,cputime
0,7,7,Deal,0,♣2 ♠9,,85,0.1507002801120448,0.3483107395498583,0,0,110,1,110,0,6.039215686274503,0.05490196078431375,-76.84593837535014,-0.6985994397759103,raise,0,0.5229580402374268
1,7,6,Flop,0,♣2 ♠9,♠3 ♠K ♠J,50,0.1,0.3,1374,0,64,2,64,-220,-108.19999999999999,-0.3999999999999999,-133.79999999999998,-0.8,call,0,0.524014949798584
2,7,6,Turn,0,♣2 ♠9,♠3 ♠K ♠J ♠10,40,0.475,0.4993746088859545,1630,0,41,3,41,-284,566.1,1.8499999999999996,488.20000000000005,-0.050000000000000044,raise,0,0.5256068706512451
3,7,6,River,0,♣2 ♠9,♠3 ♠K ♠J ♠10 ♣J,35,0.37142857142857144,0.4831867007225075,1958,0,69,2,69,-366,446.02857142857147,1.2285714285714286,343.51428571428573,-0.2571428571428571,raise,0,0.523061990737915
