,N,Nnf,round,first,hole,board,Nsim,prWin,prWinStd,pot,bet,maxBet,NMaxBet,minBet,util_fold,util_call,util_raise_coeff,util_call2,util_raise_coeff2,action,amount,cputime
0,7,6,Deal,0,♣8 ♦A,,55,0.17878787878787877,0.35936889891814777,0,0,20,2,20,0,1.4545454545454533,0.07272727272727275,-12.84848484848485,-0.6424242424242425,raise,0,0.5280551910400391
1,7,6,Deal,0,♣8 ♦A,,130,0.15256410256410255,0.34345816462580453,0,40,80,1,40,-40,-6.769230769230774,-0.08461538461538476,-55.58974358974359,-0.6948717948717948,call,0,0.5234651565551758
2,7,6,Deal,0,♣8 ♦A,,205,0.15691056910569107,0.34869045780254543,0,80,86,5,6,-80,-5.034146341463412,-0.0585365853658536,-59.011382113821135,-0.6861788617886179,call,0,0.5251679420471191
3,7,6,Flop,0,♣8 ♦A,♣J ♣9 ♥2,35,0.11428571428571428,0.318157963590287,516,0,67,1,67,-86,-48.08571428571429,-0.3142857142857143,-78.71428571428572,-0.7714285714285715,call,0,0.5245440006256104
4,7,6,Flop,0,♣8 ♦A,♣J ♣9 ♥2,110,0.08181818181818182,0.265666167203681,516,67,821,2,754,-153,-461.74545454545455,-0.509090909090909,-730.4363636363637,-0.8363636363636364,fold,0,0.530437707901001
