,N,Nnf,round,first,hole,board,Nsim,prWin,prWinStd,pot,bet,maxBet,NMaxBet,minBet,util_fold,util_call,util_raise_coeff,util_call2,util_raise_coeff2,action,amount,cputime
0,7,6,Deal,0,♥A ♦K,,105,0.29523809523809524,0.4508998310006025,0,20,78,4,58,-20,60.17142857142858,0.7714285714285714,-31.942857142857143,-0.4095238095238095,raise,0,0.5269367694854736
1,7,6,Flop,1,♥A ♦K,♠A ♣J ♦4,5,0.6,0.48989794855663565,946,0,0,7,20,-156,411.6,2.5999999999999996,411.6,0.19999999999999996,raise,0,0.5310540199279785
2,7,6,Flop,0,♥A ♦K,♠A ♣J ♦4,75,0.56,0.4896257073860944,946,20,76,4,56,-176,553.1200000000001,2.3600000000000003,382.8800000000001,0.1200000000000001,raise,0,0.522075891494751
3,7,5,Turn,1,♥A ♦K,♠A ♣J ♦4 ♥3,5,0.2,0.4,1782,0,0,7,20,-308,48.400000000000034,0.0,48.400000000000034,-0.6,call,0,0.5279550552368164
4,7,5,Turn,0,♥A ♦K,♠A ♣J ♦4 ♥3,65,0.3076923076923077,0.453128506923789,1782,20,78,1,58,-328,282.3076923076924,0.5384615384615385,210.30769230769238,-0.3846153846153846,raise,0,0.5289320945739746
5,7,5,River,1,♥A ♦K,♠A ♣J ♦4 ♥3 ♦6,5,0.4,0.48989794855663565,2562,0,0,7,20,-464,560.8,1.0,560.8,-0.19999999999999996,raise,0,0.527163028717041
