,N,Nnf,round,first,hole,board,Nsim,prWin,prWinStd,pot,bet,maxBet,NMaxBet,minBet,util_fold,util_call,util_raise_coeff,util_call2,util_raise_coeff2,action,amount,cputime
0,8,7,Deal,0,♥9 ♠A,,40,0.2,0.4,0,0,80,1,80,0,32.0,0.40000000000000013,-48.0,-0.6,raise,0,0.5253479480743408
1,8,7,Deal,0,♥9 ♠A,,85,0.19411764705882353,0.39178413659639333,0,160,359,1,199,-160,128.81764705882352,0.35882352941176476,-219.6235294117647,-0.611764705882353,raise,0,0.5220558643341064
2,8,7,Flop,0,♥9 ♠A,♥6 ♠Q ♠7,20,0.2,0.4000000000000001,2872,0,253,2,253,-718,-42.40000000000009,0.40000000000000013,-295.4,-0.6,raise,0,0.5312621593475342
3,8,7,Turn,0,♥9 ♠A,♥6 ♠Q ♠7 ♠3,10,0.0,0.0,4647,0,285,1,285,-1224,-1509.0,-1.0,-1509.0,-1.0,fold,0,0.5236153602600098
