,N,Nnf,round,first,hole,board,Nsim,prWin,prWinStd,pot,bet,maxBet,NMaxBet,minBet,util_fold,util_call,util_raise_coeff,util_call2,util_raise_coeff2,action,amount,cputime
0,7,7,Deal,0,♦5 ♦9,,10,0.2,0.4000000000000001,0,0,40,1,40,0,16.0,0.40000000000000013,-24.0,-0.6,raise,0,0.5229182243347168
1,7,7,Deal,0,♦5 ♦9,,80,0.225,0.4175823272122517,0,80,160,1,80,-80,92.0,0.575,-88.0,-0.55,raise,0,0.5266780853271484
2,7,7,Deal,0,♦5 ♦9,,150,0.17984126984126983,0.3788586977019124,0,320,640,1,320,-320,165.68888888888887,0.2588888888888887,-409.8031746031746,-0.6403174603174604,raise,0,0.5232529640197754
3,7,7,Flop,0,♦5 ♦9,♠10 ♥7 ♦A,45,0.044444444444444446,0.20608041101101565,2464,0,96,2,96,-640,-596.6222222222223,-0.6888888888888889,-617.9555555555555,-0.9111111111111111,call,0,0.5245451927185059
4,7,6,Turn,0,♦5 ♦9,♠10 ♥7 ♦A ♦K,45,0.2,0.4,2752,0,40,1,40,-736,-177.60000000000002,0.20000000000000018,-209.60000000000002,-0.6,raise,0,0.524817943572998
5,7,6,River,0,♦5 ♦9,♠10 ♥7 ♦A ♦K ♣7,15,0.0,0.0,2912,0,153,1,153,-816,-969.0,-1.0,-969.0,-1.0,fold,0,0.5215179920196533
