,N,Nnf,round,first,hole,board,Nsim,prWin,prWinStd,pot,bet,maxBet,NMaxBet,minBet,util_fold,util_call,util_raise_coeff,util_call2,util_raise_coeff2,action,amount,cputime
0,7,6,Deal,0,♣10 ♠J,,50,0.21285714285714286,0.4001249804748511,0,0,20,2,20,0,5.5428571428571445,0.27714285714285714,-11.485714285714286,-0.5742857142857143,raise,0,0.5280158519744873
1,7,6,Deal,0,♣10 ♠J,,100,0.21642857142857141,0.40726251374517736,0,40,94,2,54,-40,28.06571428571428,0.2985714285714285,-53.31142857142857,-0.5671428571428572,raise,0,0.5297980308532715
2,7,6,Flop,0,♣10 ♠J,♦8 ♦J ♦7,40,0.10357142857142856,0.2779984950774125,752,0,34,1,34,-188,-122.9857142857143,-0.37857142857142856,-137.07142857142856,-0.7928571428571429,call,0,0.5243101119995117
3,7,6,Flop,0,♣10 ♠J,♦8 ♦J ♦7,90,0.1312169312169312,0.31078790395574585,752,34,59,2,25,-222,-101.87407407407409,-0.21269841269841283,-132.84126984126985,-0.7375661375661375,call,0,0.5201480388641357
4,7,6,Turn,0,♣10 ♠J,♦8 ♦J ♦7 ♠4,35,0.14761904761904762,0.3255555168597564,988,0,819,2,819,-247,-194.75238095238092,-0.11428571428571432,-678.3523809523809,-0.7047619047619047,call,0,0.5235068798065186
5,7,6,River,0,♣10 ♠J,♦8 ♦J ♦7 ♠4 ♦Q,15,0.0,0.0,4198,0,74,1,74,-1066,-1140.0,-1.0,-1140.0,-1.0,fold,0,0.5270428657531738
