,N,Nnf,round,first,hole,board,Nsim,prWin,prWinStd,pot,bet,maxBet,NMaxBet,minBet,util_fold,util_call,util_raise_coeff,util_call2,util_raise_coeff2,action,amount,cputime
0,7,7,Deal,0,♠J ♠3,,80,0.15178571428571427,0.3566737991212585,0,20,108,1,88,-20,6.75,0.0625,-75.21428571428572,-0.6964285714285714,raise,0,0.5279033184051514
1,7,5,Flop,1,♠J ♠3,♠6 ♦4 ♥5,5,0.1,0.2,810,0,0,7,20,-216,-135.0,-0.5,-135.0,-0.8,call,0,0.5186712741851807
2,7,5,Flop,0,♠J ♠3,♠6 ♦4 ♥5,45,0.14074074074074072,0.30165296788122287,810,20,9489,1,9469,-236,-2913.5555555555566,-0.2962962962962964,-6920.022222222223,-0.7185185185185186,fold,0,0.5265212059020996
