,N,Nnf,round,first,hole,board,Nsim,prWin,prWinStd,pot,bet,maxBet,NMaxBet,minBet,util_fold,util_call,util_raise_coeff,util_call2,util_raise_coeff2,action,amount,cputime
0,8,8,Deal,0,♥K ♦Q,,100,0.205,0.40059330997908593,0,20,134,1,114,-20,85.75999999999999,0.6399999999999999,-79.06,-0.5900000000000001,raise,0,0.5287716388702393
1,8,8,Flop,0,♥K ♦Q,♥2 ♣8 ♥7,35,0.14285714285714285,0.3499271061118826,2144,0,20,1,20,-268,41.14285714285711,0.1428571428571428,24.0,-0.7142857142857143,raise,0,0.521552324295044
2,8,7,Flop,0,♥K ♦Q,♥2 ♣8 ♥7,140,0.14642857142857144,0.35100075585708485,2144,40,158,1,118,-308,49.89285714285717,0.025000000000000133,-65.78571428571422,-0.7071428571428571,raise,0,0.5265662670135498
3,8,7,Flop,0,♥K ♦Q,♥2 ♣8 ♥7,235,0.10992907801418439,0.3095726401934776,2144,316,524,1,208,-584,-153.0921985815603,-0.23049645390070927,-441.10638297872345,-0.7801418439716312,call,0,0.5221350193023682
4,8,7,Turn,1,♥K ♦Q,♥2 ♣8 ♥7 ♠3,5,0.0,0.0,5812,0,0,8,20,-792,-792.0,-1.0,-792.0,-1.0,call,0,0.5253901481628418
5,8,7,Turn,0,♥K ♦Q,♥2 ♣8 ♥7 ♠3,70,0.05714285714285714,0.2321153829895989,5812,20,208,2,188,-812,-584.6857142857143,-0.6000000000000001,-644.1142857142858,-0.8857142857142857,call,0,0.5240669250488281
