,N,Nnf,round,first,hole,board,Nsim,prWin,prWinStd,pot,bet,maxBet,NMaxBet,minBet,util_fold,util_call,util_raise_coeff,util_call2,util_raise_coeff2,action,amount,cputime
0,8,8,Deal,0,♥5 ♣5,,65,0.2076923076923077,0.4008865914090887,0,0,114,1,114,0,75.41538461538462,0.6615384615384616,-66.64615384615385,-0.5846153846153845,raise,0,0.5210776329040527
1,8,8,Deal,0,♥5 ♣5,,170,0.18823529411764706,0.3871196090299505,0,228,456,1,228,-228,230.68235294117642,0.5058823529411764,-284.3294117647059,-0.6235294117647059,raise,0,0.5286540985107422
2,8,8,Flop,0,♥5 ♣5,♦10 ♦2 ♦6,30,0.0,0.0,4616,0,20,1,20,-912,-932.0,-1.0,-932.0,-1.0,fold,0,0.5238268375396729
