,N,Nnf,round,first,hole,board,Nsim,prWin,prWinStd,pot,bet,maxBet,NMaxBet,minBet,util_fold,util_call,util_raise_coeff,util_call2,util_raise_coeff2,action,amount,cputime
0,7,7,Deal,0,♦2 ♦10,,80,0.16875,0.3617988909601576,0,0,40,1,40,0,7.25,0.18125000000000013,-26.5,-0.6625,raise,0,0.5251209735870361
1,7,7,Deal,0,♦2 ♦10,,185,0.13513513513513514,0.3338685744147516,0,80,88,2,8,-80,-4.756756756756744,-0.054054054054053946,-64.21621621621621,-0.7297297297297297,call,0,0.5227921009063721
2,7,7,Deal,0,♦2 ♦10,,295,0.13898305084745763,0.3384996553349483,0,88,290,1,202,-88,-7.86440677966101,-0.027118644067796627,-209.38983050847457,-0.7220338983050847,call,0,0.521467924118042
3,7,6,Flop,0,♦2 ♦10,♠2 ♣6 ♦4,80,0.18958333333333333,0.38975040980664083,1855,0,136,1,136,-290,80.3770833333333,0.13749999999999996,-22.756250000000023,-0.6208333333333333,raise,0,0.5277078151702881
4,7,6,Turn,0,♦2 ♦10,♠2 ♣6 ♦4 ♠9,80,0.05,0.21794494717703364,3487,0,57,2,57,-562,-427.54999999999995,-0.7,-438.95,-0.9,call,0,0.5249042510986328
5,7,6,Turn,0,♦2 ♦10,♠2 ♣6 ♦4 ♠9,175,0.08285714285714285,0.27306274975932265,3487,57,196,1,139,-619,-371.63714285714286,-0.5028571428571429,-436.59714285714284,-0.8342857142857143,call,0,0.5210916996002197
6,7,5,River,0,♦2 ♦10,♠2 ♣6 ♦4 ♠9 ♦8,80,0.0,0.0,4663,0,62,1,62,-758,-820.0,-1.0,-820.0,-1.0,fold,0,0.5221140384674072
