,N,Nnf,round,first,hole,board,Nsim,prWin,prWinStd,pot,bet,maxBet,NMaxBet,minBet,util_fold,util_call,util_raise_coeff,util_call2,util_raise_coeff2,action,amount,cputime
0,8,8,Deal,0,♥10 ♥4,,65,0.13846153846153847,0.33406231924013025,0,0,272,1,272,0,29.292307692307702,0.10769230769230775,-196.67692307692306,-0.7230769230769231,raise,0,0.5245952606201172
1,8,7,Flop,0,♥10 ♥4,♣A ♣J ♦Q,50,0.05,0.18027756377319948,2992,0,158,4,158,-544,-497.1,-0.6499999999999999,-536.6,-0.9,call,0,0.5284810066223145
2,8,6,Turn,0,♥10 ♥4,♣A ♣J ♦Q ♣10,50,0.0,0.0,3782,0,128,1,128,-702,-830.0,-1.0,-830.0,-1.0,fold,0,0.5274250507354736
