,N,Nnf,round,first,hole,board,Nsim,prWin,prWinStd,pot,bet,maxBet,NMaxBet,minBet,util_fold,util_call,util_raise_coeff,util_call2,util_raise_coeff2,action,amount,cputime
0,7,6,Deal,0,♠J ♥10,,55,0.21168831168831168,0.3886047627899229,0,0,20,2,20,0,5.402597402597401,0.27012987012987,-11.532467532467534,-0.5766233766233766,raise,0,0.5268552303314209
1,7,6,Deal,0,♠J ♥10,,110,0.23896103896103896,0.40742600812889723,0,40,62,3,22,-40,26.893506493506493,0.4337662337662338,-32.368831168831164,-0.5220779220779221,raise,0,0.5222032070159912
2,7,6,Deal,0,♠J ♥10,,160,0.2017857142857143,0.38750822901071463,0,124,132,2,8,-124,27.814285714285717,0.21071428571428585,-78.72857142857143,-0.5964285714285714,raise,0,0.5300319194793701
3,7,6,Flop,0,♠J ♥10,♣3 ♠9 ♠10,40,0.375,0.4841229182759271,1056,0,73,1,73,-264,223.25,1.25,113.75,-0.25,raise,0,0.5301260948181152
4,7,6,Turn,0,♠J ♥10,♣3 ♠9 ♠10 ♦9,35,0.22857142857142856,0.4025429372458677,1640,0,45,1,45,-410,-18.428571428571445,0.37142857142857144,-59.57142857142861,-0.5428571428571429,raise,0,0.5286622047424316
5,7,6,Turn,0,♠J ♥10,♣3 ♠9 ♠10 ♦9,90,0.18333333333333332,0.3685557397915997,1640,90,124,1,34,-500,-96.9333333333334,0.09999999999999987,-187.86666666666673,-0.6333333333333333,raise,0,0.5234379768371582
6,7,6,River,0,♠J ♥10,♣3 ♠9 ♠10 ♦9 ♠A,40,0.05,0.18708286933869703,2632,0,60,2,60,-658,-568.4,-0.7,-580.4,-0.9,call,0,0.5254631042480469
7,7,6,River,0,♠J ♥10,♣3 ♠9 ♠10 ♦9 ♠A,90,0.06481481481481481,0.2103706964003733,2632,60,135,2,75,-718,-569.9074074074074,-0.6111111111111112,-604.9074074074074,-0.8703703703703703,call,0,0.5210628509521484
