,N,Nnf,round,first,hole,board,Nsim,prWin,prWinStd,pot,bet,maxBet,NMaxBet,minBet,util_fold,util_call,util_raise_coeff,util_call2,util_raise_coeff2,action,amount,cputime
0,8,7,Deal,0,♦J ♠6,,80,0.15625,0.35876306596415414,0,40,138,1,98,-40,12.9375,0.09375,-94.875,-0.6875,raise,0,0.5239567756652832
1,8,7,Deal,0,♦J ♠6,,140,0.14285714285714285,0.33956755211442047,0,276,1716,2,1440,-276,0.0,0.0,-1225.7142857142858,-0.7142857142857143,call,0,0.5208501815795898
2,8,7,Flop,1,♦J ♠6,♦9 ♣10 ♦8,5,0.3,0.39999999999999997,7471,0,0,8,40,-1716,525.2999999999997,1.1,525.2999999999997,-0.4,raise,0,0.5256659984588623
3,8,7,Flop,0,♦J ♠6,♦9 ♣10 ♦8,40,0.225,0.4023369234857771,7471,40,130,1,90,-1756,39.725000000000136,0.575,-106.52499999999986,-0.55,raise,0,0.5244691371917725
4,8,7,Flop,0,♦J ♠6,♦9 ♣10 ♦8,75,0.18,0.35251477510406104,7471,260,281,1,21,-1976,-298.1600000000001,0.26,-551.06,-0.64,raise,0,0.5248298645019531
5,8,7,Turn,1,♦J ♠6,♦9 ♣10 ♦8 ♣7,5,0.5333333333333334,0.2449489742783178,9157,0,0,8,40,-2278,2605.7333333333345,2.7333333333333343,2605.7333333333345,0.06666666666666687,raise,0,0.5217850208282471
6,8,7,River,1,♦J ♠6,♦9 ♣10 ♦8 ♣7 ♠J,5,0.11857142857142858,0.10257898897723566,9277,0,0,8,40,-2318,-1218.012857142857,-0.16999999999999993,-1218.012857142857,-0.7628571428571429,call,0,0.5318608283996582
