,N,Nnf,round,first,hole,board,Nsim,prWin,prWinStd,pot,bet,maxBet,NMaxBet,minBet,util_fold,util_call,util_raise_coeff,util_call2,util_raise_coeff2,action,amount,cputime
0,8,8,Deal,0,♥5 ♥6,,55,0.15454545454545454,0.35512772699317474,0,0,52,3,52,0,12.290909090909082,0.23636363636363633,-35.92727272727273,-0.6909090909090909,raise,0,0.5212657451629639
1,8,7,Deal,0,♥5 ♥6,,160,0.165625,0.36538453631072015,0,104,114,1,10,-104,18.16874999999999,0.15937500000000004,-76.23750000000001,-0.66875,raise,0,0.5251548290252686
2,8,7,Deal,0,♥5 ♥6,,230,0.15869565217391304,0.36090230338665347,0,228,2129,1,1901,-228,236.0413043478261,0.11086956521739122,-1453.2739130434784,-0.682608695652174,raise,0,0.526623010635376
