,N,Nnf,round,first,hole,board,Nsim,prWin,prWinStd,pot,bet,maxBet,NMaxBet,minBet,util_fold,util_call,util_raise_coeff,util_call2,util_raise_coeff2,action,amount,cputime
0,8,7,Deal,0,♦6 ♥3,,95,0.04342105263157895,0.18740648637582982,0,20,67,4,47,-20,-46.63552631578948,-0.6960526315789474,-61.18157894736842,-0.9131578947368421,fold,0,0.5295412540435791
