,N,Nnf,round,first,hole,board,Nsim,prWin,prWinStd,pot,bet,maxBet,NMaxBet,minBet,util_fold,util_call,util_raise_coeff,util_call2,util_raise_coeff2,action,amount,cputime
0,8,7,Deal,0,♠K ♣K,,45,0.3333333333333333,0.4714045207910317,0,0,74,1,74,0,98.66666666666666,1.333333333333333,-24.66666666666667,-0.33333333333333337,raise,0,0.5252411365509033
1,8,7,Flop,0,♠K ♣K,♥J ♣Q ♣A,40,0.3,0.45825756949558394,888,0,45,1,45,-148,167.89999999999998,1.1,100.39999999999998,-0.4,raise,0,0.5246200561523438
2,8,6,Turn,0,♠K ♣K,♥J ♣Q ♣A ♣8,30,0.3333333333333333,0.4714045207910317,1338,0,74,2,74,-238,282.0,1.0,183.33333333333331,-0.33333333333333337,raise,0,0.5190110206604004
3,8,6,Turn,0,♠K ♣K,♥J ♣Q ♣A ♣8,95,0.28421052631578947,0.45103758496060115,1338,148,152,1,4,-386,249.47368421052636,0.7052631578947368,76.67368421052629,-0.43157894736842106,raise,0,0.5297091007232666
4,8,5,River,0,♠K ♣K,♥J ♣Q ♣A ♣8 ♦6,10,0.0,0.0,2294,0,20,1,20,-542,-562.0,-1.0,-562.0,-1.0,fold,0,0.5236427783966064
