,N,Nnf,round,first,hole,board,Nsim,prWin,prWinStd,pot,bet,maxBet,NMaxBet,minBet,util_fold,util_call,util_raise_coeff,util_call2,util_raise_coeff2,action,amount,cputime
0,7,7,Deal,0,♠K ♥Q,,40,0.22857142857142856,0.41625149383809906,0,0,40,1,40,0,24.0,0.5999999999999999,-21.714285714285715,-0.5428571428571429,raise,0,0.520672082901001
1,7,7,Deal,0,♠K ♥Q,,150,0.2752380952380952,0.4448026900846891,0,80,160,1,80,-80,148.26666666666665,0.9266666666666665,-71.92380952380952,-0.44952380952380955,raise,0,0.5287990570068359
2,7,7,Flop,0,♠K ♥Q,♣5 ♦7 ♥10,60,0.18333333333333332,0.38693955887479675,2240,0,126,1,126,-320,126.36666666666656,0.2833333333333332,10.866666666666617,-0.6333333333333333,raise,0,0.5230090618133545
3,7,7,Flop,0,♠K ♥Q,♣5 ♦7 ♥10,170,0.17352941176470588,0.37675770301615186,2240,252,737,2,485,-572,226.94411764705887,0.21470588235294108,-412.51176470588234,-0.6529411764705882,raise,0,0.523953914642334
4,7,7,Turn,0,♠K ♥Q,♣5 ♦7 ♥10 ♥J,15,0.13333333333333333,0.339934634239519,9027,0,20,1,20,-1794,-591.7333333333333,-0.06666666666666665,-605.0666666666668,-0.7333333333333334,call,0,0.5340158939361572
5,7,7,Turn,0,♠K ♥Q,♣5 ♦7 ♥10 ♥J,55,0.16363636363636364,0.36994527180683284,9027,20,64,1,44,-1814,-307.5454545454545,0.1454545454545455,-359.90909090909076,-0.6727272727272727,raise,0,0.5270137786865234
6,7,7,River,0,♠K ♥Q,♣5 ♦7 ♥10 ♥J ♥6,15,0.0,0.0,9411,0,20,1,20,-1922,-1942.0,-1.0,-1942.0,-1.0,fold,0,0.527209997177124
