,N,Nnf,round,first,hole,board,Nsim,prWin,prWinStd,pot,bet,maxBet,NMaxBet,minBet,util_fold,util_call,util_raise_coeff,util_call2,util_raise_coeff2,action,amount,cputime
0,7,6,Deal,0,♥8 ♦9,,55,0.15454545454545454,0.35512772699317474,0,20,83,1,63,-20,-6.036363636363646,-0.07272727272727275,-57.345454545454544,-0.6909090909090909,call,0,0.5275228023529053
1,7,6,Deal,0,♥8 ♦9,,95,0.14736842105263157,0.346969467870516,0,83,227,1,144,-83,-26.284210526315803,-0.11578947368421066,-160.09473684210525,-0.7052631578947368,call,0,0.5201668739318848
2,7,6,Flop,1,♥8 ♦9,♠J ♠5 ♥5,5,0.0,0.0,681,0,0,7,40,-227,-227.0,-1.0,-227.0,-1.0,call,0,0.5273370742797852
3,7,6,Flop,0,♥8 ♦9,♠J ♠5 ♥5,45,0.044444444444444446,0.20608041101101565,681,40,127,1,87,-267,-289.8666666666667,-0.7333333333333334,-312.44444444444446,-0.9111111111111111,fold,0,0.5218539237976074
