,N,Nnf,round,first,hole,board,Nsim,prWin,prWinStd,pot,bet,maxBet,NMaxBet,minBet,util_fold,util_call,util_raise_coeff,util_call2,util_raise_coeff2,action,amount,cputime
0,8,8,Deal,0,♠10 ♥4,,60,0.125,0.3243583409338094,0,0,118,1,118,0,0.0,0.0,-88.5,-0.75,call,0,0.521263837814331
1,8,8,Deal,0,♠10 ♥4,,145,0.1,0.29125175743143,0,118,258,1,140,-118,-51.599999999999994,-0.19999999999999996,-206.4,-0.8,call,0,0.5215270519256592
2,8,8,Flop,0,♠10 ♥4,♣3 ♦2 ♦J,70,0.0,0.0,2064,0,100,7,100,-258,-358.0,-1.0,-358.0,-1.0,fold,0,0.5261518955230713
