,N,Nnf,round,first,hole,board,Nsim,prWin,prWinStd,pot,bet,maxBet,NMaxBet,minBet,util_fold,util_call,util_raise_coeff,util_call2,util_raise_coeff2,action,amount,cputime
0,7,7,Deal,0,♣6 ♠5,,60,0.14404761904761904,0.3421847739177385,0,40,175,1,135,-40,1.4583333333333144,0.008333333333333304,-124.58333333333334,-0.7119047619047619,raise,0,0.5307598114013672
