,N,Nnf,round,first,hole,board,Nsim,prWin,prWinStd,pot,bet,maxBet,NMaxBet,minBet,util_fold,util_call,util_raise_coeff,util_call2,util_raise_coeff2,action,amount,cputime
0,7,7,Deal,0,♥Q ♦A,,45,0.25555555555555554,0.42975732457363813,0,0,80,1,80,0,63.111111111111086,0.7888888888888888,-39.111111111111114,-0.48888888888888893,raise,0,0.5223228931427002
1,7,7,Deal,0,♥Q ♦A,,130,0.23076923076923078,0.41673569447943193,0,160,388,1,228,-160,238.76923076923083,0.6153846153846154,-208.9230769230769,-0.5384615384615384,raise,0,0.521981954574585
2,7,7,Flop,0,♥Q ♦A,♦2 ♥9 ♣3,50,0.18,0.38418745424597095,3880,0,302,1,302,-776,0.9200000000000728,0.26,-270.88,-0.64,raise,0,0.5219078063964844
