,N,Nnf,round,first,hole,board,Nsim,prWin,prWinStd,pot,bet,maxBet,NMaxBet,minBet,util_fold,util_call,util_raise_coeff,util_call2,util_raise_coeff2,action,amount,cputime
0,7,6,Deal,0,♦7 ♠2,,90,0.025396825396825397,0.1484275520960122,0,40,85,4,45,-40,-72.04761904761905,-0.8476190476190476,-80.68253968253968,-0.9492063492063492,fold,0,0.5266790390014648
