,N,Nnf,round,first,hole,board,Nsim,prWin,prWinStd,pot,bet,maxBet,NMaxBet,minBet,util_fold,util_call,util_raise_coeff,util_call2,util_raise_coeff2,action,amount,cputime
0,7,6,Deal,0,♦K ♠Q,,40,0.275,0.44651427748729383,0,0,20,1,20,0,13.0,0.6500000000000001,-9.0,-0.44999999999999996,raise,0,0.5208289623260498
1,7,6,Deal,0,♦K ♠Q,,115,0.2782608695652174,0.4481425644078305,0,40,95,1,55,-40,63.60869565217391,0.6695652173913045,-42.130434782608695,-0.4434782608695652,raise,0,0.5257241725921631
2,7,5,Flop,0,♦K ♠Q,♠K ♦8 ♣6,30,0.31666666666666665,0.4561310727801336,1029,0,36,2,36,-190,156.84999999999997,0.5833333333333333,122.64999999999998,-0.3666666666666667,raise,0,0.5233180522918701
3,7,5,Flop,0,♦K ♠Q,♠K ♦8 ♣6,90,0.4222222222222222,0.4882571676159962,1029,72,86,2,14,-262,340.0222222222221,1.1111111111111112,231.08888888888885,-0.15555555555555556,raise,0,0.5213942527770996
4,7,5,Turn,0,♦K ♠Q,♠K ♦8 ♣6 ♦A,30,0.26666666666666666,0.44221663871405326,1889,0,71,2,71,-362,165.39999999999998,0.33333333333333326,108.60000000000002,-0.4666666666666667,raise,0,0.5250239372253418
5,7,5,Turn,0,♦K ♠Q,♠K ♦8 ♣6 ♦A,90,0.2388888888888889,0.42313497831843583,1889,142,146,1,4,-504,117.65000000000009,0.19444444444444442,13.016666666666652,-0.5222222222222221,raise,0,0.5255570411682129
6,7,5,River,0,♦K ♠Q,♠K ♦8 ♣6 ♦A ♦7,25,0.12,0.32496153618543844,3349,0,19,2,19,-654,-259.72,-0.4,-266.56,-0.76,call,0,0.5239889621734619
7,7,5,River,0,♦K ♠Q,♠K ♦8 ♣6 ♦A ♦7,70,0.08571428571428572,0.27994168488950605,3349,19,20,1,1,-673,-378.37142857142857,-0.5714285714285714,-383.5142857142857,-0.8285714285714285,call,0,0.5287768840789795
