,N,Nnf,round,first,hole,board,Nsim,prWin,prWinStd,pot,bet,maxBet,NMaxBet,minBet,util_fold,util_call,util_raise_coeff,util_call2,util_raise_coeff2,action,amount,cputime
0,8,7,Deal,0,♦Q ♥Q,,40,0.35,0.4769696007084729,0,0,40,1,40,0,58.0,1.4499999999999997,-12.0,-0.30000000000000004,raise,0,0.5263001918792725
1,8,7,Deal,0,♦Q ♥Q,,85,0.27058823529411763,0.4442637079646872,0,80,131,1,51,-80,117.12941176470588,0.8941176470588235,-60.10588235294118,-0.45882352941176474,raise,0,0.5266151428222656
2,8,6,Flop,0,♦Q ♥Q,♦J ♣Q ♦5,15,0.8,0.4,866,0,123,1,123,-262,898.2000000000003,3.8000000000000007,504.60000000000014,0.6000000000000001,raise,0,0.5215969085693359
3,8,6,Turn,0,♦Q ♥Q,♦J ♣Q ♦5 ♣J,15,0.9333333333333333,0.24944382578492946,1604,0,50,1,50,-508,1219.0666666666666,4.6,1032.3999999999999,0.8666666666666667,raise,0,0.5230550765991211
4,8,6,Turn,0,♦Q ♥Q,♦J ♣Q ♦5 ♣J,45,0.9777777777777777,0.14740554623801777,1604,100,108,1,8,-608,1585.9555555555553,4.866666666666666,1163.5555555555557,0.9555555555555555,raise,0,0.5283291339874268
5,8,6,Turn,0,♦Q ♥Q,♦J ♣Q ♦5 ♣J,80,0.975,0.15612494995995996,1604,216,241,1,25,-724,2224.75,4.85,1284.85,0.95,raise,0,0.5270028114318848
