,N,Nnf,round,first,hole,board,Nsim,prWin,prWinStd,pot,bet,maxBet,NMaxBet,minBet,util_fold,util_call,util_raise_coeff,util_call2,util_raise_coeff2,action,amount,cputime
0,7,7,Deal,0,♦5 ♣4,,15,0.23333333333333334,0.4027681991198191,0,0,40,1,40,0,25.333333333333343,0.6333333333333333,-21.333333333333332,-0.5333333333333333,raise,0,0.5302557945251465
1,7,7,Deal,0,♦5 ♣4,,85,0.1568627450980392,0.35179552622539556,0,80,85,2,5,-80,8.333333333333343,0.0980392156862746,-58.33333333333333,-0.6862745098039216,raise,0,0.5289111137390137
2,7,7,Deal,0,♦5 ♣4,,155,0.12150537634408601,0.31696911273793904,0,170,350,1,180,-170,-52.31182795698925,-0.14946236559139792,-264.9462365591398,-0.756989247311828,call,0,0.5222780704498291
3,7,7,Flop,0,♦5 ♣4,♦10 ♠K ♣J,35,0.009523809523809523,0.05553287518900285,1348,0,40,1,40,-350,-374.4952380952381,-0.9333333333333333,-376.4,-0.9809523809523809,fold,0,0.523392915725708
