,N,Nnf,round,first,hole,board,Nsim,prWin,prWinStd,pot,bet,maxBet,NMaxBet,minBet,util_fold,util_call,util_raise_coeff,util_call2,util_raise_coeff2,action,amount,cputime
0,7,7,Deal,0,♣4 ♣6,,55,0.19090909090909092,0.37526849891909625,0,0,110,1,110,0,37.0,0.3363636363636364,-68.0,-0.6181818181818182,raise,0,0.5268642902374268
1,7,6,Flop,0,♣4 ♣6,♣7 ♥5 ♣Q,40,0.4,0.4769696007084729,1430,0,71,3,71,-220,451.4,1.4000000000000004,337.79999999999995,-0.19999999999999996,raise,0,0.5285260677337646
2,7,6,Turn,0,♣4 ♣6,♣7 ♥5 ♣Q ♠8,40,0.6875,0.45672064766112774,2282,0,54,3,54,-362,1375.625,3.125,1227.125,0.375,raise,0,0.5275781154632568
3,7,6,Turn,0,♣4 ♣6,♣7 ♥5 ♣Q ♠8,115,0.6695652173913044,0.4610336049325761,2282,108,113,1,5,-470,1506.913043478261,3.017391304347826,1204.2695652173913,0.33913043478260874,raise,0,0.5211026668548584
4,7,6,River,0,♣4 ♣6,♣7 ♥5 ♣Q ♠8 ♠6,40,0.0,0.0,3638,0,46,1,46,-588,-634.0,-1.0,-634.0,-1.0,fold,0,0.5309813022613525
