,N,Nnf,round,first,hole,board,Nsim,prWin,prWinStd,pot,bet,maxBet,NMaxBet,minBet,util_fold,util_call,util_raise_coeff,util_call2,util_raise_coeff2,action,amount,cputime
0,8,8,Deal,0,♣K ♠A,,75,0.20666666666666667,0.4007770230717103,0,40,264,1,224,-40,172.48000000000002,0.6533333333333333,-154.88,-0.5866666666666667,raise,0,0.5269839763641357
1,8,8,Flop,1,♣K ♠A,♥9 ♠Q ♦Q,5,0.0,0.0,3082,0,0,8,40,-528,-528.0,-1.0,-528.0,-1.0,call,0,0.530587911605835
2,8,7,Flop,0,♣K ♠A,♥9 ♠Q ♦Q,60,0.10763888888888888,0.300875619014376,3082,40,99,1,59,-568,-220.66319444444446,-0.2465277777777778,-273.94444444444446,-0.7847222222222222,call,0,0.5237026214599609
3,8,7,Turn,1,♣K ♠A,♥9 ♠Q ♦Q ♦K,5,0.4,0.48989794855663565,3478,0,0,8,40,-627,764.2,1.8000000000000003,764.2,-0.19999999999999996,raise,0,0.5224161148071289
4,8,7,Turn,0,♣K ♠A,♥9 ♠Q ♦Q ♦K,50,0.24666666666666665,0.41397799190026735,3478,40,91,1,51,-667,297.0333333333333,0.7266666666666666,184.79999999999995,-0.5066666666666667,raise,0,0.5214571952819824
5,8,7,River,1,♣K ♠A,♥9 ♠Q ♦Q ♦K ♦9,5,0.0,0.0,4206,0,0,8,40,-809,-809.0,-1.0,-809.0,-1.0,call,0,0.5247659683227539
6,8,7,River,0,♣K ♠A,♥9 ♠Q ♦Q ♦K ♦9,45,0.044444444444444446,0.20608041101101565,4206,40,156,2,116,-849,-729.5333333333333,-0.6888888888888889,-764.2,-0.9111111111111111,call,0,0.520700216293335
