,N,Nnf,round,first,hole,board,Nsim,prWin,prWinStd,pot,bet,maxBet,NMaxBet,minBet,util_fold,util_call,util_raise_coeff,util_call2,util_raise_coeff2,action,amount,cputime
0,7,7,Deal,0,♦Q ♠10,,10,0.35,0.45000000000000007,0,0,80,1,80,0,116.0,1.4499999999999997,-24.0,-0.30000000000000004,raise,0,0.5230391025543213
1,7,6,Deal,0,♦Q ♠10,,80,0.29375,0.4450684638344982,0,160,280,2,120,-160,213.5,0.7625000000000002,-115.5,-0.4125,raise,0,0.5221309661865234
2,7,6,Flop,0,♦Q ♠10,♥7 ♠2 ♠6,15,0.06666666666666667,0.24944382578492946,1760,0,109,1,109,-560,-508.06666666666666,-0.6,-537.1333333333333,-0.8666666666666667,call,0,0.5311670303344727
3,7,6,Flop,0,♦Q ♠10,♥7 ♠2 ♠6,55,0.05454545454545454,0.22709083630539628,1760,109,189,1,80,-669,-591.1454545454545,-0.6727272727272727,-632.3818181818182,-0.8909090909090909,call,0,0.5202250480651855
4,7,6,Flop,0,♦Q ♠10,♥7 ♠2 ♠6,95,0.07894736842105263,0.2545976131041647,1760,189,263,2,74,-749,-559.4736842105262,-0.5263157894736843,-642.5263157894738,-0.8421052631578947,call,0,0.5222339630126953
5,7,5,Turn,1,♦Q ♠10,♥7 ♠2 ♠6 ♣2,15,0.0,0.0,2549,0,0,7,80,-823,-823.0,-1.0,-823.0,-1.0,call,0,0.5218727588653564
6,7,5,Turn,0,♦Q ♠10,♥7 ♠2 ♠6 ♣2,45,0.0,0.0,2549,80,288,1,208,-903,-1111.0,-1.0,-1111.0,-1.0,fold,0,0.524838924407959
