,N,Nnf,round,first,hole,board,Nsim,prWin,prWinStd,pot,bet,maxBet,NMaxBet,minBet,util_fold,util_call,util_raise_coeff,util_call2,util_raise_coeff2,action,amount,cputime
0,7,5,Deal,0,♦5 ♦Q,,90,0.1796296296296296,0.3736934256928206,0,10,21,2,11,-10,-2.138888888888893,-0.10185185185185197,-13.455555555555556,-0.6407407407407408,call,0,0.5289871692657471
1,7,5,Deal,0,♦5 ♦Q,,150,0.17444444444444443,0.37334160043756703,0,21,91,4,70,-21,-11.627777777777794,-0.12777777777777788,-59.251111111111115,-0.6511111111111112,call,0,0.5221271514892578
2,7,5,Flop,1,♦5 ♦Q,♥K ♣7 ♦J,5,0.0,0.0,455,0,0,7,20,-91,-91.0,-1.0,-91.0,-1.0,call,0,0.5246930122375488
3,7,5,Flop,0,♦5 ♦Q,♥K ♣7 ♦J,65,0.1076923076923077,0.3099914104555367,455,20,28,2,8,-111,-54.92307692307692,-0.46153846153846145,-63.96923076923077,-0.7846153846153846,call,0,0.5236611366271973
4,7,5,Flop,0,♦5 ♦Q,♥K ♣7 ♦J,135,0.10740740740740741,0.30052537444593774,455,28,44,4,16,-119,-62.5,-0.4629629629629629,-76.67777777777778,-0.7851851851851852,call,0,0.523341178894043
5,7,5,Turn,1,♦5 ♦Q,♥K ♣7 ♦J ♦10,5,0.2,0.4,675,0,0,7,20,-135,0.0,0.0,0.0,-0.6,call,0,0.523493766784668
6,7,5,Turn,0,♦5 ♦Q,♥K ♣7 ♦J ♦10,70,0.30714285714285716,0.4388257367234565,675,20,78,2,58,-155,114.10714285714289,0.5357142857142858,42.235714285714295,-0.3857142857142857,raise,0,0.5241191387176514
7,7,5,Turn,0,♦5 ♦Q,♥K ♣7 ♦J ♦10,135,0.26913580246913577,0.42309130107744036,675,156,865,2,709,-291,345.67901234567853,0.34567901234567877,-352.7283950617285,-0.46172839506172847,raise,0,0.5229518413543701
