,N,Nnf,round,first,hole,board,Nsim,prWin,prWinStd,pot,bet,maxBet,NMaxBet,minBet,util_fold,util_call,util_raise_coeff,util_call2,util_raise_coeff2,action,amount,cputime
0,8,8,Deal,0,♠J ♣5,,60,0.1472222222222222,0.33067224831011915,0,0,3485,1,3485,0,619.5555555555547,0.1777777777777776,-2458.8611111111113,-0.7055555555555556,raise,0,0.5261521339416504
