,N,Nnf,round,first,hole,board,Nsim,prWin,prWinStd,pot,bet,maxBet,NMaxBet,minBet,util_fold,util_call,util_raise_coeff,util_call2,util_raise_coeff2,action,amount,cputime
0,8,8,Deal,0,♠5 ♠Q,,40,0.2833333333333333,0.4301162633521313,0,0,40,1,40,0,50.66666666666666,1.2666666666666666,-17.333333333333336,-0.43333333333333335,raise,0,0.5231008529663086
1,8,7,Flop,0,♠5 ♠Q,♠10 ♦4 ♣4,30,0.08333333333333333,0.2608745973749755,440,0,32,2,32,-80,-56.66666666666667,-0.41666666666666674,-70.0,-0.8333333333333334,call,0,0.5233380794525146
2,8,7,Turn,0,♠5 ♠Q,♠10 ♦4 ♣4 ♦8,30,0.03333333333333333,0.1795054935711501,600,0,41,1,41,-112,-123.43333333333334,-0.7666666666666666,-130.26666666666665,-0.9333333333333333,fold,0,0.5250821113586426
