,N,Nnf,round,first,hole,board,Nsim,prWin,prWinStd,pot,bet,maxBet,NMaxBet,minBet,util_fold,util_call,util_raise_coeff,util_call2,util_raise_coeff2,action,amount,cputime
0,7,7,Deal,0,♥10 ♦Q,,55,0.2545454545454545,0.42504253554767124,0,0,40,1,40,0,31.272727272727252,0.7818181818181817,-19.63636363636364,-0.49090909090909096,raise,0,0.5303092002868652
1,7,6,Deal,0,♥10 ♦Q,,165,0.20303030303030303,0.3927254021653919,0,80,86,3,6,-80,18.763636363636365,0.21818181818181825,-51.07878787878788,-0.593939393939394,raise,0,0.5248639583587646
2,7,6,Deal,0,♥10 ♦Q,,240,0.20416666666666666,0.39526274664947736,0,172,2935,1,2763,-172,660.375,0.2250000000000001,-1736.5416666666667,-0.5916666666666667,raise,0,0.522305965423584
