,N,Nnf,round,first,hole,board,Nsim,prWin,prWinStd,pot,bet,maxBet,NMaxBet,minBet,util_fold,util_call,util_raise_coeff,util_call2,util_raise_coeff2,action,amount,cputime
0,8,8,Deal,0,♣4 ♣5,,65,0.19230769230769232,0.38920340432841594,0,0,76,2,76,0,40.923076923076934,0.5384615384615385,-46.76923076923077,-0.6153846153846154,raise,0,0.5344038009643555
1,8,7,Flop,0,♣4 ♣5,♦6 ♣2 ♥3,35,0.7285714285714285,0.43659162256960354,1140,0,100,6,100,-152,1088.5714285714284,4.1,724.2857142857142,0.4571428571428571,raise,0,0.5216219425201416
2,8,6,Turn,0,♣4 ♣5,♦6 ♣2 ♥3 ♣10,35,0.8285714285714286,0.3574284572341944,2440,0,75,5,75,-352,1967.5714285714284,3.9714285714285715,1719.0,0.6571428571428573,raise,0,0.5281920433044434
3,8,5,River,0,♣4 ♣5,♦6 ♣2 ♥3 ♣10 ♥J,35,0.9857142857142858,0.0832993127835043,3340,0,62,3,62,-502,3033.857142857143,3.928571428571429,2850.514285714286,0.9714285714285715,raise,0,0.523413896560669
4,8,5,River,0,♣4 ♣5,♦6 ♣2 ♥3 ♣10 ♥J,75,0.9866666666666667,0.08055363982396381,3340,124,136,2,12,-626,3328.4,3.9333333333333336,2925.84,0.9733333333333334,raise,0,0.5320508480072021
