,N,Nnf,round,first,hole,board,Nsim,prWin,prWinStd,pot,bet,maxBet,NMaxBet,minBet,util_fold,util_call,util_raise_coeff,util_call2,util_raise_coeff2,action,amount,cputime
0,7,6,Deal,0,♣10 ♣8,,100,0.22166666666666665,0.40073196916531517,0,20,79,3,59,-20,26.069999999999993,0.32999999999999985,-43.97666666666667,-0.5566666666666666,raise,0,0.5254151821136475
1,7,6,Flop,1,♣10 ♣8,♣K ♣3 ♥3,5,0.4,0.48989794855663565,958,0,0,7,20,-158,225.20000000000005,1.4000000000000004,225.20000000000005,-0.19999999999999996,raise,0,0.5330948829650879
2,7,6,Flop,0,♣10 ♣8,♣K ♣3 ♥3,80,0.3142857142857143,0.4625792816769194,958,20,70,5,50,-178,205.0857142857143,0.8857142857142857,117.08571428571429,-0.37142857142857144,raise,0,0.5240848064422607
3,7,6,Turn,1,♣10 ♣8,♣K ♣3 ♥3 ♥4,5,0.0,0.0,1798,0,0,7,20,-298,-298.0,-1.0,-298.0,-1.0,call,0,0.5265872478485107
4,7,6,Turn,0,♣10 ♣8,♣K ♣3 ♥3 ♥4,80,0.125,0.33071891388307384,1798,20,71,5,51,-318,-91.0,-0.25,-126.5,-0.75,call,0,0.5271110534667969
5,7,6,River,1,♣10 ♣8,♣K ♣3 ♥3 ♥4 ♠Q,5,0.0,0.0,2224,0,0,7,20,-369,-369.0,-1.0,-369.0,-1.0,call,0,0.5214719772338867
6,7,6,River,0,♣10 ♣8,♣K ♣3 ♥3 ♥4 ♠Q,80,0.0,0.0,2224,20,51,3,31,-389,-420.0,-1.0,-420.0,-1.0,fold,0,0.5228109359741211
