,N,Nnf,round,first,hole,board,Nsim,prWin,prWinStd,pot,bet,maxBet,NMaxBet,minBet,util_fold,util_call,util_raise_coeff,util_call2,util_raise_coeff2,action,amount,cputime
0,7,5,Deal,0,♥6 ♠8,,90,0.1349206349206349,0.33136227519137573,0,20,69,3,49,-20,-22.452380952380956,-0.32539682539682546,-50.38095238095238,-0.7301587301587302,fold,0,0.5228981971740723
