,N,Nnf,round,first,hole,board,Nsim,prWin,prWinStd,pot,bet,maxBet,NMaxBet,minBet,util_fold,util_call,util_raise_coeff,util_call2,util_raise_coeff2,action,amount,cputime
0,7,7,Deal,0,♥9 ♥2,,75,0.16190476190476188,0.35692056574178116,0,0,52,1,52,0,6.933333333333323,0.1333333333333333,-35.161904761904765,-0.6761904761904762,raise,0,0.5221037864685059
1,7,7,Deal,0,♥9 ♥2,,180,0.16375661375661374,0.35981938475010944,0,104,210,1,106,-104,30.7222222222222,0.14629629629629615,-141.22222222222223,-0.6724867724867725,raise,0,0.5241491794586182
2,7,7,Deal,0,♥9 ♥2,,285,0.15079365079365079,0.34994226398614464,0,420,614,4,194,-420,34.111111111111086,0.05555555555555558,-428.82539682539687,-0.6984126984126984,raise,0,0.5289857387542725
3,7,7,Deal,0,♥9 ♥2,,355,0.14359490274983233,0.34216213173796334,0,614,2712,1,2098,-614,14.005633802817101,0.00516431924882621,-1933.1412474849094,-0.7128101945003353,raise,0,0.5250799655914307
