,N,Nnf,round,first,hole,board,Nsim,prWin,prWinStd,pot,bet,maxBet,NMaxBet,minBet,util_fold,util_call,util_raise_coeff,util_call2,util_raise_coeff2,action,amount,cputime
0,7,7,Deal,0,♦8 ♦K,,15,0.2,0.4000000000000001,0,0,20,1,20,0,8.0,0.40000000000000013,-12.0,-0.6,raise,0,0.5277118682861328
1,7,7,Deal,0,♦8 ♦K,,120,0.2152777777777778,0.4010379088328031,0,40,142,1,102,-40,71.98611111111111,0.5069444444444446,-80.86111111111111,-0.5694444444444444,raise,0,0.5280721187591553
2,7,7,Deal,0,♦8 ♦K,,230,0.2144927536231884,0.40394504899119,0,284,568,1,284,-284,284.82318840579705,0.5014492753623188,-324.33623188405795,-0.5710144927536231,raise,0,0.52960205078125
3,7,6,Flop,0,♦8 ♦K,♥9 ♥8 ♣6,45,0.2,0.4,3976,0,46,1,46,-568,236.4000000000001,0.20000000000000018,199.60000000000002,-0.6,raise,0,0.5315771102905273
4,7,6,Turn,0,♦8 ♦K,♥9 ♥8 ♣6 ♠9,15,0.2,0.4000000000000001,4528,0,65,1,65,-660,258.6,0.20000000000000018,206.60000000000002,-0.6,raise,0,0.5278079509735107
5,7,6,River,0,♦8 ♦K,♥9 ♥8 ♣6 ♠9 ♠7,15,0.13333333333333333,0.3399346342395189,5308,0,20,1,20,-790,-86.26666666666665,-0.19999999999999996,-96.93333333333328,-0.7333333333333334,call,0,0.5220229625701904
6,7,6,River,0,♦8 ♦K,♥9 ♥8 ♣6 ♠9 ♠7,90,0.11666666666666667,0.31666666666666665,5308,20,77,4,57,-810,-193.83333333333337,-0.30000000000000004,-229.76666666666665,-0.7666666666666666,call,0,0.5229601860046387
7,7,6,River,0,♦8 ♦K,♥9 ♥8 ♣6 ♠9 ♠7,170,0.16176470588235295,0.36623257307052126,5308,77,112,5,35,-867,65.35294117647072,-0.02941176470588225,-7.117647058823422,-0.6764705882352942,call,0,0.522406816482544
