,N,Nnf,round,first,hole,board,Nsim,prWin,prWinStd,pot,bet,maxBet,NMaxBet,minBet,util_fold,util_call,util_raise_coeff,util_call2,util_raise_coeff2,action,amount,cputime
0,8,7,Deal,0,♥4 ♠3,,90,0.07777777777777778,0.26782157318208777,0,40,120,4,80,-40,-54.66666666666666,-0.4555555555555555,-101.33333333333333,-0.8444444444444444,fold,0,0.5250129699707031
