,N,Nnf,round,first,hole,board,Nsim,prWin,prWinStd,pot,bet,maxBet,NMaxBet,minBet,util_fold,util_call,util_raise_coeff,util_call2,util_raise_coeff2,action,amount,cputime
0,7,7,Deal,0,♦A ♥9,,10,0.3,0.45825756949558394,0,0,20,1,20,0,22.0,1.1,-8.0,-0.4,raise,0,0.5280818939208984
1,7,6,Deal,0,♦A ♥9,,120,0.22083333333333333,0.4072050739151247,0,40,60,5,20,-40,19.5,0.32499999999999996,-33.5,-0.5583333333333333,raise,0,0.5299291610717773
2,7,6,Deal,0,♦A ♥9,,195,0.24615384615384617,0.42477514645905273,0,120,138,2,18,-120,65.81538461538463,0.476923076923077,-70.06153846153846,-0.5076923076923077,raise,0,0.523514986038208
3,7,6,Flop,1,♦A ♥9,♣A ♣4 ♣2,5,0.12857142857142856,0.19378085666072195,1565,0,0,7,20,-276,-74.7857142857143,-0.22857142857142865,-74.7857142857143,-0.7428571428571429,call,0,0.5285329818725586
4,7,6,Flop,0,♦A ♥9,♣A ♣4 ♣2,60,0.1857142857142857,0.3523970395298288,1565,20,52,4,32,-296,20.585714285714232,0.1142857142857141,-18.0428571428572,-0.6285714285714286,raise,0,0.5212829113006592
5,7,6,Flop,0,♦A ♥9,♣A ♣4 ♣2,125,0.16914285714285715,0.35150243126282,1565,104,2647,1,2543,-380,28.035428571428383,0.014857142857142902,-1762.8491428571429,-0.6617142857142857,raise,0,0.5276308059692383
