,N,Nnf,round,first,hole,board,Nsim,prWin,prWinStd,pot,bet,maxBet,NMaxBet,minBet,util_fold,util_call,util_raise_coeff,util_call2,util_raise_coeff2,action,amount,cputime
0,7,7,Deal,0,♦A ♥J,,65,0.23076923076923078,0.40265391779392,0,40,276,1,236,-40,169.84615384615387,0.6153846153846154,-148.6153846153846,-0.5384615384615384,raise,0,0.5253782272338867
1,7,7,Flop,1,♦A ♥J,♥Q ♠7 ♦2,5,0.2,0.4,1940,0,0,7,40,-552,-164.0,0.40000000000000013,-164.0,-0.6,raise,0,0.5251772403717041
2,7,7,Turn,1,♦A ♥J,♥Q ♠7 ♦2 ♣7,5,0.1,0.2,2060,0,0,7,40,-592,-386.0,-0.29999999999999993,-386.0,-0.8,call,0,0.5283629894256592
3,7,7,Turn,0,♦A ♥J,♥Q ♠7 ♦2 ♣7,40,0.075,0.23848480035423641,2060,40,146,1,106,-632,-506.85,-0.475,-561.6,-0.85,call,0,0.5257718563079834
4,7,7,River,1,♦A ♥J,♥Q ♠7 ♦2 ♣7 ♥7,5,0.2,0.4000000000000001,2498,0,0,7,40,-738,-238.39999999999998,0.40000000000000013,-238.39999999999998,-0.6,raise,0,0.5232131481170654
5,7,7,River,0,♦A ♥J,♥Q ♠7 ♦2 ♣7 ♥7,45,0.05185185185185184,0.21029732691227243,2498,40,138,1,98,-778,-696.3851851851853,-0.6370370370370371,-732.162962962963,-0.8962962962962964,call,0,0.5265781879425049
6,7,7,River,0,♦A ♥J,♥Q ♠7 ♦2 ♣7 ♥7,85,0.0392156862745098,0.17082471776176078,2498,138,223,2,85,-876,-801.8235294117648,-0.7254901960784313,-845.5490196078431,-0.9215686274509804,call,0,0.5259897708892822
