,N,Nnf,round,first,hole,board,Nsim,prWin,prWinStd,pot,bet,maxBet,NMaxBet,minBet,util_fold,util_call,util_raise_coeff,util_call2,util_raise_coeff2,action,amount,cputime
0,8,7,Deal,0,♥4 ♣4,,80,0.1375,0.3443744328488978,0,40,118,4,78,-40,-4.424999999999983,-0.03749999999999987,-85.55,-0.725,call,0,0.5213570594787598
1,8,7,Flop,1,♥4 ♣4,♦5 ♠J ♥7,5,0.0,0.0,610,0,0,8,40,-118,-118.0,-1.0,-118.0,-1.0,call,0,0.5206899642944336
2,8,7,Flop,0,♥4 ♣4,♦5 ♠J ♥7,60,0.05,0.21794494717703364,610,40,100,1,60,-158,-152.5,-0.6499999999999999,-177.5,-0.9,call,0,0.5203709602355957
3,8,7,Flop,0,♥4 ♣4,♦5 ♠J ♥7,105,0.0380952380952381,0.1914262023070646,610,100,195,3,95,-218,-237.76190476190476,-0.7333333333333333,-274.9047619047619,-0.9238095238095239,fold,0,0.519463300704956
