,N,Nnf,round,first,hole,board,Nsim,prWin,prWinStd,pot,bet,maxBet,NMaxBet,minBet,util_fold,util_call,util_raise_coeff,util_call2,util_raise_coeff2,action,amount,cputime
0,7,6,Deal,0,♠7 ♥4,,80,0.13303571428571428,0.32315878568484896,0,40,61,1,21,-40,-12.308928571428567,-0.20178571428571423,-44.769642857142856,-0.7339285714285715,call,0,0.523385763168335
1,7,6,Deal,0,♠7 ♥4,,130,0.10494505494505495,0.2953310758974986,0,61,136,1,75,-61,-50.364835164835156,-0.37032967032967035,-107.45494505494506,-0.7901098901098901,call,0,0.5245249271392822
2,7,6,Flop,1,♠7 ♥4,♣10 ♣J ♦3,5,0.0,0.0,564,0,0,7,40,-136,-136.0,-1.0,-136.0,-1.0,call,0,0.5270061492919922
3,7,6,Flop,0,♠7 ♥4,♣10 ♣J ♦3,55,0.05151515151515151,0.20068752351270838,564,40,145,2,105,-176,-207.12727272727273,-0.6909090909090909,-237.0060606060606,-0.896969696969697,fold,0,0.5214099884033203
