,N,Nnf,round,first,hole,board,Nsim,prWin,prWinStd,pot,bet,maxBet,NMaxBet,minBet,util_fold,util_call,util_raise_coeff,util_call2,util_raise_coeff2,action,amount,cputime
0,8,8,Deal,0,♠5 ♦9,,40,0.09583333333333333,0.27357585785299116,0,0,20,2,20,0,-4.666666666666668,-0.2333333333333334,-16.166666666666668,-0.8083333333333333,fold,0,0.5278480052947998
