,N,Nnf,round,first,hole,board,Nsim,prWin,prWinStd,pot,bet,maxBet,NMaxBet,minBet,util_fold,util_call,util_raise_coeff,util_call2,util_raise_coeff2,action,amount,cputime
0,7,7,Deal,0,♥9 ♠8,,65,0.11758241758241758,0.30055698405488934,0,40,296,1,256,-40,-52.369230769230796,-0.17692307692307696,-226.39120879120878,-0.7648351648351648,fold,0,0.5278620719909668
