,N,Nnf,round,first,hole,board,Nsim,prWin,prWinStd,pot,bet,maxBet,NMaxBet,minBet,util_fold,util_call,util_raise_coeff,util_call2,util_raise_coeff2,action,amount,cputime
0,7,7,Deal,0,♦2 ♠8,,15,0.24285714285714285,0.39880774697543053,0,0,20,1,20,0,14.0,0.7,-10.285714285714286,-0.5142857142857142,raise,0,0.527587890625
1,7,6,Deal,0,♦2 ♠8,,120,0.11071428571428571,0.30372545112299026,0,40,83,1,43,-40,-27.86428571428572,-0.33571428571428574,-64.62142857142857,-0.7785714285714286,call,0,0.5190956592559814
2,7,6,Deal,0,♦2 ♠8,,195,0.06813186813186813,0.24427428669930573,0,83,120,5,37,-83,-70.94505494505495,-0.5912087912087912,-103.64835164835165,-0.8637362637362638,call,0,0.524907112121582
3,7,6,Flop,0,♦2 ♠8,♠A ♠2 ♣3,15,0.13333333333333333,0.339934634239519,740,0,51,1,51,-120,-31.53333333333333,-0.19999999999999996,-58.733333333333334,-0.7333333333333334,call,0,0.5278756618499756
4,7,6,Flop,0,♦2 ♠8,♠A ♠2 ♣3,90,0.17777777777777778,0.3823255674241167,740,51,107,1,56,-171,18.688888888888897,0.06666666666666665,-57.39999999999998,-0.6444444444444444,raise,0,0.5202748775482178
5,7,6,Turn,0,♦2 ♠8,♠A ♠2 ♣3 ♥J,15,0.0,0.0,2024,0,20,1,20,-334,-354.0,-1.0,-354.0,-1.0,fold,0,0.5269501209259033
