,N,Nnf,round,first,hole,board,Nsim,prWin,prWinStd,pot,bet,maxBet,NMaxBet,minBet,util_fold,util_call,util_raise_coeff,util_call2,util_raise_coeff2,action,amount,cputime
0,7,7,Deal,0,♥A ♣8,,105,0.16643990929705213,0.36151511483465926,0,20,156,1,136,-20,25.752380952380918,0.16507936507936494,-104.07074829931975,-0.6671201814058958,raise,0,0.5299849510192871
1,7,7,Deal,0,♥A ♣8,,210,0.19591836734693877,0.3829279435958933,0,312,624,1,312,-312,231.7714285714285,0.37142857142857144,-379.49387755102043,-0.6081632653061224,raise,0,0.520474910736084
