,N,Nnf,round,first,hole,board,Nsim,prWin,prWinStd,pot,bet,maxBet,NMaxBet,minBet,util_fold,util_call,util_raise_coeff,util_call2,util_raise_coeff2,action,amount,cputime
0,7,6,Deal,0,♥3 ♠9,,70,0.1520408163265306,0.3412636072686053,0,20,40,3,20,-20,-3.510204081632658,-0.08775510204081638,-27.836734693877553,-0.6959183673469388,call,0,0.5300228595733643
1,7,6,Deal,0,♥3 ♠9,,120,0.12202380952380952,0.31601201127463696,0,40,164,1,124,-40,-43.928571428571416,-0.2678571428571429,-123.97619047619048,-0.7559523809523809,fold,0,0.5200049877166748
