,N,Nnf,round,first,hole,board,Nsim,prWin,prWinStd,pot,bet,maxBet,NMaxBet,minBet,util_fold,util_call,util_raise_coeff,util_call2,util_raise_coeff2,action,amount,cputime
0,7,7,Deal,0,♦A ♦5,,10,0.3,0.45825756949558405,0,0,40,1,40,0,44.0,1.1,-16.0,-0.4,raise,0,0.5263590812683105
1,7,7,Deal,0,♦A ♦5,,80,0.2270833333333333,0.3928561282454431,0,80,200,1,120,-80,117.91666666666663,0.5895833333333331,-109.16666666666669,-0.5458333333333334,raise,0,0.5256977081298828
2,7,6,Flop,0,♦A ♦5,♥4 ♣4 ♦2,45,0.07777777777777778,0.23465235646603197,1600,0,45,1,45,-400,-299.55555555555554,-0.5333333333333333,-313.55555555555554,-0.8444444444444444,call,0,0.5250191688537598
3,7,6,Flop,0,♦A ♦5,♥4 ♣4 ♦2,85,0.09705882352941177,0.2714181645896313,1600,45,46,2,1,-445,-263.9176470588235,-0.41764705882352937,-281.77647058823527,-0.8058823529411765,call,0,0.5221619606018066
