,N,Nnf,round,first,hole,board,Nsim,prWin,prWinStd,pot,bet,maxBet,NMaxBet,minBet,util_fold,util_call,util_raise_coeff,util_call2,util_raise_coeff2,action,amount,cputime
0,7,6,Deal,0,♦10 ♦A,,105,0.2507936507936508,0.4198285172246301,0,20,49,3,29,-20,24.73333333333332,0.5047619047619047,-24.422222222222224,-0.4984126984126984,raise,0,0.5261490345001221
1,7,6,Deal,0,♦10 ♦A,,175,0.2476190476190476,0.4234616014364896,0,98,104,1,6,-98,50.514285714285705,0.48571428571428554,-52.4952380952381,-0.5047619047619047,raise,0,0.5240609645843506
2,7,6,Flop,1,♦10 ♦A,♠3 ♦9 ♠4,5,0.0,0.0,1258,0,0,7,20,-208,-208.0,-1.0,-208.0,-1.0,call,0,0.5242278575897217
3,7,5,Flop,0,♦10 ♦A,♠3 ♦9 ♠4,80,0.10625,0.3030444480600164,1258,20,70,2,50,-228,-107.15,-0.46875,-129.4625,-0.7875,call,0,0.5255680084228516
4,7,5,Flop,0,♦10 ♦A,♠3 ♦9 ♠4,145,0.0896551724137931,0.27958692138792396,1258,70,89,4,19,-278,-144.31724137931036,-0.5517241379310345,-168.2551724137931,-0.8206896551724138,call,0,0.5290079116821289
5,7,5,Turn,1,♦10 ♦A,♠3 ♦9 ♠4 ♠J,5,0.0,0.0,1703,0,0,7,20,-297,-297.0,-1.0,-297.0,-1.0,call,0,0.5277900695800781
6,7,5,Turn,0,♦10 ♦A,♠3 ♦9 ♠4 ♠J,70,0.014285714285714285,0.11866605518454394,1703,20,72,1,52,-317,-339.5285714285714,-0.9285714285714286,-342.6142857142857,-0.9714285714285714,fold,0,0.5210716724395752
