,N,Nnf,round,first,hole,board,Nsim,prWin,prWinStd,pot,bet,maxBet,NMaxBet,minBet,util_fold,util_call,util_raise_coeff,util_call2,util_raise_coeff2,action,amount,cputime
0,8,8,Deal,0,♦5 ♠J,,70,0.19285714285714287,0.38998953413481996,0,10,154,1,144,-10,83.60000000000002,0.5428571428571429,-94.6,-0.6142857142857143,raise,0,0.5265111923217773
1,8,8,Flop,1,♦5 ♠J,♣9 ♥J ♠A,5,0.0,0.0,1848,0,0,8,20,-308,-308.0,-1.0,-308.0,-1.0,call,0,0.523468017578125
2,8,8,Flop,0,♦5 ♠J,♣9 ♥J ♠A,85,0.14509803921568626,0.322153938859907,1848,20,94,1,74,-328,-24.74509803921569,0.16078431372549007,-106.58039215686279,-0.7098039215686275,raise,0,0.525252103805542
3,8,7,Flop,0,♦5 ♠J,♣9 ♥J ♠A,170,0.14901960784313725,0.33286587753326413,1848,188,376,1,188,-496,-16.392156862745082,0.04313725490196085,-296.54901960784315,-0.7019607843137254,raise,0,0.5223109722137451
4,8,5,Turn,1,♦5 ♠J,♣9 ♥J ♠A ♥4,5,0.2,0.4,4051,0,0,8,20,-1060,-249.79999999999995,0.0,-249.79999999999995,-0.6,call,0,0.5261938571929932
5,8,5,River,1,♦5 ♠J,♣9 ♥J ♠A ♥4 ♣6,5,0.0,0.0,4091,0,0,8,20,-1080,-1080.0,-1.0,-1080.0,-1.0,call,0,0.5284030437469482
6,8,5,River,0,♦5 ♠J,♣9 ♥J ♠A ♥4 ♣6,25,0.08,0.2712931993250107,4091,20,27,1,7,-1100,-768.92,-0.6,-775.4,-0.84,call,0,0.5274512767791748
