,N,Nnf,round,first,hole,board,Nsim,prWin,prWinStd,pot,bet,maxBet,NMaxBet,minBet,util_fold,util_call,util_raise_coeff,util_call2,util_raise_coeff2,action,amount,cputime
0,8,7,Deal,0,♣6 ♥K,,40,0.175,0.3799671038392666,0,0,40,1,40,0,9.0,0.22499999999999987,-26.0,-0.65,raise,0,0.5245680809020996
1,8,7,Deal,0,♣6 ♥K,,95,0.13157894736842105,0.3341172683811342,0,80,199,1,119,-80,-15.71052631578948,-0.07894736842105265,-146.63157894736844,-0.736842105263158,call,0,0.5236022472381592
2,8,7,Deal,0,♣6 ♥K,,155,0.16774193548387098,0.3692949662700305,0,199,275,2,76,-199,47.903225806451644,0.17419354838709689,-182.74193548387098,-0.6645161290322581,raise,0,0.5285952091217041
3,8,7,Flop,0,♣6 ♥K,♥J ♠7 ♦A,15,0.0,0.0,2549,0,146,1,146,-550,-696.0,-1.0,-696.0,-1.0,fold,0,0.5251038074493408
