,N,Nnf,round,first,hole,board,Nsim,prWin,prWinStd,pot,bet,maxBet,NMaxBet,minBet,util_fold,util_call,util_raise_coeff,util_call2,util_raise_coeff2,action,amount,cputime
0,8,8,Deal,0,♦6 ♦A,,90,0.1759259259259259,0.3508025288764577,0,10,92,1,82,-10,37.48148148148147,0.4074074074074072,-59.62962962962963,-0.6481481481481481,raise,0,0.5282628536224365
1,8,8,Flop,1,♦6 ♦A,♣A ♥K ♦9,5,0.5,0.4472135954999579,1406,0,0,8,20,-184,519.0,3.0,519.0,0.0,raise,0,0.5240890979766846
2,8,7,Flop,0,♦6 ♦A,♣A ♥K ♦9,85,0.3588235294117647,0.43798848162320664,1406,20,312,3,292,-204,792.1764705882351,1.511764705882353,232.41176470588232,-0.2823529411764706,raise,0,0.5234220027923584
3,8,7,Turn,1,♦6 ♦A,♣A ♥K ♦9 ♣10,0,,,4214,0,0,8,20,-808,,,,,call,0,0.5289630889892578
4,8,7,Turn,0,♦6 ♦A,♣A ♥K ♦9 ♣10,50,0.2,0.36055512754639896,4214,20,49,2,29,-828,54.40000000000009,0.40000000000000013,5.400000000000091,-0.6,raise,0,0.5293726921081543
