,N,Nnf,round,first,hole,board,Nsim,prWin,prWinStd,pot,bet,maxBet,NMaxBet,minBet,util_fold,util_call,util_raise_coeff,util_call2,util_raise_coeff2,action,amount,cputime
0,7,7,Deal,0,♦10 ♥3,,55,0.15454545454545454,0.35512772699317474,0,20,262,1,242,-20,21.436363636363637,0.08181818181818179,-181.0181818181818,-0.6909090909090909,raise,0,0.5213198661804199
1,7,7,Deal,0,♦10 ♥3,,125,0.13066666666666665,0.32220352436171634,0,524,1048,1,524,-524,-89.42933333333349,-0.08533333333333348,-774.1226666666666,-0.7386666666666667,call,0,0.5252420902252197
2,7,7,Flop,1,♦10 ♥3,♠7 ♠Q ♣10,5,0.1,0.20000000000000004,4144,0,0,7,40,-1048,-633.5999999999999,-0.29999999999999993,-633.5999999999999,-0.8,call,0,0.5231199264526367
3,7,7,Flop,0,♦10 ♥3,♠7 ♠Q ♣10,65,0.1,0.29351975428213717,4144,40,80,1,40,-1088,-657.5999999999999,-0.29999999999999993,-697.5999999999999,-0.8,call,0,0.5204117298126221
4,7,7,Flop,0,♦10 ♥3,♠7 ♠Q ♣10,125,0.124,0.3265333061113368,4144,80,102,1,22,-1128,-547.608,-0.132,-610.848,-0.752,call,0,0.5241959095001221
5,7,7,Turn,1,♦10 ♥3,♠7 ♠Q ♣10 ♠6,5,0.2,0.4,4439,0,0,7,40,-1150,-262.19999999999993,0.40000000000000013,-262.19999999999993,-0.6,raise,0,0.5287289619445801
6,7,7,River,1,♦10 ♥3,♠7 ♠Q ♣10 ♠6 ♣4,5,0.2,0.4000000000000001,4519,0,0,7,40,-1190,-286.19999999999993,0.40000000000000013,-286.19999999999993,-0.6,raise,0,0.5226831436157227
