,N,Nnf,round,first,hole,board,Nsim,prWin,prWinStd,pot,bet,maxBet,NMaxBet,minBet,util_fold,util_call,util_raise_coeff,util_call2,util_raise_coeff2,action,amount,cputime
0,7,6,Deal,0,♠8 ♥A,,65,0.17142857142857143,0.36395697297752644,0,40,150,1,110,-40,4.285714285714278,0.02857142857142847,-98.57142857142857,-0.6571428571428571,raise,0,0.5310089588165283
1,7,6,Flop,1,♠8 ♥A,♠9 ♥6 ♥4,5,0.7,0.4,920,0,0,7,40,-300,344.0,3.1999999999999993,344.0,0.3999999999999999,raise,0,0.5316550731658936
2,7,6,Flop,0,♠8 ♥A,♠9 ♥6 ♥4,45,0.2296296296296296,0.4010616911520463,920,40,118,2,78,-340,-44.16296296296298,0.37777777777777755,-152.5481481481482,-0.5407407407407407,raise,0,0.5234169960021973
3,7,6,Turn,1,♠8 ♥A,♠9 ♥6 ♥4 ♦Q,5,0.0,0.0,1628,0,0,7,40,-536,-536.0,-1.0,-536.0,-1.0,call,0,0.5293521881103516
4,7,6,Turn,0,♠8 ♥A,♠9 ♥6 ♥4 ♦Q,40,0.05,0.21794494717703367,1628,40,131,1,91,-576,-546.3,-0.7,-572.5,-0.9,call,0,0.5237438678741455
5,7,6,River,1,♠8 ♥A,♠9 ♥6 ♥4 ♦Q ♣6,5,0.0,0.0,2021,0,0,7,40,-667,-667.0,-1.0,-667.0,-1.0,call,0,0.5235919952392578
6,7,6,River,0,♠8 ♥A,♠9 ♥6 ♥4 ♦Q ♣6,45,0.0,0.0,2021,40,148,2,108,-707,-815.0,-1.0,-815.0,-1.0,fold,0,0.5222699642181396
