,N,Nnf,round,first,hole,board,Nsim,prWin,prWinStd,pot,bet,maxBet,NMaxBet,minBet,util_fold,util_call,util_raise_coeff,util_call2,util_raise_coeff2,action,amount,cputime
0,7,7,Deal,0,♣Q ♠6,,55,0.15714285714285714,0.3545097741429624,0,0,58,1,58,0,5.799999999999997,0.10000000000000009,-39.77142857142857,-0.6857142857142857,raise,0,0.5309429168701172
1,7,7,Deal,0,♣Q ♠6,,165,0.11601731601731602,0.3045066079458964,0,116,232,1,116,-116,-43.587878787878765,-0.18787878787878787,-178.16796536796537,-0.767965367965368,call,0,0.5249660015106201
2,7,7,Flop,0,♣Q ♠6,♦A ♣10 ♠2,60,0.06666666666666667,0.2494438257849294,1498,0,120,1,120,-232,-196.13333333333333,-0.5333333333333333,-236.13333333333333,-0.8666666666666667,call,0,0.5254671573638916
3,7,7,Turn,0,♣Q ♠6,♦A ♣10 ♠2 ♦Q,60,0.13055555555555556,0.32502374082329044,1978,0,92,1,92,-352,-101.68333333333334,-0.08611111111111103,-161.73888888888888,-0.7388888888888889,call,0,0.5314829349517822
4,7,7,Turn,0,♣Q ♠6,♦A ♣10 ♠2 ♦Q,140,0.15833333333333333,0.348081476504732,1978,92,186,1,94,-444,-18.66666666666663,0.10833333333333339,-165.91666666666669,-0.6833333333333333,raise,0,0.5252900123596191
5,7,7,Turn,0,♣Q ♠6,♦A ♣10 ♠2 ♦Q,215,0.14961240310077517,0.3352173187683408,1978,372,648,1,276,-724,-25.424806201550496,0.047286821705426085,-510.16899224806207,-0.7007751937984497,raise,0,0.5217251777648926
6,7,7,River,0,♣Q ♠6,♦A ♣10 ♠2 ♦Q ♥Q,15,0.6666666666666666,0.39440531887330776,5354,0,79,1,79,-1648,2210.9999999999995,3.666666666666666,1947.6666666666665,0.33333333333333326,raise,0,0.527982234954834
