,N,Nnf,round,first,hole,board,Nsim,prWin,prWinStd,pot,bet,maxBet,NMaxBet,minBet,util_fold,util_call,util_raise_coeff,util_call2,util_raise_coeff2,action,amount,cputime
0,7,7,Deal,0,♠2 ♠8,,55,0.05714285714285714,0.22726901666729724,0,0,186,1,186,0,-111.60000000000001,-0.6000000000000001,-164.74285714285713,-0.8857142857142857,fold,0,0.5318930149078369
