,N,Nnf,round,first,hole,board,Nsim,prWin,prWinStd,pot,bet,maxBet,NMaxBet,minBet,util_fold,util_call,util_raise_coeff,util_call2,util_raise_coeff2,action,amount,cputime
0,7,6,Deal,0,♦7 ♦K,,45,0.2111111111111111,0.40123266856150636,0,0,80,1,80,0,21.333333333333343,0.2666666666666666,-46.22222222222222,-0.5777777777777777,raise,0,0.5202810764312744
1,7,6,Deal,0,♦7 ♦K,,85,0.2,0.3850133687518487,0,160,263,2,103,-160,52.60000000000002,0.20000000000000018,-157.8,-0.6,raise,0,0.5261068344116211
2,7,6,Flop,0,♦7 ♦K,♣8 ♣J ♣A,25,0.0,0.0,1578,0,80,2,80,-526,-606.0,-1.0,-606.0,-1.0,fold,0,0.5224330425262451
