,N,Nnf,round,first,hole,board,Nsim,prWin,prWinStd,pot,bet,maxBet,NMaxBet,minBet,util_fold,util_call,util_raise_coeff,util_call2,util_raise_coeff2,action,amount,cputime
0,7,7,Deal,0,♠6 ♣Q,,65,0.16373626373626374,0.3622108714168303,0,160,163,2,3,-160,23.82307692307691,0.14615384615384608,-109.62197802197802,-0.6725274725274726,raise,0,0.5318043231964111
1,7,7,Deal,0,♠6 ♣Q,,135,0.10846560846560846,0.3003967962741616,0,326,671,1,345,-326,-161.53703703703707,-0.2407407407407408,-525.4391534391534,-0.783068783068783,call,0,0.5184061527252197
2,7,7,Deal,0,♠6 ♣Q,,175,0.11224489795918367,0.298238616524597,0,671,707,2,36,-671,-151.5,-0.2142857142857143,-548.2857142857142,-0.7755102040816326,call,0,0.5258519649505615
3,7,7,Flop,1,♠6 ♣Q,♣8 ♣4 ♠9,5,0.2,0.4000000000000001,2473,0,0,7,160,-707,-212.39999999999998,0.40000000000000013,-212.39999999999998,-0.6,raise,0,0.5231709480285645
4,7,7,Flop,0,♠6 ♣Q,♣8 ♣4 ♠9,45,0.1111111111111111,0.3142696805273545,2473,160,377,2,217,-867,-516.0,-0.22222222222222232,-725.4444444444445,-0.7777777777777778,call,0,0.5262432098388672
5,7,7,Turn,1,♠6 ♣Q,♣8 ♣4 ♠9 ♠8,5,0.0,0.0,3604,0,0,7,160,-1084,-1084.0,-1.0,-1084.0,-1.0,call,0,0.5247910022735596
6,7,7,Turn,0,♠6 ♣Q,♣8 ♣4 ♠9 ♠8,45,0.044444444444444446,0.20608041101101565,3604,160,478,1,318,-1244,-1253.111111111111,-0.6888888888888889,-1359.3333333333335,-0.9111111111111111,fold,0,0.5273058414459229
