,N,Nnf,round,first,hole,board,Nsim,prWin,prWinStd,pot,bet,maxBet,NMaxBet,minBet,util_fold,util_call,util_raise_coeff,util_call2,util_raise_coeff2,action,amount,cputime
0,7,7,Deal,0,♣Q ♦6,,70,0.061224489795918366,0.23233060360420751,0,0,148,1,148,0,-84.57142857142857,-0.5714285714285714,-129.87755102040816,-0.8775510204081632,fold,0,0.5255229473114014
