,N,Nnf,round,first,hole,board,Nsim,prWin,prWinStd,pot,bet,maxBet,NMaxBet,minBet,util_fold,util_call,util_raise_coeff,util_call2,util_raise_coeff2,action,amount,cputime
0,7,7,Deal,0,♠A ♦K,,10,0.2,0.4000000000000001,0,0,160,1,160,0,64.0,0.40000000000000013,-96.0,-0.6,raise,0,0.5265882015228271
1,7,6,Deal,0,♠A ♦K,,50,0.26,0.4386342439892262,0,320,564,1,244,-320,315.84000000000015,0.56,-270.71999999999997,-0.48,raise,0,0.5231790542602539
2,7,6,Flop,1,♠A ♦K,♣9 ♠6 ♣5,5,0.2,0.4,3063,0,0,7,160,-1128,-515.4,0.20000000000000018,-515.4,-0.6,raise,0,0.5255417823791504
3,7,6,Flop,0,♠A ♦K,♣9 ♠6 ♣5,25,0.2,0.4,3063,160,445,1,285,-1288,-426.4000000000001,0.20000000000000018,-782.4,-0.6,raise,0,0.5244312286376953
4,7,6,Turn,1,♠A ♦K,♣9 ♠6 ♣5 ♦J,5,0.2,0.4000000000000001,4843,0,0,7,160,-2018,-1049.4,0.20000000000000018,-1049.4,-0.6,raise,0,0.5289051532745361
5,7,6,Turn,0,♠A ♦K,♣9 ♠6 ♣5 ♦J,25,0.16,0.36660605559646714,4843,160,568,1,408,-2178,-1265.8400000000001,-0.040000000000000036,-1629.3600000000001,-0.6799999999999999,call,0,0.529303789138794
6,7,6,River,1,♠A ♦K,♣9 ♠6 ♣5 ♦J ♠5,5,0.0,0.0,5979,0,0,7,160,-2586,-2586.0,-1.0,-2586.0,-1.0,call,0,0.5229818820953369
7,7,6,River,0,♠A ♦K,♣9 ♠6 ♣5 ♦J ♠5,30,0.0,0.0,5979,160,162,1,2,-2746,-2748.0,-1.0,-2748.0,-1.0,fold,0,0.5272760391235352
