,N,Nnf,round,first,hole,board,Nsim,prWin,prWinStd,pot,bet,maxBet,NMaxBet,minBet,util_fold,util_call,util_raise_coeff,util_call2,util_raise_coeff2,action,amount,cputime
0,7,7,Deal,0,♥9 ♥6,,75,0.17523809523809522,0.35994960594625147,0,40,166,1,126,-40,37.626666666666665,0.22666666666666657,-107.82095238095238,-0.6495238095238096,raise,0,0.5237329006195068
1,7,7,Flop,1,♥9 ♥6,♥8 ♣3 ♦A,5,0.0,0.0,1494,0,0,7,40,-332,-332.0,-1.0,-332.0,-1.0,call,0,0.523118257522583
2,7,7,Flop,0,♥9 ♥6,♥8 ♣3 ♦A,55,0.03636363636363636,0.18719327529067276,1494,40,105,2,65,-372,-355.94545454545454,-0.7454545454545455,-375.03636363636366,-0.9272727272727272,call,0,0.5234670639038086
3,7,7,Flop,0,♥9 ♥6,♥8 ♣3 ♦A,105,0.08571428571428572,0.27994168488950605,1494,105,3502,1,3397,-437,-1604.7428571428572,-0.4,-3105.6,-0.8285714285714285,fold,0,0.5203728675842285
