,N,Nnf,round,first,hole,board,Nsim,prWin,prWinStd,pot,bet,maxBet,NMaxBet,minBet,util_fold,util_call,util_raise_coeff,util_call2,util_raise_coeff2,action,amount,cputime
0,8,8,Deal,0,♦3 ♦K,,60,0.16388888888888886,0.35938690935714945,0,0,104,1,104,0,32.355555555555526,0.3111111111111109,-69.91111111111113,-0.6722222222222223,raise,0,0.5223698616027832
1,8,7,Flop,0,♦3 ♦K,♦7 ♣2 ♥7,65,0.08461538461538462,0.2713106475161292,1538,0,35,1,35,-208,-92.13076923076923,-0.4076923076923077,-106.93846153846152,-0.8307692307692307,call,0,0.5250170230865479
2,8,7,Flop,0,♦3 ♦K,♦7 ♣2 ♥7,130,0.07307692307692308,0.2565416330100353,1538,35,73,2,38,-243,-131.26538461538462,-0.4884615384615384,-157.93846153846152,-0.8538461538461538,call,0,0.5296781063079834
3,8,7,Turn,0,♦3 ♦K,♦7 ♣2 ♥7 ♥4,35,0.0,0.0,1976,0,64,3,64,-281,-345.0,-1.0,-345.0,-1.0,fold,0,0.5313892364501953
