,N,Nnf,round,first,hole,board,Nsim,prWin,prWinStd,pot,bet,maxBet,NMaxBet,minBet,util_fold,util_call,util_raise_coeff,util_call2,util_raise_coeff2,action,amount,cputime
0,8,7,Deal,0,♦10 ♦2,,55,0.2,0.38847019307675446,0,0,60,2,60,0,24.0,0.40000000000000013,-36.0,-0.6,raise,0,0.523780107498169
1,8,7,Deal,0,♦10 ♦2,,135,0.1259259259259259,0.320407833390847,0,120,123,2,3,-120,-14.577777777777783,-0.11851851851851858,-92.02222222222223,-0.7481481481481482,call,0,0.5243301391601562
2,8,7,Deal,0,♦10 ♦2,,220,0.13636363636363635,0.33309219928293204,0,123,156,3,33,-123,-7.090909090909122,-0.045454545454545525,-113.45454545454547,-0.7272727272727273,call,0,0.5244090557098389
3,8,7,Flop,0,♦10 ♦2,♣3 ♣K ♠Q,45,0.03333333333333333,0.16329931618554516,1092,0,66,1,66,-156,-170.2,-0.7666666666666666,-181.2,-0.9333333333333333,fold,0,0.5291337966918945
