,N,Nnf,round,first,hole,board,Nsim,prWin,prWinStd,pot,bet,maxBet,NMaxBet,minBet,util_fold,util_call,util_raise_coeff,util_call2,util_raise_coeff2,action,amount,cputime
0,7,6,Deal,0,♥10 ♠J,,40,0.22857142857142856,0.4009554914481768,0,0,20,1,20,0,7.428571428571427,0.37142857142857144,-10.857142857142858,-0.5428571428571429,raise,0,0.5200140476226807
1,7,6,Deal,0,♥10 ♠J,,80,0.20803571428571427,0.3841890727525302,0,40,71,2,31,-40,17.623214285714283,0.2482142857142855,-41.45892857142857,-0.5839285714285715,raise,0,0.5210361480712891
2,7,6,Flop,0,♥10 ♠J,♠A ♠K ♣5,25,0.24,0.4270831300812524,426,0,58,1,58,-142,-14.240000000000009,0.43999999999999995,-69.92000000000002,-0.52,raise,0,0.5272529125213623
3,7,6,Turn,0,♥10 ♠J,♠A ♠K ♣5 ♦K,25,0.0,0.0,774,0,72,1,72,-258,-330.0,-1.0,-330.0,-1.0,fold,0,0.5238821506500244
