,N,Nnf,round,first,hole,board,Nsim,prWin,prWinStd,pot,bet,maxBet,NMaxBet,minBet,util_fold,util_call,util_raise_coeff,util_call2,util_raise_coeff2,action,amount,cputime
0,7,7,Deal,0,♦J ♦5,,15,0.2,0.4000000000000001,0,0,20,1,20,0,8.0,0.40000000000000013,-12.0,-0.6,raise,0,0.525172233581543
1,7,7,Deal,0,♦J ♦5,,115,0.1797101449275362,0.373097639165925,0,40,126,1,86,-40,32.50434782608693,0.2579710144927534,-80.71304347826089,-0.6405797101449275,raise,0,0.52211594581604
2,7,7,Deal,0,♦J ♦5,,220,0.14318181818181816,0.3409419176114504,0,252,504,1,252,-252,1.1454545454545269,0.002272727272727204,-359.6727272727273,-0.7136363636363636,raise,0,0.5273919105529785
3,7,6,Flop,0,♦J ♦5,♣9 ♣2 ♣3,40,0.025,0.15612494995995996,3528,0,20,1,20,-504,-432.8,-0.85,-434.8,-0.95,call,0,0.5231599807739258
4,7,6,Flop,0,♦J ♦5,♣9 ♣2 ♣3,135,0.022222222222222223,0.134256066373273,3528,20,56,2,36,-524,-474.1333333333333,-0.8666666666666667,-479.1111111111111,-0.9555555555555556,call,0,0.5235960483551025
5,7,5,Flop,0,♦J ♦5,♣9 ♣2 ♣3,225,0.022222222222222223,0.1396645009997393,3528,56,95,4,39,-560,-510.0444444444444,-0.8888888888888888,-516.3777777777777,-0.9555555555555556,call,0,0.5215771198272705
6,7,5,Turn,1,♦J ♦5,♣9 ♣2 ♣3 ♣8,5,0.0,0.0,4059,0,0,7,20,-599,-599.0,-1.0,-599.0,-1.0,call,0,0.5255222320556641
7,7,5,Turn,0,♦J ♦5,♣9 ♣2 ♣3 ♣8,65,0.002197802197802198,0.01758241758241758,4059,20,54,1,34,-619,-643.4857142857143,-0.989010989010989,-643.8417582417583,-0.9956043956043956,fold,0,0.5231189727783203
