,N,Nnf,round,first,hole,board,Nsim,prWin,prWinStd,pot,bet,maxBet,NMaxBet,minBet,util_fold,util_call,util_raise_coeff,util_call2,util_raise_coeff2,action,amount,cputime
0,7,7,Deal,0,♦10 ♦A,,15,0.26666666666666666,0.44221663871405337,0,0,80,1,80,0,69.33333333333331,0.8666666666666667,-37.333333333333336,-0.4666666666666667,raise,0,0.5218079090118408
1,7,6,Flop,0,♦10 ♦A,♣K ♠J ♦6,15,0.13333333333333333,0.33993463423951903,560,0,224,1,224,-160,-130.13333333333333,-0.19999999999999996,-249.6,-0.7333333333333334,call,0,0.5238239765167236
2,7,6,Turn,0,♦10 ♦A,♣K ♠J ♦6 ♣6,15,0.13333333333333333,0.339934634239519,1232,0,69,1,69,-384,-233.53333333333336,-0.19999999999999996,-270.33333333333337,-0.7333333333333334,call,0,0.5265698432922363
3,7,6,Turn,0,♦10 ♦A,♣K ♠J ♦6 ♣6,45,0.13333333333333333,0.3231786571610886,1232,69,80,1,11,-453,-235.73333333333335,-0.19999999999999996,-278.4,-0.7333333333333334,call,0,0.5200667381286621
4,7,6,River,1,♦10 ♦A,♣K ♠J ♦6 ♣6 ♦J,5,0.0,0.0,1461,0,0,7,80,-464,-464.0,-1.0,-464.0,-1.0,call,0,0.5255398750305176
