,N,Nnf,round,first,hole,board,Nsim,prWin,prWinStd,pot,bet,maxBet,NMaxBet,minBet,util_fold,util_call,util_raise_coeff,util_call2,util_raise_coeff2,action,amount,cputime
0,7,7,Deal,0,♥5 ♥J,,100,0.19642857142857142,0.39258107182998997,0,20,72,6,52,-20,27.0,0.375,-43.714285714285715,-0.6071428571428572,raise,0,0.5279889106750488
1,7,6,Flop,1,♥5 ♥J,♦K ♠5 ♣2,5,0.0,0.0,930,0,0,7,20,-144,-144.0,-1.0,-144.0,-1.0,call,0,0.5257229804992676
2,7,6,Flop,0,♥5 ♥J,♦K ♠5 ♣2,70,0.18571428571428572,0.3888759311090343,930,20,75,2,55,-164,37.28571428571428,0.11428571428571432,-18.428571428571416,-0.6285714285714286,raise,0,0.521237850189209
3,7,6,Turn,1,♥5 ♥J,♦K ♠5 ♣2 ♦3,5,0.1,0.20000000000000004,1680,0,0,7,20,-294,-126.0,-0.3999999999999999,-126.0,-0.8,call,0,0.5226070880889893
4,7,6,Turn,0,♥5 ♥J,♦K ♠5 ♣2 ♦3,70,0.09285714285714286,0.2840127907438721,1680,20,68,1,48,-314,-168.1142857142857,-0.44285714285714284,-193.37142857142857,-0.8142857142857143,call,0,0.5270230770111084
5,7,6,River,1,♥5 ♥J,♦K ♠5 ♣2 ♦3 ♥A,5,0.0,0.0,2020,0,0,7,20,-362,-362.0,-1.0,-362.0,-1.0,call,0,0.5226938724517822
6,7,6,River,0,♥5 ♥J,♦K ♠5 ♣2 ♦3 ♥A,65,0.0,0.0,2020,20,76,3,56,-382,-438.0,-1.0,-438.0,-1.0,fold,0,0.5264561176300049
