,N,Nnf,round,first,hole,board,Nsim,prWin,prWinStd,pot,bet,maxBet,NMaxBet,minBet,util_fold,util_call,util_raise_coeff,util_call2,util_raise_coeff2,action,amount,cputime
0,7,7,Deal,0,♠2 ♥K,,65,0.14285714285714285,0.33315013280653366,0,20,202,1,182,-20,-2.842170943040401e-14,0.0,-144.28571428571428,-0.7142857142857143,call,0,0.5285220146179199
1,7,7,Flop,1,♠2 ♥K,♠3 ♦A ♥10,5,0.2,0.4,1010,0,0,7,40,-202,0.0,0.40000000000000013,0.0,-0.6,raise,0,0.529904842376709
2,7,7,Flop,0,♠2 ♥K,♠3 ♦A ♥10,85,0.03529411764705882,0.1845222016630367,1010,40,56,2,16,-242,-208.5176470588235,-0.7529411764705882,-218.4,-0.9294117647058824,call,0,0.5296039581298828
3,7,7,Flop,0,♠2 ♥K,♠3 ♦A ♥10,170,0.057843137254901957,0.22085822257513194,1010,56,151,4,95,-258,-233.43823529411765,-0.5950980392156864,-277.10980392156864,-0.884313725490196,call,0,0.5255649089813232
4,7,7,Turn,1,♠2 ♥K,♠3 ♦A ♥10 ♦3,5,0.0,0.0,1765,0,0,7,40,-353,-353.0,-1.0,-353.0,-1.0,call,0,0.5246298313140869
5,7,7,Turn,0,♠2 ♥K,♠3 ♦A ♥10 ♦3,85,0.011764705882352941,0.1078253104695492,1765,40,134,1,94,-393,-455.2,-0.9176470588235294,-463.08235294117645,-0.9764705882352941,fold,0,0.5215020179748535
