,N,Nnf,round,first,hole,board,Nsim,prWin,prWinStd,pot,bet,maxBet,NMaxBet,minBet,util_fold,util_call,util_raise_coeff,util_call2,util_raise_coeff2,action,amount,cputime
0,8,7,Deal,0,♠K ♥3,,70,0.17857142857142858,0.3783017907675817,0,0,69,1,69,0,17.25,0.25,-44.35714285714286,-0.6428571428571428,raise,0,0.5232772827148438
1,8,7,Deal,0,♠K ♥3,,140,0.15357142857142858,0.35302988831091386,0,138,146,3,8,-138,10.950000000000017,0.07500000000000018,-101.15714285714284,-0.6928571428571428,raise,0,0.5232360363006592
2,8,7,Flop,0,♠K ♥3,♣7 ♠7 ♥8,55,0.0606060606060606,0.209288444240388,2044,0,59,5,59,-292,-202.09090909090912,-0.5757575757575758,-219.969696969697,-0.8787878787878788,call,0,0.5235369205474854
3,8,7,Turn,0,♠K ♥3,♣7 ♠7 ♥8 ♥7,55,0.04242424242424242,0.1658104729733873,2457,0,67,3,67,-351,-293.8666666666667,-0.7030303030303031,-308.0787878787879,-0.9151515151515152,call,0,0.5243711471557617
4,8,7,Turn,0,♠K ♥3,♣7 ♠7 ♥8 ♥7,130,0.04583333333333333,0.1776696552882805,2457,67,135,2,68,-418,-330.075,-0.6791666666666667,-361.0125,-0.9083333333333333,call,0,0.5243759155273438
5,8,7,Turn,0,♠K ♥3,♣7 ♠7 ♥8 ♥7,210,0.05932539682539682,0.20378529639539486,2457,135,270,5,135,-486,-363.1125,-0.5847222222222223,-443.20178571428573,-0.8813492063492063,call,0,0.5207412242889404
6,8,7,River,0,♠K ♥3,♣7 ♠7 ♥8 ♥7 ♦4,45,0.0,0.0,4295,0,1538,1,1538,-621,-2159.0,-1.0,-2159.0,-1.0,fold,0,0.5261950492858887
