,N,Nnf,round,first,hole,board,Nsim,prWin,prWinStd,pot,bet,maxBet,NMaxBet,minBet,util_fold,util_call,util_raise_coeff,util_call2,util_raise_coeff2,action,amount,cputime
0,7,6,Deal,0,♠2 ♠4,,70,0.11632653061224489,0.3178763875328539,0,80,226,1,146,-80,-68.26122448979592,-0.3020408163265307,-173.4204081632653,-0.7673469387755102,call,0,0.5252571105957031
1,7,6,Deal,0,♠2 ♠4,,110,0.09805194805194804,0.2897217478529198,0,226,12131,1,11905,-226,-4994.19090909091,-0.41168831168831177,-9752.063636363637,-0.8038961038961039,fold,0,0.5287718772888184
