,N,Nnf,round,first,hole,board,Nsim,prWin,prWinStd,pot,bet,maxBet,NMaxBet,minBet,util_fold,util_call,util_raise_coeff,util_call2,util_raise_coeff2,action,amount,cputime
0,7,6,Deal,0,♣A ♠9,,55,0.21168831168831168,0.40013069209187313,0,0,255,1,255,0,68.88311688311683,0.27012987012987,-147.03896103896105,-0.5766233766233766,raise,0,0.5288479328155518
1,7,6,Flop,0,♣A ♠9,♦8 ♣10 ♦7,40,0.1375,0.33517719194479806,2040,0,299,2,299,-510,-281.82500000000005,-0.17499999999999993,-446.275,-0.725,call,0,0.5235409736633301
2,7,6,Turn,0,♣A ♠9,♦8 ♣10 ♦7 ♣8,40,0.05,0.21794494717703367,3236,0,275,1,275,-809,-839.7,-0.7,-894.7,-0.9,fold,0,0.5237421989440918
