,N,Nnf,round,first,hole,board,Nsim,prWin,prWinStd,pot,bet,maxBet,NMaxBet,minBet,util_fold,util_call,util_raise_coeff,util_call2,util_raise_coeff2,action,amount,cputime
0,8,8,Deal,0,♦A ♦6,,40,0.2125,0.38547859862773187,0,0,40,1,40,0,28.0,0.7,-23.0,-0.575,raise,0,0.5241909027099609
1,8,7,Deal,0,♦A ♦6,,145,0.1839080459770115,0.36024902941155473,0,80,96,1,16,-80,27.586206896551715,0.28735632183908044,-60.689655172413794,-0.632183908045977,raise,0,0.5238161087036133
2,8,7,Flop,0,♦A ♦6,♠9 ♠Q ♠8,25,0.02,0.09797958971132714,1384,0,61,2,61,-192,-216.78,-0.86,-222.88,-0.96,fold,0,0.52705979347229
