,N,Nnf,round,first,hole,board,Nsim,prWin,prWinStd,pot,bet,maxBet,NMaxBet,minBet,util_fold,util_call,util_raise_coeff,util_call2,util_raise_coeff2,action,amount,cputime
0,7,7,Deal,0,♥A ♠J,,90,0.23492063492063492,0.42234155134373597,0,10,110,1,100,-10,70.88888888888889,0.6444444444444444,-58.317460317460316,-0.5301587301587302,raise,0,0.5277950763702393
1,7,7,Deal,0,♥A ♠J,,195,0.22893772893772893,0.4147904867223014,0,220,440,1,220,-220,265.1282051282051,0.6025641025641024,-238.53479853479854,-0.5421245421245422,raise,0,0.5284669399261475
