,N,Nnf,round,first,hole,board,Nsim,prWin,prWinStd,pot,bet,maxBet,NMaxBet,minBet,util_fold,util_call,util_raise_coeff,util_call2,util_raise_coeff2,action,amount,cputime
0,7,7,Deal,0,♣6 ♣Q,,90,0.13333333333333333,0.339934634239519,0,10,138,1,128,-10,-9.200000000000017,-0.06666666666666665,-101.2,-0.7333333333333334,call,0,0.5249960422515869
1,7,7,Flop,1,♣6 ♣Q,♦4 ♣J ♠9,5,0.2,0.4000000000000001,966,0,0,7,20,-138,55.20000000000002,0.40000000000000013,55.20000000000002,-0.6,raise,0,0.5220091342926025
2,7,6,Flop,0,♣6 ♣Q,♦4 ♣J ♠9,110,0.14545454545454545,0.3460521147395324,966,20,104,1,84,-158,-10.727272727272748,-0.12727272727272732,-71.23636363636365,-0.7090909090909091,call,0,0.523871898651123
3,7,6,Flop,0,♣6 ♣Q,♦4 ♣J ♠9,210,0.13333333333333333,0.3364143325939059,966,104,862,1,758,-242,-181.5999999999999,-0.19999999999999996,-641.3333333333333,-0.7333333333333334,call,0,0.5245499610900879
