,N,Nnf,round,first,hole,board,Nsim,prWin,prWinStd,pot,bet,maxBet,NMaxBet,minBet,util_fold,util_call,util_raise_coeff,util_call2,util_raise_coeff2,action,amount,cputime
0,7,6,Deal,0,♥7 ♣A,,50,0.17285714285714285,0.35430011491470254,0,0,25,1,25,0,0.928571428571427,0.037142857142857144,-16.357142857142858,-0.6542857142857144,raise,0,0.5275671482086182
1,7,6,Deal,0,♥7 ♣A,,130,0.18956043956043955,0.37824592459282147,0,50,79,1,29,-50,10.85164835164835,0.13736263736263732,-49.049450549450555,-0.6208791208791209,raise,0,0.5277009010314941
2,7,5,Flop,0,♥7 ♣A,♦8 ♣9 ♥K,30,0.05,0.19790570145063194,869,0,77,1,77,-158,-172.3,-0.75,-183.85,-0.9,fold,0,0.5308308601379395
