,N,Nnf,round,first,hole,board,Nsim,prWin,prWinStd,pot,bet,maxBet,NMaxBet,minBet,util_fold,util_call,util_raise_coeff,util_call2,util_raise_coeff2,action,amount,cputime
0,7,6,Deal,0,♠8 ♦K,,65,0.16923076923076924,0.36455371110993184,0,10,43,2,33,-10,0.6615384615384698,0.01538461538461533,-28.446153846153845,-0.6615384615384615,raise,0,0.5259771347045898
1,7,6,Deal,0,♠8 ♦K,,110,0.19545454545454546,0.38785807236348796,0,86,92,3,6,-86,15.890909090909105,0.17272727272727284,-56.03636363636363,-0.6090909090909091,raise,0,0.5218501091003418
2,7,6,Flop,1,♠8 ♦K,♦5 ♦J ♦6,5,0.0,0.0,736,0,0,7,20,-184,-184.0,-1.0,-184.0,-1.0,call,0,0.5220060348510742
3,7,6,Flop,0,♠8 ♦K,♦5 ♦J ♦6,55,0.3,0.453270940447924,736,20,8711,1,8691,-204,7005.5999999999985,0.7999999999999998,-3447.6000000000004,-0.4,raise,0,0.5223879814147949
