,N,Nnf,round,first,hole,board,Nsim,prWin,prWinStd,pot,bet,maxBet,NMaxBet,minBet,util_fold,util_call,util_raise_coeff,util_call2,util_raise_coeff2,action,amount,cputime
0,7,7,Deal,0,♦K ♥7,,15,0.16666666666666666,0.34960294939005054,0,0,20,1,20,0,3.333333333333332,0.16666666666666652,-13.333333333333334,-0.6666666666666667,raise,0,0.5304887294769287
1,7,7,Deal,0,♦K ♥7,,120,0.15625,0.3521696146745201,0,40,112,1,72,-40,10.5,0.09375,-77.0,-0.6875,raise,0,0.528587818145752
2,7,7,Deal,0,♦K ♥7,,225,0.16555555555555557,0.3614511219795104,0,224,448,1,224,-224,71.18222222222221,0.15888888888888886,-299.6622222222222,-0.6688888888888889,raise,0,0.5290870666503906
3,7,7,Flop,0,♦K ♥7,♣J ♥9 ♣10,45,0.1,0.2905932629027116,3136,0,58,1,58,-448,-151.79999999999995,-0.29999999999999993,-180.79999999999995,-0.8,call,0,0.5234897136688232
4,7,7,Flop,0,♦K ♥7,♣J ♥9 ♣10,155,0.16688172043010752,0.34026126951161606,3136,58,209,5,151,-506,110.48903225806441,0.1681720430107525,-63.90236559139794,-0.666236559139785,raise,0,0.5297670364379883
5,7,7,Flop,0,♦K ♥7,♣J ♥9 ♣10,225,0.15288888888888888,0.32764449267498286,3136,418,552,1,134,-866,70.22222222222217,0.07022222222222219,-351.7511111111112,-0.6942222222222223,raise,0,0.5243151187896729
