,N,Nnf,round,first,hole,board,Nsim,prWin,prWinStd,pot,bet,maxBet,NMaxBet,minBet,util_fold,util_call,util_raise_coeff,util_call2,util_raise_coeff2,action,amount,cputime
0,7,7,Deal,0,♦7 ♦6,,55,0.15454545454545454,0.35512772699317474,0,0,106,1,106,0,8.672727272727286,0.08181818181818179,-73.23636363636363,-0.6909090909090909,raise,0,0.5306301116943359
1,7,7,Deal,0,♦7 ♦6,,160,0.14151785714285714,0.34519957579652677,0,212,424,1,212,-212,-3.9750000000000227,-0.009375000000000022,-303.99285714285713,-0.7169642857142857,call,0,0.5206079483032227
2,7,6,Flop,0,♦7 ♦6,♥4 ♣5 ♥8,55,0.4818181818181818,0.48583233512317775,2282,0,69,2,69,-424,805.9818181818182,1.8909090909090907,673.0,-0.036363636363636376,raise,0,0.5262887477874756
3,7,6,Turn,0,♦7 ♦6,♥4 ♣5 ♥8 ♠2,30,0.7,0.43969686527576396,2834,0,60,2,60,-562,1613.8000000000002,3.1999999999999993,1445.8000000000002,0.3999999999999999,raise,0,0.5222837924957275
4,7,6,River,0,♦7 ♦6,♥4 ♣5 ♥8 ♠2 ♥10,25,0.72,0.448998886412873,3314,0,38,1,38,-682,1830.2399999999998,3.3200000000000003,1720.7999999999997,0.43999999999999995,raise,0,0.5301499366760254
5,7,6,River,0,♦7 ♦6,♥4 ♣5 ♥8 ♠2 ♥10,75,0.7133333333333334,0.44100894422776615,3314,76,116,1,40,-758,2062.4666666666667,3.2800000000000002,1731.48,0.42666666666666675,raise,0,0.5262820720672607
