,N,Nnf,round,first,hole,board,Nsim,prWin,prWinStd,pot,bet,maxBet,NMaxBet,minBet,util_fold,util_call,util_raise_coeff,util_call2,util_raise_coeff2,action,amount,cputime
0,7,6,Deal,0,♠A ♦5,,40,0.175,0.3631459761583487,0,0,20,1,20,0,1.0,0.04999999999999982,-13.0,-0.65,raise,0,0.5251531600952148
1,7,6,Deal,0,♠A ♦5,,115,0.1577639751552795,0.357018071637762,0,40,66,3,26,-40,-3.5254658385093194,-0.05341614906832293,-45.1751552795031,-0.684472049689441,call,0,0.5221400260925293
2,7,6,Deal,0,♠A ♦5,,190,0.1788220551378446,0.3685378440016937,0,66,127,3,61,-66,9.262406015037584,0.07293233082706774,-81.57919799498747,-0.6423558897243108,raise,0,0.5252580642700195
3,7,6,Flop,0,♠A ♦5,♠8 ♥10 ♦7,30,0.07333333333333333,0.214372469210847,1524,0,65,2,65,-254,-178.64,-0.56,-197.70666666666665,-0.8533333333333333,call,0,0.5217211246490479
4,7,6,Turn,0,♠A ♦5,♠8 ♥10 ♦7 ♥8,30,0.05,0.19790570145063194,1914,0,65,1,65,-319,-268.8,-0.7,-281.8,-0.9,call,0,0.5246448516845703
5,7,5,Turn,0,♠A ♦5,♠8 ♥10 ♦7 ♥8,105,0.04285714285714286,0.18405855323893036,1914,65,103,2,38,-384,-317.9,-0.7857142857142857,-331.1428571428571,-0.9142857142857143,call,0,0.5245261192321777
6,7,5,River,0,♠A ♦5,♠8 ♥10 ♦7 ♥8 ♣5,25,0.04,0.19595917942265428,2429,0,77,1,77,-422,-386.44,-0.8,-395.68,-0.92,call,0,0.5256161689758301
7,7,5,River,0,♠A ♦5,♠8 ♥10 ♦7 ♥8 ♣5,90,0.044444444444444446,0.20608041101101562,2429,77,138,1,61,-499,-421.37777777777774,-0.7777777777777778,-439.77777777777777,-0.9111111111111111,call,0,0.5254571437835693
