,N,Nnf,round,first,hole,board,Nsim,prWin,prWinStd,pot,bet,maxBet,NMaxBet,minBet,util_fold,util_call,util_raise_coeff,util_call2,util_raise_coeff2,action,amount,cputime
0,7,6,Deal,0,♣J ♠K,,40,0.20357142857142857,0.3988343986556582,0,0,80,1,80,0,17.714285714285708,0.22142857142857153,-47.42857142857143,-0.5928571428571429,raise,0,0.5254981517791748
1,7,6,Deal,0,♣J ♠K,,80,0.2017857142857143,0.3994216162791148,0,160,341,2,181,-160,71.8535714285714,0.21071428571428585,-203.38214285714287,-0.5964285714285714,raise,0,0.5209882259368896
2,7,6,Flop,0,♣J ♠K,♣3 ♥10 ♥Q,30,0.16666666666666666,0.37267799624996495,2046,0,244,2,244,-682,-341.0,0.0,-503.6666666666667,-0.6666666666666667,call,0,0.5246090888977051
3,7,6,Turn,0,♣J ♠K,♣3 ♥10 ♥Q ♦K,25,0.32,0.42142615011410955,2778,0,191,2,191,-926,138.68000000000006,0.9199999999999999,-105.79999999999995,-0.36,raise,0,0.5202503204345703
