,N,Nnf,round,first,hole,board,Nsim,prWin,prWinStd,pot,bet,maxBet,NMaxBet,minBet,util_fold,util_call,util_raise_coeff,util_call2,util_raise_coeff2,action,amount,cputime
0,8,7,Deal,0,♠K ♠10,,60,0.20833333333333334,0.40095372412398034,0,0,60,1,60,0,27.5,0.4583333333333335,-35.0,-0.5833333333333333,raise,0,0.5273070335388184
1,8,7,Flop,0,♠K ♠10,♠4 ♠7 ♥J,45,0.35555555555555557,0.4786813161897337,840,0,53,3,53,-120,257.5777777777778,1.488888888888889,163.35555555555555,-0.28888888888888886,raise,0,0.5250470638275146
