,N,Nnf,round,first,hole,board,Nsim,prWin,prWinStd,pot,bet,maxBet,NMaxBet,minBet,util_fold,util_call,util_raise_coeff,util_call2,util_raise_coeff2,action,amount,cputime
0,7,6,Deal,0,♦5 ♥5,,90,0.2238095238095238,0.4151605432167067,0,10,70,3,60,-10,24.0,0.34285714285714275,-38.66666666666667,-0.5523809523809524,raise,0,0.5282621383666992
1,7,6,Deal,0,♦5 ♥5,,165,0.21298701298701297,0.40851123639142856,0,140,145,3,5,-140,40.298701298701275,0.2779220779220779,-83.23376623376623,-0.5740259740259741,raise,0,0.5269870758056641
2,7,6,Flop,1,♦5 ♥5,♠9 ♠A ♥A,5,0.0,0.0,1740,0,0,7,20,-290,-290.0,-1.0,-290.0,-1.0,call,0,0.5230259895324707
3,7,6,Flop,0,♦5 ♥5,♠9 ♠A ♥A,70,0.13061224489795917,0.3343701769650644,1740,20,62,1,42,-310,-76.14693877551025,-0.21632653061224505,-108.53877551020412,-0.7387755102040816,call,0,0.5201070308685303
4,7,6,Flop,0,♦5 ♥5,♠9 ♠A ♥A,140,0.08673469387755102,0.27988774747567174,1740,62,72,4,10,-352,-173.6122448979592,-0.47959183673469385,-198.59183673469389,-0.826530612244898,call,0,0.5209858417510986
5,7,6,Turn,1,♦5 ♥5,♠9 ♠A ♥A ♦8,5,0.2,0.4000000000000001,2172,0,0,7,20,-362,72.40000000000003,0.20000000000000018,72.40000000000003,-0.6,raise,0,0.5257151126861572
6,7,6,Turn,0,♦5 ♥5,♠9 ♠A ♥A ♦8,75,0.04,0.19595917942265423,2172,20,638,5,618,-382,-760.0,-0.76,-862.08,-0.92,fold,0,0.521245002746582
