,N,Nnf,round,first,hole,board,Nsim,prWin,prWinStd,pot,bet,maxBet,NMaxBet,minBet,util_fold,util_call,util_raise_coeff,util_call2,util_raise_coeff2,action,amount,cputime
0,7,7,Deal,0,♠2 ♦8,,55,0.10519480519480519,0.27575315837083836,0,0,74,1,74,0,-19.509090909090915,-0.26363636363636367,-58.43116883116883,-0.7896103896103897,fold,0,0.5210602283477783
