,N,Nnf,round,first,hole,board,Nsim,prWin,prWinStd,pot,bet,maxBet,NMaxBet,minBet,util_fold,util_call,util_raise_coeff,util_call2,util_raise_coeff2,action,amount,cputime
0,7,7,Deal,0,♣4 ♣K,,55,0.1722943722943723,0.34374475161717066,0,0,96,1,96,0,19.781818181818196,0.20606060606060606,-62.919480519480516,-0.6554112554112554,raise,0,0.5270869731903076
1,7,7,Deal,0,♣4 ♣K,,135,0.14902998236331572,0.3377878594161589,0,192,384,1,192,-192,16.592592592592666,0.04320987654321007,-269.5449735449735,-0.7019400352733686,raise,0,0.5273480415344238
2,7,7,Flop,0,♣4 ♣K,♦A ♥A ♦Q,70,0.09047619047619047,0.26827744801910997,3840,0,68,1,68,-768,-445.5047619047619,-0.3666666666666667,-476.26666666666665,-0.819047619047619,call,0,0.5300657749176025
3,7,7,Flop,0,♣4 ♣K,♦A ♥A ♦Q,120,0.09146825396825396,0.26422128188786975,3840,68,96,1,28,-836,-451.2952380952381,-0.3597222222222223,-495.2,-0.817063492063492,call,0,0.5257043838500977
4,7,7,Flop,0,♣4 ♣K,♦A ♥A ♦Q,170,0.07633053221288516,0.24121066883575917,3840,96,132,3,36,-864,-536.3613445378151,-0.4656862745098038,-586.7394957983192,-0.8473389355742297,call,0,0.5250706672668457
5,7,7,Turn,0,♣4 ♣K,♦A ♥A ♦Q ♥3,35,0.05714285714285714,0.2321153829895989,4436,0,77,1,77,-900,-692.7142857142858,-0.6000000000000001,-714.7142857142858,-0.8857142857142857,call,0,0.5245449542999268
6,7,7,Turn,0,♣4 ♣K,♦A ♥A ♦Q ♥3,85,0.0392156862745098,0.18725233547158152,4436,77,804,3,727,-977,-1309.3333333333335,-0.7254901960784313,-1466.9803921568628,-0.9215686274509804,fold,0,0.5215299129486084
