,N,Nnf,round,first,hole,board,Nsim,prWin,prWinStd,pot,bet,maxBet,NMaxBet,minBet,util_fold,util_call,util_raise_coeff,util_call2,util_raise_coeff2,action,amount,cputime
0,8,8,Deal,0,♣2 ♣8,,70,0.11428571428571428,0.29485382057928994,0,20,142,1,122,-20,-12.171428571428578,-0.08571428571428574,-109.54285714285714,-0.7714285714285715,call,0,0.5230720043182373
1,8,8,Deal,0,♣2 ♣8,,125,0.128,0.3218943926196913,0,142,214,1,72,-142,5.135999999999996,0.02400000000000002,-159.216,-0.744,raise,0,0.5293328762054443
