,N,Nnf,round,first,hole,board,Nsim,prWin,prWinStd,pot,bet,maxBet,NMaxBet,minBet,util_fold,util_call,util_raise_coeff,util_call2,util_raise_coeff2,action,amount,cputime
0,7,7,Deal,0,♠Q ♠8,,65,0.24835164835164836,0.40213474555239,0,40,80,1,40,-40,59.076923076923094,0.7384615384615385,-40.26373626373626,-0.5032967032967033,raise,0,0.523392915725708
1,7,7,Deal,0,♠Q ♠8,,135,0.21216931216931217,0.3867554770107185,0,160,320,1,160,-160,155.2592592592593,0.48518518518518516,-184.2116402116402,-0.5756613756613757,raise,0,0.5275321006774902
