,N,Nnf,round,first,hole,board,Nsim,prWin,prWinStd,pot,bet,maxBet,NMaxBet,minBet,util_fold,util_call,util_raise_coeff,util_call2,util_raise_coeff2,action,amount,cputime
0,7,7,Deal,0,♠J ♦5,,15,0.2,0.4,0,0,20,1,20,0,8.0,0.40000000000000013,-12.0,-0.6,raise,0,0.5278840065002441
1,7,7,Deal,0,♠J ♦5,,50,0.2,0.4,0,40,149,1,109,-40,59.599999999999994,0.40000000000000013,-89.4,-0.6,raise,0,0.524043083190918
2,7,7,Flop,0,♠J ♦5,♠K ♣7 ♣K,15,0.05555555555555555,0.14487116456005888,896,0,64,1,64,-298,-287.33333333333337,-0.6111111111111112,-305.1111111111111,-0.8888888888888888,call,0,0.5207500457763672
3,7,7,Turn,0,♠J ♦5,♠K ♣7 ♣K ♣2,15,0.0,0.0,1088,0,95,1,95,-362,-457.0,-1.0,-457.0,-1.0,fold,0,0.5243258476257324
