,N,Nnf,round,first,hole,board,Nsim,prWin,prWinStd,pot,bet,maxBet,NMaxBet,minBet,util_fold,util_call,util_raise_coeff,util_call2,util_raise_coeff2,action,amount,cputime
0,8,6,Deal,0,♦9 ♦2,,50,0.18,0.38418745424597095,0,0,80,1,80,0,6.3999999999999915,0.08000000000000007,-51.2,-0.64,raise,0,0.5228509902954102
1,8,6,Deal,0,♦9 ♦2,,85,0.14705882352941177,0.3499876418974946,0,160,327,2,167,-160,-38.47058823529409,-0.11764705882352944,-230.8235294117647,-0.7058823529411764,call,0,0.5239648818969727
2,8,6,Flop,0,♦9 ♦2,♥10 ♦10 ♦Q,20,0.15,0.3570714214271425,981,0,273,2,273,-327,-207.14999999999998,-0.10000000000000009,-370.95,-0.7,call,0,0.5257251262664795
3,8,6,Turn,0,♦9 ♦2,♥10 ♦10 ♦Q ♣J,20,0.15,0.3570714214271425,1800,0,288,1,288,-600,-358.79999999999995,-0.10000000000000009,-531.6,-0.7,call,0,0.5224878787994385
4,8,6,Turn,0,♦9 ♦2,♥10 ♦10 ♦Q ♣J,55,0.10909090909090909,0.3117532399905863,1800,288,368,1,80,-888,-530.7636363636364,-0.34545454545454546,-691.3454545454546,-0.7818181818181819,call,0,0.5198202133178711
5,8,6,River,0,♦9 ♦2,♥10 ♦10 ♦Q ♣J ♦6,25,0.8,0.4,2904,0,239,2,239,-968,2263.4000000000005,3.8000000000000007,1498.6000000000004,0.6000000000000001,raise,0,0.52413010597229
