,N,Nnf,round,first,hole,board,Nsim,prWin,prWinStd,pot,bet,maxBet,NMaxBet,minBet,util_fold,util_call,util_raise_coeff,util_call2,util_raise_coeff2,action,amount,cputime
0,7,7,Deal,0,♥8 ♣8,,15,0.27619047619047615,0.4378881498122914,0,0,20,1,20,0,18.666666666666657,0.9333333333333331,-8.952380952380954,-0.4476190476190477,raise,0,0.5249660015106201
1,7,6,Deal,0,♥8 ♣8,,120,0.20952380952380953,0.40571316789472656,0,40,61,5,21,-40,15.685714285714283,0.2571428571428571,-35.43809523809524,-0.5809523809523809,raise,0,0.5238542556762695
2,7,6,Deal,0,♥8 ♣8,,200,0.23571428571428568,0.4237225699989684,0,122,134,3,12,-122,55.51428571428568,0.41428571428571415,-70.82857142857144,-0.5285714285714287,raise,0,0.5222330093383789
3,7,6,Deal,0,♥8 ♣8,,275,0.2296103896103896,0.42005260334469674,0,268,2260,1,1992,-268,853.516883116883,0.3776623376623376,-1222.161038961039,-0.5407792207792208,raise,0,0.5245199203491211
