,N,Nnf,round,first,hole,board,Nsim,prWin,prWinStd,pot,bet,maxBet,NMaxBet,minBet,util_fold,util_call,util_raise_coeff,util_call2,util_raise_coeff2,action,amount,cputime
0,8,7,Deal,0,♠8 ♣10,,70,0.15,0.3520349008671888,0,0,52,1,52,0,2.6000000000000014,0.050000000000000044,-36.4,-0.7,raise,0,0.5270988941192627
1,8,7,Flop,0,♠8 ♣10,♥8 ♠2 ♥K,45,0.23333333333333334,0.41633319989322654,663,0,64,1,64,-104,91.23333333333335,0.6333333333333333,16.566666666666663,-0.5333333333333333,raise,0,0.5277349948883057
2,8,6,Turn,0,♠8 ♣10,♥8 ♠2 ♥K ♥J,40,0.0125,0.07806247497997998,1301,0,28,2,28,-232,-241.6375,-0.925,-243.0375,-0.975,fold,0,0.5254490375518799
