,N,Nnf,round,first,hole,board,Nsim,prWin,prWinStd,pot,bet,maxBet,NMaxBet,minBet,util_fold,util_call,util_raise_coeff,util_call2,util_raise_coeff2,action,amount,cputime
0,7,7,Deal,0,♥9 ♣5,,65,0.14578754578754577,0.34529828178942273,0,20,80,1,60,-20,1.641025641025621,0.02051282051282044,-56.67399267399268,-0.7084249084249085,raise,0,0.526843786239624
1,7,7,Deal,0,♥9 ♣5,,150,0.16984126984126982,0.3633603421140156,0,160,392,1,232,-160,74.04444444444437,0.18888888888888866,-258.84444444444443,-0.6603174603174604,raise,0,0.5220012664794922
2,7,7,Flop,1,♥9 ♣5,♣8 ♥7 ♠A,5,0.2,0.4000000000000001,3915,0,0,7,40,-784,-1.0,0.40000000000000013,-1.0,-0.6,raise,0,0.5304639339447021
3,7,7,Flop,0,♥9 ♣5,♣8 ♥7 ♠A,60,0.08333333333333333,0.2608745973749755,3915,40,149,1,109,-824,-519.8333333333334,-0.41666666666666674,-581.9166666666667,-0.8333333333333334,call,0,0.5279541015625
4,7,7,Flop,0,♥9 ♣5,♣8 ♥7 ♠A,110,0.08181818181818182,0.2569689822745922,3915,149,216,3,67,-933,-555.9727272727273,-0.42727272727272725,-644.3363636363637,-0.8363636363636364,call,0,0.5197041034698486
5,7,7,Turn,1,♥9 ♣5,♣8 ♥7 ♠A ♦J,5,0.0,0.0,4779,0,0,7,40,-1000,-1000.0,-1.0,-1000.0,-1.0,call,0,0.5259561538696289
6,7,7,Turn,0,♥9 ♣5,♣8 ♥7 ♠A ♦J,55,0.09090909090909091,0.27120788891229625,4779,40,133,2,93,-1040,-613.9090909090909,-0.36363636363636365,-674.3636363636364,-0.8181818181818181,call,0,0.5217270851135254
7,7,7,River,1,♥9 ♣5,♣8 ♥7 ♠A ♦J ♠7,5,0.0,0.0,5271,0,0,7,40,-1133,-1133.0,-1.0,-1133.0,-1.0,call,0,0.5242900848388672
8,7,7,River,0,♥9 ♣5,♣8 ♥7 ♠A ♦J ♠7,40,0.0,0.0,5271,40,141,2,101,-1173,-1274.0,-1.0,-1274.0,-1.0,fold,0,0.5211260318756104
