,N,Nnf,round,first,hole,board,Nsim,prWin,prWinStd,pot,bet,maxBet,NMaxBet,minBet,util_fold,util_call,util_raise_coeff,util_call2,util_raise_coeff2,action,amount,cputime
0,7,7,Deal,0,♣5 ♠K,,15,0.2984126984126984,0.43172268844457673,0,0,160,1,160,0,174.22222222222223,1.088888888888889,-64.5079365079365,-0.4031746031746032,raise,0,0.5186722278594971
1,7,7,Flop,0,♣5 ♠K,♣4 ♠2 ♣J,35,0.10952380952380951,0.2898901191471319,1124,0,160,1,160,-320,-234.22857142857146,-0.2333333333333334,-321.8476190476191,-0.780952380952381,call,0,0.5245211124420166
2,7,7,Turn,0,♣5 ♠K,♣4 ♠2 ♣J ♦K,35,0.2714285714285714,0.4365916225696036,1604,0,160,1,160,-480,99.37142857142851,0.8999999999999999,-117.7714285714286,-0.4571428571428572,raise,0,0.5224871635437012
3,7,7,River,0,♣5 ♠K,♣4 ♠2 ♣J ♦K ♣10,35,0.18571428571428572,0.37958086444532635,2564,0,160,1,160,-800,-275.8285714285714,0.30000000000000004,-424.4,-0.6285714285714286,raise,0,0.5218729972839355
