,N,Nnf,round,first,hole,board,Nsim,prWin,prWinStd,pot,bet,maxBet,NMaxBet,minBet,util_fold,util_call,util_raise_coeff,util_call2,util_raise_coeff2,action,amount,cputime
0,8,8,Deal,0,♦8 ♠7,,70,0.11428571428571428,0.318157963590287,0,20,108,1,88,-20,-9.257142857142867,-0.08571428571428574,-83.31428571428572,-0.7714285714285715,call,0,0.5278940200805664
1,8,8,Flop,0,♦8 ♠7,♦6 ♥K ♣4,30,0.16666666666666666,0.37267799624996495,540,0,20,1,20,-108,-11.333333333333343,0.33333333333333326,-31.33333333333333,-0.6666666666666667,raise,0,0.5295169353485107
2,8,8,Flop,0,♦8 ♠7,♦6 ♥K ♣4,115,0.1289855072463768,0.32900146804161073,540,40,129,1,89,-148,-34.23478260869567,0.03188405797101446,-134.0695652173913,-0.7420289855072464,raise,0,0.5250709056854248
3,8,8,Turn,1,♦8 ♠7,♦6 ♥K ♣4 ♥A,5,0.2,0.4000000000000001,1701,0,0,8,20,-366,-25.799999999999955,0.6000000000000001,-25.799999999999955,-0.6,raise,0,0.525458812713623
