,N,Nnf,round,first,hole,board,Nsim,prWin,prWinStd,pot,bet,maxBet,NMaxBet,minBet,util_fold,util_call,util_raise_coeff,util_call2,util_raise_coeff2,action,amount,cputime
0,7,7,Deal,0,♥5 ♥Q,,40,0.1619047619047619,0.3564755670897695,0,0,40,1,40,0,5.333333333333336,0.1333333333333333,-27.047619047619047,-0.6761904761904762,raise,0,0.5210962295532227
1,7,7,Deal,0,♥5 ♥Q,,145,0.22495894909688013,0.40949069093641677,0,80,160,1,80,-80,91.95402298850576,0.5747126436781609,-88.01313628899835,-0.5500821018062397,raise,0,0.5252647399902344
2,7,7,Flop,0,♥5 ♥Q,♠4 ♣6 ♠7,60,0.1111111111111111,0.2732971972499743,2240,0,680,3,680,-320,-222.22222222222217,-0.22222222222222232,-600.0,-0.7777777777777778,call,0,0.5301511287689209
