,N,Nnf,round,first,hole,board,Nsim,prWin,prWinStd,pot,bet,maxBet,NMaxBet,minBet,util_fold,util_call,util_raise_coeff,util_call2,util_raise_coeff2,action,amount,cputime
0,8,8,Deal,0,♥6 ♥5,,65,0.16153846153846155,0.3627638806938953,0,20,90,1,70,-20,26.30769230769232,0.2923076923076924,-60.92307692307692,-0.676923076923077,raise,0,0.5254809856414795
1,8,8,Flop,0,♥6 ♥5,♣5 ♣J ♠K,35,0.08571428571428572,0.27994168488950605,900,0,20,1,20,-180,-109.14285714285714,-0.3142857142857143,-119.42857142857143,-0.8285714285714285,call,0,0.5194559097290039
2,8,8,Turn,0,♥6 ♥5,♣5 ♣J ♠K ♠3,35,0.02857142857142857,0.1665986255670086,1000,0,20,1,20,-200,-186.85714285714286,-0.7714285714285715,-190.28571428571428,-0.9428571428571428,call,0,0.5285120010375977
3,8,7,Turn,0,♥6 ♥5,♣5 ♣J ♠K ♠3,105,0.0380952380952381,0.19142620230706459,1000,20,71,1,51,-220,-213.97142857142856,-0.7333333333333333,-227.49523809523808,-0.9238095238095239,call,0,0.520078182220459
4,8,7,Turn,0,♥6 ♥5,♣5 ♣J ♠K ♠3,160,0.04375,0.20453835214941968,1000,71,144,1,73,-271,-256.15,-0.6937500000000001,-287.65,-0.9125,call,0,0.5290701389312744
5,8,7,River,1,♥6 ♥5,♣5 ♣J ♠K ♠3 ♥4,10,0.0,0.0,1596,0,0,8,20,-344,-344.0,-1.0,-344.0,-1.0,call,0,0.5249991416931152
6,8,7,River,0,♥6 ♥5,♣5 ♣J ♠K ♠3 ♥4,55,0.01818181818181818,0.133608531424537,1596,20,36,1,16,-364,-346.4,-0.8727272727272728,-349.6727272727273,-0.9636363636363636,call,0,0.5304446220397949
7,8,7,River,0,♥6 ♥5,♣5 ♣J ♠K ♠3 ♥4,100,0.01,0.09949874371066199,1596,36,60,2,24,-380,-383.84,-0.9299999999999999,-386.84,-0.98,fold,0,0.523827075958252
