,N,Nnf,round,first,hole,board,Nsim,prWin,prWinStd,pot,bet,maxBet,NMaxBet,minBet,util_fold,util_call,util_raise_coeff,util_call2,util_raise_coeff2,action,amount,cputime
0,7,7,Deal,0,♠3 ♥A,,65,0.11978021978021977,0.3127604578154824,0,80,466,1,386,-80,-75.27692307692308,-0.16153846153846163,-354.3648351648352,-0.7604395604395604,call,0,0.5223047733306885
