,N,Nnf,round,first,hole,board,Nsim,prWin,prWinStd,pot,bet,maxBet,NMaxBet,minBet,util_fold,util_call,util_raise_coeff,util_call2,util_raise_coeff2,action,amount,cputime
0,7,6,Deal,0,♠8 ♠J,,40,0.17857142857142855,0.37897552556806596,0,0,20,1,20,0,1.428571428571427,0.07142857142857117,-12.857142857142858,-0.6428571428571429,raise,0,0.5243051052093506
1,7,6,Deal,0,♠8 ♠J,,95,0.16466165413533834,0.3582799468618984,0,40,95,1,55,-40,-1.1428571428571388,-0.012030075187969946,-63.714285714285715,-0.6706766917293233,call,0,0.5265100002288818
2,7,6,Flop,0,♠8 ♠J,♠A ♠5 ♥10,30,0.23333333333333334,0.42295258468165065,380,0,46,1,46,-95,12.066666666666663,0.3999999999999999,-30.86666666666666,-0.5333333333333333,raise,0,0.5273628234863281
3,7,6,Turn,0,♠8 ♠J,♠A ♠5 ♥10 ♣A,25,0.08,0.2712931993250107,748,0,57,2,57,-187,-156.8,-0.52,-175.04,-0.84,call,0,0.5251283645629883
4,7,6,River,0,♠8 ♠J,♠A ♠5 ♥10 ♣A ♣10,25,0.0,0.0,976,0,27,1,27,-244,-271.0,-1.0,-271.0,-1.0,fold,0,0.5262131690979004
