,N,Nnf,round,first,hole,board,Nsim,prWin,prWinStd,pot,bet,maxBet,NMaxBet,minBet,util_fold,util_call,util_raise_coeff,util_call2,util_raise_coeff2,action,amount,cputime
0,7,7,Deal,0,♠8 ♥J,,10,0.45,0.47169905660283024,0,0,80,1,80,0,172.0,2.15,-8.0,-0.09999999999999998,raise,0,0.5222756862640381
1,7,6,Deal,0,♠8 ♥J,,80,0.18928571428571428,0.3816752813690759,0,160,245,2,85,-160,33.25,0.13571428571428568,-152.25,-0.6214285714285714,raise,0,0.5278439521789551
2,7,6,Deal,0,♠8 ♥J,,125,0.14628571428571427,0.34485797135656193,0,490,538,1,48,-490,-65.78971428571435,-0.12228571428571433,-380.59657142857145,-0.7074285714285715,call,0,0.5239260196685791
3,7,6,Deal,0,♠8 ♥J,,165,0.13203463203463203,0.32950235716455534,0,538,6493,1,5955,-538,-1349.1948051948048,-0.20779220779220786,-4778.398268398269,-0.7359307359307359,fold,0,0.5232110023498535
