,N,Nnf,round,first,hole,board,Nsim,prWin,prWinStd,pot,bet,maxBet,NMaxBet,minBet,util_fold,util_call,util_raise_coeff,util_call2,util_raise_coeff2,action,amount,cputime
0,7,7,Deal,0,♣10 ♣5,,45,0.2740740740740741,0.4276775576043985,0,0,40,1,40,0,36.74074074074075,0.9185185185185185,-18.074074074074073,-0.45185185185185184,raise,0,0.5307619571685791
1,7,6,Deal,0,♣10 ♣5,,150,0.20777777777777778,0.39578177052075453,0,80,1000,3,920,-80,246.66666666666652,0.2466666666666666,-584.4444444444445,-0.5844444444444444,raise,0,0.5273439884185791
