,N,Nnf,round,first,hole,board,Nsim,prWin,prWinStd,pot,bet,maxBet,NMaxBet,minBet,util_fold,util_call,util_raise_coeff,util_call2,util_raise_coeff2,action,amount,cputime
0,7,7,Deal,0,♥K ♣J,,90,0.1976190476190476,0.39123764315826803,0,10,130,1,120,-10,49.833333333333314,0.3833333333333333,-78.61904761904762,-0.6047619047619048,raise,0,0.5289170742034912
1,7,7,Flop,1,♥K ♣J,♠3 ♠6 ♥J,5,0.2,0.4000000000000001,1820,0,0,7,20,-260,104.0,0.40000000000000013,104.0,-0.6,raise,0,0.5299019813537598
2,7,6,Flop,0,♥K ♣J,♠3 ♠6 ♥J,110,0.32727272727272727,0.46434882869535044,1820,20,68,3,48,-280,401.16363636363633,0.9636363636363636,312.1454545454545,-0.34545454545454546,raise,0,0.5220999717712402
3,7,6,Turn,1,♥K ♣J,♠3 ♠6 ♥J ♥5,5,0.2,0.4,2636,0,0,7,20,-396,131.20000000000005,0.20000000000000018,131.20000000000005,-0.6,raise,0,0.5227999687194824
4,7,6,Turn,0,♥K ♣J,♠3 ♠6 ♥J ♥5,80,0.25,0.42573465914816,2636,20,53,1,33,-416,289.5,0.5,236.5,-0.5,raise,0,0.5248017311096191
5,7,6,River,1,♥K ♣J,♠3 ♠6 ♥J ♥5 ♠10,5,0.4,0.48989794855663565,3272,0,0,7,20,-502,806.8000000000002,1.4000000000000004,806.8000000000002,-0.19999999999999996,raise,0,0.5253047943115234
6,7,6,River,0,♥K ♣J,♠3 ♠6 ♥J ♥5 ♠10,80,0.275,0.44651427748729383,3272,20,44,2,24,-522,426.4000000000001,0.6500000000000001,378.0000000000001,-0.44999999999999996,raise,0,0.5275819301605225
7,7,6,River,0,♥K ♣J,♠3 ♠6 ♥J ♥5 ♠10,155,0.2806451612903226,0.4475159790542064,3272,88,96,5,8,-590,481.92258064516136,0.6838709677419355,374.1548387096774,-0.43870967741935485,raise,0,0.5220780372619629
