,N,Nnf,round,first,hole,board,Nsim,prWin,prWinStd,pot,bet,maxBet,NMaxBet,minBet,util_fold,util_call,util_raise_coeff,util_call2,util_raise_coeff2,action,amount,cputime
0,7,6,Deal,0,♦A ♥8,,75,0.16666666666666666,0.35901098714230034,0,80,151,1,71,-80,0.0,0.0,-100.66666666666667,-0.6666666666666667,call,0,0.5292530059814453
1,7,6,Deal,0,♦A ♥8,,130,0.17692307692307693,0.37138792937148646,0,151,428,1,277,-151,26.338461538461615,0.06153846153846154,-276.55384615384617,-0.6461538461538461,raise,0,0.5197210311889648
