,N,Nnf,round,first,hole,board,Nsim,prWin,prWinStd,pot,bet,maxBet,NMaxBet,minBet,util_fold,util_call,util_raise_coeff,util_call2,util_raise_coeff2,action,amount,cputime
0,7,6,Deal,0,♣A ♠8,,65,0.2021978021978022,0.38953525236698916,0,20,71,2,51,-20,15.136263736263743,0.21318681318681332,-42.28791208791209,-0.5956043956043956,raise,0,0.5239028930664062
1,7,6,Flop,1,♣A ♠8,♣Q ♦9 ♦2,5,0.0,0.0,436,0,0,7,20,-142,-142.0,-1.0,-142.0,-1.0,call,0,0.5294017791748047
2,7,6,Flop,0,♣A ♠8,♣Q ♦9 ♦2,45,0.044444444444444446,0.20608041101101565,436,20,54,2,34,-162,-162.22222222222223,-0.7333333333333334,-171.82222222222222,-0.9111111111111111,fold,0,0.5205318927764893
