,N,Nnf,round,first,hole,board,Nsim,prWin,prWinStd,pot,bet,maxBet,NMaxBet,minBet,util_fold,util_call,util_raise_coeff,util_call2,util_raise_coeff2,action,amount,cputime
0,8,8,Deal,0,♠3 ♦3,,10,0.2,0.4000000000000001,0,0,20,1,20,0,12.0,0.6000000000000001,-12.0,-0.6,raise,0,0.5243990421295166
1,8,8,Deal,0,♠3 ♦3,,80,0.1140625,0.31572940723624404,0,40,80,1,40,-40,-7.0,-0.08750000000000002,-61.75,-0.771875,call,0,0.5219969749450684
2,8,8,Deal,0,♠3 ♦3,,155,0.14274193548387096,0.34879941252372987,0,80,87,2,7,-80,12.34838709677419,0.14193548387096766,-62.16290322580645,-0.7145161290322581,raise,0,0.5254232883453369
3,8,8,Flop,0,♠3 ♦3,♦J ♥2 ♠6,40,0.025,0.15612494995995996,870,0,40,1,40,-174,-184.25,-0.8,-190.25,-0.95,fold,0,0.5223522186279297
