,N,Nnf,round,first,hole,board,Nsim,prWin,prWinStd,pot,bet,maxBet,NMaxBet,minBet,util_fold,util_call,util_raise_coeff,util_call2,util_raise_coeff2,action,amount,cputime
0,7,6,Deal,0,♠9 ♥A,,85,0.19159663865546217,0.3898797433188931,0,10,76,3,66,-10,11.368067226890744,0.14957983193277302,-46.87731092436975,-0.6168067226890757,raise,0,0.5243098735809326
1,7,6,Deal,0,♠9 ♥A,,165,0.21385281385281385,0.4044814640673735,0,152,485,5,333,-152,137.31168831168827,0.2831168831168831,-277.56277056277054,-0.5722943722943723,raise,0,0.5215222835540771
2,7,6,Flop,1,♠9 ♥A,♦9 ♥9 ♥K,5,0.9,0.2,3880,0,0,7,20,-970,2522.0,4.4,2522.0,0.8,raise,0,0.5229499340057373
3,7,6,Flop,0,♠9 ♥A,♦9 ♥9 ♥K,35,0.8428571428571429,0.35398604838182474,3880,20,55,1,35,-990,2523.4285714285716,4.057142857142857,2338.0,0.6857142857142857,raise,0,0.5253853797912598
4,7,6,Turn,1,♠9 ♥A,♦9 ♥9 ♥K ♣5,5,0.6,0.37416573867739417,4100,0,0,7,20,-1080,1380.0,2.5999999999999996,1380.0,0.19999999999999996,raise,0,0.5278899669647217
5,7,6,River,1,♠9 ♥A,♦9 ♥9 ♥K ♣5 ♥2,5,0.6,0.48989794855663565,4140,0,0,7,20,-1100,1384.0,2.5999999999999996,1384.0,0.19999999999999996,raise,0,0.5262532234191895
6,7,6,River,0,♠9 ♥A,♦9 ♥9 ♥K ♣5 ♥2,35,0.7142857142857143,0.4517539514526256,4140,20,39,1,19,-1120,1985.2857142857147,3.2857142857142856,1873.8571428571431,0.4285714285714286,raise,0,0.5224871635437012
7,7,6,River,0,♠9 ♥A,♦9 ♥9 ♥K ♣5 ♥2,65,0.6923076923076923,0.453128506923789,4140,78,94,1,16,-1178,2062.6153846153848,3.1538461538461533,1802.3076923076924,0.3846153846153846,raise,0,0.5200240612030029
