,N,Nnf,round,first,hole,board,Nsim,prWin,prWinStd,pot,bet,maxBet,NMaxBet,minBet,util_fold,util_call,util_raise_coeff,util_call2,util_raise_coeff2,action,amount,cputime
0,8,8,Deal,0,♦9 ♠3,,60,0.07638888888888888,0.23424507715817533,0,0,128,1,128,0,-49.777777777777786,-0.38888888888888895,-108.44444444444444,-0.8472222222222222,fold,0,0.5267448425292969
