,N,Nnf,round,first,hole,board,Nsim,prWin,prWinStd,pot,bet,maxBet,NMaxBet,minBet,util_fold,util_call,util_raise_coeff,util_call2,util_raise_coeff2,action,amount,cputime
0,8,8,Deal,0,♥K ♣6,,55,0.14545454545454545,0.3525585350848239,0,40,236,1,196,-40,38.618181818181824,0.16363636363636358,-167.34545454545454,-0.7090909090909091,raise,0,0.5256309509277344
1,8,8,Deal,0,♥K ♣6,,110,0.1590909090909091,0.3626406823052399,0,472,944,1,472,-472,257.4545454545455,0.2727272727272727,-643.6363636363636,-0.6818181818181819,raise,0,0.5211939811706543
2,8,8,Flop,0,♥K ♣6,♠2 ♠K ♣A,30,0.26666666666666666,0.42295258468165065,8756,0,40,1,40,-1888,492.2666666666669,1.1333333333333333,428.2666666666669,-0.4666666666666667,raise,0,0.5275180339813232
3,8,8,Flop,0,♥K ♣6,♠2 ♠K ♣A,80,0.26875,0.42532156952122707,8756,80,138,2,58,-1968,623.8749999999995,1.15,401.3499999999999,-0.4625,raise,0,0.521172046661377
4,8,8,Turn,1,♥K ♣6,♠2 ♠K ♣A ♣3,0,,,9704,0,0,8,40,-2164,,,,,call,0,0.523961067199707
5,8,8,Turn,0,♥K ♣6,♠2 ♠K ♣A ♣3,25,0.2,0.4,9704,40,156,1,116,-2204,-129.5999999999999,0.6000000000000001,-316.7999999999997,-0.6,raise,0,0.5251979827880859
6,8,8,River,1,♥K ♣6,♠2 ♠K ♣A ♣3 ♠J,0,,,10640,0,0,8,40,-2476,,,,,call,0,0.5243752002716064
