,N,Nnf,round,first,hole,board,Nsim,prWin,prWinStd,pot,bet,maxBet,NMaxBet,minBet,util_fold,util_call,util_raise_coeff,util_call2,util_raise_coeff2,action,amount,cputime
0,8,8,Deal,0,♦3 ♠8,,70,0.08571428571428572,0.26687916703242004,0,40,80,1,40,-40,-25.14285714285714,-0.3142857142857143,-66.28571428571428,-0.8285714285714285,call,0,0.5227930545806885
1,8,7,Deal,0,♦3 ♠8,,145,0.06982758620689655,0.24647334177253008,0,80,181,1,101,-80,-92.52844827586208,-0.5112068965517241,-155.72241379310344,-0.8603448275862069,fold,0,0.5227141380310059
