,N,Nnf,round,first,hole,board,Nsim,prWin,prWinStd,pot,bet,maxBet,NMaxBet,minBet,util_fold,util_call,util_raise_coeff,util_call2,util_raise_coeff2,action,amount,cputime
0,8,8,Deal,0,♠Q ♦10,,65,0.23076923076923078,0.3929858392136862,0,0,46,4,46,0,38.923076923076934,0.8461538461538463,-24.769230769230766,-0.5384615384615384,raise,0,0.5218319892883301
1,8,8,Deal,0,♠Q ♦10,,170,0.21176470588235294,0.3938980951243107,0,92,100,3,8,-92,69.41176470588235,0.6941176470588235,-57.64705882352941,-0.5764705882352941,raise,0,0.5217020511627197
2,8,7,Flop,0,♠Q ♦10,♦2 ♦A ♠6,50,0.12,0.3249615361854384,1500,0,1036,1,1036,-200,-185.76,-0.16000000000000003,-807.36,-0.76,call,0,0.5266637802124023
