,N,Nnf,round,first,hole,board,Nsim,prWin,prWinStd,pot,bet,maxBet,NMaxBet,minBet,util_fold,util_call,util_raise_coeff,util_call2,util_raise_coeff2,action,amount,cputime
0,7,7,Deal,0,♥10 ♣A,,100,0.18428571428571427,0.37636554094146724,0,20,122,1,102,-20,35.379999999999995,0.29000000000000004,-77.03428571428572,-0.6314285714285715,raise,0,0.5257489681243896
1,7,7,Deal,0,♥10 ♣A,,205,0.2118466898954704,0.40037193309297436,0,244,488,1,244,-244,235.6682926829268,0.48292682926829267,-281.23763066202093,-0.5763066202090592,raise,0,0.5213618278503418
2,7,7,Flop,0,♥10 ♣A,♦5 ♦2 ♥J,35,0.05714285714285714,0.23211538298959888,6832,0,20,1,20,-976,-597.6,-0.6000000000000001,-603.3142857142857,-0.8857142857142857,call,0,0.5306398868560791
3,7,7,Flop,0,♥10 ♣A,♦5 ♦2 ♥J,145,0.07241379310344828,0.2558239584964332,6832,20,24,6,4,-996,-493.10344827586204,-0.49310344827586206,-501.7931034482758,-0.8551724137931034,call,0,0.5280468463897705
