,N,Nnf,round,first,hole,board,Nsim,prWin,prWinStd,pot,bet,maxBet,NMaxBet,minBet,util_fold,util_call,util_raise_coeff,util_call2,util_raise_coeff2,action,amount,cputime
0,7,7,Deal,0,♦8 ♥5,,10,0.15,0.32015621187164245,0,0,20,1,20,0,1.0,0.050000000000000044,-14.0,-0.7,raise,0,0.5214588642120361
1,7,7,Deal,0,♦8 ♥5,,105,0.08707482993197278,0.2712281666869585,0,40,128,1,88,-40,-49.98095238095239,-0.39047619047619053,-105.70884353741496,-0.8258503401360544,fold,0,0.5294508934020996
