,N,Nnf,round,first,hole,board,Nsim,prWin,prWinStd,pot,bet,maxBet,NMaxBet,minBet,util_fold,util_call,util_raise_coeff,util_call2,util_raise_coeff2,action,amount,cputime
0,7,6,Deal,0,♦2 ♦9,,65,0.17692307692307693,0.3765304077083205,0,40,149,1,109,-40,9.16923076923078,0.06153846153846154,-96.27692307692308,-0.6461538461538461,raise,0,0.5247480869293213
1,7,6,Flop,1,♦2 ♦9,♠A ♠5 ♦3,5,0.2,0.4000000000000001,914,0,0,7,40,-298,-115.19999999999999,0.20000000000000018,-115.19999999999999,-0.6,raise,0,0.5207366943359375
2,7,6,Flop,0,♦2 ♦9,♠A ♠5 ♦3,45,0.14814814814814814,0.3410626498732249,914,40,66,2,26,-338,-169.92592592592595,-0.11111111111111116,-209.03703703703707,-0.7037037037037037,call,0,0.5281741619110107
3,7,6,Turn,1,♦2 ♦9,♠A ♠5 ♦3 ♣9,5,0.4,0.48989794855663565,1112,0,0,7,40,-364,80.80000000000001,1.4000000000000004,80.80000000000001,-0.19999999999999996,raise,0,0.521204948425293
4,7,6,Turn,0,♦2 ♦9,♠A ♠5 ♦3 ♣9,45,0.14444444444444443,0.34354721852756237,1112,40,125,1,85,-404,-220.04444444444448,-0.13333333333333341,-292.26666666666665,-0.7111111111111111,call,0,0.5213592052459717
5,7,6,Turn,0,♦2 ♦9,♠A ♠5 ♦3 ♣9,85,0.10588235294117647,0.2775323791078929,1112,125,150,2,25,-489,-300.964705882353,-0.3647058823529412,-364.49411764705883,-0.788235294117647,call,0,0.5212442874908447
6,7,6,River,1,♦2 ♦9,♠A ♠5 ♦3 ♣9 ♦Q,5,0.0,0.0,1562,0,0,7,40,-514,-514.0,-1.0,-514.0,-1.0,call,0,0.5215470790863037
7,7,6,River,0,♦2 ♦9,♠A ♠5 ♦3 ♣9 ♦Q,45,0.044444444444444446,0.20608041101101562,1562,40,92,2,52,-554,-512.0444444444445,-0.7333333333333334,-528.4,-0.9111111111111111,call,0,0.5235040187835693
