,N,Nnf,round,first,hole,board,Nsim,prWin,prWinStd,pot,bet,maxBet,NMaxBet,minBet,util_fold,util_call,util_raise_coeff,util_call2,util_raise_coeff2,action,amount,cputime
0,8,7,Deal,0,♠A ♠3,,85,0.20588235294117646,0.40069144390415057,0,0,74,1,74,0,32.647058823529406,0.4411764705882353,-43.529411764705884,-0.5882352941176471,raise,0,0.529015064239502
1,8,7,Flop,0,♠A ♠3,♥2 ♦7 ♥J,65,0.06153846153846154,0.24031537464328168,1036,0,100,6,100,-148,-141.16923076923075,-0.5692307692307692,-171.93846153846152,-0.8769230769230769,call,0,0.5235841274261475
2,8,6,Turn,0,♠A ♠3,♥2 ♦7 ♥J ♦9,70,0.0,0.0,1736,0,100,5,100,-248,-348.0,-1.0,-348.0,-1.0,fold,0,0.524630069732666
