,N,Nnf,round,first,hole,board,Nsim,prWin,prWinStd,pot,bet,maxBet,NMaxBet,minBet,util_fold,util_call,util_raise_coeff,util_call2,util_raise_coeff2,action,amount,cputime
0,7,7,Deal,0,♣10 ♥10,,10,0.2,0.4000000000000001,0,0,80,1,80,0,32.0,0.40000000000000013,-48.0,-0.6,raise,0,0.5264410972595215
1,7,7,Deal,0,♣10 ♥10,,80,0.2517857142857143,0.43227197008648266,0,160,320,1,160,-160,244.0,0.7625,-158.85714285714286,-0.49642857142857144,raise,0,0.5270791053771973
2,7,7,Deal,0,♣10 ♥10,,155,0.25990783410138246,0.43677885141186457,0,640,1250,1,610,-640,1024.1935483870966,0.8193548387096772,-600.2304147465438,-0.4801843317972351,raise,0,0.5253238677978516
3,7,7,Flop,1,♣10 ♥10,♦3 ♥5 ♣8,5,0.2,0.4000000000000001,8256,0,0,7,80,-2500,-848.8,0.40000000000000013,-848.8,-0.6,raise,0,0.521043062210083
4,7,7,Flop,0,♣10 ♥10,♦3 ♥5 ♣8,30,0.3333333333333333,0.4714045207910316,8256,80,301,1,221,-2580,653.333333333333,1.333333333333333,151.66666666666652,-0.33333333333333337,raise,0,0.5299131870269775
5,7,7,Turn,1,♣10 ♥10,♦3 ♥5 ♣8 ♥Q,5,0.4,0.48989794855663565,9460,0,0,7,80,-3102,682.0,1.8000000000000003,682.0,-0.19999999999999996,raise,0,0.5292830467224121
6,7,7,Turn,0,♣10 ♥10,♦3 ♥5 ♣8 ♥Q,35,0.14285714285714285,0.3499271061118826,9460,80,87,1,7,-3182,-1750.5714285714287,0.0,-1812.7142857142858,-0.7142857142857143,call,0,0.521265983581543
7,7,7,River,1,♣10 ♥10,♦3 ♥5 ♣8 ♥Q ♣4,5,0.0,0.0,9634,0,0,7,80,-3189,-3189.0,-1.0,-3189.0,-1.0,call,0,0.5238208770751953
