,N,Nnf,round,first,hole,board,Nsim,prWin,prWinStd,pot,bet,maxBet,NMaxBet,minBet,util_fold,util_call,util_raise_coeff,util_call2,util_raise_coeff2,action,amount,cputime
0,7,6,Deal,0,♦9 ♣8,,55,0.1787878787878788,0.3718022520111342,0,40,74,1,34,-40,5.381818181818176,0.07272727272727275,-47.53939393939394,-0.6424242424242423,raise,0,0.5313162803649902
1,7,6,Deal,0,♦9 ♣8,,95,0.14035087719298248,0.33622934030636925,0,148,183,2,35,-148,-28.89473684210523,-0.1578947368421051,-131.6315789473684,-0.7192982456140351,call,0,0.5216388702392578
2,7,6,Flop,1,♦9 ♣8,♦10 ♠10 ♣10,5,0.0,0.0,569,0,0,7,40,-183,-183.0,-1.0,-183.0,-1.0,call,0,0.5250911712646484
3,7,6,Flop,0,♦9 ♣8,♦10 ♠10 ♣10,45,0.11587301587301585,0.28859220767907334,569,40,82,1,42,-223,-142.05873015873019,-0.3047619047619049,-180.06507936507938,-0.7682539682539683,call,0,0.5214917659759521
4,7,6,Flop,0,♦9 ♣8,♦10 ♠10 ♣10,95,0.07719298245614034,0.23368639314988446,569,82,235,2,153,-265,-265.23508771929824,-0.536842105263158,-337.7964912280702,-0.8456140350877193,fold,0,0.5234770774841309
