,N,Nnf,round,first,hole,board,Nsim,prWin,prWinStd,pot,bet,maxBet,NMaxBet,minBet,util_fold,util_call,util_raise_coeff,util_call2,util_raise_coeff2,action,amount,cputime
0,8,7,Deal,0,♠6 ♠J,,80,0.14375,0.34635377506243525,0,10,29,3,19,-10,0.18124999999999503,0.006249999999999867,-20.6625,-0.7125,raise,0,0.5253009796142578
1,8,7,Deal,0,♠6 ♠J,,150,0.11,0.3047950130825634,0,58,84,2,26,-58,-19.319999999999993,-0.22999999999999998,-65.52,-0.78,call,0,0.5201499462127686
2,8,7,Flop,1,♠6 ♠J,♠4 ♣2 ♥10,5,0.0,0.0,504,0,0,8,20,-84,-84.0,-1.0,-84.0,-1.0,call,0,0.527137041091919
3,8,7,Flop,0,♠6 ♠J,♠4 ♣2 ♥10,70,0.04285714285714286,0.20253495541082608,504,20,5159,1,5139,-104,-3673.7,-0.7,-4779.2,-0.9142857142857143,fold,0,0.5238699913024902
