,N,Nnf,round,first,hole,board,Nsim,prWin,prWinStd,pot,bet,maxBet,NMaxBet,minBet,util_fold,util_call,util_raise_coeff,util_call2,util_raise_coeff2,action,amount,cputime
0,8,8,Deal,0,♣2 ♣9,,45,0.15555555555555556,0.3467663674294941,0,0,40,1,40,0,9.777777777777779,0.24444444444444446,-27.555555555555557,-0.6888888888888889,raise,0,0.5236721038818359
1,8,8,Deal,0,♣2 ♣9,,150,0.12333333333333334,0.31589379368529685,0,80,94,2,14,-80,-1.2533333333333303,-0.013333333333333308,-70.81333333333333,-0.7533333333333333,call,0,0.5224661827087402
2,8,8,Deal,0,♣2 ♣9,,255,0.10718954248366012,0.29823838087952087,0,94,282,1,188,-94,-40.18039215686275,-0.142483660130719,-221.5450980392157,-0.7856209150326797,call,0,0.5203399658203125
3,8,8,Deal,0,♣2 ♣9,,360,0.11574074074074073,0.3113576514325995,0,282,6066,1,5784,-282,-449.33333333333394,-0.07407407407407418,-4661.833333333334,-0.7685185185185186,fold,0,0.5251100063323975
