,N,Nnf,round,first,hole,board,Nsim,prWin,prWinStd,pot,bet,maxBet,NMaxBet,minBet,util_fold,util_call,util_raise_coeff,util_call2,util_raise_coeff2,action,amount,cputime
0,7,7,Deal,0,♠J ♠5,,60,0.15238095238095237,0.3565391723301883,0,80,290,2,210,-80,19.333333333333314,0.06666666666666665,-201.61904761904762,-0.6952380952380952,raise,0,0.5312891006469727
1,7,7,Deal,0,♠J ♠5,,130,0.11263736263736264,0.3115849723987912,0,580,1160,1,580,-580,-245.38461538461524,-0.21153846153846156,-898.6813186813187,-0.7747252747252747,call,0,0.5223259925842285
2,7,7,Flop,0,♠J ♠5,♣2 ♥9 ♣7,35,0.02857142857142857,0.1665986255670086,4640,0,80,1,80,-1160,-1091.4285714285716,-0.8,-1102.857142857143,-0.9428571428571428,call,0,0.5279600620269775
3,7,7,Flop,0,♠J ♠5,♣2 ♥9 ♣7,105,0.03333333333333333,0.15836465855538942,4640,80,204,2,124,-1240,-1161.7333333333333,-0.7666666666666666,-1195.7333333333333,-0.9333333333333333,call,0,0.5235979557037354
4,7,7,Turn,0,♠J ♠5,♣2 ♥9 ♣7 ♦10,35,0.07142857142857142,0.24327694808466285,5456,0,80,1,80,-1364,-1014.2857142857143,-0.5,-1042.857142857143,-0.8571428571428572,call,0,0.5217728614807129
5,7,7,Turn,0,♠J ♠5,♣2 ♥9 ♣7 ♦10,105,0.0492063492063492,0.18817391697169572,5456,80,604,1,524,-1444,-1491.4857142857145,-0.6555555555555557,-1640.088888888889,-0.9015873015873016,fold,0,0.5272271633148193
