,N,Nnf,round,first,hole,board,Nsim,prWin,prWinStd,pot,bet,maxBet,NMaxBet,minBet,util_fold,util_call,util_raise_coeff,util_call2,util_raise_coeff2,action,amount,cputime
0,8,8,Deal,0,♥10 ♥4,,40,0.125,0.3112474899497183,0,0,40,1,40,0,0.0,0.0,-30.0,-0.75,call,0,0.5274758338928223
1,8,8,Deal,0,♥10 ♥4,,150,0.14,0.3372437298651131,0,40,67,6,27,-40,8.040000000000006,0.1200000000000001,-48.239999999999995,-0.72,raise,0,0.5148410797119141
2,8,8,Deal,0,♥10 ♥4,,255,0.11764705882352941,0.31604534444641236,0,134,1444,1,1310,-134,-84.94117647058829,-0.05882352941176472,-1104.235294117647,-0.7647058823529411,call,0,0.5248560905456543
