,N,Nnf,round,first,hole,board,Nsim,prWin,prWinStd,pot,bet,maxBet,NMaxBet,minBet,util_fold,util_call,util_raise_coeff,util_call2,util_raise_coeff2,action,amount,cputime
0,7,7,Deal,0,♦A ♥9,,20,0.275,0.43229041164476456,0,0,80,2,80,0,74.0,0.9250000000000003,-36.0,-0.44999999999999996,raise,0,0.5221800804138184
1,7,7,Deal,0,♦A ♥9,,75,0.25333333333333335,0.4271871824960211,0,160,198,2,38,-160,153.12,0.7733333333333334,-97.67999999999999,-0.4933333333333333,raise,0,0.5303370952606201
2,7,7,Deal,0,♦A ♥9,,130,0.22692307692307692,0.41189775832554554,0,396,476,3,80,-396,280.10769230769233,0.5884615384615384,-259.96923076923076,-0.5461538461538462,raise,0,0.5261130332946777
3,7,7,Flop,0,♦A ♥9,♣4 ♣7 ♠10,35,0.0,0.0,3808,0,258,1,258,-952,-1210.0,-1.0,-1210.0,-1.0,fold,0,0.5317440032958984
