,N,Nnf,round,first,hole,board,Nsim,prWin,prWinStd,pot,bet,maxBet,NMaxBet,minBet,util_fold,util_call,util_raise_coeff,util_call2,util_raise_coeff2,action,amount,cputime
0,8,8,Deal,0,♥10 ♥8,,70,0.17142857142857143,0.3574284572341944,0,0,2027,1,2027,0,752.8857142857141,0.37142857142857144,-1332.0285714285715,-0.6571428571428571,raise,0,0.5284287929534912
