,N,Nnf,round,first,hole,board,Nsim,prWin,prWinStd,pot,bet,maxBet,NMaxBet,minBet,util_fold,util_call,util_raise_coeff,util_call2,util_raise_coeff2,action,amount,cputime
0,7,7,Deal,0,♥J ♥3,,85,0.13109243697478992,0.32647248087875946,0,20,156,1,136,-20,-12.847058823529409,-0.08235294117647052,-115.09915966386555,-0.7378151260504202,call,0,0.5294210910797119
1,7,7,Flop,0,♥J ♥3,♠K ♠2 ♣K,35,0.02857142857142857,0.1665986255670086,874,0,20,1,20,-156,-147.0285714285714,-0.8,-149.8857142857143,-0.9428571428571428,call,0,0.5256741046905518
2,7,7,Flop,0,♥J ♥3,♠K ♠2 ♣K,115,0.02608695652173913,0.14511581972416204,874,20,71,4,51,-176,-191.23478260869564,-0.817391304347826,-200.49565217391304,-0.9478260869565217,fold,0,0.5230607986450195
