,N,Nnf,round,first,hole,board,Nsim,prWin,prWinStd,pot,bet,maxBet,NMaxBet,minBet,util_fold,util_call,util_raise_coeff,util_call2,util_raise_coeff2,action,amount,cputime
0,7,7,Deal,0,♦5 ♦Q,,65,0.20512820512820512,0.3995395114006658,0,80,160,1,80,-80,69.74358974358972,0.4358974358974359,-94.35897435897436,-0.5897435897435898,raise,0,0.5253250598907471
1,7,6,Deal,0,♦5 ♦Q,,135,0.17901234567901234,0.37659380352270727,0,320,640,1,320,-320,47.40740740740739,0.07407407407407396,-410.8641975308642,-0.6419753086419753,raise,0,0.5220468044281006
2,7,6,Flop,0,♦5 ♦Q,♦10 ♣3 ♣A,35,0.07857142857142857,0.24474059570016884,3920,0,80,1,80,-1280,-1014.2857142857142,-0.5285714285714286,-1039.4285714285716,-0.8428571428571429,call,0,0.5281999111175537
3,7,6,Turn,0,♦5 ♦Q,♦10 ♣3 ♣A ♦9,45,0.2,0.4,4160,0,80,1,80,-1360,-512.0,0.20000000000000018,-576.0,-0.6,raise,0,0.5246388912200928
