,N,Nnf,round,first,hole,board,Nsim,prWin,prWinStd,pot,bet,maxBet,NMaxBet,minBet,util_fold,util_call,util_raise_coeff,util_call2,util_raise_coeff2,action,amount,cputime
0,7,4,Deal,0,♥8 ♦9,,65,0.13076923076923078,0.33139475736212337,0,40,80,1,40,-40,-38.15384615384615,-0.4769230769230769,-59.07692307692308,-0.7384615384615385,call,0,0.5291750431060791
1,7,4,Deal,0,♥8 ♦9,,95,0.14736842105263157,0.346969467870516,0,80,225,1,145,-80,-92.36842105263159,-0.41052631578947374,-158.68421052631578,-0.7052631578947368,fold,0,0.527601957321167
