,N,Nnf,round,first,hole,board,Nsim,prWin,prWinStd,pot,bet,maxBet,NMaxBet,minBet,util_fold,util_call,util_raise_coeff,util_call2,util_raise_coeff2,action,amount,cputime
0,7,6,Deal,0,♦4 ♣4,,45,0.2,0.4,0,0,80,1,80,0,16.0,0.20000000000000018,-48.0,-0.6,raise,0,0.5226259231567383
1,7,6,Deal,0,♦4 ♣4,,95,0.16842105263157894,0.37423976493960376,0,160,340,2,180,-160,3.5789473684210407,0.010526315789473717,-225.4736842105263,-0.6631578947368422,raise,0,0.5225179195404053
2,7,6,Flop,0,♦4 ♣4,♣7 ♥6 ♣J,15,0.0,0.0,2388,0,160,1,160,-680,-840.0,-1.0,-840.0,-1.0,fold,0,0.5236949920654297
