,N,Nnf,round,first,hole,board,Nsim,prWin,prWinStd,pot,bet,maxBet,NMaxBet,minBet,util_fold,util_call,util_raise_coeff,util_call2,util_raise_coeff2,action,amount,cputime
0,8,8,Deal,0,♥K ♠9,,10,0.2,0.4000000000000001,0,0,20,1,20,0,12.0,0.6000000000000001,-12.0,-0.6,raise,0,0.5208930969238281
1,8,8,Deal,0,♥K ♠9,,110,0.16477272727272727,0.3634321159344093,0,40,136,1,96,-40,43.27272727272725,0.3181818181818181,-91.18181818181819,-0.6704545454545454,raise,0,0.5202460289001465
2,8,6,Flop,0,♥K ♠9,♦7 ♠7 ♥10,15,0.0,0.0,1836,0,20,1,20,-272,-292.0,-1.0,-292.0,-1.0,fold,0,0.5261518955230713
