,N,Nnf,round,first,hole,board,Nsim,prWin,prWinStd,pot,bet,maxBet,NMaxBet,minBet,util_fold,util_call,util_raise_coeff,util_call2,util_raise_coeff2,action,amount,cputime
0,7,6,Deal,0,♣2 ♠A,,65,0.16373626373626374,0.3622108714168303,0,20,40,3,20,-20,-0.7032967032967008,-0.01758241758241752,-26.9010989010989,-0.6725274725274726,call,0,0.5286288261413574
1,7,6,Deal,0,♣2 ♠A,,120,0.14285714285714285,0.3424352563068014,0,40,127,2,87,-40,-18.14285714285714,-0.1428571428571429,-90.71428571428572,-0.7142857142857143,call,0,0.5284039974212646
2,7,6,Deal,0,♣2 ♠A,,170,0.15378151260504203,0.35146851627069636,0,127,246,1,119,-127,-19.01848739495796,-0.07731092436974785,-170.33949579831932,-0.692436974789916,call,0,0.5228748321533203
3,7,6,Flop,1,♣2 ♠A,♥6 ♣7 ♥J,5,0.0,0.0,984,0,0,7,40,-246,-246.0,-1.0,-246.0,-1.0,call,0,0.5271251201629639
4,7,6,Flop,0,♣2 ♠A,♥6 ♣7 ♥J,55,0.02727272727272727,0.1482682402754554,984,40,114,2,74,-286,-314.5090909090909,-0.8363636363636364,-326.94545454545454,-0.9454545454545454,fold,0,0.5211257934570312
