,N,Nnf,round,first,hole,board,Nsim,prWin,prWinStd,pot,bet,maxBet,NMaxBet,minBet,util_fold,util_call,util_raise_coeff,util_call2,util_raise_coeff2,action,amount,cputime
0,7,7,Deal,0,♥K ♦9,,65,0.2230769230769231,0.4116642510849124,0,40,162,1,122,-40,90.96923076923079,0.5615384615384615,-89.72307692307692,-0.5538461538461539,raise,0,0.5256068706512451
1,7,7,Deal,0,♥K ♦9,,150,0.20666666666666667,0.3965966324729559,0,324,434,1,110,-324,193.85333333333324,0.44666666666666677,-254.61333333333334,-0.5866666666666667,raise,0,0.5214271545410156
2,7,7,Flop,1,♥K ♦9,♥10 ♣J ♠2,5,0.2,0.4,3906,0,0,7,80,-868,-86.79999999999995,0.40000000000000013,-86.79999999999995,-0.6,raise,0,0.5225720405578613
3,7,7,Flop,0,♥K ♦9,♥10 ♣J ♠2,55,0.2212121212121212,0.3880208073335543,3906,80,247,1,167,-948,131.530303030303,0.5484848484848484,-141.66666666666674,-0.5575757575757576,raise,0,0.5260391235351562
4,7,7,Flop,0,♥K ♦9,♥10 ♣J ♠2,85,0.24901960784313723,0.4158804577893604,3906,494,6601,1,6107,-1362,5010.119607843135,0.7431372549019606,-3208.772549019608,-0.5019607843137255,raise,0,0.5234308242797852
