,N,Nnf,round,first,hole,board,Nsim,prWin,prWinStd,pot,bet,maxBet,NMaxBet,minBet,util_fold,util_call,util_raise_coeff,util_call2,util_raise_coeff2,action,amount,cputime
0,7,7,Deal,0,♣10 ♣Q,,80,0.175,0.3716517186829626,0,0,64,1,64,0,14.399999999999991,0.22499999999999987,-41.6,-0.65,raise,0,0.5221729278564453
1,7,6,Deal,0,♣10 ♣Q,,185,0.21608751608751608,0.404322346460366,0,128,4056,1,3928,-128,1202.7057915057921,0.2965250965250965,-2303.0980694980694,-0.5678249678249678,raise,0,0.530134916305542
