,N,Nnf,round,first,hole,board,Nsim,prWin,prWinStd,pot,bet,maxBet,NMaxBet,minBet,util_fold,util_call,util_raise_coeff,util_call2,util_raise_coeff2,action,amount,cputime
0,7,7,Deal,0,♣2 ♠10,,80,0.12053571428571427,0.31835710078848406,0,0,130,1,130,0,-20.312500000000014,-0.1562500000000001,-98.66071428571429,-0.7589285714285714,fold,0,0.5146751403808594
