,N,Nnf,round,first,hole,board,Nsim,prWin,prWinStd,pot,bet,maxBet,NMaxBet,minBet,util_fold,util_call,util_raise_coeff,util_call2,util_raise_coeff2,action,amount,cputime
0,7,7,Deal,0,♥J ♥10,,40,0.21607142857142855,0.4000916667924173,0,0,80,1,80,0,41.0,0.5125,-45.42857142857143,-0.5678571428571428,raise,0,0.5271601676940918
1,7,6,Flop,0,♥J ♥10,♦3 ♥7 ♠10,30,0.23333333333333334,0.4229525846816506,560,0,96,1,96,-160,9.066666666666606,0.3999999999999999,-80.53333333333336,-0.5333333333333333,raise,0,0.5258738994598389
2,7,6,Flop,0,♥J ♥10,♦3 ♥7 ♠10,70,0.32857142857142857,0.46969377779353133,560,192,207,1,15,-352,225.0857142857143,0.9714285714285715,-46.97142857142853,-0.34285714285714286,raise,0,0.5212030410766602
3,7,6,Flop,0,♥J ♥10,♦3 ♥7 ♠10,115,0.30434782608695654,0.4601306627938419,560,414,1442,2,1028,-574,1201.6521739130435,0.8260869565217392,-553.8260869565217,-0.3913043478260869,raise,0,0.5262939929962158
4,7,6,Turn,0,♥J ♥10,♦3 ♥7 ♠10 ♦K,15,0.06666666666666667,0.24944382578492946,7770,0,40,1,40,-3044,-2550.0,-0.6,-2560.6666666666665,-0.8666666666666667,call,0,0.5313699245452881
5,7,6,River,0,♥J ♥10,♦3 ♥7 ♠10 ♦K ♦Q,15,0.06666666666666667,0.24944382578492946,7850,0,116,1,116,-3084,-2630.2666666666664,-0.6,-2661.2,-0.8666666666666667,call,0,0.5312330722808838
