,N,Nnf,round,first,hole,board,Nsim,prWin,prWinStd,pot,bet,maxBet,NMaxBet,minBet,util_fold,util_call,util_raise_coeff,util_call2,util_raise_coeff2,action,amount,cputime
0,8,8,Deal,0,♥6 ♥Q,,70,0.1261904761904762,0.31044734017286757,0,0,40,1,40,0,0.3809523809523796,0.00952380952380949,-29.904761904761905,-0.7476190476190476,raise,0,0.5256478786468506
1,8,8,Deal,0,♥6 ♥Q,,175,0.14261904761904762,0.34073200512973223,0,80,2443,2,2363,-80,344.3466666666668,0.14095238095238094,-1746.1633333333334,-0.7147619047619047,raise,0,0.5234050750732422
