,N,Nnf,round,first,hole,board,Nsim,prWin,prWinStd,pot,bet,maxBet,NMaxBet,minBet,util_fold,util_call,util_raise_coeff,util_call2,util_raise_coeff2,action,amount,cputime
0,8,7,Deal,0,♥6 ♦2,,90,0.05694444444444444,0.21663550345690039,0,10,44,1,34,-10,-26.461111111111112,-0.601388888888889,-38.98888888888889,-0.8861111111111111,fold,0,0.5272459983825684
