,N,Nnf,round,first,hole,board,Nsim,prWin,prWinStd,pot,bet,maxBet,NMaxBet,minBet,util_fold,util_call,util_raise_coeff,util_call2,util_raise_coeff2,action,amount,cputime
0,7,7,Deal,0,♦A ♥2,,10,0.2,0.4000000000000001,0,0,40,1,40,0,16.0,0.40000000000000013,-24.0,-0.6,raise,0,0.5266690254211426
1,7,6,Deal,0,♦A ♥2,,90,0.15555555555555556,0.3546864377669415,0,80,116,1,36,-80,-7.733333333333334,-0.06666666666666665,-79.91111111111111,-0.6888888888888889,call,0,0.5225389003753662
2,7,6,Deal,0,♦A ♥2,,140,0.13214285714285715,0.33064176927883254,0,116,215,3,99,-116,-44.53571428571428,-0.20714285714285707,-158.17857142857144,-0.7357142857142858,call,0,0.5283620357513428
3,7,6,Flop,0,♦A ♥2,♠A ♦10 ♥5,15,0.3333333333333333,0.47140452079103173,900,0,115,1,115,-215,200.0,1.0,46.66666666666663,-0.33333333333333337,raise,0,0.5287899971008301
4,7,6,Turn,0,♦A ♥2,♠A ♦10 ♥5 ♦7,15,0.36666666666666664,0.46427960923947065,1820,0,135,1,135,-445,384.33333333333326,1.1999999999999997,186.33333333333326,-0.2666666666666667,raise,0,0.5223641395568848
5,7,6,River,0,♦A ♥2,♠A ♦10 ♥5 ♦7 ♦2,15,0.5333333333333333,0.4988876515698588,2900,0,134,1,134,-715,1126.4666666666667,2.2,840.6000000000001,0.06666666666666665,raise,0,0.5267038345336914
