,N,Nnf,round,first,hole,board,Nsim,prWin,prWinStd,pot,bet,maxBet,NMaxBet,minBet,util_fold,util_call,util_raise_coeff,util_call2,util_raise_coeff2,action,amount,cputime
0,7,7,Deal,0,♣2 ♣A,,15,0.26666666666666666,0.44221663871405337,0,0,20,1,20,0,17.33333333333333,0.8666666666666667,-9.333333333333334,-0.4666666666666667,raise,0,0.5245919227600098
1,7,7,Deal,0,♣2 ♣A,,130,0.23553113553113553,0.4108170880934494,0,40,128,1,88,-40,83.03589743589743,0.6487179487179486,-67.7040293040293,-0.528937728937729,raise,0,0.5211100578308105
2,7,7,Deal,0,♣2 ♣A,,225,0.18941798941798943,0.3805207725486637,0,256,512,1,256,-256,166.8740740740741,0.32592592592592595,-318.0359788359788,-0.6211640211640211,raise,0,0.525629997253418
3,7,7,Flop,0,♣2 ♣A,♥A ♣4 ♠J,50,0.44,0.48620983124572875,2688,0,20,2,20,-512,712.3199999999999,2.08,668.3199999999999,-0.12,raise,0,0.5177011489868164
