,N,Nnf,round,first,hole,board,Nsim,prWin,prWinStd,pot,bet,maxBet,NMaxBet,minBet,util_fold,util_call,util_raise_coeff,util_call2,util_raise_coeff2,action,amount,cputime
0,8,8,Deal,0,♠2 ♦7,,70,0.0035714285714285713,0.020824828195876072,0,20,118,2,98,-20,-114.62857142857143,-0.9714285714285714,-117.15714285714286,-0.9928571428571429,fold,0,0.5253219604492188
