,N,Nnf,round,first,hole,board,Nsim,prWin,prWinStd,pot,bet,maxBet,NMaxBet,minBet,util_fold,util_call,util_raise_coeff,util_call2,util_raise_coeff2,action,amount,cputime
0,7,7,Deal,0,♦6 ♠6,,55,0.20259740259740258,0.3991557966191906,0,0,106,1,106,0,44.327272727272714,0.418181818181818,-63.04935064935065,-0.5948051948051949,raise,0,0.5300829410552979
1,7,7,Flop,0,♦6 ♠6,♦9 ♣A ♦4,70,0.07142857142857142,0.2575393768188564,1060,0,306,1,306,-212,-289.2857142857143,-0.5,-398.57142857142856,-0.8571428571428572,fold,0,0.5241568088531494
