,N,Nnf,round,first,hole,board,Nsim,prWin,prWinStd,pot,bet,maxBet,NMaxBet,minBet,util_fold,util_call,util_raise_coeff,util_call2,util_raise_coeff2,action,amount,cputime
0,8,8,Deal,0,♣10 ♥10,,60,0.21666666666666667,0.4119735698102758,0,0,122,1,122,0,89.46666666666667,0.7333333333333334,-69.13333333333333,-0.5666666666666667,raise,0,0.5261979103088379
1,8,8,Flop,0,♣10 ♥10,♣5 ♥4 ♦3,75,0.12457142857142858,0.32448020180057857,1708,0,38,2,38,-244,-31.36228571428569,-0.0034285714285713365,-59.7645714285714,-0.7508571428571429,call,0,0.5248150825500488
2,8,7,Flop,0,♣10 ♥10,♣5 ♥4 ♦3,135,0.1313756613756614,0.33125211537857197,1708,38,77,2,39,-282,-25.798888888888825,-0.0803703703703702,-76.37851851851849,-0.7372486772486773,call,0,0.5313441753387451
3,8,7,Turn,0,♣10 ♥10,♣5 ♥4 ♦3 ♦8,40,0.15,0.3570714214271425,2116,0,75,4,75,-321,0.14999999999997726,0.050000000000000044,-56.10000000000002,-0.7,raise,0,0.5230209827423096
4,8,6,River,0,♣10 ♥10,♣5 ♥4 ♦3 ♦8 ♥K,35,0.11428571428571428,0.318157963590287,2791,0,73,1,73,-471,-174.97142857142853,-0.3142857142857143,-208.3428571428571,-0.7714285714285715,call,0,0.522324800491333
5,8,6,River,0,♣10 ♥10,♣5 ♥4 ♦3 ♦8 ♥K,80,0.1125,0.31598061649411346,2791,73,100,3,27,-544,-189.5125,-0.32499999999999996,-234.5125,-0.775,call,0,0.5233159065246582
