,N,Nnf,round,first,hole,board,Nsim,prWin,prWinStd,pot,bet,maxBet,NMaxBet,minBet,util_fold,util_call,util_raise_coeff,util_call2,util_raise_coeff2,action,amount,cputime
0,8,8,Deal,0,♥A ♠8,,10,0.15,0.32015621187164245,0,0,80,1,80,0,16.0,0.19999999999999996,-56.0,-0.7,raise,0,0.5226778984069824
1,8,8,Flop,0,♥A ♠8,♦6 ♣K ♠K,10,0.2833333333333333,0.3253203549323856,756,0,80,1,80,-160,155.5333333333333,1.2666666666666666,19.533333333333303,-0.43333333333333335,raise,0,0.5312528610229492
2,8,8,Flop,0,♥A ♠8,♦6 ♣K ♠K,55,0.13257575757575757,0.286710147897235,756,160,291,1,131,-320,-42.136363636363626,0.06060606060606055,-273.6136363636364,-0.7348484848484849,raise,0,0.5213570594787598
3,8,8,Turn,1,♥A ♠8,♦6 ♣K ♠K ♦J,5,0.0,0.0,2960,0,0,8,80,-742,-742.0,-1.0,-742.0,-1.0,call,0,0.5198867321014404
4,8,8,Turn,0,♥A ♠8,♦6 ♣K ♠K ♦J,35,0.06666666666666665,0.20392964862251292,2960,80,8634,1,8554,-822,-4573.866666666668,-0.4666666666666668,-8027.466666666667,-0.8666666666666667,fold,0,0.521967887878418
