,N,Nnf,round,first,hole,board,Nsim,prWin,prWinStd,pot,bet,maxBet,NMaxBet,minBet,util_fold,util_call,util_raise_coeff,util_call2,util_raise_coeff2,action,amount,cputime
0,7,7,Deal,0,♦3 ♠3,,50,0.20285714285714285,0.3990703482559721,0,40,160,1,120,-40,67.19999999999999,0.41999999999999993,-95.08571428571429,-0.5942857142857143,raise,0,0.5209901332855225
1,7,7,Deal,0,♦3 ♠3,,135,0.17883597883597882,0.3820296350170993,0,320,1756,1,1436,-320,442.2518518518518,0.25185185185185177,-1127.9280423280425,-0.6423280423280424,raise,0,0.5208609104156494
2,7,7,Flop,1,♦3 ♠3,♠8 ♥K ♠10,5,0.0,0.0,11414,0,0,7,80,-3512,-3512.0,-1.0,-3512.0,-1.0,call,0,0.5268840789794922
3,7,7,Flop,0,♦3 ♠3,♠8 ♥K ♠10,65,0.03076923076923077,0.1726918793895665,11414,80,620,1,540,-3592,-3647.2615384615383,-0.7846153846153846,-3742.646153846154,-0.9384615384615385,fold,0,0.5253210067749023
