,N,Nnf,round,first,hole,board,Nsim,prWin,prWinStd,pot,bet,maxBet,NMaxBet,minBet,util_fold,util_call,util_raise_coeff,util_call2,util_raise_coeff2,action,amount,cputime
0,7,7,Deal,0,♣10 ♠A,,10,0.3,0.45825756949558394,0,0,40,1,40,0,44.0,1.1,-16.0,-0.4,raise,0,0.5269408226013184
1,7,6,Flop,0,♣10 ♠A,♠K ♠J ♥5,15,0.43333333333333335,0.47842333648024415,280,0,40,1,40,-80,105.33333333333337,1.6,36.0,-0.1333333333333333,raise,0,0.525252103805542
2,7,6,Flop,0,♣10 ♠A,♠K ♠J ♥5,55,0.2545454545454545,0.4250425355476713,280,80,107,1,27,-160,47.69090909090909,0.5272727272727271,-61.254545454545465,-0.49090909090909096,raise,0,0.5254170894622803
3,7,6,Turn,0,♣10 ♠A,♠K ♠J ♥5 ♣Q,15,0.8333333333333334,0.3496029493900505,922,0,40,1,40,-294,634.3333333333334,4.0,501.0,0.6666666666666667,raise,0,0.5241270065307617
4,7,6,Turn,0,♣10 ♠A,♠K ♠J ♥5 ♣Q,55,0.7636363636363637,0.4140108195176618,922,80,169,1,89,-374,1015.4000000000001,3.581818181818182,499.18181818181824,0.5272727272727273,raise,0,0.5242681503295898
5,7,6,River,0,♣10 ♠A,♠K ♠J ♥5 ♣Q ♠7,15,0.8,0.4,1936,0,40,1,40,-632,1068.8000000000002,3.8000000000000007,940.8000000000002,0.6000000000000001,raise,0,0.5232160091400146
