,N,Nnf,round,first,hole,board,Nsim,prWin,prWinStd,pot,bet,maxBet,NMaxBet,minBet,util_fold,util_call,util_raise_coeff,util_call2,util_raise_coeff2,action,amount,cputime
0,7,7,Deal,0,♣3 ♣4,,25,0.22,0.4019950248448357,0,0,211,1,211,0,113.94,0.54,-118.16,-0.56,raise,0,0.521791934967041
1,7,7,Flop,0,♣3 ♣4,♣10 ♥7 ♠4,35,0.14285714285714285,0.3288818409491811,1688,0,244,2,244,-422,-180.8571428571429,0.0,-355.14285714285717,-0.7142857142857143,call,0,0.5222678184509277
2,7,7,Flop,0,♣3 ♣4,♣10 ♥7 ♠4,90,0.1,0.2905932629027116,1688,244,383,1,139,-666,-368.09999999999997,-0.29999999999999993,-559.5999999999999,-0.8,call,0,0.5240392684936523
3,7,7,Turn,0,♣3 ♣4,♣10 ♥7 ♠4 ♥Q,40,0.1,0.30000000000000004,3220,0,193,3,193,-805,-540.9,-0.29999999999999993,-637.4,-0.8,call,0,0.5226812362670898
4,7,7,River,0,♣3 ♣4,♣10 ♥7 ♠4 ♥Q ♦8,40,0.0,0.0,3992,0,124,2,124,-998,-1122.0,-1.0,-1122.0,-1.0,fold,0,0.5260300636291504
