,N,Nnf,round,first,hole,board,Nsim,prWin,prWinStd,pot,bet,maxBet,NMaxBet,minBet,util_fold,util_call,util_raise_coeff,util_call2,util_raise_coeff2,action,amount,cputime
0,7,7,Deal,0,♠K ♥A,,55,0.2571428571428571,0.4345043878717191,0,0,76,1,76,0,60.79999999999998,0.7999999999999998,-36.91428571428572,-0.48571428571428577,raise,0,0.526853084564209
1,7,7,Deal,0,♠K ♥A,,165,0.2593073593073593,0.431320493502558,0,152,304,1,152,-152,247.80606060606067,0.8151515151515152,-146.34112554112554,-0.48138528138528136,raise,0,0.522817850112915
2,7,5,Flop,0,♠K ♥A,♦K ♣10 ♠2,70,0.55,0.4938912546589293,4256,0,75,2,75,-608,1864.0500000000002,1.75,1740.3000000000002,0.10000000000000009,raise,0,0.528723955154419
3,7,4,Turn,0,♠K ♥A,♦K ♣10 ♠2 ♣2,15,0.5,0.48304589153964794,4931,0,20,1,20,-758,1727.5,1.0,1707.5,0.0,raise,0,0.5249290466308594
4,7,4,Turn,0,♠K ♥A,♦K ♣10 ♠2 ♣2,70,0.42142857142857143,0.4828169890320339,4931,40,80,1,40,-798,1374.9214285714284,0.6857142857142857,1307.4928571428572,-0.15714285714285714,raise,0,0.5227079391479492
5,7,4,River,0,♠K ♥A,♦K ♣10 ♠2 ♣2 ♣Q,15,0.13333333333333333,0.3399346342395189,5571,0,20,1,20,-918,-184.53333333333342,-0.4666666666666667,-189.86666666666667,-0.7333333333333334,call,0,0.5228087902069092
6,7,4,River,0,♠K ♥A,♦K ♣10 ♠2 ♣2 ♣Q,70,0.17857142857142858,0.3783017907675817,5571,20,82,1,62,-938,53.39285714285711,-0.2857142857142857,24.10714285714289,-0.6428571428571428,call,0,0.5224912166595459
