round_id,turn,N,Nnf,roundName,first,hole,board,Nsim,prWin,prWinStd,chips,reld,chips_total,pot,bet,cost_on_table,cost_to_call,cost_total,maxBet_all,N_maxBet_all,prWin_adj,limitBet,util_fold,util_call,util_raise_coeff,action,amount,cputime
1,0,10,7,deal,False,♥4 ♣K,,20000,0.08021166666666671,0.271620608933163,980,0,2980,0,20,20,60,80,80,1,0.08021166666666671,32.78069818543441,-20,-32.728033333333315,-0.8395766666666666,fold,0,0.15109610557556152
2,0,10,6,deal,False,♥J ♦Q,,20000,0.13513166666666626,0.34186415332783177,970,0,2970,0,10,10,10,20,20,5,0.13513166666666626,56.72729792542522,-10,7.567116666666614,-0.7297366666666675,check,0,0.13625812530517578
2,1,10,6,flop,True,♥J ♦Q,♠10 ♣K ♣8,51,0.29411764705882354,0.4556450995538137,960,0,2960,20,0,20,20,40,0,10,0.29411764705882354,223.87615948936076,0,27.058823529411768,-0.4117647058823529,check,0,1.344137191772461
2,2,10,5,flop,False,♥J ♦Q,♠10 ♣K ♣8,702,0.24608262108262108,0.4186024444136744,960,0,2960,20,0,20,960,980,3120,1,0.24608262108262108,181.5608432487664,0,324.551282051282,-0.5078347578347578,check,0,1.2797188758850098
3,0,10,6,deal,False,♥3 ♦Q,,20000,0.06938527777777795,0.25410816792358043,1000,1,2000,0,0,0,80,80,80,2,0.06938527777777795,18.921416223811082,0,-52.9397416666666,-0.8612294444444442,fold,0,0.13785815238952637
4,0,10,5,deal,False,♠6 ♥10,,20000,0.07261194444444456,0.25949845850879627,1000,1,2000,0,0,0,20,20,20,2,0.07390943673698855,20.203718973319983,0,-13.34815069367103,-0.8521811265260228,fold,0,0.1266932487487793
5,0,10,8,deal,False,♠6 ♥7,,20000,0.08702694444444442,0.2818745383767537,1000,1,2000,0,0,0,40,40,40,1,0.08984568982821196,24.771038105179148,0,-22.929318932639728,-0.8203086203435761,fold,0,0.1315000057220459
6,0,10,7,deal,False,♣10 ♠2,,20000,0.05866583333333353,0.23499819857317855,1000,1,2000,0,0,0,20,20,20,2,0.062190806311931204,16.895038254463962,0,-14.402827431926191,-0.8756183873761376,fold,0,0.12326502799987793
7,0,10,9,deal,False,♠5 ♦Q,,20000,0.07589500000000014,0.2648300379016703,1000,1,2000,0,0,0,40,40,40,1,0.08119160075803356,22.280950748973307,0,-26.197427871134295,-0.8376167984839329,fold,0,0.14250969886779785
