round_id,turn,N,Nnf,roundName,first,hole,board,Nsim,prWin,prWinStd,chips,reld,chips_total,pot,bet,cost_on_table,cost_to_call,cost_total,maxBet_all,N_maxBet_all,prWin_adj,limitBet,util_fold,util_call,util_raise_coeff,action,amount,cputime
1,0,5,5,deal,False,♣K ♥8,,60000,0.22872222222222216,0.324049348122754,1000,0,3000,0,0,0,1000,1000,1000,2,2.4463748159547754,,0,6412.5156923429695,3.8927496319095507,allin,0,1.7701771259307861
2,0,5,5,deal,False,♣7 ♥5,,60000,0.17044470899470898,0.3031397671760838,1000,1,2000,0,0,0,20,20,20,2,2.1577263598596783,,0,131.0408451901775,3.3154527197193566,allin,0,1.809180736541748
3,0,5,5,deal,False,♦4 ♥Q,,60000,0.18472962962962963,0.3024165770787007,5000,1,6000,0,0,0,20,20,20,1,2.237662655041071,,0,91.88313275205356,3.475325310082142,check,0,2.6932694911956787
3,1,5,5,deal,False,♦4 ♥Q,,60000,0.18472962962962963,0.3024165770787007,4980,1,5980,0,20,20,2980,3000,3000,1,2.237662655041071,,0,14966.05449342939,3.475325310082142,check,0,1.1371135711669922
4,0,3,3,deal,False,♦9 ♣4,,60000,0.26516851851851847,0.3107778026700511,1990,1,2990,0,10,10,1990,2000,2000,1,2.6025027659864417,,-10,8472.061119265496,4.205005531972883,allin,0,2.21722149848938
5,0,3,3,deal,False,♥6 ♥7,,60000,0.33762638888888885,0.35806022491933476,3000,1,4000,0,0,0,40,40,40,1,2.8439986327006026,,0,244.39986327006028,4.687997265401205,allin,0,2.1222124099731445
6,0,3,3,deal,False,♥5 ♥4,,60000,0.3094347222222221,0.3552062880706329,8960,1,9960,0,40,40,960,1000,1000,1,2.761727277482818,,-40,4673.923646064949,4.523454554965636,allin,0,2.298229932785034
7,0,3,3,deal,False,♣10 ♠A,,60000,0.4546412037037037,0.3334762061297321,5980,1,6980,0,20,20,980,1000,1000,1,3.098693731286782,,-20,5341.335211825036,5.197387462573564,allin,0,2.450244903564453
