round_id,turn,N,Nnf,roundName,first,hole,board,Nsim,prWin,prWinStd,chips,reld,chips_total,pot,bet,cost_on_table,cost_to_call,cost_total,maxBet_all,N_maxBet_all,prWin_adj,limitBet,util_fold,util_call,util_raise_coeff,action,amount,cputime
1,0,5,5,deal,False,♦4 ♣9,,60000,0.14686785714285716,0.27751848252510863,980,0,2980,0,20,20,980,1000,1000,2,1.3645388885016914,,-20,3168.1982210451415,1.7290777770033827,allin,0,1.1019999980926514
2,0,5,4,deal,False,♠10 ♠4,,60000,0.1968936507936508,0.32757760899570565,4990,0,6990,0,10,10,990,1000,1000,2,1.5628258001210027,,-10,3729.733916365428,2.1256516002420054,allin,0,1.0360000133514404
3,0,5,5,deal,False,♦3 ♥J,,60000,0.16442671957671956,0.29077179235221357,3000,0,5000,0,0,0,3000,3000,4000,1,1.4357985604516093,,0,8529.462440426421,1.8715971209032185,allin,0,1.7929999828338623
4,0,4,4,deal,False,♠Q ♠9,,60000,0.33577757936507935,0.3631773013383344,1000,1,2000,0,0,0,20,20,20,1,1.953273478596679,,0,77.66367392983395,2.906546957193358,allin,0,2.8530001640319824
5,0,3,3,deal,False,♠10 ♦2,,60000,0.2676106481481481,0.31082890889262216,1960,1,2960,0,40,40,120,160,160,1,1.7816906098165397,,-40,592.6762439266158,2.5633812196330794,allin,0,2.6600000858306885
6,0,3,3,deal,False,♦4 ♥J,,60000,0.303724537037037,0.31867431145028985,980,2,980,0,20,20,980,1000,12000,1,1.87416397399067,,-20,23459.098220838336,2.74832794798134,allin,0,2.560256004333496
