round_id,turn,N,Nnf,roundName,first,hole,board,Nsim,prWin,prWinStd,chips,reld,chips_total,pot,bet,cost_on_table,cost_to_call,cost_total,maxBet_all,N_maxBet_all,prWin_adj,limitBet,util_fold,util_call,util_raise_coeff,action,amount,cputime
1,0,5,5,deal,False,♠10 ♥2,,60000,0.14837156084656083,0.28156637358492154,980,0,2980,0,20,20,980,1000,1000,3,0.8539753782196802,754.3131249767772,-20,2452.981020443114,0.7079507564393603,allin,0,0.9220921993255615
2,0,5,5,deal,False,♣7 ♥5,,60000,0.17044470899470898,0.3031397671760838,990,1,1990,0,10,10,150,160,160,1,0.9187305150914575,657.141638692542,-10,272.6160369420705,0.8374610301829151,bet,300,1.5331532955169678
2,1,5,5,deal,False,♣7 ♥5,,60000,0.17044470899470898,0.3031397671760838,690,1,1690,0,310,310,690,1000,5000,1,0.9187305150914575,558.0750599951738,0,6246.415388940504,0.8374610301829151,allin,0,3.3273327350616455
3,0,5,5,deal,False,♣2 ♥2,,60000,0.18202552910052905,0.33310412685622354,690,1,1690,0,0,0,20,20,20,3,0.9518273354205494,674.3552382301842,0,65.66446018784944,0.9036546708410989,allin,0,2.256225824356079
4,0,5,5,deal,False,♠4 ♠Q,,60000,0.22470066137566136,0.3394173028767209,3140,1,4140,0,0,0,1000,1000,1000,1,1.0594707474544527,,0,1150.725617332539,1.1189414949089054,allin,0,2.073207139968872
5,0,4,4,deal,False,♣K ♠7,,60000,0.2798674603174603,0.32697525966963026,11210,1,12210,0,0,0,20,20,20,1,1.179979970914178,,0,38.9989985457089,1.3599599418283561,allin,0,3.196319818496704
