round_id,turn,N,Nnf,roundName,first,hole,board,Nsim,prWin,prWinStd,chips,reld,chips_total,pot,bet,cost_on_table,cost_to_call,cost_total,maxBet_all,N_maxBet_all,prWin_adj,limitBet,util_fold,util_call,util_raise_coeff,action,amount,cputime
1,0,5,5,deal,False,♦3 ♥J,,60000,0.16442671957671956,0.29077179235221357,980,0,2980,0,20,20,980,1000,1000,2,1.4543316776655288,,-20,3441.168300103208,1.9086633553310577,allin,0,0.8250823020935059
2,0,5,5,deal,False,♥9 ♣3,,60000,0.141325,0.2727631260407707,4990,0,6990,0,10,10,990,1000,1000,2,1.355347368899896,,-10,3130.256001455684,1.710694737799792,allin,0,1.8981897830963135
3,0,5,5,deal,False,♣J ♥4,,60000,0.17147817460317458,0.2955494699430381,3000,0,5000,0,0,0,2000,2000,2000,1,1.4869508440414467,,0,5479.362745528477,1.9739016880828935,allin,0,2.0632059574127197
