round_id,turn,N,Nnf,roundName,first,hole,board,Nsim,prWin,prWinStd,chips,reld,chips_total,pot,bet,cost_on_table,cost_to_call,cost_total,maxBet_all,N_maxBet_all,prWin_adj,limitBet,util_fold,util_call,util_raise_coeff,action,amount,cputime
1,0,5,5,deal,False,♦4 ♦7,,60000,0.1930494708994709,0.3292407097920622,980,0,2980,0,20,20,980,1000,1000,3,2.0066568698155915,,-20,7086.760616658678,3.013313739631183,check,0,1.0069997310638428
2,0,5,5,deal,False,♣8 ♦J,,60000,0.21957447089947088,0.3247248531006357,4990,0,6990,0,10,10,990,1000,1000,3,2.1237829203143255,,-10,7547.607339663589,3.247565840628651,allin,0,1.428999900817871
3,0,4,4,deal,False,♣3 ♠K,,60000,0.24807142857142855,0.3180302759072686,5000,0,7000,0,0,0,20,20,20,2,2.2369409937028033,,0,136.58586955919623,3.4738819874056066,allin,0,2.188000440597534
4,0,3,3,deal,False,♣5 ♣10,,60000,0.32672546296296295,0.3443408102510204,7960,0,9960,0,40,40,3960,4000,4000,1,2.488888862031871,,-40,18439.99975828684,3.977777724063742,allin,0,1.8930001258850098
5,0,3,3,deal,False,♥4 ♦K,,60000,0.35088148148148146,0.32136125040435426,3980,0,5980,0,20,20,60,80,80,1,2.553371398791498,,-20,450.6742797582996,4.106742797582996,allin,0,2.246000051498413
6,0,3,3,deal,False,♥10 ♣10,,60000,0.5785625,0.2685357092037021,2000,0,4000,0,0,0,40,40,40,1,2.8598693504254893,,0,245.9869350425489,4.719738700850979,allin,0,1.8420002460479736
