round_id,turn,N,Nnf,roundName,first,hole,board,Nsim,prWin,prWinStd,chips,reld,chips_total,pot,bet,cost_on_table,cost_to_call,cost_total,maxBet_all,N_maxBet_all,prWin_adj,limitBet,util_fold,util_call,util_raise_coeff,action,amount,cputime
1,0,5,5,deal,False,♥K ♠A,,60000,0.3332595238095238,0.3711540779777747,1000,0,3000,0,0,0,1000,1000,1000,2,1.7285396431102036,,0,4237.475118623917,2.457079286220407,allin,0,1.2121212482452393
2,0,5,5,deal,False,♦J ♣3,,60000,0.16442671957671956,0.29077179235221357,1000,1,2000,0,0,0,40,40,40,1,1.2634405703621574,,0,98.97846273983731,1.5268811407243148,allin,0,1.6621661186218262
3,0,5,5,deal,False,♠5 ♣A,,60000,0.24007050264550264,0.3313878251011616,1000,2,1000,0,0,0,20,20,20,1,1.50863484964693,,0,55.43174248234649,2.01726969929386,allin,0,2.0512051582336426
