round_id,turn,N,Nnf,roundName,first,hole,board,Nsim,prWin,prWinStd,chips,reld,chips_total,pot,bet,cost_on_table,cost_to_call,cost_total,maxBet_all,N_maxBet_all,prWin_adj,limitBet,util_fold,util_call,util_raise_coeff,action,amount,cputime
1,0,5,5,deal,False,♥2 ♣A,,60000,0.21980661375661376,0.3249562414528783,1000,0,3000,0,0,0,20,20,20,1,1.0273318834086018,,0,31.36659417043009,1.0546637668172036,allin,0,2.968296766281128
2,0,5,5,deal,False,♣9 ♣6,,60000,0.22155132275132272,0.3425290597823359,4980,0,6980,0,20,20,980,1000,1000,1,1.0334445674180965,,-20,1190.2335915780027,1.066889134836193,allin,0,1.281128168106079
3,0,5,5,deal,False,♣4 ♦5,,60000,0.16775701058201056,0.30817247119258806,2990,0,4990,0,10,10,990,1000,1000,1,0.900111727865061,1512.3833008716958,-10,864.2301594020257,0.800223455730122,bet,1060,1.5361535549163818
3,1,5,5,flop,True,♣4 ♦5,♣8 ♠J ♣Q,0,,,1930,0,3930,1070,0,1070,20,1090,0,5,,,0,,,check,0,1.879188060760498
3,2,5,5,flop,False,♣4 ♦5,♣8 ♠J ♣Q,0,,,1930,0,3930,1070,0,1070,20,1090,20,1,,,0,,,check,0,1.3671367168426514
3,3,5,5,turn,True,♣4 ♦5,♣8 ♠J ♣Q ♣2,0,,,1910,0,3910,1090,0,1090,20,1110,0,5,,,0,,,check,0,1.611161231994629
3,4,5,5,turn,False,♣4 ♦5,♣8 ♠J ♣Q ♣2,0,,,1910,0,3910,1090,0,1090,20,1110,20,1,,,0,,,check,0,1.4371438026428223
3,5,5,5,river,True,♣4 ♦5,♣8 ♠J ♣Q ♣2 ♥6,0,,,1890,0,3890,1110,0,1110,20,1130,0,5,,,0,,,check,0,1.6251626014709473
3,6,5,5,river,False,♣4 ♦5,♣8 ♠J ♣Q ♣2 ♥6,0,,,1890,0,3890,1110,0,1110,20,1130,20,1,,,0,,,check,0,1.589158535003662
