round_id,turn,N,Nnf,roundName,first,hole,board,Nsim,prWin,prWinStd,chips,reld,chips_total,pot,bet,cost_on_table,cost_to_call,cost_total,maxBet_all,N_maxBet_all,prWin_adj,limitBet,util_fold,util_call,util_raise_coeff,action,amount,cputime
1,0,5,5,deal,False,♥2 ♥9,,60000,0.1805818783068783,0.31889309334535004,1000,0,3000,0,0,0,20,20,20,1,1.5653988132845942,,0,58.26994066422971,2.1307976265691884,allin,0,2.104210615158081
2,0,5,5,deal,False,♥A ♥7,,60000,0.283742328042328,0.36139319371589756,980,1,1980,0,20,20,980,1000,1000,2,1.9089242260128132,,-20,4823.129647078952,2.8178484520256264,allin,0,1.466146469116211
3,0,5,5,deal,False,♣6 ♦5,,60000,0.1740642857142857,0.3085155986567874,990,2,990,0,10,10,990,1000,1000,2,1.5428490451654029,,-10,3731.118078206133,2.0856980903308058,allin,0,1.3261327743530273
4,0,3,3,deal,False,♠4 ♠A,,60000,0.42871018518518517,0.34411010241202883,5000,2,5000,0,0,0,20,20,20,1,2.2177435622580597,,0,90.88717811290299,3.4354871245161194,allin,0,2.484248399734497
