round_id,turn,N,Nnf,roundName,first,hole,board,Nsim,prWin,prWinStd,chips,reld,chips_total,pot,bet,cost_on_table,cost_to_call,cost_total,maxBet_all,N_maxBet_all,prWin_adj,limitBet,util_fold,util_call,util_raise_coeff,action,amount,cputime
1,0,5,5,deal,False,♦9 ♠2,,60000,0.13780952380952383,0.270126558429015,1000,0,3000,0,0,0,20,20,20,1,1.6734478232047008,,0,63.67239116023504,2.3468956464094015,allin,0,1.82845139503479
2,0,5,5,deal,False,♠K ♥K,,60000,0.5015292328042329,0.3442330878086244,4980,0,6980,0,20,20,980,1000,1000,3,2.7315188028335613,,-20,10000.705587390916,4.463037605667123,allin,0,1.368589162826538
3,0,4,4,deal,False,♦4 ♣8,,60000,0.1905988095238095,0.29537235824052244,9990,0,11990,0,10,10,990,1000,1000,2,1.944331810803716,,-10,4881.882068627222,2.888663621607432,allin,0,1.5945215225219727
