round_id,turn,N,Nnf,roundName,first,hole,board,Nsim,prWin,prWinStd,chips,reld,chips_total,pot,bet,cost_on_table,cost_to_call,cost_total,maxBet_all,N_maxBet_all,prWin_adj,limitBet,util_fold,util_call,util_raise_coeff,action,amount,cputime
1,0,5,5,deal,False,♠J ♠9,,60000,0.27868531746031744,0.3643963223485461,980,0,2980,0,20,20,980,1000,1000,2,1.798599714179046,,-20,4487.7431311043,2.597199428358092,allin,0,1.1571156978607178
2,0,5,5,deal,False,♠3 ♣6,,60000,0.14388955026455025,0.2859364173902688,990,1,1990,0,10,10,990,1000,5000,1,1.3354588499475137,,-10,8411.630303630496,1.6709176998950275,allin,0,1.241124153137207
3,0,4,4,deal,False,♣5 ♣2,,60000,0.2093472222222222,0.33092555672759827,1000,2,1000,0,0,0,1000,1000,10000,1,1.5885438928423952,,0,16521.639138051618,2.1770877856847903,allin,0,2.1112112998962402
