round_id,turn,N,Nnf,roundName,first,hole,board,Nsim,prWin,prWinStd,chips,reld,chips_total,pot,bet,cost_on_table,cost_to_call,cost_total,maxBet_all,N_maxBet_all,prWin_adj,limitBet,util_fold,util_call,util_raise_coeff,action,amount,cputime
1,0,5,5,deal,False,♥9 ♣Q,,60000,0.24363849206349206,0.33613575498781045,990,0,2990,0,10,10,990,1000,1000,3,2.0251382089207612,,-10,7151.05559986146,3.0502764178415225,allin,0,1.5241522789001465
2,0,5,5,deal,False,♥9 ♦7,,60000,0.19960436507936505,0.3170268401847398,1000,1,2000,0,0,0,1000,1000,1000,2,1.860370196561217,,0,4636.921695580488,2.720740393122434,allin,0,1.6441643238067627
3,0,5,5,deal,False,♦A ♥7,,60000,0.24280277777777776,0.3282267569395152,1000,2,1000,0,0,0,1000,1000,1000,1,2.0265144824380132,,0,3113.824399349167,3.0530289648760265,allin,0,1.998199701309204
