round_id,turn,N,Nnf,roundName,first,hole,board,Nsim,prWin,prWinStd,chips,reld,chips_total,pot,bet,cost_on_table,cost_to_call,cost_total,maxBet_all,N_maxBet_all,prWin_adj,limitBet,util_fold,util_call,util_raise_coeff,action,amount,cputime
1,0,5,5,deal,False,♠4 ♠10,,60000,0.1968936507936508,0.32757760899570565,1000,0,3000,0,0,0,80,80,80,1,1.0597969299902636,,0,163.75329389776064,1.1195938599805273,allin,0,1.8911893367767334
2,0,5,5,deal,False,♠6 ♥K,,60000,0.2142867724867725,0.317365470360142,1000,1,2000,0,0,0,1000,1000,1000,1,1.1067472148320607,,0,1246.6968461090833,1.2134944296641215,allin,0,2.403240442276001
3,0,4,4,deal,False,♦7 ♦K,,60000,0.31723313492063493,0.353589229578366,5000,1,6000,0,0,0,20,20,20,1,1.3318030575692847,,0,46.59015287846424,1.6636061151385695,allin,0,2.6562654972076416
4,0,4,4,deal,False,♥5 ♠7,,60000,0.21364027777777775,0.31447182297368087,6980,1,7980,0,20,20,3980,4000,4000,1,1.109218735688755,,-20,7112.187356887551,1.2184374713775101,allin,0,0.9340934753417969
5,0,4,4,deal,False,♠5 ♣8,,60000,0.21020297619047618,0.30961995812011034,2990,1,3990,0,10,10,70,80,80,1,1.1025243414989616,,-10,172.55535512977156,1.2050486829979232,allin,0,2.0872087478637695
6,0,4,4,deal,False,♠8 ♥2,,60000,0.16835892857142856,0.2787834840894259,1000,2,1000,0,0,0,1000,1000,5000,1,0.989694374482862,601.9108113123323,0,4997.547909366144,0.979388748965724,allin,0,2.0442044734954834
