round_id,turn,N,Nnf,roundName,first,hole,board,Nsim,prWin,prWinStd,chips,reld,chips_total,pot,bet,cost_on_table,cost_to_call,cost_total,maxBet_all,N_maxBet_all,prWin_adj,limitBet,util_fold,util_call,util_raise_coeff,action,amount,cputime
1,0,5,5,deal,False,♣3 ♠Q,,60000,0.17700899470899473,0.2978482380798779,1000,0,3000,0,0,0,1000,1000,1000,1,1.528143154766982,,0,2102.1306041769735,2.056286309533964,allin,0,1.8448154926300049
2,0,5,5,deal,False,♥2 ♠8,,60000,0.12880780423280422,0.26272592691614793,1000,1,2000,0,0,0,20,20,20,1,1.3163370559283583,,0,45.81685279641792,1.6326741118567165,allin,0,2.643735408782959
3,0,5,5,deal,False,♥9 ♣3,,60000,0.141325,0.2727631260407707,980,2,980,0,20,20,980,1000,5000,1,1.3779905407732083,,-20,8721.053407043386,1.7559810815464165,allin,0,1.4528543949127197
4,0,3,3,deal,False,♣3 ♦5,,60000,0.2537175925925926,0.3209194768207113,4990,2,4990,0,10,10,990,1000,1000,1,1.8006327608565451,,-10,2647.278176930221,2.6012655217130902,allin,0,1.927807092666626
