round_id,turn,N,Nnf,roundName,first,hole,board,Nsim,prWin,prWinStd,chips,reld,chips_total,pot,bet,cost_on_table,cost_to_call,cost_total,maxBet_all,N_maxBet_all,prWin_adj,limitBet,util_fold,util_call,util_raise_coeff,action,amount,cputime
1,0,5,5,deal,False,♥J ♥8,,60000,0.25263558201058195,0.351971272079669,1000,0,3000,0,0,0,40,40,40,1,0.9978437252432413,2423.1490517870816,0,69.76280977675654,0.9956874504864826,allin,0,1.4621460437774658
2,0,5,5,deal,False,♥6 ♥10,,60000,0.22059629629629623,0.34124998490864616,1000,1,2000,0,0,0,20,20,20,1,0.9337921141073049,714.3771980599996,0,26.689605705365246,0.8675842282146098,allin,0,1.9341933727264404
3,0,5,5,deal,False,♦7 ♦10,,60000,0.23663730158730156,0.34868020944353145,980,2,980,0,20,20,20,40,40,1,0.9697929229139715,451.22082264364116,-20,115.77100920795601,0.9395858458279429,allin,0,1.3311331272125244
