round_id,turn,N,Nnf,roundName,first,hole,board,Nsim,prWin,prWinStd,chips,reld,chips_total,pot,bet,cost_on_table,cost_to_call,cost_total,maxBet_all,N_maxBet_all,prWin_adj,limitBet,util_fold,util_call,util_raise_coeff,action,amount,cputime
1,0,5,5,deal,False,♣J ♠9,,60000,0.24064166666666664,0.3377183311491783,1000,0,3000,0,0,0,20,20,20,1,1.6064182350197886,,0,60.32091175098944,2.2128364700395773,allin,0,1.882187843322754
2,0,5,5,deal,False,♥7 ♠K,,60000,0.2212992063492063,0.3198930319595557,980,1,1980,0,20,20,980,1000,5000,1,1.549688036629161,,-20,9960.797538601877,2.099376073258322,allin,0,1.23612380027771
3,0,5,5,deal,False,♥9 ♦9,,60000,0.32985370370370365,0.33956015555564933,990,2,990,0,10,10,990,1000,3000,1,1.8367158637964642,,-10,8303.782270810108,2.6734317275929285,allin,0,0.9700968265533447
4,0,3,3,deal,False,♥Q ♦2,,60000,0.30760972222222216,0.31547501310530157,5000,2,5000,0,0,0,20,20,20,1,1.7890376978568718,,0,69.4518848928436,2.5780753957137437,allin,0,2.2372238636016846
