round_id,turn,N,Nnf,roundName,first,hole,board,Nsim,prWin,prWinStd,chips,reld,chips_total,pot,bet,cost_on_table,cost_to_call,cost_total,maxBet_all,N_maxBet_all,prWin_adj,limitBet,util_fold,util_call,util_raise_coeff,action,amount,cputime
1,0,5,5,deal,False,♥4 ♦3,,60000,0.1412100529100529,0.28622466251857115,1000,0,3000,0,0,0,1000,1000,1000,2,1.6194807848232209,,0,3907.0267780143595,2.2389615696464418,allin,0,1.9351933002471924
2,0,5,5,deal,False,♥K ♣J,,60000,0.28813994708994706,0.355821360717318,1000,1,2000,0,0,0,1000,1000,1000,1,2.2129504393282824,,0,3492.2893918364134,3.425900878656565,allin,0,2.074207067489624
3,0,4,4,deal,False,♣9 ♠J,,60000,0.29442599206349207,0.3447836410118123,1000,2,1000,0,0,0,20,20,20,1,2.2337881845231746,,0,91.68940922615873,3.4675763690463492,allin,0,1.6311631202697754
