round_id,turn,N,Nnf,roundName,first,hole,board,Nsim,prWin,prWinStd,chips,reld,chips_total,pot,bet,cost_on_table,cost_to_call,cost_total,maxBet_all,N_maxBet_all,prWin_adj,limitBet,util_fold,util_call,util_raise_coeff,action,amount,cputime
1,0,5,5,deal,False,♥K ♠A,,60000,0.3332595238095238,0.3711540779777747,1000,0,3000,0,0,0,20,20,20,1,2.7490739195581595,,0,117.45369597790798,4.498147839116319,allin,0,1.4651463031768799
2,0,5,5,deal,False,♥7 ♣5,,60000,0.17044470899470898,0.3031397671760838,980,1,1980,0,20,20,980,1000,1000,3,2.099442792048123,,-20,7459.760024033454,3.198885584096246,allin,0,0.8190817832946777
3,0,5,5,deal,False,♣J ♣8,,60000,0.25263558201058195,0.351971272079669,990,2,990,0,10,10,990,1000,5000,1,2.4839147747217623,,-10,26432.419112928255,3.9678295494435245,allin,0,1.092108964920044
4,0,3,3,deal,False,♥5 ♥A,,60000,0.4355134259259259,0.34265122343325605,4980,2,4980,0,0,0,20,20,20,1,2.984049007709501,,0,129.20245038547506,4.968098015419002,allin,0,1.991199254989624
5,0,3,3,deal,False,♣6 ♥3,,60000,0.24867083333333334,0.31596354294483353,2900,2,2900,0,40,40,2900,2940,9060,1,2.472558919440976,,-40,29243.26595273269,3.945117838881952,check,0,1.9481947422027588
