round_id,turn,N,Nnf,roundName,first,hole,board,Nsim,prWin,prWinStd,chips,reld,chips_total,pot,bet,cost_on_table,cost_to_call,cost_total,maxBet_all,N_maxBet_all,prWin_adj,limitBet,util_fold,util_call,util_raise_coeff,action,amount,cputime
1,0,5,5,deal,False,♥6 ♠2,,60000,0.1247441798941799,0.265191084640448,980,0,2980,0,20,20,20,40,40,3,0.7129071142329536,489.26945790288084,-20,108.32328056193165,0.4258142284659072,raise,0,1.3061306476593018
1,1,5,5,deal,False,♥6 ♠2,,60000,0.1247441798941799,0.265191084640448,920,0,2920,0,80,80,920,1000,1000,1,0.7129071142329536,479.4183949920846,0,790.9770741590887,0.4258142284659072,raise,0,0.7270727157592773
2,0,5,5,deal,False,♠10 ♦9,,60000,0.24156322751322748,0.34031494047164995,990,1,1990,0,10,10,990,1000,5000,1,1.0055983491327722,,-10,7074.898760044834,1.0111966982655445,allin,0,0.7890791893005371
3,0,4,4,deal,False,♣5 ♣A,,60000,0.338375,0.3600625813023109,1000,2,1000,0,0,0,1000,1000,10000,1,1.1853256757618325,,0,12074.142203653011,1.370651351523665,allin,0,1.7101712226867676
