round_id,turn,N,Nnf,roundName,first,hole,board,Nsim,prWin,prWinStd,chips,reld,chips_total,pot,bet,cost_on_table,cost_to_call,cost_total,maxBet_all,N_maxBet_all,prWin_adj,limitBet,util_fold,util_call,util_raise_coeff,action,amount,cputime
1,0,5,5,deal,False,♣2 ♥10,,60000,0.14837156084656083,0.28156637358492154,1000,0,3000,0,0,0,20,20,20,1,0.9712797911834721,1401.2102969172772,0,28.563989559173606,0.9425595823669441,allin,0,2.404240369796753
2,0,5,5,deal,False,♦3 ♣3,,60000,0.19528187830687826,0.3330596083824291,980,1,1980,0,20,20,980,1000,1000,1,1.1149705719618006,,-20,1406.0370239982535,1.2299411439236012,check,0,1.0441045761108398
3,0,5,5,deal,False,♥A ♦6,,60000,0.23630886243386237,0.3284189694653446,4990,1,5990,0,10,10,30,40,40,2,1.2240015475428565,,-10,165.84024760685705,1.448003095085713,allin,0,1.1041104793548584
4,0,3,3,deal,False,♣6 ♥4,,60000,0.26857592592592594,0.3264499126929368,8000,1,9000,0,0,0,20,20,20,1,1.3012757122243357,,0,45.06378561121679,1.6025514244486714,allin,0,1.9661965370178223
5,0,3,3,deal,False,♣6 ♦K,,60000,0.3694314814814815,0.323212800803263,2980,1,3980,0,20,20,2980,3000,8000,1,1.4964212621093274,,-20,13510.562308444787,1.9928425242186547,allin,0,1.8571853637695312
