round_id,turn,N,Nnf,roundName,first,hole,board,Nsim,prWin,prWinStd,chips,reld,chips_total,pot,bet,cost_on_table,cost_to_call,cost_total,maxBet_all,N_maxBet_all,prWin_adj,limitBet,util_fold,util_call,util_raise_coeff,action,amount,cputime
1,0,5,5,deal,False,♣Q ♦4,,60000,0.18472962962962963,0.3024165770787007,990,0,2990,0,10,10,990,1000,1000,3,1.2150769231017278,,-10,3894.609230868946,1.4301538462034555,allin,0,0.9750001430511475
2,0,5,5,deal,False,♣J ♦2,,60000,0.1576945767195767,0.28720068049799125,1000,1,2000,0,0,0,40,40,40,2,1.1271432351525148,,0,129.07148527287723,1.2542864703050296,allin,0,1.303999900817871
3,0,5,5,deal,False,♣4 ♥10,,60000,0.16230648148148144,0.29012170445302565,1000,2,1000,0,0,0,40,40,40,1,1.144976537746001,,0,85.94741915206012,1.289953075492002,allin,0,1.9509999752044678
4,0,3,3,deal,False,♦Q ♥5,,60000,0.3363310185185185,0.321989990660523,4980,2,4980,0,20,20,4980,5000,8000,1,1.5977823010418726,,-20,15855.081205586019,2.195564602083745,allin,0,2.177999973297119
