round_id,turn,N,Nnf,roundName,first,hole,board,Nsim,prWin,prWinStd,chips,reld,chips_total,pot,bet,cost_on_table,cost_to_call,cost_total,maxBet_all,N_maxBet_all,prWin_adj,limitBet,util_fold,util_call,util_raise_coeff,action,amount,cputime
1,0,5,5,deal,False,♥A ♥3,,60000,0.2672031746031746,0.3606480744912331,1000,0,3000,0,0,0,20,20,20,1,1.7141759136279104,,0,65.70879568139553,2.428351827255821,check,0,2.3862383365631104
1,1,5,5,deal,False,♥A ♥3,,60000,0.2672031746031746,0.3606480744912331,980,0,2980,0,20,20,980,1000,1000,2,1.7141759136279104,,0,4231.094777428848,2.428351827255821,allin,0,1.1731176376342773
2,0,5,5,deal,False,♦5 ♠9,,60000,0.16267711640211635,0.2909226793198838,4980,0,6980,0,20,20,980,1000,1000,3,1.3713840608899213,,-20,4532.963924777483,1.7427681217798425,allin,0,0.8950896263122559
3,0,4,4,deal,False,♠4 ♠3,,60000,0.21808888888888886,0.33555521162804613,9990,0,11990,0,10,10,990,1000,1000,2,1.5684291447625096,,-10,3746.6560171827787,2.136858289525019,allin,0,2.0802080631256104
