round_id,turn,N,Nnf,roundName,first,hole,board,Nsim,prWin,prWinStd,chips,reld,chips_total,pot,bet,cost_on_table,cost_to_call,cost_total,maxBet_all,N_maxBet_all,prWin_adj,limitBet,util_fold,util_call,util_raise_coeff,action,amount,cputime
1,0,5,5,deal,False,♥3 ♥6,,60000,0.1821428571428571,0.32479642764550953,980,0,2980,0,20,20,980,1000,1000,2,1.4616076227443833,,-20,3463.287173142925,1.9232152454887665,allin,0,1.2261226177215576
2,0,5,5,deal,False,♥7 ♦10,,60000,0.20105899470899466,0.31726035917870815,990,1,1990,0,10,10,990,1000,5000,1,1.5316886338947253,,-10,9793.087982618867,2.0633772677894506,allin,0,1.3121311664581299
3,0,5,5,deal,False,♠4 ♦3,,60000,0.1412100529100529,0.28622466251857115,1000,2,1000,0,0,0,1000,1000,3000,1,1.2991017333838553,,0,5534.4817189207915,1.5982034667677105,allin,0,1.6841683387756348
