round_id,turn,N,Nnf,roundName,first,hole,board,Nsim,prWin,prWinStd,chips,reld,chips_total,pot,bet,cost_on_table,cost_to_call,cost_total,maxBet_all,N_maxBet_all,prWin_adj,limitBet,util_fold,util_call,util_raise_coeff,action,amount,cputime
1,0,5,5,deal,False,♦5 ♦K,,60000,0.25066653439153436,0.3518719727268286,1000,0,3000,0,0,0,20,20,20,2,0.8920938610161238,878.7746685595599,0,42.446570271128664,0.7841877220322475,bet,50,2.6170003414154053
1,1,5,5,deal,False,♦5 ♦K,,60000,0.25066653439153436,0.3518719727268286,950,0,2950,0,50,50,950,1000,1000,1,0.8920938610161238,864.1284240835672,0,968.001801184666,0.7841877220322475,bet,1150,1.065000057220459
2,0,5,5,deal,False,♥10 ♠Q,,60000,0.2717892857142856,0.3522709090813105,1000,1,2000,0,0,0,20,20,20,1,0.9324388486957451,709.0532105416581,0,26.621942434787258,0.8648776973914902,allin,0,1.6060001850128174
3,0,5,5,deal,False,♦7 ♣Q,,60000,0.20220052910052908,0.31112660882336673,980,2,980,0,20,20,980,1000,5000,1,0.8006455861780671,207.9249998874903,-20,7891.1530948529835,0.6012911723561343,bet,10080,1.3380000591278076
