round_id,turn,N,Nnf,roundName,first,hole,board,Nsim,prWin,prWinStd,chips,reld,chips_total,pot,bet,cost_on_table,cost_to_call,cost_total,maxBet_all,N_maxBet_all,prWin_adj,limitBet,util_fold,util_call,util_raise_coeff,action,amount,cputime
1,0,5,5,deal,False,♦2 ♦5,,60000,0.17387671957671957,0.32284760587364103,980,0,2980,0,20,20,10,30,30,1,0.7404868592883752,528.8667865228919,-20,78.85842311460503,0.4809737185767504,raise,0,1.3569998741149902
1,1,5,5,deal,False,♦2 ♦5,,60000,0.17387671957671957,0.32284760587364103,940,0,2940,0,60,60,60,120,120,1,0.7404868592883752,521.7679034823161,0,251.00448090111757,0.4809737185767504,raise,0,1.1750001907348633
1,2,5,5,deal,False,♦2 ♦5,,60000,0.17387671957671957,0.32284760587364103,760,0,2760,0,240,240,760,1000,1000,1,0.7404868592883752,489.82292979972533,0,1254.1242572643805,0.4809737185767504,raise,0,1.1570000648498535
2,0,5,5,deal,False,♥9 ♦5,,60000,0.16267711640211635,0.2909226793198838,990,1,1990,0,10,10,990,1000,1000,3,0.7162833505186726,329.8240866460386,-10,1889.4590690850641,0.4325667010373453,bet,1510,1.0130000114440918
3,0,5,5,deal,False,♦K ♠Q,,60000,0.30603822751322746,0.36362007518903755,1000,2,1000,0,0,0,80,80,80,1,0.9996111229351845,1033.0677619981502,0,149.91055827509243,0.999222245870369,allin,0,1.4670000076293945
