round_id,turn,N,Nnf,roundName,first,hole,board,Nsim,prWin,prWinStd,chips,reld,chips_total,pot,bet,cost_on_table,cost_to_call,cost_total,maxBet_all,N_maxBet_all,prWin_adj,limitBet,util_fold,util_call,util_raise_coeff,action,amount,cputime
1,0,5,5,deal,False,♠A ♣A,,60000,0.562078835978836,0.33766120207212935,1000,0,3000,0,0,0,20,20,20,1,1.6014738066225886,,0,60.07369033112943,2.2029476132451773,allin,0,1.6501648426055908
2,0,5,5,deal,False,♠10 ♥A,,60000,0.2882775132275132,0.35154268283748275,4980,0,6980,0,20,20,60,80,80,1,1.2394954302703827,,-20,262.2688118702995,1.4789908605407653,allin,0,1.086108684539795
3,0,4,4,deal,False,♠4 ♦2,,60000,0.1643946428571428,0.28864010129115253,9990,0,11990,0,10,10,990,1000,1000,1,0.9445777427310942,4563.189774684275,-10,955.8301500260541,0.8891554854621884,allin,0,2.189218759536743
