round_id,turn,N,Nnf,roundName,first,hole,board,Nsim,prWin,prWinStd,chips,reld,chips_total,pot,bet,cost_on_table,cost_to_call,cost_total,maxBet_all,N_maxBet_all,prWin_adj,limitBet,util_fold,util_call,util_raise_coeff,action,amount,cputime
1,0,5,5,deal,False,♦5 ♠J,,60000,0.17880132275132274,0.29949726869749743,1000,0,3000,0,0,0,20,20,20,1,1.9222970239252102,,0,76.1148511962605,2.8445940478504204,allin,0,1.9228076934814453
2,0,5,5,deal,False,♠5 ♣7,,60000,0.17044470899470898,0.3031397671760838,980,1,1980,0,20,20,980,1000,5000,1,1.8832295566181605,,-20,14123.501044077648,2.766459113236321,allin,0,1.2688732147216797
3,0,4,4,deal,False,♠2 ♠3,,60000,0.1934079365079365,0.32049121081331083,990,2,990,0,10,10,990,1000,5000,1,1.994471169432906,,-10,13011.187609419001,2.988942338865812,allin,0,2.197000026702881
