round_id,turn,N,Nnf,roundName,first,hole,board,Nsim,prWin,prWinStd,chips,reld,chips_total,pot,bet,cost_on_table,cost_to_call,cost_total,maxBet_all,N_maxBet_all,prWin_adj,limitBet,util_fold,util_call,util_raise_coeff,action,amount,cputime
1,0,5,5,deal,False,♥A ♥J,,60000,0.33545767195767184,0.37585124121250646,1000,0,3000,0,0,0,40,40,40,2,1.6126239942453817,,0,201.89359913680727,2.2252479884907634,allin,0,1.82200026512146
2,0,5,5,deal,False,♣9 ♦6,,60000,0.17953425925925923,0.3027959395502478,1000,1,2000,0,0,0,40,40,40,1,1.2196296785123406,,0,94.15926463635748,1.4392593570246812,allin,0,1.8589999675750732
3,0,5,5,deal,False,♠6 ♣3,,60000,0.14388955026455025,0.2859364173902688,5000,1,6000,0,0,0,20,20,20,1,1.0967940123085123,,0,34.83970061542561,1.1935880246170245,allin,0,2.190999746322632
4,0,5,5,deal,False,♥K ♥10,,60000,0.3147939153439153,0.3755405367546798,1980,1,2980,0,20,20,1980,2000,4000,1,1.5780537096843807,,-20,10675.990751668734,2.1561074193687615,allin,0,0.8480000495910645
5,0,4,4,deal,False,♠6 ♣5,,60000,0.21664107142857136,0.318870278258426,990,2,990,0,10,10,30,40,40,1,1.3351015180504289,,-10,130.21218216605146,1.6702030361008577,allin,0,1.776059865951538
