round_id,turn,N,Nnf,roundName,first,hole,board,Nsim,prWin,prWinStd,chips,reld,chips_total,pot,bet,cost_on_table,cost_to_call,cost_total,maxBet_all,N_maxBet_all,prWin_adj,limitBet,util_fold,util_call,util_raise_coeff,action,amount,cputime
1,0,5,5,deal,False,♠9 ♣9,,60000,0.32985370370370365,0.33956015555564933,980,0,2980,0,20,20,980,1000,1000,3,1.4864468125424553,,-20,4995.51618642067,1.9728936250849105,allin,0,0.8030803203582764
2,0,5,5,deal,False,♥10 ♦5,,60000,0.1662100529100529,0.29255589567192153,990,1,1990,0,10,10,990,1000,1000,3,1.083853346027806,,-10,3367.0904510317796,1.1677066920556118,allin,0,1.1801180839538574
3,0,5,5,deal,False,♠A ♣Q,,60000,0.31910476190476184,0.36373413089400125,1000,2,1000,0,0,0,1000,1000,1000,1,1.4704451622693837,,0,2014.4125826522368,1.9408903245387674,allin,0,2.0592057704925537
