round_id,turn,N,Nnf,roundName,first,hole,board,Nsim,prWin,prWinStd,chips,reld,chips_total,pot,bet,cost_on_table,cost_to_call,cost_total,maxBet_all,N_maxBet_all,prWin_adj,limitBet,util_fold,util_call,util_raise_coeff,action,amount,cputime
1,0,5,5,deal,False,♣6 ♠2,,60000,0.1247441798941799,0.265191084640448,1000,0,3000,0,0,0,40,40,40,1,1.7438443923997804,,0,151.82288316397583,2.487688784799561,allin,0,1.8951895236968994
2,0,5,5,deal,False,♠Q ♠3,,60000,0.21798465608465606,0.3388885763203922,1000,1,2000,0,0,0,20,20,20,1,2.2431459173665655,,0,92.15729586832828,3.486291834733131,check,0,2.477247476577759
2,1,5,5,deal,False,♠Q ♠3,,60000,0.21798465608465606,0.3388885763203922,980,1,1980,0,20,20,980,1000,1000,3,2.2431459173665655,,0,8037.446587813594,3.486291834733131,allin,0,2.2362236976623535
3,0,5,5,deal,False,♠A ♣4,,60000,0.2351748677248677,0.33189083318268314,980,2,980,0,20,20,980,1000,5000,1,2.31754545829271,,-20,17606.714575507533,3.63509091658542,allin,0,1.058105707168579
