round_id,turn,N,Nnf,roundName,first,hole,board,Nsim,prWin,prWinStd,chips,reld,chips_total,pot,bet,cost_on_table,cost_to_call,cost_total,maxBet_all,N_maxBet_all,prWin_adj,limitBet,util_fold,util_call,util_raise_coeff,action,amount,cputime
1,0,5,5,deal,False,♠9 ♦K,,60000,0.2510359788359788,0.33678387653773795,1000,0,3000,0,0,0,40,40,40,1,0.9621550249313828,1292.3164391697574,0,85.08015324107977,0.9243100498627657,allin,0,1.5271527767181396
2,0,5,5,deal,False,♣Q ♥Q,,60000,0.4523988095238094,0.3448302378243348,5000,0,7000,0,0,0,40,40,40,1,1.2711629636666986,,0,99.82792600333684,1.5423259273333971,allin,0,1.8171815872192383
3,0,4,4,deal,False,♣7 ♦2,,60000,0.15791388888888888,0.27509123701614047,10000,0,12000,0,0,0,20,20,20,1,0.759603289296043,2250.466599088165,0,17.98016446480215,0.5192065785920861,check,0,1.3771376609802246
3,1,4,4,deal,False,♣7 ♦2,,60000,0.15791388888888888,0.27509123701614047,9980,0,11980,0,20,20,60,80,80,2,0.759603289296043,2246.715821423018,0,152.68892100289204,0.5192065785920861,raise,0,1.017101764678955
3,2,4,4,deal,False,♣7 ♦2,,60000,0.15791388888888888,0.27509123701614047,9840,0,11840,0,160,160,160,320,320,3,0.759603289296043,2220.4603777669895,0,812.2922102989351,0.5192065785920861,bet,480,1.3311331272125244
3,3,4,4,flop,False,♣7 ♦2,♣J ♥Q ♣Q,0,,,9360,0,11360,640,0,640,20,660,20,2,,,0,,,check,0,1.3991398811340332
3,4,4,3,turn,False,♣7 ♦2,♣J ♥Q ♣Q ♠3,1,0.0,0.0,9340,0,11340,660,0,660,20,680,20,2,0.0,-0.0,0,-20.0,-1.0,fold,0,1.3671367168426514
4,0,4,4,deal,False,♥K ♠3,,60000,0.24807142857142855,0.3180302759072686,9320,0,11320,0,20,20,280,300,300,1,0.9628551702201698,4904.1512633021075,-20,336.22730894090864,0.9257103404403395,allin,0,1.323132038116455
