round_id,turn,N,Nnf,roundName,first,hole,board,Nsim,prWin,prWinStd,chips,reld,chips_total,pot,bet,cost_on_table,cost_to_call,cost_total,maxBet_all,N_maxBet_all,prWin_adj,limitBet,util_fold,util_call,util_raise_coeff,action,amount,cputime
1,0,5,5,deal,False,♥4 ♣8,,60000,0.14850198412698412,0.2808738920984635,1000,0,3000,0,0,0,20,20,20,1,0.9877106334425125,1736.2494472632395,0,29.385531672125623,0.9754212668850251,allin,0,2.4912490844726562
2,0,5,5,deal,False,♦K ♣7,,60000,0.2212992063492063,0.3198930319595557,980,1,1980,0,20,20,20,40,40,1,1.2030615762279877,,-20,148.42862067191828,1.4061231524559754,allin,0,1.092109203338623
3,0,5,5,deal,False,♣4 ♣10,,60000,0.1968936507936508,0.32757760899570565,990,2,990,0,10,10,990,1000,5000,1,1.139327186137416,,-10,10426.058405096908,1.2786543722748318,allin,0,1.6291627883911133
