round_id,turn,N,Nnf,roundName,first,hole,board,Nsim,prWin,prWinStd,chips,reld,chips_total,pot,bet,cost_on_table,cost_to_call,cost_total,maxBet_all,N_maxBet_all,prWin_adj,limitBet,util_fold,util_call,util_raise_coeff,action,amount,cputime
1,0,5,5,deal,False,♥Q ♦4,,60000,0.18472962962962963,0.3024165770787007,1000,0,3000,0,0,0,40,40,40,1,0.9143164137078033,969.7903676486414,0,78.86113378201442,0.8286328274156065,allin,0,2.171217203140259
2,0,5,5,deal,False,♥K ♠3,,60000,0.1945006613756614,0.308593634993837,5000,0,7000,0,0,0,40,40,40,1,0.9406134600209384,2600.4561762238877,0,63.467480602303226,0.8812269200418767,allin,0,1.803180456161499
3,0,5,5,deal,False,♥Q ♦10,,60000,0.2717892857142856,0.3522709090813105,3000,0,5000,0,0,0,20,20,20,1,1.1126160022361407,,0,35.630800111807034,1.2252320044722813,allin,0,2.178217649459839
