round_id,turn,N,Nnf,roundName,first,hole,board,Nsim,prWin,prWinStd,chips,reld,chips_total,pot,bet,cost_on_table,cost_to_call,cost_total,maxBet_all,N_maxBet_all,prWin_adj,limitBet,util_fold,util_call,util_raise_coeff,action,amount,cputime
1,0,5,5,deal,False,♣8 ♠K,,60000,0.22872222222222216,0.324049348122754,1000,0,3000,0,0,0,1000,1000,1000,1,1.2388461782689677,,0,1539.6346654513836,1.4776923565379354,allin,0,1.9321932792663574
2,0,5,5,deal,False,♥J ♠8,,60000,0.21957447089947088,0.3247248531006357,1000,1,2000,0,0,0,1000,1000,5000,1,1.2172141150494316,,0,6339.801113748073,1.434428230098863,allin,0,1.9331932067871094
3,0,4,4,deal,False,♥K ♣6,,60000,0.27175317460317455,0.32480781791169105,1000,2,1000,0,0,0,20,20,20,1,1.3460981282724471,,0,47.30490641362236,1.6921962565448943,allin,0,2.0832083225250244
