round_id,turn,N,Nnf,roundName,first,hole,board,Nsim,prWin,prWinStd,chips,reld,chips_total,pot,bet,cost_on_table,cost_to_call,cost_total,maxBet_all,N_maxBet_all,prWin_adj,limitBet,util_fold,util_call,util_raise_coeff,action,amount,cputime
1,0,5,5,deal,False,♦Q ♠5,,60000,0.19232301587301584,0.3076947554411713,1000,0,3000,0,0,0,40,40,40,1,1.6190571591133485,,0,138.09628750246833,2.238114318226697,allin,0,1.3361334800720215
2,0,5,5,deal,False,♣7 ♠2,,60000,0.12121891534391534,0.2600765475658763,1000,1,2000,0,0,0,20,20,20,1,1.3043518881880398,,0,45.217594409402,1.6087037763760796,allin,0,2.182218313217163
3,0,5,5,deal,False,♦6 ♠Q,,60000,0.19748558201058197,0.3085435631439076,980,2,980,0,20,20,980,1000,1000,2,1.642595041903106,,-20,4013.4889273854424,2.285190083806212,allin,0,1.014101505279541
