round_id,turn,N,Nnf,roundName,first,hole,board,Nsim,prWin,prWinStd,chips,reld,chips_total,pot,bet,cost_on_table,cost_to_call,cost_total,maxBet_all,N_maxBet_all,prWin_adj,limitBet,util_fold,util_call,util_raise_coeff,action,amount,cputime
1,0,5,5,deal,False,♥7 ♣Q,,60000,0.20220052910052908,0.31112660882336673,1000,0,3000,0,0,0,1000,1000,1000,1,1.517574731737389,,0,2080.6767054269,2.035149463474778,allin,0,1.8641862869262695
2,0,5,5,deal,False,♥6 ♦K,,60000,0.2142867724867725,0.317365470360142,1000,1,2000,0,0,0,20,20,20,1,1.5601581522074786,,0,58.007907610373934,2.120316304414957,check,0,1.9661967754364014
2,1,5,5,deal,False,♥6 ♦K,,60000,0.2142867724867725,0.317365470360142,980,1,1980,0,20,20,980,1000,5000,1,1.5601581522074786,,0,11532.468380703978,2.120316304414957,allin,0,1.0831084251403809
3,0,4,4,deal,False,♦8 ♥3,,60000,0.17218591269841269,0.2825068465990291,980,2,980,0,20,20,980,1000,5000,1,1.4086357996285856,,-20,8936.796029385243,1.8172715992571713,allin,0,1.2301230430603027
