round_id,turn,N,Nnf,roundName,first,hole,board,Nsim,prWin,prWinStd,chips,reld,chips_total,pot,bet,cost_on_table,cost_to_call,cost_total,maxBet_all,N_maxBet_all,prWin_adj,limitBet,util_fold,util_call,util_raise_coeff,action,amount,cputime
1,0,5,5,deal,False,♣K ♥A,,60000,0.3332595238095238,0.3711540779777747,1000,0,3000,0,0,0,1000,1000,1000,2,2.0231511547868655,,0,5130.147999004203,3.046302309573731,allin,0,2.0772078037261963
2,0,5,5,deal,False,♣10 ♣8,,60000,0.2563414021164021,0.358019613553813,1000,1,2000,0,0,0,1000,1000,1000,1,1.8237803285932883,,0,2702.2740670443754,2.6475606571865766,allin,0,1.61916184425354
3,0,5,5,deal,False,♦6 ♦Q,,60000,0.23806322751322748,0.3454320008277992,1000,2,1000,0,0,0,20,20,20,1,1.7691666253636846,,0,68.45833126818422,2.5383332507273693,allin,0,2.2462246417999268
