round_id,turn,N,Nnf,roundName,first,hole,board,Nsim,prWin,prWinStd,chips,reld,chips_total,pot,bet,cost_on_table,cost_to_call,cost_total,maxBet_all,N_maxBet_all,prWin_adj,limitBet,util_fold,util_call,util_raise_coeff,action,amount,cputime
1,0,5,5,deal,False,♦Q ♠Q,,60000,0.4523988095238094,0.3448302378243348,990,0,2990,0,10,10,990,1000,1000,3,2.388564499259867,,-10,8612.029287024665,3.777128998519734,allin,0,0.9830982685089111
2,0,5,5,deal,False,♦A ♥6,,60000,0.23630886243386237,0.3284189694653446,1000,1,2000,0,0,0,1000,1000,1000,2,1.8909596187777409,,0,4729.607644896555,2.7819192375554818,allin,0,1.5251524448394775
3,0,5,5,deal,False,♦9 ♣3,,60000,0.141325,0.2727631260407707,1000,2,1000,0,0,0,40,40,40,1,1.499915312398735,,0,124.99068436386085,1.99983062479747,allin,0,2.630262851715088
