round_id,turn,N,Nnf,roundName,first,hole,board,Nsim,prWin,prWinStd,chips,reld,chips_total,pot,bet,cost_on_table,cost_to_call,cost_total,maxBet_all,N_maxBet_all,prWin_adj,limitBet,util_fold,util_call,util_raise_coeff,action,amount,cputime
1,0,5,5,deal,False,♥Q ♥10,,60000,0.3065982804232804,0.3744168388142339,1000,0,3000,0,0,0,20,20,20,1,1.134238843414632,,0,36.7119421707316,1.268477686829264,check,0,2.602260112762451
1,1,5,5,deal,False,♥Q ♥10,,60000,0.3065982804232804,0.3744168388142339,980,0,2980,0,20,20,980,1000,1000,3,1.134238843414632,,0,3579.6401505268204,1.268477686829264,allin,0,0.827082633972168
2,0,5,5,deal,False,♦7 ♦4,,60000,0.1930494708994709,0.3292407097920622,980,1,1980,0,20,20,980,1000,2000,1,0.9034941538263569,609.0777209099357,-20,3555.5406522083113,0.8069883076527138,allin,0,0.9200923442840576
3,0,4,4,deal,False,♥8 ♠A,,60000,0.3168011904761905,0.33522977985627744,990,2,990,0,10,10,990,1000,10000,1,1.1565398725308198,,-10,11778.20019274025,1.3130797450616396,allin,0,1.9111909866333008
