round_id,turn,N,Nnf,roundName,first,hole,board,Nsim,prWin,prWinStd,chips,reld,chips_total,pot,bet,cost_on_table,cost_to_call,cost_total,maxBet_all,N_maxBet_all,prWin_adj,limitBet,util_fold,util_call,util_raise_coeff,action,amount,cputime
1,0,5,5,deal,False,♦7 ♠8,,60000,0.20041005291005287,0.3198171011092042,990,0,2990,0,10,10,70,80,80,2,1.2712318437518486,,-10,311.3695531255546,1.5424636875036972,allin,0,1.2119998931884766
2,0,5,5,deal,False,♦K ♣2,,60000,0.18798690476190474,0.3062842608547165,5000,0,7000,0,0,0,40,40,40,2,1.2350674951176444,,0,145.26012426764666,1.4701349902352887,allin,0,2.2220001220703125
3,0,4,4,deal,False,♠5 ♥K,,60000,0.2635702380952381,0.3230842652954573,5000,0,7000,0,0,0,20,20,20,2,1.4420920821421135,,0,80.94644574994794,1.884184164284227,allin,0,2.455000162124634
4,0,4,4,deal,False,♦8 ♦9,,60000,0.30178115079365075,0.360902657020794,1920,0,3920,0,0,0,20,20,20,1,1.5273934230621053,,0,56.36967115310527,2.0547868461242107,allin,0,2.122000217437744
5,0,3,3,deal,False,♥10 ♦K,,60000,0.43518333333333326,0.3439027988720131,6740,0,8740,0,20,20,780,800,800,1,1.76139750768915,,-20,2742.7950153783,2.5227950153783,allin,0,1.8429996967315674
6,0,3,3,deal,False,♦5 ♥8,,60000,0.28381851851851847,0.3257776001553123,9780,0,11780,0,20,20,60,80,80,1,1.4920960565385812,,-20,238.41921130771624,1.9841921130771625,allin,0,1.819000005722046
7,0,3,3,deal,False,♥J ♣7,,60000,0.33776527777777776,0.3296941877998895,8600,0,10600,0,0,0,40,40,40,1,1.6076308967902406,,0,120.76308967902406,2.2152617935804813,allin,0,1.8650000095367432
