round_id,turn,N,Nnf,roundName,first,hole,board,Nsim,prWin,prWinStd,chips,reld,chips_total,pot,bet,cost_on_table,cost_to_call,cost_total,maxBet_all,N_maxBet_all,prWin_adj,limitBet,util_fold,util_call,util_raise_coeff,action,amount,cputime
1,0,5,5,deal,False,♥8 ♣9,,60000,0.2159392857142857,0.32563126449451446,1000,0,3000,0,0,0,1000,1000,1000,1,1.030654576692813,,0,1092.2287906864103,1.061309153385626,allin,0,2.027202606201172
2,0,5,5,deal,False,♠A ♣J,,60000,0.3042216931216931,0.3582911394152349,5000,0,7000,0,0,0,20,20,20,1,1.217474556731964,,0,40.8737278365982,1.434949113463928,allin,0,2.773277521133423
3,0,4,4,deal,False,♥6 ♠3,,60000,0.18212242063492062,0.29808556921834195,4980,0,6980,0,20,20,980,1000,1000,1,0.9462942940526968,2685.361057831366,-20,988.2921316296095,0.8925885881053937,allin,0,1.503150463104248
