round_id,turn,N,Nnf,roundName,first,hole,board,Nsim,prWin,prWinStd,chips,reld,chips_total,pot,bet,cost_on_table,cost_to_call,cost_total,maxBet_all,N_maxBet_all,prWin_adj,limitBet,util_fold,util_call,util_raise_coeff,action,amount,cputime
1,0,5,5,deal,False,♣K ♣J,,60000,0.3244960317460317,0.3771235957337765,1000,0,3000,0,0,0,20,20,20,1,1.6728724084877233,,0,63.64362042438617,2.3457448169754467,allin,0,2.8372836112976074
2,0,5,5,deal,False,♠J ♠Q,,60000,0.3141607142857142,0.37574853989213597,980,1,1980,0,20,20,980,1000,5000,1,1.6533221507340905,,-20,12279.643648887406,2.306644301468181,allin,0,1.3831384181976318
3,0,5,5,deal,False,♣4 ♦K,,60000,0.20093121693121688,0.31202441538228937,990,2,990,0,10,10,990,1000,1000,3,1.3589447434109911,,-10,4472.957868512184,1.7178894868219823,allin,0,1.204120397567749
