round_id,turn,N,Nnf,roundName,first,hole,board,Nsim,prWin,prWinStd,chips,reld,chips_total,pot,bet,cost_on_table,cost_to_call,cost_total,maxBet_all,N_maxBet_all,prWin_adj,limitBet,util_fold,util_call,util_raise_coeff,action,amount,cputime
1,0,5,5,deal,False,♦J ♥7,,60000,0.1987189153439153,0.3114191484761836,990,0,2990,0,10,10,990,1000,1000,2,1.519527987136839,,-10,3629.365080895991,2.039055974273678,allin,0,1.5181519985198975
2,0,5,5,deal,False,♦J ♦A,,60000,0.33545767195767184,0.37585124121250646,1000,1,2000,0,0,0,1000,1000,5000,1,1.9006356233010182,,0,12361.468431806157,2.8012712466020364,allin,0,1.576157808303833
3,0,4,4,deal,False,♥10 ♠A,,60000,0.3525746031746031,0.34994678565375054,1000,2,1000,0,0,0,1000,1000,7500,1,1.9339987744678278,,0,15497.009546210571,2.8679975489356555,allin,0,2.0882086753845215
