round_id,turn,N,Nnf,roundName,first,hole,board,Nsim,prWin,prWinStd,chips,reld,chips_total,pot,bet,cost_on_table,cost_to_call,cost_total,maxBet_all,N_maxBet_all,prWin_adj,limitBet,util_fold,util_call,util_raise_coeff,action,amount,cputime
1,0,5,5,deal,False,♦Q ♦3,,60000,0.21798465608465606,0.3388885763203922,1000,0,3000,0,0,0,80,80,80,1,1.3410098611176458,,0,228.43226805705854,1.6820197222352915,allin,0,1.4071404933929443
2,0,5,5,deal,False,♥A ♥9,,60000,0.3008251322751323,0.3651468241073677,1000,1,2000,0,0,0,20,20,20,2,1.5505559206665174,,0,88.53891444665622,2.1011118413330347,allin,0,2.4702467918395996
3,0,5,5,deal,False,♣9 ♣2,,60000,0.1805818783068783,0.31889309334535004,5000,1,6000,0,0,0,20,20,20,1,1.2307347206649815,,0,41.53673603324907,1.461469441329963,allin,0,2.2082207202911377
4,0,3,3,deal,False,♦8 ♥K,,60000,0.38609212962962963,0.3270940654783141,7990,1,8990,0,10,10,4990,5000,5000,1,1.7176327068147905,,-10,12220.6797222842,2.435265413629581,allin,0,2.224222183227539
