round_id,turn,N,Nnf,roundName,first,hole,board,Nsim,prWin,prWinStd,chips,reld,chips_total,pot,bet,cost_on_table,cost_to_call,cost_total,maxBet_all,N_maxBet_all,prWin_adj,limitBet,util_fold,util_call,util_raise_coeff,action,amount,cputime
1,0,5,5,deal,False,♦2 ♣3,,60000,0.11985912698412697,0.26492025433700483,1000,0,3000,0,0,0,1000,1000,1000,1,0.73697291645285,527.1077796149356,0,510.7944787283425,0.4739458329057,bet,525,2.150214910507202
2,0,5,5,deal,False,♠5 ♥9,,60000,0.16267711640211635,0.2909226793198838,1000,1,2000,0,0,0,1000,1000,1000,1,0.8657570337301407,528.3856622105404,0,757.4867784721855,0.7315140674602814,bet,1030,1.7131714820861816
3,0,5,5,deal,False,♦5 ♣8,,60000,0.16637619047619048,0.2972812875071074,1000,2,1000,0,0,0,20,20,20,1,0.8776945371267042,276.44527484202064,0,23.884726856335213,0.7553890742534084,allin,0,2.0522050857543945
4,0,3,3,deal,False,♥7 ♥8,,60000,0.35787592592592593,0.3611767246721077,4970,2,4970,0,10,10,10,20,20,2,1.2758797638820618,,-10,66.5527858329237,1.5517595277641236,allin,0,2.4252426624298096
5,0,3,3,deal,False,♠K ♥Q,,60000,0.4573972222222223,0.3522165745371041,12000,2,12000,0,0,0,40,40,40,1,1.413906080654562,,0,101.3906080654562,1.827812161309124,allin,0,2.0552053451538086
6,0,3,3,deal,False,♥J ♠5,,60000,0.31432962962962957,0.32094593164213076,10960,2,10960,0,40,40,960,1000,1000,2,1.2080076683185945,,-40,2664.0230049557836,1.416015336637189,allin,0,1.5861585140228271
