round_id,turn,N,Nnf,roundName,first,hole,board,Nsim,prWin,prWinStd,chips,reld,chips_total,pot,bet,cost_on_table,cost_to_call,cost_total,maxBet_all,N_maxBet_all,prWin_adj,limitBet,util_fold,util_call,util_raise_coeff,action,amount,cputime
1,0,5,5,deal,False,♣4 ♦Q,,60000,0.18472962962962963,0.3024165770787007,980,0,2980,0,20,20,980,1000,1000,3,1.801074818824084,,-20,6260.3207716728175,2.602149637648168,allin,0,0.7580757141113281
2,0,5,5,deal,False,♦6 ♣A,,60000,0.23630886243386237,0.3284189694653446,990,1,1990,0,10,10,990,1000,2000,1,2.0077834847583738,,-10,9089.073093487037,3.0155669695167475,allin,0,1.096109390258789
3,0,5,5,deal,False,♣2 ♦3,,60000,0.11985912698412697,0.26492025433700483,1000,2,1000,0,0,0,1000,1000,3000,1,1.4758854801588126,,0,6423.703965198827,1.9517709603176252,allin,0,1.9871983528137207
