round_id,turn,N,Nnf,roundName,first,hole,board,Nsim,prWin,prWinStd,chips,reld,chips_total,pot,bet,cost_on_table,cost_to_call,cost_total,maxBet_all,N_maxBet_all,prWin_adj,limitBet,util_fold,util_call,util_raise_coeff,action,amount,cputime
1,0,5,5,deal,False,♣A ♠J,,60000,0.3042216931216931,0.3582911394152349,1000,0,3000,0,0,0,40,40,40,1,1.7166581119043234,,0,148.83239230947558,2.4333162238086468,allin,0,2.028202772140503
2,0,5,5,deal,False,♥9 ♦9,,60000,0.32985370370370365,0.33956015555564933,5000,0,7000,0,0,0,20,20,20,1,1.7755950897521404,,0,68.77975448760702,2.551190179504281,allin,0,2.6902689933776855
3,0,5,5,deal,False,♠J ♠K,,60000,0.3244960317460317,0.3771235957337765,2980,0,4980,0,20,20,980,1000,1000,1,1.7665096568725625,,-20,2694.3400862949297,2.533019313745125,allin,0,1.5151517391204834
4,0,3,3,deal,False,♦Q ♣3,,60000,0.316275,0.3168356633636483,10490,0,12490,0,10,10,990,1000,1000,1,1.7508667551100734,,-10,2546.750845322348,2.501733510220147,allin,0,1.7841784954071045
