round_id,turn,N,Nnf,roundName,first,hole,board,Nsim,prWin,prWinStd,chips,reld,chips_total,pot,bet,cost_on_table,cost_to_call,cost_total,maxBet_all,N_maxBet_all,prWin_adj,limitBet,util_fold,util_call,util_raise_coeff,action,amount,cputime
1,0,5,5,deal,False,♣Q ♥6,,60000,0.19748558201058197,0.3085435631439076,1000,0,3000,0,0,0,20,20,20,1,1.5968133372508637,,0,59.84066686254319,2.1936266745017274,check,0,2.494000196456909
1,1,5,5,deal,False,♣Q ♥6,,60000,0.19748558201058197,0.3085435631439076,980,0,2980,0,20,20,980,1000,1000,2,1.5968133372508637,,0,3874.3125452426257,2.1936266745017274,allin,0,0.8379998207092285
2,0,5,5,deal,False,♣9 ♥J,,60000,0.24064166666666664,0.3377183311491783,980,1,1980,0,20,20,980,1000,5000,1,1.7410722628855886,,-20,11277.148730714543,2.482144525771177,check,0,1.8569998741149902
3,0,4,4,deal,False,♦8 ♣K,,60000,0.28776805555555546,0.3304785559409674,990,2,990,0,10,10,990,1000,5000,1,1.8745601848304552,,-10,12169.412497509795,2.7491203696609103,allin,0,0.8659999370574951
