round_id,turn,N,Nnf,roundName,first,hole,board,Nsim,prWin,prWinStd,chips,reld,chips_total,pot,bet,cost_on_table,cost_to_call,cost_total,maxBet_all,N_maxBet_all,prWin_adj,limitBet,util_fold,util_call,util_raise_coeff,action,amount,cputime
1,0,5,5,deal,False,♥3 ♠5,,60000,0.14977063492063492,0.2945434352471057,1000,0,3000,0,0,0,80,80,80,1,1.0579448607205229,,0,163.32731796572025,1.1158897214410457,allin,0,1.9832065105438232
2,0,5,5,deal,False,♥10 ♣7,,60000,0.20105899470899466,0.31726035917870815,1000,1,2000,0,0,0,40,40,40,1,1.223078747698037,,0,94.53866224678407,1.4461574953960739,allin,0,2.0041980743408203
3,0,5,5,deal,False,♥4 ♦5,,60000,0.16775701058201056,0.30817247119258806,1000,2,1000,0,0,0,20,20,20,1,1.122433695611699,,0,36.12168478058494,1.2448673912233978,allin,0,2.814873456954956
