round_id,turn,N,Nnf,roundName,first,hole,board,Nsim,prWin,prWinStd,chips,reld,chips_total,pot,bet,cost_on_table,cost_to_call,cost_total,maxBet_all,N_maxBet_all,prWin_adj,limitBet,util_fold,util_call,util_raise_coeff,action,amount,cputime
1,0,5,5,deal,False,♣6 ♦2,,60000,0.1247441798941799,0.265191084640448,1000,0,3000,0,0,0,1000,1000,1000,2,1.3473300546433087,,0,3082.4100655692255,1.6946601092866174,allin,0,2.4252424240112305
2,0,5,5,deal,False,♣4 ♣9,,60000,0.1873324074074074,0.32195032458452616,5000,0,7000,0,0,0,1000,1000,1000,1,1.6329423952572504,,0,2314.873062372218,2.2658847905145008,allin,0,2.1152114868164062
3,0,5,5,deal,False,♥Q ♠A,,60000,0.31910476190476184,0.36373413089400125,3000,0,5000,0,0,0,20,20,20,1,2.0484460110354235,,0,82.42230055177117,3.096892022070847,check,0,1.8971896171569824
3,1,5,5,deal,False,♥Q ♠A,,60000,0.31910476190476184,0.36373413089400125,2980,0,4980,0,20,20,2980,3000,5000,1,2.0484460110354235,,0,15537.951939760227,3.096892022070847,allin,0,1.0261025428771973
