round_id,turn,N,Nnf,roundName,first,hole,board,Nsim,prWin,prWinStd,chips,reld,chips_total,pot,bet,cost_on_table,cost_to_call,cost_total,maxBet_all,N_maxBet_all,prWin_adj,limitBet,util_fold,util_call,util_raise_coeff,action,amount,cputime
1,0,5,5,deal,False,♦2 ♠9,,60000,0.13780952380952383,0.270126558429015,1000,0,3000,0,0,0,1000,1000,1000,2,1.6355308281579064,,0,3955.6584093184565,2.271061656315813,allin,0,2.2322232723236084
2,0,5,5,deal,False,♦6 ♥5,,60000,0.1740642857142857,0.3085155986567874,1000,1,2000,0,0,0,40,40,40,1,1.8234309626152145,,0,160.5774058876736,2.646861925230429,allin,0,2.1952195167541504
3,0,5,5,deal,False,♠9 ♣Q,,60000,0.24363849206349206,0.33613575498781045,1000,1,2000,0,0,0,20,20,20,1,2.113140002163108,,0,85.6570001081554,3.226280004326216,allin,0,1.9411940574645996
4,0,5,5,deal,False,♣5 ♥3,,60000,0.14977063492063492,0.2945434352471057,4980,1,5980,0,20,20,4000,4020,4020,1,1.7056211749943078,,-20,13158.549020442737,2.4112423499886155,allin,0,0.6690669059753418
5,0,3,3,deal,False,♠10 ♦7,,60000,0.33247361111111107,0.3368352424372289,11990,1,12990,0,10,10,30,40,40,1,2.388823716765275,,-10,208.8823716765275,3.77764743353055,allin,0,1.6091609001159668
