round_id,turn,N,Nnf,roundName,first,hole,board,Nsim,prWin,prWinStd,chips,reld,chips_total,pot,bet,cost_on_table,cost_to_call,cost_total,maxBet_all,N_maxBet_all,prWin_adj,limitBet,util_fold,util_call,util_raise_coeff,action,amount,cputime
1,0,5,5,deal,False,♠7 ♠8,,60000,0.2369259259259259,0.35074578110766996,1000,0,3000,0,0,0,20,20,20,2,1.2531454708162622,,0,67.72018295713835,1.5062909416325243,allin,0,2.74027419090271
2,0,5,5,deal,False,♦5 ♣A,,60000,0.24007050264550264,0.3313878251011616,5000,0,7000,0,0,0,20,20,20,1,1.2630373750591133,,0,43.151868752955664,1.5260747501182266,allin,0,1.766176462173462
3,0,4,4,deal,False,♥9 ♥8,,60000,0.30178115079365075,0.360902657020794,9980,0,11980,0,20,20,980,1000,1000,3,1.4034551033945097,,-20,4633.820413578039,1.8069102067890195,allin,0,1.51115083694458
