round_id,turn,N,Nnf,roundName,first,hole,board,Nsim,prWin,prWinStd,chips,reld,chips_total,pot,bet,cost_on_table,cost_to_call,cost_total,maxBet_all,N_maxBet_all,prWin_adj,limitBet,util_fold,util_call,util_raise_coeff,action,amount,cputime
1,0,5,5,deal,False,♣K ♣10,,60000,0.3147939153439153,0.3755405367546798,980,0,2980,0,20,20,980,1000,1000,3,2.7228828983054183,,-20,9965.989251187782,4.445765796610837,allin,0,1.246124505996704
2,0,5,5,deal,False,♣8 ♣3,,60000,0.17480753968253968,0.3156416772323461,4990,0,6990,0,10,10,990,1000,1000,3,2.1459820005125163,,-10,7636.847642060315,3.2919640010250326,check,0,1.6281628608703613
2,1,5,5,flop,True,♣8 ♣3,♦3 ♦2 ♥2,0,,,4000,0,6000,1000,0,1000,20,1020,0,5,,,0,,,check,0,1.467146635055542
2,2,5,5,flop,False,♣8 ♣3,♦3 ♦2 ♥2,0,,,4000,0,6000,1000,0,1000,20,1020,20,1,,,0,,,check,0,1.426142692565918
2,3,5,5,turn,True,♣8 ♣3,♦3 ♦2 ♥2 ♦4,0,,,3980,0,5980,1020,0,1020,20,1040,0,5,,,0,,,check,0,1.7421743869781494
2,4,5,5,turn,False,♣8 ♣3,♦3 ♦2 ♥2 ♦4,0,,,3980,0,5980,1020,0,1020,20,1040,20,1,,,0,,,check,0,1.6421642303466797
2,5,5,5,river,True,♣8 ♣3,♦3 ♦2 ♥2 ♦4 ♥A,0,,,3960,0,5960,1040,0,1040,20,1060,0,5,,,0,,,check,0,1.4421443939208984
2,6,5,5,river,False,♣8 ♣3,♦3 ♦2 ♥2 ♦4 ♥A,0,,,3960,0,5960,1040,0,1040,20,1060,20,1,,,0,,,check,0,1.5491552352905273
3,0,5,5,deal,False,♣Q ♦10,,60000,0.2717892857142856,0.3522709090813105,3940,0,5940,0,0,0,1000,1000,1000,2,2.5829505514978854,,0,6826.340171038593,4.165901102995771,allin,0,1.7211720943450928
