round_id,turn,N,Nnf,roundName,first,hole,board,Nsim,prWin,prWinStd,chips,reld,chips_total,pot,bet,cost_on_table,cost_to_call,cost_total,maxBet_all,N_maxBet_all,prWin_adj,limitBet,util_fold,util_call,util_raise_coeff,action,amount,cputime
1,0,5,5,deal,False,♥6 ♦8,,60000,0.18349338624338618,0.30930556756919464,980,0,2980,0,20,20,980,1000,1000,1,0.8415132175293759,722.205105129657,-20,787.1777568116895,0.6830264350587518,allin,0,1.3481347560882568
2,0,5,5,deal,False,♣7 ♣6,,60000,0.22167089947089946,0.34570388790413076,990,1,1990,0,10,10,30,40,40,1,0.929878134622798,695.7681742748811,-10,100.1829388471917,0.859756269245596,allin,0,1.0921094417572021
3,0,5,5,deal,False,♥10 ♥J,,60000,0.3031255291005291,0.3760461683546542,1000,2,1000,0,0,0,80,80,80,1,1.0890569373815626,,0,170.48309559775942,1.1781138747631252,allin,0,2.0922091007232666
