round_id,turn,N,Nnf,roundName,first,hole,board,Nsim,prWin,prWinStd,chips,reld,chips_total,pot,bet,cost_on_table,cost_to_call,cost_total,maxBet_all,N_maxBet_all,prWin_adj,limitBet,util_fold,util_call,util_raise_coeff,action,amount,cputime
1,0,5,5,deal,False,♣10 ♦5,,60000,0.1662100529100529,0.29255589567192153,1000,0,3000,0,0,0,20,20,20,1,1.6552863906264828,,0,62.76431953132413,2.3105727812529655,check,0,2.0412042140960693
1,1,5,5,deal,False,♣10 ♦5,,60000,0.1662100529100529,0.29255589567192153,980,0,2980,0,20,20,980,1000,1000,3,1.6552863906264828,,0,5674.251290318461,2.3105727812529655,allin,0,1.1801180839538574
2,0,5,5,deal,False,♠9 ♥9,,60000,0.32985370370370365,0.33956015555564933,980,1,1980,0,20,20,980,1000,5000,1,2.2128437040692255,,-20,16767.00650663519,3.425687408138451,allin,0,1.3081307411193848
3,0,4,4,deal,False,♦4 ♦9,,60000,0.2295079365079365,0.3307165870667192,4990,1,5990,0,10,10,4990,5000,5000,1,1.9157787048889168,,-10,16121.881327875864,2.8315574097778335,check,0,1.7771778106689453
4,0,3,3,deal,False,♦2 ♥J,,60000,0.284349537037037,0.3128852681544344,1000,2,1000,0,0,0,20,20,20,1,2.0955323596333715,,0,84.77661798166858,3.191064719266743,allin,0,2.259225845336914
5,0,3,3,deal,False,♥6 ♣Q,,60000,0.34332546296296296,0.3234276781795995,2960,2,2960,0,40,40,2960,3000,6000,1,2.252097871254329,,-40,26317.27232630628,3.5041957425086583,allin,0,1.880188226699829
