round_id,turn,N,Nnf,roundName,first,hole,board,Nsim,prWin,prWinStd,chips,reld,chips_total,pot,bet,cost_on_table,cost_to_call,cost_total,maxBet_all,N_maxBet_all,prWin_adj,limitBet,util_fold,util_call,util_raise_coeff,action,amount,cputime
1,0,5,5,deal,False,♣3 ♥K,,60000,0.1945006613756614,0.308593634993837,1000,0,3000,0,0,0,20,20,20,3,0.8040570061574808,643.3176264821342,0,52.36513055417326,0.6081140123149615,bet,70,1.8761875629425049
1,1,5,5,deal,False,♣3 ♥K,,60000,0.1945006613756614,0.308593634993837,930,0,2930,0,70,70,70,140,140,3,0.8040570061574808,628.3068818642178,0,436.5559138792129,0.6081140123149615,allin,0,1.1371135711669922
2,0,5,5,deal,False,♣7 ♣K,,60000,0.2606821428571428,0.3530456335469965,1000,1,2000,0,0,0,20,20,20,2,0.9389476361987354,735.7082596321077,0,45.72633453391148,0.8778952723974709,allin,0,2.1902191638946533
3,0,5,5,deal,False,♠A ♦7,,60000,0.24280277777777776,0.3282267569395152,1000,2,1000,0,0,0,20,20,20,1,0.907406898504554,313.06027812621306,0,25.3703449252277,0.814813797009108,allin,0,2.261225938796997
