round_id,turn,N,Nnf,roundName,first,hole,board,Nsim,prWin,prWinStd,chips,reld,chips_total,pot,bet,cost_on_table,cost_to_call,cost_total,maxBet_all,N_maxBet_all,prWin_adj,limitBet,util_fold,util_call,util_raise_coeff,action,amount,cputime
1,0,5,5,deal,False,♠J ♦10,,60000,0.26955277777777775,0.35370729096639675,1000,0,3000,0,0,0,20,20,20,2,1.0860113435962204,,0,56.020794051735436,1.1720226871924408,allin,0,1.9881987571716309
2,0,5,5,deal,False,♦10 ♦4,,60000,0.1968936507936508,0.32757760899570565,1000,1,2000,0,0,0,20,20,20,1,0.9305602637511408,701.8366624474387,0,26.528013187557036,0.8611205275022815,allin,0,2.371237277984619
3,0,5,5,deal,False,♦3 ♣6,,60000,0.14388955026455025,0.2859364173902688,980,2,980,0,20,20,10,30,30,1,0.793198299723606,203.19626840000723,-20,85.18379596683272,0.586396599447212,raise,0,1.2631261348724365
3,1,5,5,deal,False,♦3 ♣6,,60000,0.14388955026455025,0.2859364173902688,940,2,940,0,60,60,60,120,120,1,0.793198299723606,194.9025431591906,0,273.14328588391453,0.586396599447212,raise,0,1.1441142559051514
3,2,5,5,deal,False,♦3 ♣6,,60000,0.14388955026455025,0.2859364173902688,760,2,760,0,240,240,240,480,480,1,0.793198299723606,157.5807795755158,0,1092.5731435356581,0.586396599447212,bet,600,1.0691065788269043
3,3,5,5,flop,False,♦3 ♣6,♦Q ♣7 ♦5,0,,,160,2,160,840,0,840,20,860,20,1,,,0,,,check,0,1.6641662120819092
3,4,5,5,flop,False,♦3 ♣6,♦Q ♣7 ♦5,442,0.16817496229260934,0.36877596719888106,140,2,140,840,20,860,140,1000,1660,3,0.8264910742632156,53.24747253664065,0,7595.956455103697,0.6529821485264311,bet,8360,1.355135440826416
