round_id,turn,N,Nnf,roundName,first,hole,board,Nsim,prWin,prWinStd,chips,reld,chips_total,pot,bet,cost_on_table,cost_to_call,cost_total,maxBet_all,N_maxBet_all,prWin_adj,limitBet,util_fold,util_call,util_raise_coeff,action,amount,cputime
1,0,5,5,deal,False,♥3 ♦J,,60000,0.16442671957671956,0.29077179235221357,1000,0,3000,0,0,0,1000,1000,1000,2,1.3561061564317551,,0,3109.001653988218,1.7122123128635103,allin,0,2.1952195167541504
2,0,5,5,deal,False,♦8 ♥5,,60000,0.16637619047619048,0.2972812875071074,1000,1,2000,0,0,0,40,40,40,1,1.365562094253491,,0,110.211830367884,1.731124188506982,allin,0,2.5412540435791016
3,0,4,4,deal,False,♥5 ♣8,,60000,0.21020297619047618,0.30961995812011034,1000,2,1000,0,0,0,20,20,20,1,1.5201633366775866,,0,56.00816683387933,2.0403266733551733,allin,0,2.2272229194641113
