round_id,turn,N,Nnf,roundName,first,hole,board,Nsim,prWin,prWinStd,chips,reld,chips_total,pot,bet,cost_on_table,cost_to_call,cost_total,maxBet_all,N_maxBet_all,prWin_adj,limitBet,util_fold,util_call,util_raise_coeff,action,amount,cputime
1,0,5,5,deal,False,♦7 ♥K,,60000,0.2212992063492063,0.3198930319595557,1000,0,3000,0,0,0,1000,1000,1000,1,1.865180383820648,,0,2786.3161791559155,2.730360767641296,allin,0,2.3572356700897217
2,0,5,5,deal,False,♠4 ♥J,,60000,0.17147817460317458,0.2955494699430381,1000,1,2000,0,0,0,20,20,20,1,1.6659908205409237,,0,63.29954102704619,2.3319816410818475,allin,0,1.4811480045318604
3,0,5,5,deal,False,♣J ♠7,,60000,0.1987189153439153,0.3114191484761836,980,2,980,0,20,20,980,1000,5000,1,1.7828917295487192,,-20,15137.341235120422,2.5657834590974384,allin,0,0.5960595607757568
