round_id,turn,N,Nnf,roundName,first,hole,board,Nsim,prWin,prWinStd,chips,reld,chips_total,pot,bet,cost_on_table,cost_to_call,cost_total,maxBet_all,N_maxBet_all,prWin_adj,limitBet,util_fold,util_call,util_raise_coeff,action,amount,cputime
1,0,5,5,deal,False,♦7 ♣4,,60000,0.1545367724867725,0.2905706075606886,980,0,2980,0,20,20,980,1000,1000,2,1.4033898033239345,,-20,3286.305002104761,1.806779606647869,allin,0,0.7210721969604492
2,0,5,5,deal,False,♦A ♥2,,60000,0.21980661375661376,0.3249562414528783,4990,0,6990,0,10,10,990,1000,1000,2,1.6526463229852624,,-10,4034.044821875197,2.3052926459705247,allin,0,1.2981300354003906
3,0,5,5,deal,False,♣9 ♥6,,60000,0.17953425925925923,0.3027959395502478,3000,0,5000,0,0,0,3000,3000,5000,1,1.5093979595219604,,0,10629.863574483303,2.018795919043921,allin,0,1.3611361980438232
4,0,4,4,deal,False,♠2 ♣5,,60000,0.17304563492063493,0.29533000034152496,1000,1,2000,0,0,0,20,20,20,1,1.4819176889889163,,0,54.09588444944582,1.9638353779778326,allin,0,1.9041905403137207
5,0,3,3,deal,False,♦K ♣8,,60000,0.38609212962962963,0.3270940654783141,960,2,960,0,40,40,960,1000,13000,1,2.0681662408452506,,-40,30062.493612678758,3.136332481690501,allin,0,1.6301631927490234
