round_id,turn,N,Nnf,roundName,first,hole,board,Nsim,prWin,prWinStd,chips,reld,chips_total,pot,bet,cost_on_table,cost_to_call,cost_total,maxBet_all,N_maxBet_all,prWin_adj,limitBet,util_fold,util_call,util_raise_coeff,action,amount,cputime
1,0,5,5,deal,False,♠Q ♥3,,60000,0.17700899470899473,0.2978482380798779,990,0,2990,0,10,10,990,1000,1000,2,1.5128761021109596,,-10,3609.1433504173174,2.025752204221919,allin,0,1.7434766292572021
2,0,5,5,deal,False,♦10 ♥K,,60000,0.28000171957671954,0.3519825441855719,1000,1,2000,0,0,0,1000,1000,1000,2,1.8537457695996307,,0,4616.849681886881,2.7074915391992613,allin,0,1.7824649810791016
3,0,5,5,deal,False,♣3 ♥4,,60000,0.1412100529100529,0.28622466251857115,5000,1,6000,0,0,0,1000,1000,1000,1,1.3635257817711188,,0,1767.9573369953714,1.7270515635422377,allin,0,1.5125463008880615
4,0,3,3,deal,False,♥4 ♣7,,60000,0.2659064814814815,0.3208663381669094,980,2,980,0,20,20,980,1000,5000,1,1.8188851338880447,,-20,9969.688506006029,2.6377702677760895,allin,0,1.7054882049560547
