round_id,turn,N,Nnf,roundName,first,hole,board,Nsim,prWin,prWinStd,chips,reld,chips_total,pot,bet,cost_on_table,cost_to_call,cost_total,maxBet_all,N_maxBet_all,prWin_adj,limitBet,util_fold,util_call,util_raise_coeff,action,amount,cputime
1,0,5,5,deal,False,♣8 ♥6,,60000,0.18349338624338618,0.30930556756919464,990,0,2990,0,10,10,990,1000,1000,2,1.458890647471223,,-10,3445.0275683125183,1.9177812949424462,allin,0,1.505150556564331
2,0,5,5,deal,False,♣5 ♦J,,60000,0.17880132275132274,0.29949726869749743,1000,1,2000,0,0,0,1000,1000,1000,2,1.443314688437881,,0,3373.2435059667796,1.8866293768757618,allin,0,1.5221521854400635
3,0,5,5,deal,False,♥2 ♥A,,60000,0.26085317460317453,0.3584757121437426,1000,2,1000,0,0,0,1000,1000,5000,1,1.7120786215493606,,0,9323.834087942645,2.4241572430987213,allin,0,2.2482247352600098
