round_id,turn,N,Nnf,roundName,first,hole,board,Nsim,prWin,prWinStd,chips,reld,chips_total,pot,bet,cost_on_table,cost_to_call,cost_total,maxBet_all,N_maxBet_all,prWin_adj,limitBet,util_fold,util_call,util_raise_coeff,action,amount,cputime
1,0,5,5,deal,False,♥6 ♣3,,60000,0.14388955026455025,0.2859364173902688,1000,0,3000,0,0,0,1000,1000,1000,1,0.8616389516936138,780.6528483210411,0,783.5926300057806,0.7232779033872276,allin,0,1.6721673011779785
2,0,5,5,deal,False,♠6 ♠10,,60000,0.22059629629629623,0.34124998490864616,1000,1,2000,0,0,0,1000,1000,5000,1,1.0706261954315084,,0,5455.875958451996,1.1412523908630168,allin,0,2.2662265300750732
3,0,4,4,deal,False,♣J ♥6,,60000,0.23106646825396823,0.31230929824241943,5000,1,6000,0,0,0,20,20,20,1,1.0972794526616008,,0,34.86397263308004,1.1945589053232015,allin,0,1.8651862144470215
