round_id,turn,N,Nnf,roundName,first,hole,board,Nsim,prWin,prWinStd,chips,reld,chips_total,pot,bet,cost_on_table,cost_to_call,cost_total,maxBet_all,N_maxBet_all,prWin_adj,limitBet,util_fold,util_call,util_raise_coeff,action,amount,cputime
1,0,5,5,deal,False,♦2 ♠4,,60000,0.12966388888888886,0.27616033505699517,1000,0,3000,0,0,0,40,40,40,2,1.058519392432001,,0,118.77790886480017,1.1170387848640022,allin,0,1.7191717624664307
2,0,5,5,deal,False,♣5 ♦8,,60000,0.16637619047619048,0.2972812875071074,1000,1,2000,0,0,0,1000,1000,1000,1,1.1979740021107017,,0,1431.8872242847247,1.3959480042214034,allin,0,2.262226104736328
3,0,5,5,deal,False,♠2 ♠8,,60000,0.17081494708994707,0.31294497493503076,1000,2,1000,0,0,0,20,20,20,1,1.2151783754486878,,0,40.75891877243439,1.4303567508973756,allin,0,2.2042205333709717
