round_id,turn,N,Nnf,roundName,first,hole,board,Nsim,prWin,prWinStd,chips,reld,chips_total,pot,bet,cost_on_table,cost_to_call,cost_total,maxBet_all,N_maxBet_all,prWin_adj,limitBet,util_fold,util_call,util_raise_coeff,action,amount,cputime
1,0,5,5,deal,False,♦7 ♥7,,60000,0.27266097883597884,0.3370327294452152,1000,0,3000,0,0,0,20,20,20,1,1.9983067259377503,,0,79.91533629688752,2.9966134518755005,allin,0,2.0432043075561523
2,0,5,5,deal,False,♣7 ♣3,,60000,0.17581957671957674,0.3176261211057995,980,1,1980,0,20,20,980,1000,1000,3,1.6528059480574486,,-20,5664.2799111909435,2.3056118961148973,allin,0,1.384138584136963
3,0,5,5,deal,False,♦9 ♣3,,60000,0.141325,0.2727631260407707,990,2,990,0,10,10,990,1000,1000,2,1.4946899650433552,,-10,3553.8574937318,1.9893799300867103,allin,0,0.8820881843566895
