round_id,turn,N,Nnf,roundName,first,hole,board,Nsim,prWin,prWinStd,chips,reld,chips_total,pot,bet,cost_on_table,cost_to_call,cost_total,maxBet_all,N_maxBet_all,prWin_adj,limitBet,util_fold,util_call,util_raise_coeff,action,amount,cputime
1,0,5,5,deal,False,♦Q ♦K,,60000,0.3350386243386243,0.3806797754827756,1000,0,3000,0,0,0,1000,1000,1000,1,1.1185652089891749,,0,1270.6873742480252,1.2371304179783498,allin,0,2.4612462520599365
2,0,5,5,deal,False,♠K ♦7,,60000,0.2212992063492063,0.3198930319595557,1000,1,2000,0,0,0,20,20,20,1,0.9124765196042496,640.936569625189,0,25.62382598021248,0.8249530392084992,allin,0,1.8571858406066895
3,0,5,5,deal,False,♦5 ♠6,,60000,0.1740642857142857,0.3085155986567874,980,2,980,0,20,20,20,40,40,1,0.8072694237429232,212.2817403627009,-20,93.01771932400925,0.6145388474858464,bet,100,0.9650964736938477
3,1,5,5,deal,False,♦5 ♠6,,60000,0.1740642857142857,0.3085155986567874,880,2,880,0,120,120,880,1000,5000,1,0.8072694237429232,190.62033828487426,0,4254.233535004992,0.6145388474858464,bet,5360,1.4041404724121094
4,0,4,4,deal,False,♥2 ♣J,,60000,0.20279087301587304,0.3005500132229698,4990,2,4990,0,10,10,70,80,80,1,0.8762715579118731,1371.8678650079971,-10,122.77974274061208,0.7525431158237461,allin,0,1.3691368103027344
5,0,3,3,deal,False,♠10 ♥2,,60000,0.2676106481481481,0.31082890889262216,11180,2,11180,0,0,0,40,40,40,1,1.011369225809819,,0,61.1369225809819,1.022738451619638,allin,0,2.2752273082733154
