round_id,turn,N,Nnf,roundName,first,hole,board,Nsim,prWin,prWinStd,chips,reld,chips_total,pot,bet,cost_on_table,cost_to_call,cost_total,maxBet_all,N_maxBet_all,prWin_adj,limitBet,util_fold,util_call,util_raise_coeff,action,amount,cputime
1,0,5,5,deal,False,♣5 ♣4,,60000,0.20367857142857138,0.34264721432402656,980,0,2980,0,20,20,980,1000,1000,3,1.3474393806166893,,-20,4436.706310079091,1.6948787612333787,allin,0,0.8070807456970215
2,0,5,5,deal,False,♣K ♥4,,60000,0.20093121693121688,0.31202441538228937,990,1,1990,0,10,10,990,1000,1000,3,1.340913390922552,,-10,4400.471831508658,1.6818267818451038,allin,0,1.049104928970337
3,0,5,5,deal,False,♥7 ♦9,,60000,0.19960436507936505,0.3170268401847398,1000,2,1000,0,0,0,80,80,80,1,1.3387578234965227,,0,227.91429940420022,1.6775156469930455,allin,0,1.5211520195007324
4,0,3,3,deal,False,♥2 ♠K,,60000,0.3322717592592592,0.31901688910222964,4960,2,4960,0,40,40,2900,2940,2940,1,1.6770562764109744,,-40,7028.173156352968,2.354112552821949,allin,0,1.915191411972046
5,0,3,3,deal,False,♠A ♦K,,60000,0.4921671296296296,0.3459945940971245,12920,2,12920,0,20,20,60,80,80,1,1.921991646827839,,-20,324.3983293655678,2.843983293655678,allin,0,1.6321635246276855
