round_id,turn,N,Nnf,roundName,first,hole,board,Nsim,prWin,prWinStd,chips,reld,chips_total,pot,bet,cost_on_table,cost_to_call,cost_total,maxBet_all,N_maxBet_all,prWin_adj,limitBet,util_fold,util_call,util_raise_coeff,action,amount,cputime
1,0,5,5,deal,False,♠Q ♦10,,60000,0.2717892857142856,0.3522709090813105,990,0,2990,0,10,10,990,1000,1000,3,2.2359427002349017,,-10,7998.489654944306,3.4718854004698034,allin,0,1.2861285209655762
2,0,5,5,deal,False,♣K ♥A,,60000,0.3332595238095238,0.3711540779777747,1000,1,2000,0,0,0,1000,1000,5000,1,2.416752134386885,,0,15989.7675047398,3.83350426877377,allin,0,1.6251626014709473
3,0,4,4,deal,False,♦3 ♣4,,60000,0.17806309523809524,0.2978754081597266,5000,1,6000,0,0,0,1000,1000,1000,1,1.8709169801353598,,0,2797.9614696747803,2.7418339602707196,allin,0,1.958195686340332
