round_id,turn,N,Nnf,roundName,first,hole,board,Nsim,prWin,prWinStd,chips,reld,chips_total,pot,bet,cost_on_table,cost_to_call,cost_total,maxBet_all,N_maxBet_all,prWin_adj,limitBet,util_fold,util_call,util_raise_coeff,action,amount,cputime
1,0,5,5,deal,False,♥3 ♥6,,60000,0.1821428571428571,0.32479642764550953,1000,0,3000,0,0,0,1000,1000,1000,2,1.6275713781617747,,0,3931.5412758301773,2.2551427563235493,allin,0,1.7081708908081055
2,0,5,5,deal,False,♠10 ♥7,,60000,0.20105899470899466,0.31726035917870815,1000,1,2000,0,0,0,40,40,40,1,1.7040292196928761,,0,147.44321416621636,2.4080584393857523,allin,0,1.9801979064941406
3,0,5,5,deal,False,♦A ♣9,,60000,0.2631670634920635,0.3383158797569703,1000,2,1000,0,0,0,20,20,20,1,1.9166900014529527,,0,75.83450007264763,2.8333800029059053,allin,0,2.740273952484131
