round_id,turn,N,Nnf,roundName,first,hole,board,Nsim,prWin,prWinStd,chips,reld,chips_total,pot,bet,cost_on_table,cost_to_call,cost_total,maxBet_all,N_maxBet_all,prWin_adj,limitBet,util_fold,util_call,util_raise_coeff,action,amount,cputime
1,0,5,5,deal,False,♦5 ♥J,,60000,0.17880132275132274,0.29949726869749743,990,0,2990,0,10,10,990,1000,1000,2,1.7268722310463798,,-10,4294.229027001922,2.4537444620927595,allin,0,1.132112979888916
2,0,5,5,deal,False,♣9 ♦10,,60000,0.24156322751322748,0.34031494047164995,4040,0,6040,0,0,0,1000,1000,1000,2,1.9729481389703911,,0,4978.032861080285,2.9458962779407822,allin,0,2.372236967086792
3,0,5,5,deal,False,♥Q ♣5,,60000,0.19232301587301584,0.3076947554411713,4040,0,6040,0,0,0,1000,1000,1000,1,1.7885311043048788,,0,2630.718141738904,2.5770622086097577,allin,0,2.2502248287200928
4,0,4,4,deal,False,♦Q ♥6,,60000,0.25132976190476186,0.31869560524185286,4040,0,6040,0,0,0,20,20,20,1,2.0102984273357256,,0,80.51492136678628,3.0205968546714512,allin,0,1.841184139251709
5,0,3,3,deal,False,♥Q ♦Q,,60000,0.6537291666666667,0.25441991799335917,10060,0,12060,0,20,20,900,920,920,1,2.5853991023138105,,-20,3960.550312349964,4.170798204627621,allin,0,2.413241386413574
