round_id,turn,N,Nnf,roundName,first,hole,board,Nsim,prWin,prWinStd,chips,reld,chips_total,pot,bet,cost_on_table,cost_to_call,cost_total,maxBet_all,N_maxBet_all,prWin_adj,limitBet,util_fold,util_call,util_raise_coeff,action,amount,cputime
1,0,5,5,deal,False,♥K ♥Q,,60000,0.3350386243386243,0.3806797754827756,990,0,2990,0,10,10,990,1000,1000,3,2.6667382196239773,,-10,9730.287642888388,4.333476439247955,allin,0,1.8241822719573975
2,0,5,5,deal,False,♣9 ♠5,,60000,0.16267711640211635,0.2909226793198838,1000,1,2000,0,0,0,1000,1000,5000,1,1.9877323348730116,,0,12973.758314157272,2.975464669746023,allin,0,2.2042202949523926
3,0,4,4,deal,False,♥A ♥4,,60000,0.3328113095238095,0.36058925449865475,1000,2,1000,0,0,0,20,20,20,2,2.6653484889460897,,0,166.57439422622627,4.330696977892179,allin,0,1.4391438961029053
