round_id,turn,N,Nnf,roundName,first,hole,board,Nsim,prWin,prWinStd,chips,reld,chips_total,pot,bet,cost_on_table,cost_to_call,cost_total,maxBet_all,N_maxBet_all,prWin_adj,limitBet,util_fold,util_call,util_raise_coeff,action,amount,cputime
1,0,5,5,deal,False,♠Q ♣7,,60000,0.20220052910052908,0.31112660882336673,1000,0,3000,0,0,0,1000,1000,1000,1,1.9413059634265122,,0,2940.85110575582,2.8826119268530244,allin,0,2.257225751876831
2,0,5,5,deal,False,♥6 ♦8,,60000,0.18349338624338618,0.30930556756919464,1000,1,2000,0,0,0,20,20,20,1,1.8614439560226468,,0,73.07219780113233,2.7228879120452936,allin,0,1.5641562938690186
3,0,5,5,deal,False,♣3 ♦9,,60000,0.141325,0.2727631260407707,980,2,980,0,20,20,980,1000,9020,1,1.65319216815654,,-20,18924.43370460474,2.30638433631308,allin,0,1.467146873474121
