round_id,turn,N,Nnf,roundName,first,hole,board,Nsim,prWin,prWinStd,chips,reld,chips_total,pot,bet,cost_on_table,cost_to_call,cost_total,maxBet_all,N_maxBet_all,prWin_adj,limitBet,util_fold,util_call,util_raise_coeff,action,amount,cputime
1,0,5,5,deal,False,♦4 ♣10,,60000,0.16230648148148144,0.29012170445302565,1000,0,3000,0,0,0,1000,1000,1000,1,1.438118261847422,,0,1919.3800715502666,1.876236523694844,allin,0,2.6532649993896484
2,0,5,5,deal,False,♥A ♦10,,60000,0.2882775132275132,0.35154268283748275,1000,1,2000,0,0,0,20,20,20,1,1.8577870763482416,,0,72.88935381741209,2.715574152696483,allin,0,1.7951793670654297
3,0,5,5,deal,False,♦J ♦6,,60000,0.22146772486772484,0.3388758638588069,980,2,980,0,20,20,980,1000,1000,2,1.6623317813208398,,-20,4073.488615215353,2.3246635626416796,allin,0,1.3391335010528564
