round_id,turn,N,Nnf,roundName,first,hole,board,Nsim,prWin,prWinStd,chips,reld,chips_total,pot,bet,cost_on_table,cost_to_call,cost_total,maxBet_all,N_maxBet_all,prWin_adj,limitBet,util_fold,util_call,util_raise_coeff,action,amount,cputime
1,0,5,5,deal,False,♣5 ♠8,,60000,0.16637619047619048,0.2972812875071074,1000,0,3000,0,0,0,40,40,40,1,2.0619837216024153,,0,186.81820937626568,3.1239674432048306,allin,0,1.9051904678344727
2,0,5,5,deal,False,♠J ♣Q,,60000,0.2804650793650793,0.35511580699046685,1000,1,2000,0,0,0,20,20,20,1,2.5692739285515045,,0,108.46369642757523,4.138547857103009,allin,0,1.8651864528656006
3,0,5,5,deal,False,♠8 ♥J,,60000,0.21957447089947088,0.3247248531006357,980,1,1980,0,20,20,980,1000,1000,3,2.3307620995985476,,-20,8389.663640386161,3.6615241991970953,allin,0,1.24312424659729
4,0,5,5,deal,False,♥9 ♠6,,60000,0.17953425925925923,0.3027959395502478,990,2,990,0,10,10,990,1000,1000,3,2.1388283977415323,,-10,7608.090158920961,3.2776567954830647,allin,0,1.3041303157806396
