round_id,turn,N,Nnf,roundName,first,hole,board,Nsim,prWin,prWinStd,chips,reld,chips_total,pot,bet,cost_on_table,cost_to_call,cost_total,maxBet_all,N_maxBet_all,prWin_adj,limitBet,util_fold,util_call,util_raise_coeff,action,amount,cputime
1,0,5,5,deal,False,♠9 ♠6,,60000,0.22155132275132272,0.3425290597823359,990,0,2990,0,10,10,990,1000,1000,2,1.672992187257901,,-10,4095.8962492640194,2.345984374515802,allin,0,1.394139289855957
2,0,5,5,deal,False,♣8 ♥10,,60000,0.22087169312169314,0.3300520693483246,1000,1,2000,0,0,0,1000,1000,1000,2,1.6727912868546748,,0,4068.557599169665,2.3455825737093496,allin,0,1.8611860275268555
3,0,5,5,deal,False,♣10 ♦6,,60000,0.1804177248677249,0.30246046892500356,1000,2,1000,0,0,0,1000,1000,1000,1,1.5282129144345933,,0,2102.2722163022245,2.0564258288691866,allin,0,1.6231625080108643
