round_id,turn,N,Nnf,roundName,first,hole,board,Nsim,prWin,prWinStd,chips,reld,chips_total,pot,bet,cost_on_table,cost_to_call,cost_total,maxBet_all,N_maxBet_all,prWin_adj,limitBet,util_fold,util_call,util_raise_coeff,action,amount,cputime
1,0,5,5,deal,False,♠6 ♥A,,60000,0.23630886243386237,0.3284189694653446,1000,0,3000,0,0,0,20,20,20,1,1.740150628148197,,0,67.00753140740986,2.480301256296394,allin,0,2.0762076377868652
2,0,5,5,deal,False,♦6 ♠5,,60000,0.1740642857142857,0.3085155986567874,980,1,1980,0,20,20,980,1000,1000,2,1.5182033362002167,,-20,3665.7022087726637,2.0364066724004335,allin,0,0.7950794696807861
3,0,5,5,deal,False,♦J ♠J,,60000,0.4060960317460317,0.3431734135345987,990,2,990,0,10,10,990,1000,5000,1,2.1495112774386236,,-10,14142.55939316791,3.299022554877247,allin,0,1.3561358451843262
4,0,3,3,deal,False,♦A ♣10,,60000,0.4546412037037037,0.3334762061297321,5000,2,5000,0,0,0,20,20,20,1,2.2248119636957684,,0,91.24059818478842,3.449623927391537,allin,0,1.962195873260498
5,0,3,3,deal,False,♠4 ♣8,,60000,0.26293796296296296,0.3145107712323506,7960,2,7960,0,40,40,2960,3000,3000,1,1.8301532763693553,,-40,8094.125789270905,2.6603065527387106,allin,0,1.994199275970459
6,0,3,3,deal,False,♦K ♣2,,60000,0.3322717592592592,0.31901688910222964,3980,2,3980,0,20,20,3980,4000,9000,1,2.0114860512543054,,-20,22249.778108356142,3.0229721025086107,allin,0,2.0912091732025146
