round_id,turn,N,Nnf,roundName,first,hole,board,Nsim,prWin,prWinStd,chips,reld,chips_total,pot,bet,cost_on_table,cost_to_call,cost_total,maxBet_all,N_maxBet_all,prWin_adj,limitBet,util_fold,util_call,util_raise_coeff,action,amount,cputime
1,0,5,5,deal,False,♣Q ♣A,,60000,0.35041719576719577,0.3818021410091389,990,0,2990,0,10,10,990,1000,1000,3,2.4353468276479227,,-10,8800.094247144649,3.8706936552958453,allin,0,1.131112813949585
2,0,5,5,deal,False,♦A ♦8,,60000,0.29288095238095235,0.3638425350380617,5000,0,7000,0,0,0,1000,1000,1000,2,2.2838746687779956,,0,5920.140246397326,3.567749337555991,allin,0,1.8261826038360596
3,0,5,5,deal,False,♣2 ♠10,,60000,0.14837156084656083,0.28156637358492154,3000,0,5000,0,0,0,40,40,40,1,1.7053210420023515,,0,147.58531462025866,2.410642084004703,allin,0,2.37223744392395
