round_id,turn,N,Nnf,roundName,first,hole,board,Nsim,prWin,prWinStd,chips,reld,chips_total,pot,bet,cost_on_table,cost_to_call,cost_total,maxBet_all,N_maxBet_all,prWin_adj,limitBet,util_fold,util_call,util_raise_coeff,action,amount,cputime
1,0,5,5,deal,False,♥10 ♣5,,60000,0.1662100529100529,0.29255589567192153,980,0,2980,0,20,20,980,1000,1000,2,1.422618212858292,,-20,3344.7593670892074,1.845236425716584,allin,0,1.385138750076294
2,0,5,5,deal,False,♦5 ♣J,,60000,0.17880132275132274,0.29949726869749743,990,1,1990,0,10,10,990,1000,1000,2,1.47396955790907,,-10,3520.346847201754,1.9479391158181398,allin,0,1.2471246719360352
3,0,5,5,deal,False,♣J ♠J,,60000,0.4060960317460317,0.3431734135345987,1000,2,1000,0,0,0,1000,1000,1000,2,2.068479301230377,,0,5267.4922827280425,3.136958602460754,allin,0,1.8911890983581543
