round_id,turn,N,Nnf,roundName,first,hole,board,Nsim,prWin,prWinStd,chips,reld,chips_total,pot,bet,cost_on_table,cost_to_call,cost_total,maxBet_all,N_maxBet_all,prWin_adj,limitBet,util_fold,util_call,util_raise_coeff,action,amount,cputime
1,0,5,5,deal,False,♦7 ♥4,,60000,0.1545367724867725,0.2905706075606886,1000,0,3000,0,0,0,20,20,20,1,0.9497543319199899,1180.450989487709,0,27.487716595999494,0.8995086638399798,check,0,2.3992397785186768
1,1,5,5,deal,False,♦7 ♥4,,60000,0.1545367724867725,0.2905706075606886,980,0,2980,0,20,20,140,160,160,1,0.9497543319199899,1172.5813162244576,0,296.8869926831954,0.8995086638399798,allin,0,0.7990798950195312
2,0,5,5,deal,False,♣8 ♦A,,60000,0.2527243386243386,0.3330651308927811,980,1,1980,0,20,20,980,1000,1000,1,1.2109604800313605,,-20,1611.4554272671112,1.421920960062721,allin,0,0.8380837440490723
3,0,4,4,deal,False,♣A ♣2,,60000,0.31550019841269833,0.3581582552335125,990,2,990,0,10,10,70,80,80,1,1.3425198538042964,,-10,225.3543678369452,1.6850397076085928,allin,0,1.8691868782043457
