round_id,turn,N,Nnf,roundName,first,hole,board,Nsim,prWin,prWinStd,chips,reld,chips_total,pot,bet,cost_on_table,cost_to_call,cost_total,maxBet_all,N_maxBet_all,prWin_adj,limitBet,util_fold,util_call,util_raise_coeff,action,amount,cputime
1,0,5,5,deal,False,♥J ♣6,,60000,0.1811169312169312,0.3002896990994167,1000,0,3000,0,0,0,1000,1000,1000,2,1.5367218464670183,,0,3656.2671947950657,2.0734436929340365,allin,0,2.1933419704437256
2,0,5,5,deal,False,♦2 ♥5,,60000,0.1372414021164021,0.2834775401423445,1000,1,2000,0,0,0,1000,1000,5000,1,1.3502010200217989,,0,7141.712150731447,1.7004020400435977,allin,0,2.002399206161499
3,0,4,4,deal,False,♠A ♥7,,60000,0.3061992063492063,0.3314686002718592,1000,2,1000,0,0,0,20,20,20,1,1.9286147183229634,,0,76.43073591614817,2.8572294366459268,allin,0,2.2153351306915283
