round_id,turn,N,Nnf,roundName,first,hole,board,Nsim,prWin,prWinStd,chips,reld,chips_total,pot,bet,cost_on_table,cost_to_call,cost_total,maxBet_all,N_maxBet_all,prWin_adj,limitBet,util_fold,util_call,util_raise_coeff,action,amount,cputime
1,0,5,5,deal,False,♥3 ♣7,,60000,0.13560714285714287,0.2727197311424821,1000,0,3000,0,0,0,40,40,40,1,1.3270579383667038,,0,105.97637322033742,1.6541158767334077,allin,0,2.142214059829712
2,0,5,5,deal,False,♥10 ♠K,,60000,0.28000171957671954,0.3519825441855719,1000,1,2000,0,0,0,20,20,20,1,1.8447657750203275,,0,72.23828875101637,2.689531550040655,allin,0,1.8721871376037598
3,0,5,5,deal,False,♥3 ♣K,,60000,0.1945006613756614,0.308593634993837,980,2,980,0,20,20,980,1000,1000,2,1.5758978323422412,,-20,3810.729410320413,2.1517956646844825,allin,0,1.3231322765350342
