round_id,turn,N,Nnf,roundName,first,hole,board,Nsim,prWin,prWinStd,chips,reld,chips_total,pot,bet,cost_on_table,cost_to_call,cost_total,maxBet_all,N_maxBet_all,prWin_adj,limitBet,util_fold,util_call,util_raise_coeff,action,amount,cputime
1,0,5,5,deal,False,♥2 ♣8,,60000,0.12880780423280422,0.26272592691614793,990,0,2990,0,10,10,990,1000,1000,3,1.6998972796776957,,-10,5843.587064304336,2.3997945593553913,allin,0,1.0460000038146973
2,0,5,5,deal,False,♦8 ♦7,,60000,0.2369259259259259,0.35074578110766996,1666,0,3666,0,0,0,1666,1666,1666,1,2.233223316411326,,0,8075.3201061862055,3.4664466328226524,allin,0,2.121000051498413
3,0,5,5,deal,False,♠7 ♥K,,60000,0.2212992063492063,0.3198930319595557,1000,1,2000,0,0,0,40,40,40,1,2.1723703008228856,,0,198.9607330905174,3.3447406016457712,check,0,2.4639999866485596
3,1,5,5,deal,False,♠7 ♥K,,60000,0.2212992063492063,0.3198930319595557,960,1,1960,0,40,40,960,1000,6998,1,2.1723703008228856,,0,20846.253079660128,3.3447406016457712,allin,0,1.0820000171661377
