round_id,turn,N,Nnf,roundName,first,hole,board,Nsim,prWin,prWinStd,chips,reld,chips_total,pot,bet,cost_on_table,cost_to_call,cost_total,maxBet_all,N_maxBet_all,prWin_adj,limitBet,util_fold,util_call,util_raise_coeff,action,amount,cputime
1,0,5,5,deal,False,♦K ♠Q,,60000,0.30603822751322746,0.36362007518903755,1000,0,3000,0,0,0,20,20,20,1,2.4581880093208737,,0,102.90940046604368,3.9163760186417473,check,0,1.7030000686645508
1,1,5,5,deal,False,♦K ♠Q,,60000,0.30603822751322746,0.36362007518903755,980,0,2980,0,20,20,980,1000,1000,3,2.4581880093208737,,0,8901.915797469912,3.9163760186417473,allin,0,1.1150000095367432
2,0,5,5,deal,False,♠6 ♦6,,60000,0.25121679894179894,0.3364149074109575,980,1,1980,0,20,20,980,1000,2500,2,2.2788248179521284,,-20,15017.350222023942,3.557649635904257,allin,0,1.7129998207092285
3,0,4,4,deal,False,♠3 ♠J,,60000,0.25106686507936504,0.3388820957989634,990,2,990,0,10,10,990,1000,1000,2,2.280440789106499,,-10,5896.931183101627,3.5608815782129977,allin,0,2.0160000324249268
4,0,3,3,deal,False,♥5 ♣K,,60000,0.36007129629629625,0.3223901347500997,4000,2,4000,0,0,0,20,20,20,1,2.6089686927984377,,0,110.44843463992189,4.217937385596875,allin,0,1.8380000591278076
