round_id,turn,N,Nnf,roundName,first,hole,board,Nsim,prWin,prWinStd,chips,reld,chips_total,pot,bet,cost_on_table,cost_to_call,cost_total,maxBet_all,N_maxBet_all,prWin_adj,limitBet,util_fold,util_call,util_raise_coeff,action,amount,cputime
1,0,5,5,deal,False,♠Q ♦10,,60000,0.2717892857142856,0.3522709090813105,1000,0,3000,0,0,0,20,20,20,1,1.7310017884612012,,0,66.55008942306006,2.4620035769224025,allin,0,1.9811980724334717
2,0,5,5,deal,False,♦Q ♥8,,60000,0.22280634920634917,0.3229527043660558,4980,0,6980,0,20,20,980,1000,1000,2,1.5897914377398434,,-20,3884.761799483921,2.179582875479687,allin,0,0.5010499954223633
3,0,5,5,deal,False,♥10 ♥4,,60000,0.1968936507936508,0.32757760899570565,2990,0,4990,0,10,10,990,1000,1000,2,1.5051663644143172,,-10,3585.705747819524,2.0103327288286343,allin,0,0.9000897407531738
