round_id,turn,N,Nnf,roundName,first,hole,board,Nsim,prWin,prWinStd,chips,reld,chips_total,pot,bet,cost_on_table,cost_to_call,cost_total,maxBet_all,N_maxBet_all,prWin_adj,limitBet,util_fold,util_call,util_raise_coeff,action,amount,cputime
1,0,5,5,deal,False,♦10 ♠A,,60000,0.2882775132275132,0.35154268283748275,1000,0,3000,0,0,0,1000,1000,1000,2,2.356044080513549,,0,6138.813563956053,3.712088161027098,allin,0,1.9730000495910645
2,0,5,5,deal,False,♠A ♠6,,60000,0.27430052910052904,0.358881612683066,1000,1,2000,0,0,0,40,40,40,1,2.313256867146675,,0,214.45825538613423,3.6265137342933498,allin,0,2.488999843597412
3,0,4,4,deal,False,♥K ♣Q,,60000,0.36524285714285715,0.3639750273903791,5000,1,6000,0,0,0,20,20,20,1,2.5680971024067745,,0,108.40485512033871,4.136194204813549,check,0,2.4100000858306885
3,1,4,4,deal,False,♥K ♣Q,,60000,0.36524285714285715,0.3639750273903791,4980,1,5980,0,20,20,4980,5000,5000,1,2.5680971024067745,,0,25837.165228881295,4.136194204813549,allin,0,1.1050000190734863
