round_id,turn,N,Nnf,roundName,first,hole,board,Nsim,prWin,prWinStd,chips,reld,chips_total,pot,bet,cost_on_table,cost_to_call,cost_total,maxBet_all,N_maxBet_all,prWin_adj,limitBet,util_fold,util_call,util_raise_coeff,action,amount,cputime
1,0,5,5,deal,False,♣10 ♦3,,60000,0.1536706349206349,0.2837473888332742,990,0,2990,0,10,10,990,1000,1000,3,2.0704336312474205,,-10,7333.1431976146305,3.140867262494841,allin,0,0.8930895328521729
2,0,5,5,deal,False,♠K ♣10,,60000,0.28000171957671954,0.3519825441855719,1000,1,2000,0,0,0,1000,1000,2000,1,2.6686802776714043,,0,9754.78151901576,4.3373605553428085,allin,0,2.107210636138916
3,0,4,4,deal,False,♣9 ♣5,,60000,0.248797619047619,0.33997372975365997,5000,1,6000,0,0,0,40,40,40,1,2.550881796811434,,0,240.59699764925773,4.101763593622868,allin,0,2.292229175567627
4,0,3,3,deal,False,♠4 ♣5,,60000,0.2764699074074074,0.33168067478533575,8000,1,9000,0,0,0,20,20,20,1,2.6603227468433737,,0,113.01613734216869,4.320645493686747,allin,0,2.4222421646118164
5,0,3,3,deal,False,♣3 ♥5,,60000,0.2537175925925926,0.3209194768207113,3980,1,4980,0,20,20,3980,4000,9000,1,2.5751781896919375,,-20,32072.494655687122,4.150356379383875,allin,0,2.112211227416992
6,0,3,3,deal,False,♦J ♦7,,60000,0.3701773148148148,0.349031753709895,980,2,980,0,20,20,20,40,40,2,2.9486070860943183,,-20,333.8328503313182,4.897214172188637,allin,0,2.1692166328430176
