round_id,turn,N,Nnf,roundName,first,hole,board,Nsim,prWin,prWinStd,chips,reld,chips_total,pot,bet,cost_on_table,cost_to_call,cost_total,maxBet_all,N_maxBet_all,prWin_adj,limitBet,util_fold,util_call,util_raise_coeff,action,amount,cputime
1,0,5,5,deal,False,♥J ♦5,,60000,0.17880132275132274,0.29949726869749743,1000,0,3000,0,0,0,20,20,20,1,2.0774873006231047,,0,83.87436503115524,3.1549746012462094,allin,0,2.405240535736084
2,0,5,5,deal,False,♣2 ♦10,,60000,0.14837156084656083,0.28156637358492154,980,1,1980,0,20,20,980,1000,5000,1,1.9114924344841675,,-20,14350.169324563023,2.822984868968335,allin,0,1.5931591987609863
3,0,5,5,deal,False,♣9 ♣4,,60000,0.1873324074074074,0.32195032458452616,990,2,990,0,10,10,990,1000,5000,1,2.1245668445665054,,-10,20298.159782556384,3.2491336891330107,allin,0,1.5871586799621582
