round_id,turn,N,Nnf,roundName,first,hole,board,Nsim,prWin,prWinStd,chips,reld,chips_total,pot,bet,cost_on_table,cost_to_call,cost_total,maxBet_all,N_maxBet_all,prWin_adj,limitBet,util_fold,util_call,util_raise_coeff,action,amount,cputime
1,0,5,5,deal,False,♦7 ♥2,,60000,0.12121891534391534,0.2600765475658763,990,0,2990,0,10,10,990,1000,1000,3,0.824571068855391,684.6764080336357,-10,2324.775696798672,0.649142137710782,bet,3020,1.5971596240997314
2,0,5,5,deal,False,♣5 ♦7,,60000,0.17044470899470898,0.3031397671760838,5000,0,7000,0,0,0,1000,1000,1000,1,0.9826544281750987,3733.8890178941097,0,1014.4415777589525,0.9653088563501975,allin,0,1.8981897830963135
3,0,5,5,deal,False,♠10 ♦A,,60000,0.2882775132275132,0.35154268283748275,3000,0,5000,0,0,0,40,40,40,1,1.2689378896074237,,0,99.5831678568166,1.5378757792148474,allin,0,1.7221722602844238
