round_id,turn,N,Nnf,roundName,first,hole,board,Nsim,prWin,prWinStd,chips,reld,chips_total,pot,bet,cost_on_table,cost_to_call,cost_total,maxBet_all,N_maxBet_all,prWin_adj,limitBet,util_fold,util_call,util_raise_coeff,action,amount,cputime
1,0,5,5,deal,False,♠8 ♦4,,60000,0.14850198412698412,0.2808738920984635,980,0,2980,0,20,20,980,1000,1000,3,2.054501289352072,,-20,7279.09518319533,3.1090025787041444,allin,0,0.8810880184173584
2,0,5,5,deal,False,♣J ♥8,,60000,0.21957447089947088,0.3247248531006357,990,1,1990,0,10,10,990,1000,5000,1,2.4404610646191855,,-10,18582.497738245867,3.880922129238371,allin,0,2.2072205543518066
3,0,5,5,deal,False,♦9 ♣6,,60000,0.17953425925925923,0.3027959395502478,1000,2,1000,0,0,0,1000,1000,3000,1,2.2405351453806706,,0,10269.891781264772,3.481070290761341,allin,0,2.403240442276001
4,0,4,4,deal,False,♦9 ♥9,,60000,0.41543511904761904,0.3196478814560856,1666,2,1666,0,0,0,20,20,20,1,3.0642184361506923,,0,133.21092180753462,5.128436872301385,allin,0,2.2622263431549072
