round_id,turn,N,Nnf,roundName,first,hole,board,Nsim,prWin,prWinStd,chips,reld,chips_total,pot,bet,cost_on_table,cost_to_call,cost_total,maxBet_all,N_maxBet_all,prWin_adj,limitBet,util_fold,util_call,util_raise_coeff,action,amount,cputime
1,0,5,5,deal,False,♣10 ♥J,,60000,0.26955277777777775,0.35370729096639675,1000,0,3000,0,0,0,20,20,20,2,2.3994446886084826,,0,147.96112820259378,3.798889377216965,allin,0,1.8481848239898682
2,0,5,5,deal,False,♠6 ♥8,,60000,0.18349338624338618,0.30930556756919464,5000,0,7000,0,0,0,20,20,20,1,2.043367085848771,,0,82.16835429243855,3.0867341716975423,allin,0,2.698269844055176
3,0,5,5,deal,False,♣6 ♥9,,60000,0.17953425925925923,0.3027959395502478,2980,0,4980,0,20,20,980,1000,1000,3,2.0256076786715482,,-20,7162.9428682596235,3.0512153573430965,allin,0,1.2501249313354492
