round_id,turn,N,Nnf,roundName,first,hole,board,Nsim,prWin,prWinStd,chips,reld,chips_total,pot,bet,cost_on_table,cost_to_call,cost_total,maxBet_all,N_maxBet_all,prWin_adj,limitBet,util_fold,util_call,util_raise_coeff,action,amount,cputime
1,0,5,5,deal,False,♦A ♥A,,60000,0.562078835978836,0.33766120207212935,1000,0,3000,0,0,0,40,40,40,1,1.703180713057895,,0,147.34987843636847,2.40636142611579,allin,0,2.0072004795074463
2,0,5,5,deal,False,♠10 ♥7,,60000,0.20105899470899466,0.31726035917870815,5000,0,7000,0,0,0,20,20,20,1,1.1248846929990906,,0,36.24423464995453,1.249769385998181,allin,0,1.7861783504486084
3,0,5,5,deal,False,♣2 ♦5,,60000,0.1372414021164021,0.2834775401423445,2980,0,4980,0,20,20,980,1000,1000,3,0.9321170666161116,1762.4293674670116,-20,2767.110607796769,0.8642341332322232,bet,3020,0.5070507526397705
