round_id,turn,N,Nnf,roundName,first,hole,board,Nsim,prWin,prWinStd,chips,reld,chips_total,pot,bet,cost_on_table,cost_to_call,cost_total,maxBet_all,N_maxBet_all,prWin_adj,limitBet,util_fold,util_call,util_raise_coeff,action,amount,cputime
1,0,5,5,deal,False,♣10 ♦Q,,60000,0.2717892857142856,0.3522709090813105,1000,0,3000,0,0,0,20,20,20,1,1.6865136024018443,,0,64.32568012009222,2.3730272048036887,allin,0,2.1912190914154053
2,0,5,5,deal,False,♠10 ♦6,,60000,0.1804177248677249,0.30246046892500356,980,1,1980,0,20,20,980,1000,1000,1,1.405161713104666,,-20,1942.7363632577053,1.8103234262093322,allin,0,1.5581557750701904
3,0,5,5,deal,False,♠6 ♥9,,60000,0.17953425925925923,0.3027959395502478,990,2,990,0,10,10,990,1000,5000,1,1.4038532214058739,,-10,8921.20374312547,1.8077064428117477,allin,0,1.7111711502075195
