round_id,turn,N,Nnf,roundName,first,hole,board,Nsim,prWin,prWinStd,chips,reld,chips_total,pot,bet,cost_on_table,cost_to_call,cost_total,maxBet_all,N_maxBet_all,prWin_adj,limitBet,util_fold,util_call,util_raise_coeff,action,amount,cputime
1,0,5,5,deal,False,♣7 ♠10,,60000,0.20105899470899466,0.31726035917870815,990,0,2990,0,10,10,990,1000,1000,2,1.7080371402928332,,-10,4202.432906490213,2.4160742805856663,allin,0,1.0021002292633057
2,0,5,5,deal,False,♣10 ♠3,,60000,0.1536706349206349,0.2837473888332742,1000,1,2000,0,0,0,1000,1000,1000,2,1.511452889138953,,0,3579.7022540910275,2.022905778277906,allin,0,2.061206340789795
3,0,5,5,deal,False,♠5 ♦Q,,60000,0.19232301587301584,0.3076947554411713,1000,2,1000,0,0,0,1000,1000,1000,1,1.6781759772034173,,0,2406.697233722937,2.3563519544068345,allin,0,2.110211133956909
