round_id,turn,N,Nnf,roundName,first,hole,board,Nsim,prWin,prWinStd,chips,reld,chips_total,pot,bet,cost_on_table,cost_to_call,cost_total,maxBet_all,N_maxBet_all,prWin_adj,limitBet,util_fold,util_call,util_raise_coeff,action,amount,cputime
1,0,5,5,deal,False,♥Q ♣9,,60000,0.24363849206349206,0.33613575498781045,1000,0,3000,0,0,0,1000,1000,1000,1,1.6860093471575721,,0,2422.5989747298713,2.3720186943151442,allin,0,2.286228656768799
2,0,5,5,deal,False,♠6 ♣K,,60000,0.2142867724867725,0.317365470360142,1000,1,2000,0,0,0,20,20,20,1,1.5950359166209722,,0,59.75179583104861,2.1900718332419444,allin,0,2.44024395942688
3,0,5,5,deal,False,♥3 ♠J,,60000,0.16442671957671956,0.29077179235221357,980,2,980,0,20,20,980,1000,3000,1,1.4135588197949058,,-20,6144.336451766326,1.8271176395898117,allin,0,1.4991497993469238
