round_id,turn,N,Nnf,roundName,first,hole,board,Nsim,prWin,prWinStd,chips,reld,chips_total,pot,bet,cost_on_table,cost_to_call,cost_total,maxBet_all,N_maxBet_all,prWin_adj,limitBet,util_fold,util_call,util_raise_coeff,action,amount,cputime
1,0,5,5,deal,False,♥10 ♠9,,60000,0.24156322751322748,0.34031494047164995,1000,0,3000,0,0,0,1000,1000,1000,2,1.8316979484188805,,0,4550.044783709208,2.663395896837761,allin,0,1.877187728881836
2,0,5,5,deal,False,♦K ♣8,,60000,0.22872222222222216,0.324049348122754,1000,1,2000,0,0,0,1000,1000,5000,1,1.791159276897433,,0,9800.69043969152,2.582318553794866,allin,0,1.6361637115478516
3,0,5,5,deal,False,♥9 ♦5,,60000,0.16267711640211635,0.2909226793198838,1000,2,1000,0,0,0,20,20,20,1,1.5374659311248857,,0,56.873296556244284,2.0749318622497714,allin,0,2.5462546348571777
