round_id,turn,N,Nnf,roundName,first,hole,board,Nsim,prWin,prWinStd,chips,reld,chips_total,pot,bet,cost_on_table,cost_to_call,cost_total,maxBet_all,N_maxBet_all,prWin_adj,limitBet,util_fold,util_call,util_raise_coeff,action,amount,cputime
1,0,5,5,deal,False,♦10 ♦4,,60000,0.1968936507936508,0.32757760899570565,1000,0,3000,0,0,0,1000,1000,1000,1,2.0181365165634504,,0,3096.817128623804,3.0362730331269008,allin,0,1.9689998626708984
2,0,5,5,deal,False,♦4 ♥K,,60000,0.20093121693121688,0.31202441538228937,1000,1,2000,0,0,0,20,20,20,1,2.0381256871422027,,0,81.90628435711014,3.0762513742844053,allin,0,2.2420003414154053
3,0,5,5,deal,False,♠4 ♥9,,60000,0.14686785714285716,0.27751848252510863,980,2,980,0,20,20,980,1000,2000,1,1.771609146078043,,-20,7913.477913311775,2.543218292156086,allin,0,1.8369998931884766
