round_id,turn,N,Nnf,roundName,first,hole,board,Nsim,prWin,prWinStd,chips,reld,chips_total,pot,bet,cost_on_table,cost_to_call,cost_total,maxBet_all,N_maxBet_all,prWin_adj,limitBet,util_fold,util_call,util_raise_coeff,action,amount,cputime
1,0,5,5,deal,False,♥2 ♦A,,60000,0.21980661375661376,0.3249562414528783,1000,0,3000,0,0,0,20,20,20,2,0.8927443384666052,881.1611303764565,0,42.49210369266236,0.7854886769332103,bet,50,2.2782278060913086
1,1,5,5,deal,False,♥2 ♦A,,60000,0.21980661375661376,0.3249562414528783,950,0,2950,0,50,50,950,1000,1000,1,0.8927443384666052,866.4751115368489,0,969.4003277032011,0.7854886769332103,allin,0,1.163116216659546
2,0,5,5,deal,False,♥J ♦6,,60000,0.1811169312169312,0.3002896990994167,1000,1,2000,0,0,0,20,20,20,1,0.808854434585584,435.40093493439736,0,20.4427217292792,0.6177088691711681,bet,30,1.241124153137207
2,1,5,5,deal,False,♥J ♦6,,60000,0.1811169312169312,0.3002896990994167,970,1,1970,0,30,30,30,60,60,3,0.808854434585584,428.8699209103814,0,188.39069733810769,0.6177088691711681,bet,210,0.830082893371582
2,2,5,5,deal,False,♥J ♦6,,60000,0.1811169312169312,0.3002896990994167,760,1,1760,0,240,240,240,480,480,3,0.808854434585584,383.1528227422697,0,1507.1255787048615,0.6177088691711681,bet,1680,2.226222515106201
3,0,5,5,deal,False,♥K ♥8,,60000,0.26735753968253967,0.35593539870364854,980,2,980,0,20,20,10,30,30,1,0.9909766325736815,607.0040967583938,-20,108.91719590884178,0.981953265147363,allin,0,1.4171419143676758
