round_id,turn,N,Nnf,roundName,first,hole,board,Nsim,prWin,prWinStd,chips,reld,chips_total,pot,bet,cost_on_table,cost_to_call,cost_total,maxBet_all,N_maxBet_all,prWin_adj,limitBet,util_fold,util_call,util_raise_coeff,action,amount,cputime
1,0,5,5,deal,False,♣K ♣7,,60000,0.2606821428571428,0.3530456335469965,1000,0,3000,0,0,0,20,20,20,3,1.3033232733984208,,0,97.29909460585787,1.6066465467968416,allin,0,1.7891788482666016
2,0,5,5,deal,False,♣7 ♦K,,60000,0.2212992063492063,0.3198930319595557,1000,1,2000,0,0,0,1000,1000,1000,1,1.209288398869925,,0,1454.8554497059476,1.41857679773985,allin,0,1.9031903743743896
3,0,4,4,deal,False,♠4 ♣4,,60000,0.2694593253968254,0.3300850231822878,5000,1,6000,0,0,0,20,20,20,1,1.3276335853470287,,0,46.38167926735143,1.6552671706940574,allin,0,2.0212020874023438
