round_id,turn,N,Nnf,roundName,first,hole,board,Nsim,prWin,prWinStd,chips,reld,chips_total,pot,bet,cost_on_table,cost_to_call,cost_total,maxBet_all,N_maxBet_all,prWin_adj,limitBet,util_fold,util_call,util_raise_coeff,action,amount,cputime
1,0,5,5,deal,False,♦10 ♥Q,,60000,0.2717892857142856,0.3522709090813105,990,0,2990,0,10,10,990,1000,1000,3,2.242615928143805,,-10,8025.316031138096,3.4852318562876103,allin,0,1.6451644897460938
2,0,5,5,deal,False,♠J ♣J,,60000,0.4060960317460317,0.3431734135345987,5000,0,7000,0,0,0,1000,1000,1000,2,2.5841373316464926,,0,6829.936114888873,4.168274663292985,allin,0,1.657165765762329
3,0,4,4,deal,False,♠8 ♠2,,60000,0.20929107142857137,0.3229163518835439,5000,0,7000,0,0,0,40,40,40,1,2.015494416143286,,0,181.70438577576147,3.030988832286572,allin,0,2.4992499351501465
4,0,3,3,deal,False,♦J ♦10,,60000,0.43640833333333334,0.36978071480494273,7980,0,9980,0,20,20,3980,4000,4000,1,2.640859913960646,,-20,19787.739225645815,4.281719827921292,allin,0,1.7961795330047607
5,0,3,3,deal,False,♠8 ♠J,,60000,0.38843888888888883,0.3545041443332298,3980,0,5980,0,20,20,60,80,80,1,2.5573477001005593,,-20,451.4695400201119,4.114695400201119,allin,0,1.8264520168304443
