round_id,turn,N,Nnf,roundName,first,hole,board,Nsim,prWin,prWinStd,chips,reld,chips_total,pot,bet,cost_on_table,cost_to_call,cost_total,maxBet_all,N_maxBet_all,prWin_adj,limitBet,util_fold,util_call,util_raise_coeff,action,amount,cputime
1,0,5,5,deal,False,♦A ♣4,,60000,0.2351748677248677,0.33189083318268314,980,0,2980,0,20,20,980,1000,1000,1,1.3463379934453907,,-20,1847.3097862353206,1.6926759868907815,allin,0,1.3650002479553223
2,0,5,5,deal,False,♠8 ♣7,,60000,0.20041005291005287,0.3198171011092042,990,1,1990,0,10,10,990,1000,5000,1,1.2512164831753667,,-10,9044.75619506644,1.5024329663507334,allin,0,1.7809998989105225
3,0,5,5,deal,False,♠Q ♣K,,60000,0.30603822751322746,0.36362007518903755,1000,1,2000,0,0,0,40,40,40,1,1.5180626228353111,,0,157.34814096859046,2.0361252456706223,allin,0,1.496999979019165
4,0,3,3,deal,False,♠7 ♠6,,60000,0.33762638888888885,0.35806022491933476,1000,2,1000,0,0,0,20,20,20,1,1.5837190044443406,,0,59.18595022221703,2.167438008888681,allin,0,2.125999927520752
