round_id,turn,N,Nnf,roundName,first,hole,board,Nsim,prWin,prWinStd,chips,reld,chips_total,pot,bet,cost_on_table,cost_to_call,cost_total,maxBet_all,N_maxBet_all,prWin_adj,limitBet,util_fold,util_call,util_raise_coeff,action,amount,cputime
1,0,5,5,deal,False,♦5 ♠2,,60000,0.1372414021164021,0.2834775401423445,1000,0,3000,0,0,0,20,20,20,1,1.0938450156701633,,0,34.692250783508165,1.1876900313403267,allin,0,2.169217109680176
2,0,5,5,deal,False,♠7 ♣4,,60000,0.1545367724867725,0.2905706075606886,980,1,1980,0,20,20,980,1000,5000,1,1.1612099102238207,,-20,8332.903479995042,1.3224198204476414,check,0,0.6500647068023682
3,0,5,5,deal,False,♦A ♦3,,60000,0.2672031746031746,0.3606480744912331,4990,1,5990,0,10,10,2990,3000,3000,1,1.5017762455141892,,-10,9054.245489023797,2.0035524910283784,allin,0,0.9540953636169434
