round_id,turn,N,Nnf,roundName,first,hole,board,Nsim,prWin,prWinStd,chips,reld,chips_total,pot,bet,cost_on_table,cost_to_call,cost_total,maxBet_all,N_maxBet_all,prWin_adj,limitBet,util_fold,util_call,util_raise_coeff,action,amount,cputime
1,0,5,5,deal,False,♣10 ♣Q,,60000,0.3065982804232804,0.3744168388142339,1000,0,3000,0,0,0,1000,1000,1000,2,1.6898415611887638,,0,4120.219930401954,2.3796831223775277,allin,0,1.2851283550262451
2,0,5,5,deal,False,♥4 ♦7,,60000,0.1545367724867725,0.2905706075606886,5000,0,7000,0,0,0,1000,1000,1000,1,1.2407316661671417,,0,1518.6852823192976,1.4814633323342834,check,0,1.7891788482666016
2,1,5,5,flop,True,♥4 ♦7,♣Q ♣A ♦Q,0,,,4000,0,6000,1000,0,1000,20,1020,0,5,,,0,,,check,0,1.7921793460845947
2,2,5,5,flop,False,♥4 ♦7,♣Q ♣A ♦Q,0,,,4000,0,6000,1000,0,1000,20,1020,20,1,,,0,,,check,0,1.5311529636383057
2,3,5,5,turn,True,♥4 ♦7,♣Q ♣A ♦Q ♠2,0,,,3980,0,5980,1020,0,1020,20,1040,0,5,,,0,,,check,0,1.6401641368865967
3,0,5,5,deal,False,♠J ♦10,,60000,0.26955277777777775,0.35370729096639675,9020,0,11020,0,0,0,20,20,20,1,1.6051724968612024,,0,60.25862484306012,2.210344993722405,allin,0,2.228222608566284
