round_id,turn,N,Nnf,roundName,first,hole,board,Nsim,prWin,prWinStd,chips,reld,chips_total,pot,bet,cost_on_table,cost_to_call,cost_total,maxBet_all,N_maxBet_all,prWin_adj,limitBet,util_fold,util_call,util_raise_coeff,action,amount,cputime
1,0,5,5,deal,False,♠Q ♥6,,60000,0.19748558201058197,0.3085435631439076,1000,0,3000,0,0,0,40,40,40,1,1.5589936681903156,,0,131.4893035009347,2.117987336380631,allin,0,2.9522950649261475
2,0,5,5,deal,False,♥Q ♦7,,60000,0.20220052910052908,0.31112660882336673,5000,0,7000,0,0,0,20,20,20,1,1.5778208784230463,,0,58.89104392115232,2.1556417568460926,allin,0,2.183218479156494
3,0,5,5,deal,False,♣8 ♠5,,60000,0.16637619047619048,0.2972812875071074,2980,0,4980,0,20,20,980,1000,1000,2,1.4437698705867925,,-20,3409.060406583849,1.887539741173585,allin,0,1.2061207294464111
