round_id,turn,N,Nnf,roundName,first,hole,board,Nsim,prWin,prWinStd,chips,reld,chips_total,pot,bet,cost_on_table,cost_to_call,cost_total,maxBet_all,N_maxBet_all,prWin_adj,limitBet,util_fold,util_call,util_raise_coeff,action,amount,cputime
1,0,5,5,deal,False,♦7 ♣J,,60000,0.1987189153439153,0.3114191484761836,990,0,2990,0,10,10,990,1000,1000,2,1.5694074838057557,,-10,3780.998750769497,2.1388149676115114,allin,0,1.6751675605773926
2,0,5,5,deal,False,♦6 ♥5,,60000,0.1740642857142857,0.3085155986567874,1000,1,2000,0,0,0,1000,1000,1000,2,1.4783910371026083,,0,3479.524842420903,1.9567820742052167,allin,0,1.7421741485595703
3,0,5,5,deal,False,♠Q ♥7,,60000,0.20220052910052908,0.31112660882336673,1000,2,1000,0,0,0,40,40,40,1,1.585853697981134,,0,134.44390677792472,2.171707395962268,allin,0,1.9791979789733887
4,0,3,3,deal,False,♣A ♠5,,60000,0.40353703703703697,0.32485727997860464,4980,2,4980,0,20,20,4980,5000,8000,1,2.0961300208583356,,-20,22311.61287157553,3.192260041716671,allin,0,1.8941895961761475
