round_id,turn,N,Nnf,roundName,first,hole,board,Nsim,prWin,prWinStd,chips,reld,chips_total,pot,bet,cost_on_table,cost_to_call,cost_total,maxBet_all,N_maxBet_all,prWin_adj,limitBet,util_fold,util_call,util_raise_coeff,action,amount,cputime
1,0,5,5,deal,False,♠4 ♦6,,60000,0.1600804232804233,0.3004283185106069,1000,0,3000,0,0,0,1000,1000,1000,1,1.3994609386028736,,0,1840.9057053638335,1.7989218772057471,allin,0,2.8362836837768555
2,0,5,5,deal,False,♦8 ♣2,,60000,0.12880780423280422,0.26272592691614793,1000,1,2000,0,0,0,20,20,20,1,1.2593892497821684,,0,42.969462489108416,1.5187784995643367,check,0,1.9611961841583252
2,1,5,5,deal,False,♦8 ♣2,,60000,0.12880780423280422,0.26272592691614793,980,1,1980,0,20,20,980,1000,5000,1,1.2593892497821684,,0,7886.100318466466,1.5187784995643367,allin,0,3.2123210430145264
3,0,4,4,deal,False,♦Q ♥5,,60000,0.24496309523809523,0.3175214867974771,960,1,1960,0,20,20,960,980,8040,1,1.6985838679679617,,-20,16093.782034398337,2.3971677359359234,allin,0,0.8640861511230469
4,0,4,4,deal,False,♦9 ♦8,,60000,0.30178115079365075,0.360902657020794,990,2,990,0,10,10,990,1000,7040,1,1.8556004547744416,,-10,21314.317466388788,2.711200909548883,allin,0,1.8871886730194092
