round_id,turn,N,Nnf,roundName,first,hole,board,Nsim,prWin,prWinStd,chips,reld,chips_total,pot,bet,cost_on_table,cost_to_call,cost_total,maxBet_all,N_maxBet_all,prWin_adj,limitBet,util_fold,util_call,util_raise_coeff,action,amount,cputime
1,0,5,5,deal,False,♠9 ♠J,,60000,0.27868531746031744,0.3643963223485461,990,0,2990,0,10,10,990,1000,1000,3,2.2962707998303076,,-10,8241.008615317836,3.592541599660615,allin,0,1.258622646331787
2,0,5,5,deal,False,♠9 ♦5,,60000,0.16267711640211635,0.2909226793198838,1000,1,2000,0,0,0,1000,1000,5000,1,1.825341172865491,,0,11832.148445244402,2.650682345730982,allin,0,1.9518046379089355
3,0,5,5,deal,False,♥2 ♣3,,60000,0.11985912698412697,0.26492025433700483,1000,2,1000,0,0,0,20,20,20,2,1.5846923851440862,,0,90.92846696008603,2.1693847702881723,allin,0,2.3967602252960205
4,0,5,5,deal,False,♥J ♦6,,60000,0.1811169312169312,0.3002896990994167,1000,2,1000,0,0,0,20,20,20,1,1.9199113040448106,,0,75.99556520224053,2.839822608089621,allin,0,2.476752281188965
