round_id,turn,N,Nnf,roundName,first,hole,board,Nsim,prWin,prWinStd,chips,reld,chips_total,pot,bet,cost_on_table,cost_to_call,cost_total,maxBet_all,N_maxBet_all,prWin_adj,limitBet,util_fold,util_call,util_raise_coeff,action,amount,cputime
1,0,5,5,deal,False,♥7 ♦4,,60000,0.1545367724867725,0.2905706075606886,990,0,2990,0,10,10,990,1000,1000,1,0.8684252633415934,797.8340700184028,-10,798.9560424836825,0.7368505266831868,allin,0,1.5541555881500244
2,0,5,5,deal,False,♣4 ♥2,,60000,0.12966388888888886,0.27616033505699517,1000,1,2000,0,0,0,1000,1000,5000,1,0.7948117720770871,416.74723351819296,0,3808.611221066377,0.5896235441541742,bet,2525,2.108211040496826
3,0,4,4,deal,False,♠4 ♥9,,60000,0.18991765873015873,0.2923768811210957,1000,2,1000,0,0,0,1000,1000,10000,1,0.9645834111393521,439.49714846429043,0,9639.355024867053,0.9291668222787042,allin,0,2.3412342071533203
