round_id,turn,N,Nnf,roundName,first,hole,board,Nsim,prWin,prWinStd,chips,reld,chips_total,pot,bet,cost_on_table,cost_to_call,cost_total,maxBet_all,N_maxBet_all,prWin_adj,limitBet,util_fold,util_call,util_raise_coeff,action,amount,cputime
1,0,5,5,deal,False,♦7 ♣J,,60000,0.1987189153439153,0.3114191484761836,1000,0,3000,0,0,0,1000,1000,1000,2,1.705079714745209,,0,4166.3915356779835,2.410159429490418,allin,0,2.5332531929016113
2,0,5,5,deal,False,♣K ♦Q,,60000,0.30603822751322746,0.36362007518903755,5000,0,7000,0,0,0,40,40,40,1,2.0480352671776627,,0,185.2838793895429,3.0960705343553254,allin,0,2.0522050857543945
3,0,4,4,deal,False,♣4 ♦8,,60000,0.1905988095238095,0.29537235824052244,5000,0,7000,0,0,0,20,20,20,1,1.6772459337890844,,0,63.86229668945421,2.3544918675781688,allin,0,1.956195592880249
