round_id,turn,N,Nnf,roundName,first,hole,board,Nsim,prWin,prWinStd,chips,reld,chips_total,pot,bet,cost_on_table,cost_to_call,cost_total,maxBet_all,N_maxBet_all,prWin_adj,limitBet,util_fold,util_call,util_raise_coeff,action,amount,cputime
1,0,5,5,deal,False,♥6 ♠6,,60000,0.25121679894179894,0.3364149074109575,990,0,2990,0,10,10,990,1000,1000,3,2.506524114204624,,-10,9086.22693910259,4.013048228409248,allin,0,1.6881687641143799
2,0,5,5,deal,False,♦5 ♦7,,60000,0.2075706349206349,0.33982703542637943,5000,0,7000,0,0,0,1000,1000,1000,2,2.3185499176468927,,0,6025.206250470084,3.6370998352937853,allin,0,2.3362338542938232
3,0,4,4,deal,False,♥7 ♣K,,60000,0.2798674603174603,0.32697525966963026,5000,0,7000,0,0,0,20,20,20,2,2.6188131861074195,,0,163.31692302751938,4.237626372214839,allin,0,2.1242125034332275
