round_id,turn,N,Nnf,roundName,first,hole,board,Nsim,prWin,prWinStd,chips,reld,chips_total,pot,bet,cost_on_table,cost_to_call,cost_total,maxBet_all,N_maxBet_all,prWin_adj,limitBet,util_fold,util_call,util_raise_coeff,action,amount,cputime
1,0,5,5,deal,False,♣K ♦9,,60000,0.2510359788359788,0.33678387653773795,990,0,2990,0,10,10,10,20,20,4,0.8689290524249744,799.3431596694845,-10,76.89290524249745,0.7378581048499488,allin,0,2.0502049922943115
2,0,5,5,deal,False,♣7 ♥A,,60000,0.24280277777777776,0.3282267569395152,1000,1,2000,0,0,0,40,40,40,2,0.85595367625474,509.8395483368553,0,88.39305143821099,0.7119073525094799,bet,110,2.0112011432647705
2,1,5,5,deal,False,♣7 ♥A,,60000,0.24280277777777776,0.3282267569395152,890,1,1890,0,110,110,110,220,220,2,0.85595367625474,481.79837317832823,0,643.2392351041711,0.7119073525094799,bet,660,1.163116455078125
2,2,5,5,deal,False,♣7 ♥A,,60000,0.24280277777777776,0.3282267569395152,230,1,1230,0,770,770,230,1000,1000,2,0.85595367625474,313.551322227166,0,3656.0296901965194,0.7119073525094799,allin,0,1.0671064853668213
3,0,5,5,deal,False,♥2 ♠7,,60000,0.12121891534391534,0.2600765475658763,1000,2,1000,0,0,0,40,40,40,1,0.5895763818353179,117.1657500392265,0,24.853402001884973,0.17915276367063582,bet,0,2.3442342281341553
3,1,5,5,flop,False,♥2 ♠7,♣K ♠6 ♣4,188,0.02127659574468085,0.14430489325798443,960,2,960,40,0,40,40,80,40,1,0.22787625476440287,53.910283880555085,0,32.92040152460892,-0.5442474904711943,check,0,1.3351333141326904
3,2,5,5,flop,False,♥2 ♠7,♣K ♠6 ♣4,371,0.0426774483378257,0.19553909754272328,920,2,920,40,40,80,920,1000,1920,1,0.3320630439645287,80.62168239819543,0,448.09974113385806,-0.33587391207094264,check,0,1.3481347560882568
