,N,Nnf,round,first,hole,board,Nsim,prWin,prWinStd,pot,bet,maxBet,NMaxBet,minBet,util_fold,util_call,util_raise_coeff,util_call2,util_raise_coeff2,action,amount,cputime
0,8,7,Deal,0,♠K ♣K,,70,0.2857142857142857,0.45175395145262554,0,20,112,2,92,-20,112.0,1.0,-48.0,-0.4285714285714286,raise,0,0.5228490829467773
1,8,7,Flop,1,♠K ♣K,♠J ♠2 ♥A,5,0.2,0.4000000000000001,785,0,0,8,40,-224,-67.0,0.40000000000000013,-67.0,-0.6,raise,0,0.5208940505981445
2,8,7,Flop,0,♠K ♣K,♠J ♠2 ♥A,50,0.28,0.44899888641287294,785,40,116,1,76,-264,107.16000000000003,0.9600000000000002,-55.24000000000001,-0.43999999999999995,raise,0,0.5217130184173584
3,8,7,Turn,1,♠K ♣K,♠J ♠2 ♥A ♠6,5,0.2,0.4,1481,0,0,8,40,-456,-159.8,0.40000000000000013,-159.8,-0.6,raise,0,0.5247182846069336
4,8,7,Turn,0,♠K ♣K,♠J ♠2 ♥A ♠6,45,0.17777777777777778,0.3823255674241167,1481,40,99,2,59,-496,-168.51111111111106,0.24444444444444446,-256.5111111111111,-0.6444444444444444,raise,0,0.5228087902069092
5,8,7,Turn,0,♠K ♣K,♠J ♠2 ♥A ♠6,90,0.17777777777777778,0.3823255674241167,1481,198,205,2,7,-654,-142.60000000000002,0.24444444444444446,-324.8222222222222,-0.6444444444444444,raise,0,0.5292799472808838
6,8,7,River,1,♠K ♣K,♠J ♠2 ♥A ♠6 ♣6,5,0.0,0.0,2588,0,0,8,40,-866,-866.0,-1.0,-866.0,-1.0,call,0,0.525825023651123
