,N,Nnf,round,first,hole,board,Nsim,prWin,prWinStd,pot,bet,maxBet,NMaxBet,minBet,util_fold,util_call,util_raise_coeff,util_call2,util_raise_coeff2,action,amount,cputime
0,8,8,Deal,0,♦J ♠Q,,55,0.18181818181818182,0.38569460791993504,0,0,40,1,40,0,18.181818181818187,0.4545454545454546,-25.454545454545453,-0.6363636363636364,raise,0,0.522188663482666
1,8,8,Deal,0,♦J ♠Q,,165,0.2,0.3923511105367155,0,80,97,4,17,-80,58.20000000000002,0.6000000000000001,-58.199999999999996,-0.6,raise,0,0.5208442211151123
2,8,8,Flop,0,♦J ♠Q,♦9 ♣4 ♣7,75,0.12,0.3249615361854384,1552,0,76,5,76,-194,-10.800000000000011,-0.040000000000000036,-65.52000000000001,-0.76,call,0,0.5298271179199219
3,8,8,Turn,0,♦J ♠Q,♦9 ♣4 ♣7 ♣J,70,0.15714285714285714,0.3639354057959142,2160,0,51,4,51,-270,82.54285714285714,0.2571428571428571,34.457142857142856,-0.6857142857142857,raise,0,0.5218501091003418
4,8,7,Turn,0,♦J ♠Q,♦9 ♣4 ♣7 ♣J,175,0.1657142857142857,0.3718239653713701,2160,102,110,3,8,-372,105.54285714285709,0.15999999999999992,14.399999999999977,-0.6685714285714286,raise,0,0.5231640338897705
5,8,7,River,0,♦J ♠Q,♦9 ♣4 ♣7 ♣J ♣3,45,0.0,0.0,3751,0,73,4,73,-490,-563.0,-1.0,-563.0,-1.0,fold,0,0.522367000579834
