,N,Nnf,round,first,hole,board,Nsim,prWin,prWinStd,pot,bet,maxBet,NMaxBet,minBet,util_fold,util_call,util_raise_coeff,util_call2,util_raise_coeff2,action,amount,cputime
0,8,7,Deal,0,♦10 ♠3,,70,0.10357142857142858,0.30027623336942705,0,80,80,4,0,-80,-21.999999999999993,-0.2749999999999999,-63.42857142857143,-0.7928571428571428,check,0,0.5305027961730957
1,8,7,Flop,1,♦10 ♠3,♥3 ♦J ♣J,5,0.0,0.0,360,0,0,8,80,-80,-80.0,-1.0,-80.0,-1.0,call,0,0.5233559608459473
2,8,7,Flop,0,♦10 ♠3,♥3 ♦J ♣J,45,0.03333333333333333,0.16329931618554516,360,80,229,1,149,-160,-243.56666666666666,-0.7666666666666666,-281.73333333333335,-0.9333333333333333,fold,0,0.5227639675140381
