,N,Nnf,round,first,hole,board,Nsim,prWin,prWinStd,pot,bet,maxBet,NMaxBet,minBet,util_fold,util_call,util_raise_coeff,util_call2,util_raise_coeff2,action,amount,cputime
0,8,7,Deal,0,♥J ♠10,,70,0.21428571428571427,0.40152769493014845,0,0,68,1,68,0,34.0,0.5,-38.85714285714286,-0.5714285714285714,raise,0,0.5221939086914062
1,8,7,Flop,0,♥J ♠10,♥8 ♣J ♦K,50,0.2,0.3872983346207417,952,0,64,4,64,-136,80.0,0.40000000000000013,16.0,-0.6,raise,0,0.5216729640960693
2,8,7,Turn,0,♥J ♠10,♥8 ♣J ♦K ♠K,55,0.14545454545454545,0.3525585350848239,1848,0,65,2,65,-264,5.981818181818198,0.018181818181818077,-41.290909090909054,-0.7090909090909091,raise,0,0.5253820419311523
3,8,7,Turn,0,♥J ♠10,♥8 ♣J ♦K ♠K,125,0.2293333333333333,0.4064283454681772,1848,130,142,1,12,-394,245.76533333333327,0.6053333333333331,82.93866666666656,-0.5413333333333334,raise,0,0.5211009979248047
4,8,7,River,0,♥J ♠10,♥8 ♣J ♦K ♠K ♦5,50,0.32,0.466476151587624,3836,0,452,2,452,-548,1240.0,1.2400000000000002,516.8,-0.36,raise,0,0.5236480236053467
