,N,Nnf,round,first,hole,board,Nsim,prWin,prWinStd,pot,bet,maxBet,NMaxBet,minBet,util_fold,util_call,util_raise_coeff,util_call2,util_raise_coeff2,action,amount,cputime
0,8,8,Deal,0,♥2 ♣4,,60,0.06666666666666667,0.24944382578492943,0,20,80,1,60,-20,-37.333333333333336,-0.4666666666666667,-69.33333333333333,-0.8666666666666667,fold,0,0.5287508964538574
