,N,Nnf,round,first,hole,board,Nsim,prWin,prWinStd,pot,bet,maxBet,NMaxBet,minBet,util_fold,util_call,util_raise_coeff,util_call2,util_raise_coeff2,action,amount,cputime
0,8,7,Deal,0,♣2 ♣A,,70,0.2119047619047619,0.3912955978514954,0,20,61,1,41,-20,29.483333333333334,0.4833333333333334,-35.147619047619045,-0.5761904761904761,raise,0,0.523327112197876
1,8,7,Flop,1,♣2 ♣A,♥3 ♣10 ♠5,5,0.1,0.20000000000000004,498,0,0,8,20,-122,-72.19999999999999,-0.29999999999999993,-72.19999999999999,-0.8,call,0,0.5271527767181396
2,8,7,Flop,0,♣2 ♣A,♥3 ♣10 ♠5,50,0.17,0.36891733491393436,498,20,4390,1,4370,-142,796.7600000000002,0.19000000000000017,-2934.74,-0.6599999999999999,raise,0,0.5265977382659912
