,N,Nnf,round,first,hole,board,Nsim,prWin,prWinStd,pot,bet,maxBet,NMaxBet,minBet,util_fold,util_call,util_raise_coeff,util_call2,util_raise_coeff2,action,amount,cputime
0,8,8,Deal,0,♥J ♥7,,80,0.16041666666666665,0.3588598360703583,0,0,86,1,86,0,24.36666666666666,0.2833333333333332,-58.40833333333333,-0.6791666666666667,raise,0,0.5303449630737305
1,8,8,Deal,0,♥J ♥7,,185,0.14414414414414414,0.3438917049711889,0,172,344,1,172,-172,52.68468468468467,0.15315315315315314,-244.82882882882882,-0.7117117117117118,raise,0,0.5276389122009277
2,8,8,Flop,0,♥J ♥7,♦2 ♥A ♥K,50,0.2825,0.44777924248450823,5228,0,200,1,200,-688,1040.9099999999999,1.2599999999999998,701.9099999999999,-0.43500000000000005,raise,0,0.5238089561462402
