,N,Nnf,round,first,hole,board,Nsim,prWin,prWinStd,pot,bet,maxBet,NMaxBet,minBet,util_fold,util_call,util_raise_coeff,util_call2,util_raise_coeff2,action,amount,cputime
0,8,6,Deal,0,♣10 ♠A,,70,0.20714285714285716,0.40082822418852,0,0,39,1,39,0,9.471428571428575,0.24285714285714288,-22.84285714285714,-0.5857142857142856,raise,0,0.5230226516723633
1,8,6,Deal,0,♣10 ♠A,,135,0.17037037037037037,0.3659739059862408,0,78,86,1,8,-78,1.9111111111111114,0.022222222222222143,-56.696296296296296,-0.6592592592592592,raise,0,0.5279011726379395
2,8,6,Flop,0,♣10 ♠A,♦A ♥2 ♣7,40,0.375,0.4710360920354193,1032,0,44,1,44,-172,270.0,1.25,204.0,-0.25,raise,0,0.5214390754699707
3,8,5,Flop,0,♣10 ♠A,♦A ♥2 ♣7,105,0.3619047619047619,0.46545030983952,1032,88,102,1,14,-260,284.0571428571428,0.8095238095238095,173.3142857142857,-0.2761904761904762,raise,0,0.5303480625152588
4,8,5,Turn,0,♣10 ♠A,♦A ♥2 ♣7 ♣Q,40,0.5125,0.49355217555999087,2052,0,57,1,57,-376,764.7124999999999,1.5625,677.0749999999998,0.02499999999999991,raise,0,0.528494119644165
5,8,5,River,0,♣10 ♠A,♦A ♥2 ♣7 ♣Q ♥4,45,0.4,0.48989794855663565,2622,0,76,4,76,-490,634.8,1.0,543.5999999999999,-0.19999999999999996,raise,0,0.5294783115386963
