,N,Nnf,round,first,hole,board,Nsim,prWin,prWinStd,pot,bet,maxBet,NMaxBet,minBet,util_fold,util_call,util_raise_coeff,util_call2,util_raise_coeff2,action,amount,cputime
0,8,8,Deal,0,♥4 ♥5,,60,0.125,0.3243583409338094,0,0,80,1,80,0,0.0,0.0,-60.0,-0.75,call,0,0.5317480564117432
1,8,7,Deal,0,♥4 ♥5,,160,0.128125,0.327141382853041,0,80,99,1,19,-80,-10.209375000000009,-0.10312500000000013,-73.63125,-0.74375,call,0,0.5289180278778076
2,8,7,Deal,0,♥4 ♥5,,240,0.12430555555555557,0.32373254159514814,0,99,124,5,25,-99,-16.10277777777776,-0.12986111111111098,-93.17222222222222,-0.7513888888888889,call,0,0.5255229473114014
3,8,7,Flop,0,♥4 ♥5,♥10 ♦5 ♥A,40,0.325,0.4548351349665063,948,0,77,3,77,-124,282.27500000000003,1.275,157.15000000000003,-0.35,raise,0,0.5252597332000732
4,8,7,Flop,0,♥4 ♥5,♥10 ♦5 ♥A,115,0.2956521739130435,0.44670607092317643,948,154,960,1,806,-278,1183.0608695652177,1.0695652173913044,-236.0695652173913,-0.408695652173913,raise,0,0.5257959365844727
