,N,Nnf,round,first,hole,board,Nsim,prWin,prWinStd,pot,bet,maxBet,NMaxBet,minBet,util_fold,util_call,util_raise_coeff,util_call2,util_raise_coeff2,action,amount,cputime
0,8,8,Deal,0,♣A ♠J,,50,0.27,0.43829214001622246,0,0,40,1,40,0,46.400000000000006,1.1600000000000001,-18.4,-0.45999999999999996,raise,0,0.5284042358398438
1,8,8,Deal,0,♣A ♠J,,135,0.22592592592592592,0.40696946158302805,0,80,174,1,94,-80,140.48888888888888,0.8074074074074074,-95.37777777777778,-0.5481481481481482,raise,0,0.5233268737792969
2,8,8,Flop,0,♣A ♠J,♠9 ♥10 ♣7,55,0.10865800865800866,0.29332446564025005,1798,0,144,1,144,-348,-171.45887445887445,-0.1307359307359307,-265.3393939393939,-0.7826839826839826,call,0,0.524057149887085
