,N,Nnf,round,first,hole,board,Nsim,prWin,prWinStd,pot,bet,maxBet,NMaxBet,minBet,util_fold,util_call,util_raise_coeff,util_call2,util_raise_coeff2,action,amount,cputime
0,8,8,Deal,0,♣10 ♠Q,,10,0.4,0.48989794855663565,0,0,20,1,20,0,44.0,2.2,-4.0,-0.19999999999999996,raise,0,0.5299780368804932
1,8,8,Deal,0,♣10 ♠Q,,105,0.1523809523809524,0.3458860913778072,0,40,94,1,54,-40,20.590476190476195,0.21904761904761916,-65.35238095238095,-0.6952380952380952,raise,0,0.5233526229858398
2,8,7,Flop,0,♣10 ♠Q,♠5 ♦9 ♥6,35,0.11428571428571428,0.318157963590287,1363,0,20,1,20,-188,-36.22857142857143,-0.20000000000000007,-47.657142857142844,-0.7714285714285715,call,0,0.5279989242553711
3,8,7,Flop,0,♣10 ♠Q,♠5 ♦9 ♥6,130,0.08461538461538462,0.27131064751612916,1363,20,51,5,31,-208,-93.46153846153845,-0.4076923076923077,-115.03846153846153,-0.8307692307692307,call,0,0.5293118953704834
4,8,7,Turn,0,♣10 ♠Q,♠5 ♦9 ♥6 ♣A,35,0.0,0.0,1720,0,20,1,20,-239,-259.0,-1.0,-259.0,-1.0,fold,0,0.5286200046539307
