,N,Nnf,round,first,hole,board,Nsim,prWin,prWinStd,pot,bet,maxBet,NMaxBet,minBet,util_fold,util_call,util_raise_coeff,util_call2,util_raise_coeff2,action,amount,cputime
0,8,8,Deal,0,♥4 ♥A,,10,0.2,0.4000000000000001,0,0,20,1,20,0,12.0,0.6000000000000001,-12.0,-0.6,raise,0,0.529299259185791
1,8,7,Flop,0,♥4 ♥A,♣J ♦J ♠K,45,0.07407407407407408,0.2035352839116161,320,0,20,1,20,-40,-25.925925925925924,-0.4814814814814814,-33.33333333333333,-0.8518518518518519,call,0,0.5231730937957764
2,8,7,Flop,0,♥4 ♥A,♣J ♦J ♠K,125,0.08133333333333333,0.2305703074263177,320,20,40,1,20,-60,-31.200000000000003,-0.43066666666666675,-47.46666666666667,-0.8373333333333334,call,0,0.5224189758300781
3,8,7,Flop,0,♥4 ♥A,♣J ♦J ♠K,220,0.07462121212121212,0.23004963881241522,320,40,98,5,58,-80,-62.93106060606061,-0.47765151515151516,-99.49545454545455,-0.8507575757575758,call,0,0.5271317958831787
4,8,7,Turn,0,♥4 ♥A,♣J ♦J ♠K ♠4,10,0.0,0.0,1006,0,20,1,20,-138,-158.0,-1.0,-158.0,-1.0,fold,0,0.5255041122436523
