,N,Nnf,round,first,hole,board,Nsim,prWin,prWinStd,pot,bet,maxBet,NMaxBet,minBet,util_fold,util_call,util_raise_coeff,util_call2,util_raise_coeff2,action,amount,cputime
0,8,8,Deal,0,♠9 ♠2,,75,0.17333333333333334,0.3696244340167763,0,0,1000,4,1000,0,386.66666666666674,0.3866666666666667,-653.3333333333333,-0.6533333333333333,raise,0,0.5246603488922119
