,N,Nnf,round,first,hole,board,Nsim,prWin,prWinStd,pot,bet,maxBet,NMaxBet,minBet,util_fold,util_call,util_raise_coeff,util_call2,util_raise_coeff2,action,amount,cputime
0,8,8,Deal,0,♦10 ♦J,,10,0.15,0.32015621187164245,0,0,20,1,20,0,4.0,0.19999999999999996,-14.0,-0.7,raise,0,0.5238656997680664
1,8,8,Deal,0,♦10 ♦J,,85,0.14705882352941177,0.3499876418974946,0,40,140,1,100,-40,24.705882352941188,0.17647058823529416,-98.8235294117647,-0.7058823529411764,raise,0,0.5208806991577148
2,8,7,Flop,0,♦10 ♦J,♣10 ♣7 ♥7,15,0.2,0.4,1260,0,77,1,77,-280,2.8000000000000114,0.40000000000000013,-74.19999999999999,-0.6,raise,0,0.5246541500091553
3,8,7,Turn,0,♦10 ♦J,♣10 ♣7 ♥7 ♠9,15,0.2,0.4000000000000001,1876,0,20,1,20,-434,-50.799999999999955,0.40000000000000013,-70.79999999999995,-0.6,raise,0,0.527306079864502
4,8,7,Turn,0,♦10 ♦J,♣10 ♣7 ♥7 ♠9,60,0.16666666666666666,0.36132472314464664,1876,40,57,2,17,-474,-111.83333333333337,0.16666666666666652,-159.33333333333337,-0.6666666666666667,raise,0,0.5218400955200195
5,8,7,River,0,♦10 ♦J,♣10 ♣7 ♥7 ♠9 ♣8,15,0.0,0.0,2332,0,20,1,20,-548,-568.0,-1.0,-568.0,-1.0,fold,0,0.5278089046478271
