,N,Nnf,round,first,hole,board,Nsim,prWin,prWinStd,pot,bet,maxBet,NMaxBet,minBet,util_fold,util_call,util_raise_coeff,util_call2,util_raise_coeff2,action,amount,cputime
0,8,8,Deal,0,♦8 ♠6,,50,0.1725,0.3681796436523888,0,0,57,2,57,0,21.659999999999997,0.3799999999999999,-37.335,-0.655,raise,0,0.5214571952819824
1,8,8,Deal,0,♦8 ♠6,,135,0.12685185185185185,0.32595485982681527,0,114,316,1,202,-114,4.681481481481512,0.014814814814814836,-235.8296296296296,-0.7462962962962962,raise,0,0.5273489952087402
