,N,Nnf,round,first,hole,board,Nsim,prWin,prWinStd,pot,bet,maxBet,NMaxBet,minBet,util_fold,util_call,util_raise_coeff,util_call2,util_raise_coeff2,action,amount,cputime
0,8,7,Deal,0,♦Q ♦A,,70,0.25,0.4204589329360411,0,80,267,1,187,-80,200.25,0.75,-133.5,-0.5,raise,0,0.5271492004394531
1,8,7,Flop,1,♦Q ♦A,♣Q ♠A ♣9,5,0.6,0.48989794855663565,1734,0,0,8,80,-534,506.39999999999986,3.2,506.39999999999986,0.19999999999999996,raise,0,0.5214931964874268
2,8,6,Turn,1,♦Q ♦A,♣Q ♠A ♣9 ♥9,5,0.4,0.48989794855663565,1894,0,0,8,80,-614,143.60000000000002,1.4000000000000004,143.60000000000002,-0.19999999999999996,raise,0,0.523231029510498
3,8,6,Turn,0,♦Q ♦A,♣Q ♠A ♣9 ♥9,30,0.3333333333333333,0.4714045207910317,1894,80,273,1,193,-694,290.33333333333326,1.0,-73.66666666666674,-0.33333333333333337,raise,0,0.5300087928771973
