,N,Nnf,round,first,hole,board,Nsim,prWin,prWinStd,pot,bet,maxBet,NMaxBet,minBet,util_fold,util_call,util_raise_coeff,util_call2,util_raise_coeff2,action,amount,cputime
0,8,7,Deal,0,♠8 ♠A,,50,0.22,0.41424630354415964,0,0,149,1,149,0,80.46000000000001,0.54,-83.44,-0.56,raise,0,0.5219151973724365
1,8,6,Deal,0,♠8 ♠A,,95,0.18245614035087718,0.38317974360943,0,298,301,1,3,-298,28.515789473684208,0.09473684210526301,-191.16140350877194,-0.6350877192982456,raise,0,0.5243818759918213
2,8,6,Flop,0,♠8 ♠A,♣K ♠Q ♣5,25,0.16,0.3382306905057552,1826,0,148,1,148,-602,-315.76,-0.040000000000000036,-410.47999999999996,-0.6799999999999999,call,0,0.5310101509094238
3,8,6,Flop,0,♠8 ♠A,♣K ♠Q ♣5,60,0.08333333333333333,0.2608745973749755,1826,148,188,1,40,-750,-543.8333333333334,-0.5,-606.5,-0.8333333333333334,call,0,0.5220699310302734
4,8,6,Turn,0,♠8 ♠A,♣K ♠Q ♣5 ♠3,25,0.08,0.2712931993250107,2390,0,140,2,140,-790,-671.5999999999999,-0.52,-716.4,-0.84,call,0,0.5258300304412842
5,8,6,River,0,♠8 ♠A,♣K ♠Q ♣5 ♠3 ♥J,25,0.0,0.0,2810,0,159,1,159,-930,-1089.0,-1.0,-1089.0,-1.0,fold,0,0.5225489139556885
