,N,Nnf,round,first,hole,board,Nsim,prWin,prWinStd,pot,bet,maxBet,NMaxBet,minBet,util_fold,util_call,util_raise_coeff,util_call2,util_raise_coeff2,action,amount,cputime
0,8,8,Deal,0,♣A ♣8,,60,0.23055555555555554,0.4014922012372358,0,0,136,1,136,0,114.84444444444443,0.8444444444444443,-73.28888888888889,-0.538888888888889,raise,0,0.5219311714172363
1,8,8,Flop,0,♣A ♣8,♣Q ♠4 ♠9,75,0.13333333333333333,0.3399346342395189,1904,0,166,1,166,-272,-7.066666666666663,0.06666666666666665,-139.86666666666667,-0.7333333333333334,raise,0,0.5261759757995605
2,8,8,Flop,0,♣A ♣8,♣Q ♠4 ♠9,170,0.10588235294117647,0.3028697802789647,1904,332,633,1,301,-604,-167.2117647058824,-0.15294117647058825,-569.3529411764706,-0.788235294117647,call,0,0.5328860282897949
3,8,8,Turn,0,♣A ♣8,♣Q ♠4 ♠9 ♥10,45,0.044444444444444446,0.17708197167232476,6335,0,141,4,141,-905,-714.3111111111111,-0.6444444444444444,-751.911111111111,-0.9111111111111111,call,0,0.5261881351470947
