,N,Nnf,round,first,hole,board,Nsim,prWin,prWinStd,pot,bet,maxBet,NMaxBet,minBet,util_fold,util_call,util_raise_coeff,util_call2,util_raise_coeff2,action,amount,cputime
0,8,7,Deal,0,♦K ♠Q,,60,0.21666666666666667,0.4119735698102758,0,10,70,1,60,-10,36.16666666666667,0.5166666666666666,-39.666666666666664,-0.5666666666666667,raise,0,0.5286061763763428
1,8,7,Flop,1,♦K ♠Q,♥K ♦2 ♠5,5,0.2,0.4000000000000001,560,0,0,8,20,-140,-28.0,0.40000000000000013,-28.0,-0.6,raise,0,0.5222511291503906
2,8,6,Flop,0,♦K ♠Q,♥K ♦2 ♠5,45,0.4444444444444444,0.49690399499995336,560,20,36,2,16,-160,168.8888888888889,1.6666666666666665,104.88888888888891,-0.11111111111111116,raise,0,0.5243000984191895
3,8,6,Turn,1,♦K ♠Q,♥K ♦2 ♠5 ♥2,0,,,776,0,0,8,20,-212,,,,,call,0,0.5275859832763672
4,8,6,Turn,0,♦K ♠Q,♥K ♦2 ♠5 ♥2,35,0.18571428571428572,0.37958086444532635,776,20,64,2,44,-232,-60.571428571428555,0.11428571428571432,-108.1142857142857,-0.6285714285714286,raise,0,0.529019832611084
5,8,6,River,1,♦K ♠Q,♥K ♦2 ♠5 ♥2 ♦7,5,0.2,0.4,1160,0,0,8,20,-340,-108.0,0.20000000000000018,-108.0,-0.6,raise,0,0.5234329700469971
6,8,6,River,0,♦K ♠Q,♥K ♦2 ♠5 ♥2 ♦7,40,0.2625,0.4328322423295196,1160,20,75,2,55,-360,7.625,0.5750000000000002,-71.125,-0.475,raise,0,0.5234947204589844
