,N,Nnf,round,first,hole,board,Nsim,prWin,prWinStd,pot,bet,maxBet,NMaxBet,minBet,util_fold,util_call,util_raise_coeff,util_call2,util_raise_coeff2,action,amount,cputime
0,8,8,Deal,0,♠A ♥A,,10,0.4,0.48989794855663565,0,0,40,1,40,0,88.0,2.2,-8.0,-0.19999999999999996,raise,0,0.5228402614593506
1,8,8,Deal,0,♠A ♥A,,85,0.3764705882352941,0.48450024192880004,0,80,149,3,69,-80,299.7529411764706,2.011764705882353,-36.811764705882354,-0.24705882352941178,raise,0,0.5193343162536621
2,8,8,Deal,0,♠A ♥A,,160,0.3875,0.487179381747627,0,298,307,2,9,-298,644.7,2.1,-69.07499999999999,-0.22499999999999998,raise,0,0.524406909942627
3,8,7,Flop,0,♠A ♥A,♣5 ♥9 ♣4,15,0.4666666666666667,0.4988876515698588,2763,0,40,1,40,-614,766.0666666666668,2.2666666666666666,672.7333333333333,-0.06666666666666665,raise,0,0.5208718776702881
4,8,7,Turn,0,♠A ♥A,♣5 ♥9 ♣4 ♠5,15,0.5333333333333333,0.49888765156985887,3083,0,40,1,40,-694,1059.6,2.7333333333333334,952.9333333333334,0.06666666666666665,raise,0,0.5229969024658203
5,8,7,Turn,0,♠A ♥A,♣5 ♥9 ♣4 ♠5,55,0.38181818181818183,0.48583233512317764,3083,80,145,1,65,-774,725.6909090909091,1.6727272727272728,448.8727272727274,-0.23636363636363633,raise,0,0.5282118320465088
6,8,7,River,0,♠A ♥A,♣5 ♥9 ♣4 ♠5 ♣7,15,0.2,0.4,4243,0,100,1,100,-984,-95.39999999999998,0.40000000000000013,-195.39999999999998,-0.6,raise,0,0.5248570442199707
