,N,Nnf,round,first,hole,board,Nsim,prWin,prWinStd,pot,bet,maxBet,NMaxBet,minBet,util_fold,util_call,util_raise_coeff,util_call2,util_raise_coeff2,action,amount,cputime
0,8,8,Deal,0,♦9 ♦6,,105,0.11428571428571428,0.318157963590287,0,20,98,1,78,-20,-8.400000000000006,-0.08571428571428574,-75.6,-0.7714285714285715,call,0,0.5268537998199463
1,8,8,Flop,0,♦9 ♦6,♥9 ♠K ♦J,35,0.08571428571428572,0.27994168488950605,784,0,20,1,20,-98,-37.08571428571429,-0.3142857142857143,-47.37142857142857,-0.8285714285714285,call,0,0.5268568992614746
2,8,7,Flop,0,♦9 ♦6,♥9 ♠K ♦J,140,0.1357142857142857,0.33723061811751076,784,20,134,1,114,-118,1.6999999999999886,-0.050000000000000044,-89.22857142857146,-0.7285714285714286,call,0,0.521873950958252
3,8,7,Turn,0,♦9 ♦6,♥9 ♠K ♦J ♠9,35,0.42857142857142855,0.46510915988856294,1722,0,20,1,20,-232,546.0,2.0,503.1428571428571,-0.1428571428571429,raise,0,0.5273032188415527
4,8,7,Turn,0,♦9 ♦6,♥9 ♠K ♦J ♠9,130,0.46153846153846156,0.4624990004786897,1722,40,110,1,70,-272,808.1538461538462,2.230769230769231,554.3076923076924,-0.07692307692307687,raise,0,0.5282988548278809
5,8,6,Turn,0,♦9 ♦6,♥9 ♠K ♦J ♠9,230,0.4782608695652174,0.470389775231905,1722,220,440,1,220,-452,1414.1739130434785,1.8695652173913047,572.4347826086957,-0.04347826086956519,raise,0,0.520432710647583
6,8,6,River,0,♦9 ♦6,♥9 ♠K ♦J ♠9 ♦2,35,0.7,0.4174754056057845,4402,0,20,1,20,-672,2473.3999999999996,3.1999999999999993,2417.3999999999996,0.3999999999999999,raise,0,0.5281271934509277
7,8,6,River,0,♦9 ♦6,♥9 ♠K ♦J ♠9 ♦2,120,0.6291666666666667,0.44015070020265656,4402,40,100,1,60,-712,2375.0916666666667,2.775,2123.425,0.2583333333333333,raise,0,0.5238230228424072
8,8,6,River,0,♦9 ♦6,♥9 ♠K ♦J ♠9 ♦2,210,0.6452380952380953,0.43545399459173145,4402,200,328,1,128,-872,3110.166666666667,2.871428571428572,2263.614285714286,0.29047619047619055,raise,0,0.522524356842041
