,N,Nnf,round,first,hole,board,Nsim,prWin,prWinStd,pot,bet,maxBet,NMaxBet,minBet,util_fold,util_call,util_raise_coeff,util_call2,util_raise_coeff2,action,amount,cputime
0,8,7,Deal,0,♦J ♥Q,,80,0.1875,0.3903123748998999,0,0,79,1,79,0,24.6875,0.3125,-49.375,-0.625,raise,0,0.5242331027984619
1,8,7,Flop,0,♦J ♥Q,♠8 ♦A ♥8,65,0.10256410256410256,0.2919025532463119,1106,0,100,6,100,-158,-72.76923076923077,-0.28205128205128205,-124.05128205128204,-0.7948717948717949,call,0,0.5254092216491699
2,8,6,Turn,0,♦J ♥Q,♠8 ♦A ♥8 ♦6,60,0.016666666666666666,0.08975274678557506,1806,0,100,4,100,-258,-317.9,-0.9,-324.56666666666666,-0.9666666666666667,fold,0,0.525216817855835
