,N,Nnf,round,first,hole,board,Nsim,prWin,prWinStd,pot,bet,maxBet,NMaxBet,minBet,util_fold,util_call,util_raise_coeff,util_call2,util_raise_coeff2,action,amount,cputime
0,8,7,Deal,0,♦A ♦3,,70,0.18333333333333332,0.3685557397915998,0,40,58,2,18,-40,16.433333333333337,0.2833333333333332,-36.733333333333334,-0.6333333333333333,raise,0,0.5305070877075195
1,8,7,Deal,0,♦A ♦3,,115,0.2028985507246377,0.383086000041572,0,116,212,2,96,-116,89.10144927536231,0.42028985507246386,-125.97101449275362,-0.5942028985507246,raise,0,0.5238757133483887
2,8,7,Deal,0,♦A ♦3,,160,0.18645833333333334,0.37331653375520346,0,424,3839,1,3415,-424,1171.6947916666668,0.3052083333333333,-2407.3729166666667,-0.6270833333333333,raise,0,0.5226430892944336
