,N,Nnf,round,first,hole,board,Nsim,prWin,prWinStd,pot,bet,maxBet,NMaxBet,minBet,util_fold,util_call,util_raise_coeff,util_call2,util_raise_coeff2,action,amount,cputime
0,8,8,Deal,0,♥A ♣A,,65,0.2923076923076923,0.4548229384336763,0,40,7419,1,7379,-40,9930.046153846153,1.3384615384615386,-3081.7384615384617,-0.41538461538461535,raise,0,0.5227859020233154
