,N,Nnf,round,first,hole,board,Nsim,prWin,prWinStd,pot,bet,maxBet,NMaxBet,minBet,util_fold,util_call,util_raise_coeff,util_call2,util_raise_coeff2,action,amount,cputime
0,8,8,Deal,0,♦A ♦7,,50,0.23,0.40261644278394787,0,0,196,1,196,0,164.64000000000004,0.8400000000000001,-105.83999999999999,-0.54,raise,0,0.5292911529541016
1,8,8,Deal,0,♦A ♦7,,125,0.2,0.3847076812334269,0,392,784,1,392,-392,470.4000000000001,0.6000000000000001,-470.4,-0.6,raise,0,0.5214219093322754
2,8,8,Deal,0,♦A ♦7,,195,0.17606837606837605,0.3656122148137416,0,1568,3130,2,1562,-1568,1278.7521367521367,0.40854700854700843,-2027.8119658119658,-0.6478632478632479,raise,0,0.5268409252166748
