,N,Nnf,round,first,hole,board,Nsim,prWin,prWinStd,pot,bet,maxBet,NMaxBet,minBet,util_fold,util_call,util_raise_coeff,util_call2,util_raise_coeff2,action,amount,cputime
0,8,7,Deal,0,♣6 ♠6,,40,0.175,0.3799671038392666,0,0,297,2,297,0,66.82499999999993,0.22499999999999987,-193.05,-0.65,raise,0,0.5239579677581787
1,8,7,Deal,0,♣6 ♠6,,80,0.15,0.3570714214271425,0,594,850,1,256,-594,42.5,0.050000000000000044,-595.0,-0.7,raise,0,0.5288040637969971
2,8,7,Flop,0,♣6 ♠6,♣2 ♠8 ♠Q,15,0.06666666666666667,0.24944382578492943,7062,0,100,2,100,-1700,-1282.5333333333333,-0.5333333333333333,-1315.8666666666668,-0.8666666666666667,call,0,0.5240788459777832
3,8,7,Turn,0,♣6 ♠6,♣2 ♠8 ♠Q ♣3,15,0.06666666666666667,0.24944382578492943,7362,0,125,1,125,-1800,-1375.8666666666668,-0.5333333333333333,-1417.5333333333333,-0.8666666666666667,call,0,0.5241689682006836
4,8,6,River,0,♣6 ♠6,♣2 ♠8 ♠Q ♣3 ♦K,10,0.0,0.0,7712,0,179,1,179,-1925,-2104.0,-1.0,-2104.0,-1.0,fold,0,0.5242190361022949
