,N,Nnf,round,first,hole,board,Nsim,prWin,prWinStd,pot,bet,maxBet,NMaxBet,minBet,util_fold,util_call,util_raise_coeff,util_call2,util_raise_coeff2,action,amount,cputime
0,8,7,Deal,0,♣Q ♠Q,,40,0.225,0.41758232721225164,0,0,29,1,29,0,16.675000000000004,0.575,-15.95,-0.55,raise,0,0.5203828811645508
1,8,6,Deal,0,♣Q ♠Q,,80,0.2625,0.43999289766995103,0,58,89,2,31,-58,51.17500000000001,0.5750000000000002,-42.275,-0.475,raise,0,0.5276260375976562
2,8,6,Deal,0,♣Q ♠Q,,115,0.2608695652173913,0.4391089103635686,0,178,246,2,68,-178,139.04347826086962,0.5652173913043477,-117.65217391304347,-0.4782608695652174,raise,0,0.5182058811187744
3,8,6,Flop,0,♣Q ♠Q,♠A ♦6 ♠4,15,0.26666666666666666,0.44221663871405337,1505,0,42,1,42,-492,-65.4666666666667,0.6000000000000001,-110.26666666666671,-0.4666666666666667,raise,0,0.5213139057159424
4,8,6,Flop,0,♣Q ♠Q,♠A ♦6 ♠4,45,0.2222222222222222,0.41573970964154905,1505,84,158,1,74,-576,-104.88888888888891,0.33333333333333326,-245.33333333333337,-0.5555555555555556,raise,0,0.5193443298339844
5,8,6,Turn,0,♣Q ♠Q,♠A ♦6 ♠4 ♠9,15,0.13333333333333333,0.339934634239519,2453,0,55,1,55,-808,-491.93333333333334,-0.19999999999999996,-521.2666666666667,-0.7333333333333334,call,0,0.5274224281311035
6,8,6,River,0,♣Q ♠Q,♠A ♦6 ♠4 ♠9 ♥A,10,0.2,0.4000000000000001,2618,0,95,1,95,-863,-320.4,0.20000000000000018,-396.4,-0.6,raise,0,0.5232458114624023
7,8,6,River,0,♣Q ♠Q,♠A ♦6 ♠4 ♠9 ♥A,45,0.17777777777777778,0.3823255674241167,2618,190,240,1,50,-1053,-381.5777777777778,0.06666666666666665,-552.2444444444444,-0.6444444444444444,raise,0,0.5209050178527832
