,N,Nnf,round,first,hole,board,Nsim,prWin,prWinStd,pot,bet,maxBet,NMaxBet,minBet,util_fold,util_call,util_raise_coeff,util_call2,util_raise_coeff2,action,amount,cputime
0,8,8,Deal,0,♣Q ♣9,,90,0.15,0.3531603350069515,0,10,158,1,148,-10,31.599999999999994,0.19999999999999996,-110.6,-0.7,raise,0,0.5252912044525146
1,8,8,Flop,1,♣Q ♣9,♠7 ♥9 ♣5,5,0.4,0.48989794855663565,1744,0,0,8,20,-316,381.6,2.2,381.6,-0.19999999999999996,raise,0,0.523749828338623
2,8,7,Flop,0,♣Q ♣9,♠7 ♥9 ♣5,70,0.34489795918367344,0.47349137879964026,1744,20,21,2,1,-336,315.20204081632653,1.4142857142857141,278.98775510204075,-0.3102040816326531,raise,0,0.5194897651672363
3,8,7,Flop,0,♣Q ♣9,♠7 ♥9 ♣5,125,0.3451428571428571,0.4701485653167388,1744,42,47,2,5,-358,352.4811428571428,1.4159999999999995,271.3725714285713,-0.30971428571428583,raise,0,0.5208878517150879
4,8,7,Turn,1,♣Q ♣9,♠7 ♥9 ♣5 ♥4,5,0.0,0.0,2004,0,0,8,20,-410,-410.0,-1.0,-410.0,-1.0,call,0,0.5236349105834961
5,8,7,Turn,0,♣Q ♣9,♠7 ♥9 ♣5 ♥4,30,0.1,0.3,2004,20,74,1,54,-430,-231.79999999999998,-0.29999999999999993,-268.79999999999995,-0.8,call,0,0.5220930576324463
6,8,7,River,1,♣Q ♣9,♠7 ♥9 ♣5 ♥4 ♠5,5,0.0,0.0,2152,0,0,8,20,-484,-484.0,-1.0,-484.0,-1.0,call,0,0.5250401496887207
7,8,7,River,0,♣Q ♣9,♠7 ♥9 ♣5 ♥4 ♠5,25,0.22,0.4019950248448356,2152,20,28,1,8,-504,4.559999999999945,0.54,-26.24000000000001,-0.56,raise,0,0.520658016204834
