,N,Nnf,round,first,hole,board,Nsim,prWin,prWinStd,pot,bet,maxBet,NMaxBet,minBet,util_fold,util_call,util_raise_coeff,util_call2,util_raise_coeff2,action,amount,cputime
0,8,7,Deal,0,♦10 ♦3,,60,0.16666666666666666,0.36132472314464664,0,0,43,2,43,0,7.166666666666664,0.16666666666666652,-28.666666666666668,-0.6666666666666667,raise,0,0.5241920948028564
1,8,7,Deal,0,♦10 ♦3,,135,0.12222222222222222,0.31894889098682944,0,86,87,1,1,-86,-12.566666666666663,-0.1444444444444445,-65.73333333333333,-0.7555555555555555,call,0,0.521697998046875
2,8,7,Deal,0,♦10 ♦3,,210,0.14523809523809525,0.34379006672288287,0,87,1000,1,913,-87,16.666666666666742,0.01666666666666683,-709.5238095238095,-0.7095238095238094,raise,0,0.5250458717346191
