,N,Nnf,round,first,hole,board,Nsim,prWin,prWinStd,pot,bet,maxBet,NMaxBet,minBet,util_fold,util_call,util_raise_coeff,util_call2,util_raise_coeff2,action,amount,cputime
0,8,7,Deal,0,♦10 ♦2,,50,0.2,0.3872983346207417,0,0,20,2,20,0,8.0,0.40000000000000013,-12.0,-0.6,raise,0,0.5286693572998047
1,8,7,Deal,0,♦10 ♦2,,90,0.16111111111111112,0.3561193446786077,0,40,51,2,11,-40,6.516666666666666,0.12777777777777777,-34.56666666666666,-0.6777777777777778,raise,0,0.5211236476898193
2,8,7,Deal,0,♦10 ♦2,,135,0.1259259259259259,0.320407833390847,0,102,123,2,21,-102,-14.577777777777783,-0.11851851851851858,-92.02222222222223,-0.7481481481481482,call,0,0.5273938179016113
3,8,6,Deal,0,♦10 ♦2,,185,0.12972972972972974,0.3278635715485568,0,123,133,2,10,-123,-29.47567567567566,-0.22162162162162158,-98.4918918918919,-0.7405405405405405,call,0,0.5216100215911865
4,8,6,Flop,0,♦10 ♦2,♠6 ♣4 ♣8,25,0.07,0.21817424229271426,522,0,46,1,46,-133,-123.13999999999999,-0.58,-136.01999999999998,-0.86,call,0,0.5209898948669434
5,8,6,Flop,0,♦10 ♦2,♠6 ♣4 ♣8,55,0.05,0.19886038958388505,522,46,75,2,29,-179,-159.4,-0.7,-174.4,-0.9,call,0,0.5213329792022705
6,8,6,Turn,0,♦10 ♦2,♠6 ♣4 ♣8 ♠Q,25,0.0,0.0,747,0,70,1,70,-208,-278.0,-1.0,-278.0,-1.0,fold,0,0.5239670276641846
