,N,Nnf,round,first,hole,board,Nsim,prWin,prWinStd,pot,bet,maxBet,NMaxBet,minBet,util_fold,util_call,util_raise_coeff,util_call2,util_raise_coeff2,action,amount,cputime
0,8,8,Deal,0,♦4 ♦Q,,0,,,0,0,20,1,20,0,,,,,call,0,0.5205092430114746
1,8,8,Deal,0,♦4 ♦Q,,120,0.125,0.3243583409338094,0,20,154,1,134,-20,0.0,0.0,-115.5,-0.75,call,0,0.5271680355072021
2,8,8,Flop,0,♦4 ♦Q,♥2 ♣9 ♦2,30,0.1,0.3,1161,0,20,1,20,-154,-41.89999999999998,-0.19999999999999996,-53.89999999999999,-0.8,call,0,0.522028923034668
3,8,7,Flop,0,♦4 ♦Q,♥2 ♣9 ♦2,125,0.064,0.23644026729810633,1161,20,57,4,37,-174,-111.16,-0.552,-129.39999999999998,-0.872,call,0,0.5290560722351074
4,8,6,Flop,0,♦4 ♦Q,♥2 ♣9 ♦2,210,0.047619047619047616,0.20729332247313254,1161,57,127,3,70,-211,-189.42857142857144,-0.7142857142857143,-213.61904761904762,-0.9047619047619048,call,0,0.5285120010375977
5,8,6,Turn,0,♦4 ♦Q,♥2 ♣9 ♦2 ♣8,30,0.016666666666666666,0.08975274678557506,1853,0,20,1,20,-281,-268.1166666666667,-0.9,-269.45,-0.9666666666666667,call,0,0.5215051174163818
6,8,5,Turn,0,♦4 ♦Q,♥2 ♣9 ♦2 ♣8,105,0.004761904761904762,0.048562090605645584,1853,20,59,3,39,-301,-329.77142857142854,-0.9761904761904762,-330.6142857142857,-0.9904761904761905,fold,0,0.5216331481933594
