,N,Nnf,round,first,hole,board,Nsim,prWin,prWinStd,pot,bet,maxBet,NMaxBet,minBet,util_fold,util_call,util_raise_coeff,util_call2,util_raise_coeff2,action,amount,cputime
0,8,8,Deal,0,♣9 ♦J,,65,0.16923076923076924,0.36455371110993184,0,80,81,3,1,-80,28.66153846153847,0.3538461538461539,-53.58461538461538,-0.6615384615384615,raise,0,0.5285689830780029
1,8,8,Deal,0,♣9 ♦J,,140,0.13214285714285715,0.32519617313309235,0,162,258,2,96,-162,14.742857142857133,0.05714285714285716,-189.81428571428572,-0.7357142857142858,raise,0,0.5190908908843994
2,8,8,Deal,0,♣9 ♦J,,215,0.13488372093023257,0.32770074332667043,0,516,960,1,444,-516,75.90697674418607,0.07906976744186056,-701.0232558139535,-0.7302325581395348,raise,0,0.5205907821655273
3,8,8,Flop,1,♣9 ♦J,♠8 ♣6 ♦10,5,0.4,0.48989794855663565,8071,0,0,8,80,-1920,1308.4,2.2,1308.4,-0.19999999999999996,raise,0,0.5290169715881348
4,8,8,Flop,0,♣9 ♦J,♠8 ♣6 ♦10,40,0.3375,0.46620140497428797,8071,80,238,1,158,-2000,1208.5625,1.7000000000000002,726.6125000000002,-0.32499999999999996,raise,0,0.5208389759063721
5,8,8,Turn,1,♣9 ♦J,♠8 ♣6 ♦10 ♦5,5,0.2,0.4,9499,0,0,8,80,-2396,-496.1999999999998,0.6000000000000001,-496.1999999999998,-0.6,raise,0,0.5247430801391602
6,8,8,River,1,♣9 ♦J,♠8 ♣6 ♦10 ♦5 ♣7,5,1.0,0.0,9739,0,0,8,80,-2476,7263.0,7.0,7263.0,1.0,raise,0,0.5198829174041748
7,8,8,River,0,♣9 ♦J,♠8 ♣6 ♦10 ♦5 ♣7,35,0.9571428571428572,0.13997084244475302,9739,80,279,1,199,-2556,8702.957142857143,6.6571428571428575,7100.700000000001,0.9142857142857144,raise,0,0.522158145904541
