,N,Nnf,round,first,hole,board,Nsim,prWin,prWinStd,pot,bet,maxBet,NMaxBet,minBet,util_fold,util_call,util_raise_coeff,util_call2,util_raise_coeff2,action,amount,cputime
0,8,8,Deal,0,♦10 ♥7,,80,0.1125,0.3059309562630104,0,40,224,1,184,-40,-22.400000000000006,-0.09999999999999998,-173.6,-0.775,call,0,0.5285251140594482
1,8,8,Deal,0,♦10 ♥7,,160,0.12083333333333332,0.3189337705543268,0,224,268,3,44,-224,-8.933333333333337,-0.03333333333333344,-203.23333333333335,-0.7583333333333333,call,0,0.5218439102172852
2,8,8,Flop,0,♦10 ♥7,♦3 ♣9 ♥A,30,0.05,0.19790570145063194,1608,0,38,1,38,-268,-210.39999999999998,-0.6,-221.8,-0.9,call,0,0.5259010791778564
3,8,8,Flop,0,♦10 ♥7,♦3 ♣9 ♥A,85,0.029411764705882353,0.16001730010276993,1608,38,136,2,98,-306,-324.70588235294116,-0.7647058823529411,-348.70588235294116,-0.9411764705882353,fold,0,0.5219042301177979
