,N,Nnf,round,first,hole,board,Nsim,prWin,prWinStd,pot,bet,maxBet,NMaxBet,minBet,util_fold,util_call,util_raise_coeff,util_call2,util_raise_coeff2,action,amount,cputime
0,8,7,Deal,0,♣A ♠10,,100,0.19,0.38587562763149474,0,20,156,1,136,-20,51.48000000000002,0.33000000000000007,-96.72,-0.62,raise,0,0.5245602130889893
1,8,7,Deal,0,♣A ♠10,,195,0.21025641025641026,0.3979401267906903,0,312,624,1,312,-312,294.39999999999986,0.4717948717948719,-361.6,-0.5794871794871794,raise,0,0.5224597454071045
