,N,Nnf,round,first,hole,board,Nsim,prWin,prWinStd,pot,bet,maxBet,NMaxBet,minBet,util_fold,util_call,util_raise_coeff,util_call2,util_raise_coeff2,action,amount,cputime
0,8,7,Deal,0,♦Q ♥6,,50,0.16,0.3527038417709679,0,0,51,1,51,0,6.1200000000000045,0.1200000000000001,-34.68,-0.6799999999999999,raise,0,0.5233232975006104
1,8,7,Deal,0,♦Q ♥6,,90,0.1111111111111111,0.29606472432164954,0,102,165,1,63,-102,-36.666666666666686,-0.22222222222222232,-128.33333333333334,-0.7777777777777778,call,0,0.5248687267303467
2,8,7,Deal,0,♦Q ♥6,,135,0.11481481481481481,0.3039294553915354,0,165,235,2,70,-165,-46.12962962962962,-0.1962962962962963,-181.03703703703704,-0.7703703703703704,call,0,0.5230357646942139
3,8,7,Flop,0,♦Q ♥6,♥A ♣2 ♠4,30,0.0,0.0,940,0,137,3,137,-235,-372.0,-1.0,-372.0,-1.0,fold,0,0.5262219905853271
