,N,Nnf,round,first,hole,board,Nsim,prWin,prWinStd,pot,bet,maxBet,NMaxBet,minBet,util_fold,util_call,util_raise_coeff,util_call2,util_raise_coeff2,action,amount,cputime
0,8,8,Deal,0,♠A ♠9,,15,0.26666666666666666,0.44221663871405337,0,0,20,1,20,0,22.666666666666664,1.1333333333333333,-9.333333333333334,-0.4666666666666667,raise,0,0.5257432460784912
1,8,8,Deal,0,♠A ♠9,,100,0.195,0.39303307748839655,0,40,116,1,76,-40,64.96000000000001,0.56,-70.75999999999999,-0.61,raise,0,0.5241611003875732
2,8,8,Deal,0,♠A ♠9,,195,0.1863247863247863,0.3845830945609874,0,232,464,1,232,-232,227.63760683760677,0.4905982905982904,-291.09059829059834,-0.6273504273504273,raise,0,0.5242130756378174
3,8,8,Flop,0,♠A ♠9,♣Q ♠6 ♥5,50,0.09,0.277308492477241,2320,0,26,2,26,-464,-262.48,-0.28,-276.52,-0.8200000000000001,call,0,0.5244548320770264
4,8,8,Flop,0,♠A ♠9,♣Q ♠6 ♥5,145,0.1103448275862069,0.3077670722301335,2320,26,78,2,52,-490,-217.14482758620693,-0.11724137931034484,-268.78620689655173,-0.7793103448275862,call,0,0.5265820026397705
5,8,8,Flop,0,♠A ♠9,♣Q ♠6 ♥5,230,0.09565217391304348,0.29039442573037466,2320,78,119,3,41,-542,-270.02608695652174,-0.23478260869565215,-338.32173913043476,-0.808695652173913,call,0,0.526496171951294
