,N,Nnf,round,first,hole,board,Nsim,prWin,prWinStd,pot,bet,maxBet,NMaxBet,minBet,util_fold,util_call,util_raise_coeff,util_call2,util_raise_coeff2,action,amount,cputime
0,8,8,Deal,0,♥A ♠8,,60,0.13333333333333333,0.32744804507314174,0,0,152,1,152,0,10.133333333333326,0.06666666666666665,-111.46666666666667,-0.7333333333333334,raise,0,0.5236821174621582
