,N,Nnf,round,first,hole,board,Nsim,prWin,prWinStd,pot,bet,maxBet,NMaxBet,minBet,util_fold,util_call,util_raise_coeff,util_call2,util_raise_coeff2,action,amount,cputime
0,8,8,Deal,0,♦5 ♠7,,40,0.15,0.3570714214271425,0,0,40,1,40,0,8.0,0.19999999999999996,-28.0,-0.7,raise,0,0.5276148319244385
1,8,8,Deal,0,♦5 ♠7,,125,0.08,0.27129319932501067,0,80,160,1,80,-80,-57.599999999999994,-0.36,-134.4,-0.84,call,0,0.5252900123596191
2,8,8,Flop,0,♦5 ♠7,♦7 ♦Q ♥7,50,0.67,0.41964270516714575,960,0,150,1,150,-160,1137.2,4.36,534.2,0.3400000000000001,raise,0,0.5296990871429443
3,8,8,Flop,0,♦5 ♠7,♦7 ♦Q ♥7,140,0.5714285714285714,0.4689327874905672,960,300,4316,1,4016,-460,15802.857142857141,3.571428571428571,1005.1428571428569,0.1428571428571428,raise,0,0.521712064743042
