,N,Nnf,round,first,hole,board,Nsim,prWin,prWinStd,pot,bet,maxBet,NMaxBet,minBet,util_fold,util_call,util_raise_coeff,util_call2,util_raise_coeff2,action,amount,cputime
0,8,8,Deal,0,♣9 ♠5,,95,0.08947368421052632,0.2807784982810345,0,20,33,3,13,-20,-9.378947368421052,-0.28421052631578947,-27.094736842105263,-0.8210526315789474,call,0,0.5260138511657715
1,8,7,Deal,0,♣9 ♠5,,200,0.10229166666666666,0.2960913634102,0,33,186,1,153,-33,-52.816250000000025,-0.2839583333333334,-147.9475,-0.7954166666666667,fold,0,0.5241529941558838
