,N,Nnf,round,first,hole,board,Nsim,prWin,prWinStd,pot,bet,maxBet,NMaxBet,minBet,util_fold,util_call,util_raise_coeff,util_call2,util_raise_coeff2,action,amount,cputime
0,8,7,Deal,0,♠10 ♠7,,70,0.2,0.3909694909544003,0,40,118,2,78,-40,47.20000000000002,0.40000000000000013,-70.8,-0.6,raise,0,0.523216962814331
1,8,7,Deal,0,♠10 ♠7,,115,0.1608695652173913,0.3584254581830426,0,236,239,1,3,-236,30.134782608695616,0.12608695652173907,-162.10434782608695,-0.6782608695652175,raise,0,0.5285208225250244
2,8,7,Flop,1,♠10 ♠7,♠J ♠3 ♠A,5,1.0,0.0,1932,0,0,8,40,-478,1454.0,6.0,1454.0,1.0,raise,0,0.5254650115966797
3,8,6,Flop,0,♠10 ♠7,♠J ♠3 ♠A,45,0.7111111111111111,0.45324617898602526,1932,40,80,2,40,-518,1157.2000000000003,3.2666666666666666,929.6444444444446,0.4222222222222223,raise,0,0.5291941165924072
4,8,6,Flop,0,♠10 ♠7,♠J ♠3 ♠A,80,0.7125,0.4525966747557918,1932,160,195,2,35,-638,1537.1750000000002,3.2750000000000004,981.425,0.42500000000000004,raise,0,0.5242140293121338
