,N,Nnf,round,first,hole,board,Nsim,prWin,prWinStd,pot,bet,maxBet,NMaxBet,minBet,util_fold,util_call,util_raise_coeff,util_call2,util_raise_coeff2,action,amount,cputime
0,8,8,Deal,0,♦Q ♣10,,45,0.16666666666666666,0.36514837167011077,0,0,80,1,80,0,26.666666666666657,0.33333333333333326,-53.333333333333336,-0.6666666666666667,raise,0,0.5231239795684814
1,8,8,Deal,0,♦Q ♣10,,130,0.16153846153846155,0.3627638806938953,0,160,320,1,160,-160,93.53846153846155,0.2923076923076924,-216.6153846153846,-0.676923076923077,raise,0,0.5270657539367676
2,8,7,Flop,0,♦Q ♣10,♦3 ♥7 ♠5,50,0.06,0.23748684174075835,2858,0,40,1,40,-640,-491.72,-0.5800000000000001,-503.72,-0.88,call,0,0.527209997177124
3,8,7,Turn,0,♦Q ♣10,♦3 ♥7 ♠5 ♦5,15,0.06666666666666667,0.24944382578492946,2978,0,143,1,143,-680,-557.7333333333333,-0.5333333333333333,-605.4,-0.8666666666666667,call,0,0.5233421325683594
4,8,7,River,0,♦Q ♣10,♦3 ♥7 ♠5 ♦5 ♦2,15,0.0,0.0,3407,0,7350,1,7350,-823,-8173.0,-1.0,-8173.0,-1.0,fold,0,0.5264608860015869
