,N,Nnf,round,first,hole,board,Nsim,prWin,prWinStd,pot,bet,maxBet,NMaxBet,minBet,util_fold,util_call,util_raise_coeff,util_call2,util_raise_coeff2,action,amount,cputime
0,8,8,Deal,0,♣3 ♥2,,70,0.08571428571428572,0.26687916703242,0,40,40,5,0,-40,-12.57142857142857,-0.3142857142857143,-33.14285714285714,-0.8285714285714285,check,0,0.5278909206390381
1,8,8,Flop,0,♣3 ♥2,♠6 ♣4 ♦A,30,0.1,0.3,200,0,40,1,40,-40,-28.0,-0.19999999999999996,-52.0,-0.8,call,0,0.5205121040344238
2,8,7,Flop,0,♣3 ♥2,♠6 ♣4 ♦A,105,0.09047619047619047,0.28268232532677773,200,40,126,1,86,-80,-68.10476190476192,-0.3666666666666667,-125.1047619047619,-0.819047619047619,call,0,0.5236208438873291
3,8,7,Flop,0,♣3 ♥2,♠6 ♣4 ♦A,150,0.07666666666666666,0.26291105382281327,200,126,168,2,42,-166,-102.50666666666667,-0.4633333333333334,-166.90666666666667,-0.8466666666666667,call,0,0.5284500122070312
4,8,7,Turn,1,♣3 ♥2,♠6 ♣4 ♦A ♦Q,5,0.2,0.4000000000000001,912,0,0,8,40,-208,-25.599999999999994,0.40000000000000013,-25.599999999999994,-0.6,raise,0,0.5215880870819092
5,8,7,Turn,0,♣3 ♥2,♠6 ♣4 ♦A ♦Q,45,0.044444444444444446,0.20608041101101565,912,40,67,2,27,-248,-213.6222222222222,-0.6888888888888889,-228.51111111111112,-0.9111111111111111,call,0,0.5292949676513672
6,8,7,River,1,♣3 ♥2,♠6 ♣4 ♦A ♦Q ♥8,5,0.0,0.0,1180,0,0,8,40,-275,-275.0,-1.0,-275.0,-1.0,call,0,0.5223920345306396
7,8,7,River,0,♣3 ♥2,♠6 ♣4 ♦A ♦Q ♥8,50,0.0,0.0,1180,40,141,1,101,-315,-416.0,-1.0,-416.0,-1.0,fold,0,0.5206289291381836
