,N,Nnf,round,first,hole,board,Nsim,prWin,prWinStd,pot,bet,maxBet,NMaxBet,minBet,util_fold,util_call,util_raise_coeff,util_call2,util_raise_coeff2,action,amount,cputime
0,8,7,Deal,0,♠A ♠9,,70,0.2357142857142857,0.4202161737166494,0,0,24,1,24,0,15.599999999999994,0.6499999999999999,-12.685714285714287,-0.5285714285714286,raise,0,0.5198860168457031
1,8,7,Deal,0,♠A ♠9,,130,0.18846153846153846,0.38861383153353096,0,48,84,2,36,-48,26.815384615384616,0.3192307692307692,-52.33846153846154,-0.6230769230769231,raise,0,0.5275008678436279
2,8,7,Flop,0,♠A ♠9,♦9 ♥6 ♣K,35,0.3,0.4503966505838413,888,0,20,2,20,-168,120.39999999999998,1.1,90.39999999999998,-0.4,raise,0,0.5241708755493164
3,8,6,Flop,0,♠A ♠9,♦9 ♥6 ♣K,75,0.2733333333333333,0.44191502451137465,888,40,64,2,24,-208,115.68,0.6399999999999999,45.70666666666665,-0.45333333333333337,raise,0,0.5252957344055176
