,N,Nnf,round,first,hole,board,Nsim,prWin,prWinStd,pot,bet,maxBet,NMaxBet,minBet,util_fold,util_call,util_raise_coeff,util_call2,util_raise_coeff2,action,amount,cputime
0,8,7,Deal,0,♣10 ♣4,,70,0.1357142857142857,0.2998582431523179,0,20,149,1,129,-20,-7.449999999999989,-0.050000000000000044,-108.55714285714285,-0.7285714285714286,call,0,0.5269269943237305
1,8,7,Deal,0,♣10 ♣4,,125,0.132,0.3150280410799437,0,149,290,1,141,-149,-22.039999999999964,-0.07599999999999996,-213.44,-0.736,call,0,0.526115894317627
2,8,7,Flop,1,♣10 ♣4,♥8 ♣2 ♠5,5,0.1,0.20000000000000004,1450,0,0,8,40,-290,-145.0,-0.29999999999999993,-145.0,-0.8,call,0,0.5250129699707031
3,8,6,Flop,0,♣10 ♣4,♥8 ♣2 ♠5,60,0.10833333333333334,0.28999521068842193,1450,40,141,2,101,-330,-182.26666666666665,-0.35,-243.36666666666665,-0.7833333333333333,call,0,0.5262939929962158
4,8,6,Flop,0,♣10 ♣4,♥8 ♣2 ♠5,105,0.08095238095238096,0.2593380724607639,1450,141,662,2,521,-431,-513.0761904761904,-0.5142857142857142,-727.4380952380952,-0.8380952380952381,fold,0,0.5285491943359375
