,N,Nnf,round,first,hole,board,Nsim,prWin,prWinStd,pot,bet,maxBet,NMaxBet,minBet,util_fold,util_call,util_raise_coeff,util_call2,util_raise_coeff2,action,amount,cputime
0,8,8,Deal,0,♦2 ♦5,,50,0.14,0.3469870314579494,0,0,40,1,40,0,4.800000000000004,0.1200000000000001,-28.799999999999997,-0.72,raise,0,0.5226869583129883
1,8,7,Flop,0,♦2 ♦5,♣7 ♣5 ♥Q,35,0.02857142857142857,0.1665986255670086,600,0,76,3,76,-80,-123.65714285714286,-0.8,-134.51428571428573,-0.9428571428571428,fold,0,0.5251312255859375
