,N,Nnf,round,first,hole,board,Nsim,prWin,prWinStd,pot,bet,maxBet,NMaxBet,minBet,util_fold,util_call,util_raise_coeff,util_call2,util_raise_coeff2,action,amount,cputime
0,8,8,Deal,0,♦Q ♥5,,40,0.125,0.3112474899497183,0,0,20,2,20,0,0.0,0.0,-15.0,-0.75,call,0,0.5277009010314941
1,8,8,Deal,0,♦Q ♥5,,140,0.11428571428571428,0.3008491384093241,0,20,98,2,78,-20,-8.400000000000006,-0.08571428571428574,-75.6,-0.7714285714285715,call,0,0.5254440307617188
2,8,8,Flop,0,♦Q ♥5,♠J ♣J ♣4,50,0.0,0.0,784,0,73,3,73,-98,-171.0,-1.0,-171.0,-1.0,fold,0,0.5304272174835205
