,N,Nnf,round,first,hole,board,Nsim,prWin,prWinStd,pot,bet,maxBet,NMaxBet,minBet,util_fold,util_call,util_raise_coeff,util_call2,util_raise_coeff2,action,amount,cputime
0,8,7,Deal,0,♠Q ♥6,,35,0.17142857142857143,0.3574284572341944,0,0,20,1,20,0,4.0,0.19999999999999996,-13.142857142857142,-0.6571428571428571,raise,0,0.5252890586853027
1,8,7,Deal,0,♠Q ♥6,,115,0.15217391304347827,0.33734199550036215,0,40,60,2,20,-40,3.9130434782608674,0.0652173913043479,-41.73913043478261,-0.6956521739130435,raise,0,0.5225353240966797
2,8,7,Flop,0,♠Q ♥6,♣7 ♣9 ♠7,20,0.05,0.21794494717703364,840,0,66,1,66,-120,-120.9,-0.6499999999999999,-137.4,-0.9,fold,0,0.523047924041748
