,N,Nnf,round,first,hole,board,Nsim,prWin,prWinStd,pot,bet,maxBet,NMaxBet,minBet,util_fold,util_call,util_raise_coeff,util_call2,util_raise_coeff2,action,amount,cputime
0,8,8,Deal,0,♠K ♦10,,40,0.1875,0.36550478793033614,0,0,40,1,40,0,20.0,0.5,-25.0,-0.625,raise,0,0.5299429893493652
1,8,8,Deal,0,♠K ♦10,,145,0.2413793103448276,0.4197842149940193,0,80,160,1,80,-80,148.9655172413793,0.9310344827586208,-82.75862068965517,-0.5172413793103448,raise,0,0.5270748138427734
2,8,8,Flop,0,♠K ♦10,♥2 ♠J ♣3,50,0.13,0.3287856444554719,2560,0,55,1,55,-320,15.0,0.040000000000000036,-27.899999999999977,-0.74,raise,0,0.5307972431182861
3,8,7,Flop,0,♠K ♦10,♥2 ♠J ♣3,130,0.06153846153846154,0.23217520419671644,2560,110,133,1,23,-430,-238.16923076923075,-0.5692307692307692,-279.0923076923077,-0.8769230769230769,call,0,0.5268499851226807
4,8,7,Flop,0,♠K ♦10,♥2 ♠J ♣3,195,0.0641025641025641,0.23695415491585478,2560,133,894,1,761,-453,-648.7435897435898,-0.5512820512820513,-935.2820512820513,-0.8717948717948718,fold,0,0.5278477668762207
