,N,Nnf,round,first,hole,board,Nsim,prWin,prWinStd,pot,bet,maxBet,NMaxBet,minBet,util_fold,util_call,util_raise_coeff,util_call2,util_raise_coeff2,action,amount,cputime
0,8,7,Deal,0,♠6 ♣9,,80,0.1,0.28939592256975566,0,40,47,2,7,-40,-14.100000000000001,-0.29999999999999993,-37.6,-0.8,call,0,0.5265462398529053
1,8,7,Flop,1,♠6 ♣9,♠J ♥J ♣A,5,0.0,0.0,208,0,0,8,40,-47,-47.0,-1.0,-47.0,-1.0,call,0,0.5271439552307129
2,8,7,Flop,0,♠6 ♣9,♠J ♥J ♣A,60,0.04375,0.18933133434977603,208,40,66,2,26,-87,-83.6875,-0.6937500000000001,-98.125,-0.9125,call,0,0.5235369205474854
3,8,7,Turn,1,♠6 ♣9,♠J ♥J ♣A ♠Q,5,0.0,0.0,472,0,0,8,40,-113,-113.0,-1.0,-113.0,-1.0,call,0,0.5226221084594727
4,8,7,Turn,0,♠6 ♣9,♠J ♥J ♣A ♠Q,60,0.0020833333333333333,0.01600238697472627,472,40,41,1,1,-153,-152.41875,-0.9854166666666667,-152.84583333333333,-0.9958333333333333,call,0,0.5293278694152832
5,8,7,Turn,0,♠6 ♣9,♠J ♥J ♣A ♠Q,115,0.0010869565217391304,0.011605519839164469,472,41,152,1,111,-154,-263.3304347826087,-0.9923913043478261,-264.1565217391304,-0.9978260869565218,fold,0,0.5259878635406494
