,N,Nnf,round,first,hole,board,Nsim,prWin,prWinStd,pot,bet,maxBet,NMaxBet,minBet,util_fold,util_call,util_raise_coeff,util_call2,util_raise_coeff2,action,amount,cputime
0,8,8,Deal,0,♠K ♣5,,10,0.23333333333333334,0.39581140290126393,0,0,20,1,20,0,17.333333333333336,0.8666666666666667,-10.666666666666666,-0.5333333333333333,raise,0,0.523237943649292
1,8,8,Deal,0,♠K ♣5,,95,0.1087719298245614,0.29889506172821845,0,40,114,1,74,-40,-14.800000000000011,-0.12982456140350884,-89.2,-0.7824561403508772,call,0,0.521395206451416
2,8,8,Deal,0,♠K ♣5,,175,0.11619047619047618,0.30471130532331203,0,114,262,1,148,-114,-18.46476190476193,-0.07047619047619058,-201.11619047619047,-0.7676190476190476,call,0,0.524864912033081
3,8,8,Flop,0,♠K ♣5,♠4 ♦A ♦7,40,0.06666666666666667,0.1615893285805443,1572,0,122,1,122,-262,-214.13333333333333,-0.4666666666666667,-262.93333333333334,-0.8666666666666667,call,0,0.5286128520965576
4,8,7,Turn,0,♠K ♣5,♠4 ♦A ♦7 ♠2,45,0.05555555555555555,0.1892154040658489,2182,0,20,2,20,-384,-275.0,-0.6111111111111112,-280.55555555555554,-0.8888888888888888,call,0,0.5222899913787842
5,8,6,Turn,0,♠K ♣5,♠4 ♦A ♦7 ♠2,115,0.09130434782608696,0.26851126359381755,2182,20,198,1,178,-404,-274.304347826087,-0.4521739130434783,-346.61739130434785,-0.817391304347826,call,0,0.5266919136047363
6,8,6,River,0,♠K ♣5,♠4 ♦A ♦7 ♠2 ♥9,45,0.0,0.0,2974,0,94,1,94,-582,-676.0,-1.0,-676.0,-1.0,fold,0,0.5295202732086182
