,N,Nnf,round,first,hole,board,Nsim,prWin,prWinStd,pot,bet,maxBet,NMaxBet,minBet,util_fold,util_call,util_raise_coeff,util_call2,util_raise_coeff2,action,amount,cputime
0,8,8,Deal,0,♦10 ♣9,,60,0.19166666666666668,0.3882832585740581,0,40,319,3,279,-40,170.13333333333338,0.5333333333333334,-196.71666666666664,-0.6166666666666667,raise,0,0.525911808013916
1,8,8,Deal,0,♦10 ♣9,,135,0.17407407407407408,0.37177511381717354,0,638,9261,1,8623,-638,3635.7999999999993,0.3925925925925926,-6036.8,-0.6518518518518519,raise,0,0.5259120464324951
