,N,Nnf,round,first,hole,board,Nsim,prWin,prWinStd,pot,bet,maxBet,NMaxBet,minBet,util_fold,util_call,util_raise_coeff,util_call2,util_raise_coeff2,action,amount,cputime
0,8,8,Deal,0,♣K ♦A,,10,0.2,0.4000000000000001,0,0,40,1,40,0,24.0,0.6000000000000001,-24.0,-0.6,raise,0,0.5288031101226807
1,8,8,Deal,0,♣K ♦A,,85,0.18823529411764706,0.3833019895916449,0,80,300,1,220,-80,151.76470588235293,0.5058823529411764,-187.05882352941177,-0.6235294117647059,raise,0,0.5250921249389648
