,N,Nnf,round,first,hole,board,Nsim,prWin,prWinStd,pot,bet,maxBet,NMaxBet,minBet,util_fold,util_call,util_raise_coeff,util_call2,util_raise_coeff2,action,amount,cputime
0,8,7,Deal,0,♥J ♥7,,55,0.1606060606060606,0.3552828384777463,0,0,69,2,69,0,8.572727272727278,0.12424242424242427,-46.836363636363636,-0.6787878787878787,raise,0,0.5247702598571777
1,8,7,Deal,0,♥J ♥7,,120,0.16527777777777777,0.36609540937497714,0,138,143,2,5,-138,22.44305555555556,0.15694444444444433,-95.73055555555555,-0.6694444444444445,raise,0,0.529059886932373
