,N,Nnf,round,first,hole,board,Nsim,prWin,prWinStd,pot,bet,maxBet,NMaxBet,minBet,util_fold,util_call,util_raise_coeff,util_call2,util_raise_coeff2,action,amount,cputime
0,8,7,Deal,0,♦A ♦3,,65,0.19743589743589743,0.37881090121895156,0,20,40,2,20,-20,15.282051282051277,0.382051282051282,-24.205128205128204,-0.6051282051282052,raise,0,0.5231199264526367
1,8,7,Deal,0,♦A ♦3,,110,0.18939393939393942,0.37435282385865054,0,80,1000,1,920,-80,325.757575757576,0.3257575757575759,-621.2121212121211,-0.6212121212121211,raise,0,0.5245351791381836
2,8,7,Flop,1,♦A ♦3,♥K ♣9 ♦K,5,0.1,0.20000000000000004,7010,0,0,8,20,-2000,-1299.0,-0.29999999999999993,-1299.0,-0.8,call,0,0.5257148742675781
3,8,7,Flop,0,♦A ♦3,♥K ♣9 ♦K,40,0.1625,0.34255474015111803,7010,20,51,1,31,-2020,-853.8625,0.13749999999999996,-895.3,-0.675,raise,0,0.5295650959014893
4,8,7,Flop,0,♦A ♦3,♥K ♣9 ♦K,70,0.1476190476190476,0.32919196062294037,7010,102,105,1,3,-2102,-961.6904761904764,0.033333333333333215,-1039.1904761904764,-0.7047619047619048,raise,0,0.5255849361419678
5,8,7,Turn,1,♦A ♦3,♥K ♣9 ♦K ♣8,5,0.0,0.0,7640,0,0,8,20,-2210,-2210.0,-1.0,-2210.0,-1.0,call,0,0.5295801162719727
6,8,7,River,1,♦A ♦3,♥K ♣9 ♦K ♣8 ♥5,5,0.0,0.0,7700,0,0,8,20,-2230,-2230.0,-1.0,-2230.0,-1.0,call,0,0.5301382541656494
7,8,7,River,0,♦A ♦3,♥K ♣9 ♦K ♣8 ♥5,40,0.0,0.0,7700,20,32,1,12,-2250,-2262.0,-1.0,-2262.0,-1.0,fold,0,0.5200810432434082
