,N,Nnf,round,first,hole,board,Nsim,prWin,prWinStd,pot,bet,maxBet,NMaxBet,minBet,util_fold,util_call,util_raise_coeff,util_call2,util_raise_coeff2,action,amount,cputime
0,8,8,Deal,0,♣4 ♦A,,10,0.15,0.32015621187164245,0,0,40,1,40,0,8.0,0.19999999999999996,-28.0,-0.7,raise,0,0.5209579467773438
1,8,8,Deal,0,♣4 ♦A,,105,0.10793650793650793,0.2826377571890629,0,80,310,1,230,-80,-42.31746031746036,-0.13650793650793658,-243.0793650793651,-0.7841269841269841,call,0,0.5235850811004639
2,8,8,Flop,0,♣4 ♦A,♣10 ♠Q ♦8,40,0.025,0.15612494995995996,2170,0,158,2,158,-310,-382.15,-0.8,-405.85,-0.95,fold,0,0.5281801223754883
