,N,Nnf,round,first,hole,board,Nsim,prWin,prWinStd,pot,bet,maxBet,NMaxBet,minBet,util_fold,util_call,util_raise_coeff,util_call2,util_raise_coeff2,action,amount,cputime
0,8,8,Deal,0,♠3 ♠Q,,10,0.15,0.32015621187164245,0,0,20,1,20,0,4.0,0.19999999999999996,-14.0,-0.7,raise,0,0.5250051021575928
1,8,8,Deal,0,♠3 ♠Q,,95,0.25087719298245614,0.41525985960637674,0,40,76,4,36,-40,76.53333333333333,1.0070175438596491,-37.86666666666667,-0.4982456140350877,raise,0,0.5299661159515381
2,8,8,Deal,0,♠3 ♠Q,,175,0.20476190476190473,0.3893130178279942,0,152,153,4,1,-152,97.62857142857138,0.6380952380952378,-90.34285714285716,-0.5904761904761906,raise,0,0.5252599716186523
3,8,8,Flop,0,♠3 ♠Q,♠5 ♣K ♦Q,40,0.275,0.4175823272122517,1836,0,65,2,65,-306,276.9000000000001,1.2000000000000002,169.6500000000001,-0.44999999999999996,raise,0,0.5246899127960205
4,8,6,Turn,0,♠3 ♠Q,♠5 ♣K ♦Q ♠8,10,0.1,0.30000000000000004,2421,0,53,1,53,-436,-215.09999999999997,-0.3999999999999999,-236.29999999999998,-0.8,call,0,0.5215628147125244
5,8,6,River,0,♠3 ♠Q,♠5 ♣K ♦Q ♠8 ♥2,15,0.0,0.0,2633,0,34,1,34,-489,-523.0,-1.0,-523.0,-1.0,fold,0,0.5212957859039307
