,N,Nnf,round,first,hole,board,Nsim,prWin,prWinStd,pot,bet,maxBet,NMaxBet,minBet,util_fold,util_call,util_raise_coeff,util_call2,util_raise_coeff2,action,amount,cputime
0,8,8,Deal,0,♣A ♦Q,,40,0.175,0.3799671038392666,0,0,80,1,80,0,32.0,0.3999999999999999,-52.0,-0.65,raise,0,0.5297811031341553
1,8,8,Deal,0,♣A ♦Q,,115,0.1923913043478261,0.39297048668143836,0,160,171,2,11,-160,92.19130434782608,0.5391304347826087,-105.20217391304348,-0.6152173913043478,raise,0,0.530113935470581
2,8,8,Flop,0,♣A ♦Q,♣10 ♥9 ♠A,55,0.3757575757575758,0.46625326041396037,1710,0,132,3,132,-342,565.3454545454547,2.0060606060606063,267.74545454545466,-0.24848484848484842,raise,0,0.523306131362915
3,8,6,Turn,0,♣A ♦Q,♣10 ♥9 ♠A ♣K,50,0.29,0.4330896750866576,2766,0,70,2,70,-606,247.93999999999994,0.7399999999999998,166.74,-0.42000000000000004,raise,0,0.5211668014526367
4,8,6,River,0,♣A ♦Q,♣10 ♥9 ♠A ♣K ♦4,15,0.5333333333333333,0.4988876515698588,3116,0,87,1,87,-746,1107.2666666666664,2.2,921.6666666666665,0.06666666666666665,raise,0,0.5294489860534668
5,8,6,River,0,♣A ♦Q,♣10 ♥9 ♠A ♣K ♦4,40,0.6,0.48989794855663565,3116,174,192,1,18,-920,1622.7999999999997,2.5999999999999996,1162.0,0.19999999999999996,raise,0,0.5234460830688477
