,N,Nnf,round,first,hole,board,Nsim,prWin,prWinStd,pot,bet,maxBet,NMaxBet,minBet,util_fold,util_call,util_raise_coeff,util_call2,util_raise_coeff2,action,amount,cputime
0,8,7,Deal,0,♦10 ♠9,,50,0.285,0.4472415454762672,0,0,51,1,51,0,50.74499999999999,0.9949999999999999,-21.930000000000003,-0.43000000000000005,raise,0,0.5208477973937988
1,8,7,Flop,0,♦10 ♠9,♠4 ♣5 ♣7,30,0.06666666666666667,0.24944382578492943,510,0,418,1,418,-102,-290.93333333333334,-0.5333333333333333,-430.26666666666665,-0.8666666666666667,fold,0,0.5209658145904541
