,N,Nnf,round,first,hole,board,Nsim,prWin,prWinStd,pot,bet,maxBet,NMaxBet,minBet,util_fold,util_call,util_raise_coeff,util_call2,util_raise_coeff2,action,amount,cputime
0,8,8,Deal,0,♣2 ♦9,,60,0.09722222222222222,0.2826653345531155,0,0,174,1,174,0,-38.66666666666666,-0.2222222222222222,-140.16666666666666,-0.8055555555555556,fold,0,0.5229818820953369
