,N,Nnf,round,first,hole,board,Nsim,prWin,prWinStd,pot,bet,maxBet,NMaxBet,minBet,util_fold,util_call,util_raise_coeff,util_call2,util_raise_coeff2,action,amount,cputime
0,8,7,Deal,0,♣3 ♠10,,60,0.08333333333333333,0.27638539919628335,0,20,149,1,129,-20,-62.08333333333334,-0.41666666666666674,-124.16666666666667,-0.8333333333333334,fold,0,0.531904935836792
