,N,Nnf,round,first,hole,board,Nsim,prWin,prWinStd,pot,bet,maxBet,NMaxBet,minBet,util_fold,util_call,util_raise_coeff,util_call2,util_raise_coeff2,action,amount,cputime
0,8,7,Deal,0,♣5 ♣9,,55,0.19090909090909092,0.3871916261644884,0,0,51,2,51,0,17.154545454545456,0.3363636363636364,-31.527272727272727,-0.6181818181818182,raise,0,0.5217359066009521
1,8,7,Deal,0,♣5 ♣9,,135,0.15185185185185185,0.35105172180956395,0,102,109,2,7,-102,6.862962962962953,0.06296296296296289,-75.8962962962963,-0.6962962962962963,raise,0,0.5253760814666748
2,8,7,Flop,0,♣5 ♣9,♠2 ♦J ♥6,50,0.02,0.13999999999999999,1526,0,75,3,75,-218,-251.98000000000002,-0.86,-259.48,-0.96,fold,0,0.5242447853088379
