,N,Nnf,round,first,hole,board,Nsim,prWin,prWinStd,pot,bet,maxBet,NMaxBet,minBet,util_fold,util_call,util_raise_coeff,util_call2,util_raise_coeff2,action,amount,cputime
0,8,8,Deal,0,♠A ♣2,,60,0.125,0.3243583409338094,0,0,164,1,164,0,0.0,0.0,-123.0,-0.75,call,0,0.5226180553436279
1,8,8,Deal,0,♠A ♣2,,155,0.12903225806451613,0.325470922725921,0,164,192,2,28,-164,6.193548387096769,0.032258064516129004,-142.4516129032258,-0.7419354838709677,raise,0,0.5226492881774902
2,8,8,Deal,0,♠A ♣2,,245,0.1306122448979592,0.330864101600058,0,384,768,1,384,-384,34.4816326530613,0.044897959183673564,-567.3795918367347,-0.7387755102040816,raise,0,0.5285382270812988
