,N,Nnf,round,first,hole,board,Nsim,prWin,prWinStd,pot,bet,maxBet,NMaxBet,minBet,util_fold,util_call,util_raise_coeff,util_call2,util_raise_coeff2,action,amount,cputime
0,8,7,Deal,0,♦K ♥6,,35,0.2,0.4000000000000001,0,0,20,1,20,0,8.0,0.40000000000000013,-12.0,-0.6,raise,0,0.5246331691741943
1,8,7,Deal,0,♦K ♥6,,100,0.15,0.35,0,40,85,1,45,-40,4.25,0.050000000000000044,-59.5,-0.7,raise,0,0.5239639282226562
2,8,7,Flop,0,♦K ♥6,♦A ♠9 ♣5,20,0.025,0.10897247358851682,1020,0,67,2,67,-170,-199.775,-0.825,-208.15,-0.95,fold,0,0.5241420269012451
