,N,Nnf,round,first,hole,board,Nsim,prWin,prWinStd,pot,bet,maxBet,NMaxBet,minBet,util_fold,util_call,util_raise_coeff,util_call2,util_raise_coeff2,action,amount,cputime
0,8,8,Deal,0,♦2 ♦J,,65,0.16923076923076924,0.37495561867550586,0,0,122,1,122,0,43.16923076923078,0.3538461538461539,-80.7076923076923,-0.6615384615384615,raise,0,0.5268068313598633
1,8,8,Deal,0,♦2 ♦J,,165,0.13333333333333333,0.3309002107810593,0,244,488,1,244,-244,32.5333333333333,0.06666666666666665,-357.8666666666667,-0.7333333333333334,raise,0,0.5271098613739014
2,8,8,Flop,0,♦2 ♦J,♦K ♥7 ♠2,75,0.2311111111111111,0.4099623590068595,7808,0,24,5,24,-976,848.8888888888887,0.8488888888888888,815.6088888888887,-0.5377777777777778,raise,0,0.5308418273925781
