,N,Nnf,round,first,hole,board,Nsim,prWin,prWinStd,pot,bet,maxBet,NMaxBet,minBet,util_fold,util_call,util_raise_coeff,util_call2,util_raise_coeff2,action,amount,cputime
0,8,8,Deal,0,♦3 ♣7,,70,0.07857142857142857,0.2483619807244815,0,40,226,1,186,-40,-83.94285714285715,-0.37142857142857144,-190.4857142857143,-0.8428571428571429,fold,0,0.5249500274658203
