,N,Nnf,round,first,hole,board,Nsim,prWin,prWinStd,pot,bet,maxBet,NMaxBet,minBet,util_fold,util_call,util_raise_coeff,util_call2,util_raise_coeff2,action,amount,cputime
0,8,7,Deal,0,♥10 ♥5,,70,0.14285714285714285,0.33956755211442047,0,10,64,3,54,-10,0.0,0.0,-45.714285714285715,-0.7142857142857143,call,0,0.5267689228057861
1,8,7,Flop,1,♥10 ♥5,♥3 ♣Q ♦4,5,0.2,0.4000000000000001,320,0,0,8,20,-64,0.0,0.40000000000000013,0.0,-0.6,raise,0,0.5212759971618652
2,8,7,Flop,0,♥10 ♥5,♥3 ♣Q ♦4,60,0.075,0.25535922410074274,320,20,74,1,54,-84,-75.15,-0.475,-102.9,-0.85,call,0,0.5237569808959961
3,8,7,Turn,1,♥10 ♥5,♥3 ♣Q ♦4 ♦3,5,0.0,0.0,690,0,0,8,20,-138,-138.0,-1.0,-138.0,-1.0,call,0,0.5285470485687256
4,8,6,Turn,0,♥10 ♥5,♥3 ♣Q ♦4 ♦3,60,0.0,0.0,690,20,61,2,41,-158,-199.0,-1.0,-199.0,-1.0,fold,0,0.5224471092224121
