,N,Nnf,round,first,hole,board,Nsim,prWin,prWinStd,pot,bet,maxBet,NMaxBet,minBet,util_fold,util_call,util_raise_coeff,util_call2,util_raise_coeff2,action,amount,cputime
0,8,7,Deal,0,♠10 ♣3,,75,0.11333333333333333,0.3116978594016256,0,40,150,1,110,-40,-31.0,-0.20666666666666667,-116.0,-0.7733333333333333,call,0,0.5235199928283691
1,8,7,Flop,1,♠10 ♣3,♥J ♦4 ♠5,5,0.0,0.0,734,0,0,8,40,-150,-150.0,-1.0,-150.0,-1.0,call,0,0.5282571315765381
2,8,6,Flop,0,♠10 ♣3,♥J ♦4 ♠5,50,0.03,0.1552417469626002,734,40,94,2,54,-190,-205.06,-0.8200000000000001,-216.34,-0.94,fold,0,0.52925705909729
