,N,Nnf,round,first,hole,board,Nsim,prWin,prWinStd,pot,bet,maxBet,NMaxBet,minBet,util_fold,util_call,util_raise_coeff,util_call2,util_raise_coeff2,action,amount,cputime
0,8,8,Deal,0,♥Q ♥9,,40,0.20833333333333331,0.39921798556678284,0,0,40,1,40,0,26.666666666666657,0.6666666666666665,-23.333333333333336,-0.5833333333333334,raise,0,0.5217187404632568
1,8,8,Deal,0,♥Q ♥9,,115,0.24202898550724636,0.4234910571527371,0,80,85,2,5,-80,79.57971014492753,0.9362318840579709,-43.85507246376812,-0.5159420289855072,raise,0,0.5231590270996094
2,8,7,Flop,0,♥Q ♥9,♣4 ♠4 ♦2,25,0.1,0.282842712474619,765,0,33,1,33,-170,-103.4,-0.29999999999999993,-119.9,-0.8,call,0,0.5280411243438721
3,8,6,Flop,0,♥Q ♥9,♣4 ♠4 ♦2,70,0.05,0.20959143930173155,765,33,77,2,44,-203,-185.65,-0.7,-201.05,-0.9,call,0,0.521111011505127
4,8,6,Turn,0,♥Q ♥9,♣4 ♠4 ♦2 ♣6,25,0.04,0.19595917942265428,996,0,62,1,62,-247,-254.28,-0.76,-264.2,-0.92,fold,0,0.5230090618133545
