,N,Nnf,round,first,hole,board,Nsim,prWin,prWinStd,pot,bet,maxBet,NMaxBet,minBet,util_fold,util_call,util_raise_coeff,util_call2,util_raise_coeff2,action,amount,cputime
0,8,8,Deal,0,♥5 ♦7,,10,0.2,0.4000000000000001,0,0,40,1,40,0,24.0,0.6000000000000001,-24.0,-0.6,raise,0,0.5221991539001465
1,8,8,Deal,0,♥5 ♦7,,80,0.0625,0.24206145913796356,0,80,94,4,14,-80,-47.0,-0.5,-82.25,-0.875,call,0,0.527987003326416
2,8,7,Flop,0,♥5 ♦7,♣6 ♥10 ♥2,40,0.0,0.0,470,0,78,1,78,-94,-172.0,-1.0,-172.0,-1.0,fold,0,0.5292749404907227
