,N,Nnf,round,first,hole,board,Nsim,prWin,prWinStd,pot,bet,maxBet,NMaxBet,minBet,util_fold,util_call,util_raise_coeff,util_call2,util_raise_coeff2,action,amount,cputime
0,8,8,Deal,0,♠4 ♦7,,60,0.09305555555555554,0.27757284106836794,0,40,628,1,588,-40,-160.48888888888894,-0.25555555555555565,-511.12222222222226,-0.8138888888888889,fold,0,0.5271170139312744
