,N,Nnf,round,first,hole,board,Nsim,prWin,prWinStd,pot,bet,maxBet,NMaxBet,minBet,util_fold,util_call,util_raise_coeff,util_call2,util_raise_coeff2,action,amount,cputime
0,8,8,Deal,0,♥5 ♦10,,70,0.12857142857142856,0.3238795442501324,0,10,94,1,84,-10,2.6857142857142833,0.02857142857142847,-69.82857142857142,-0.7428571428571429,raise,0,0.5234239101409912
1,8,8,Deal,0,♥5 ♦10,,155,0.13010752688172042,0.3197618781044197,0,188,268,1,80,-188,10.95053763440859,0.04086021505376336,-198.26236559139784,-0.7397849462365591,raise,0,0.5285630226135254
2,8,8,Flop,1,♥5 ♦10,♦K ♥10 ♦2,5,0.4,0.37416573867739417,2948,0,0,8,20,-536,643.2,2.2,643.2,-0.19999999999999996,raise,0,0.5238850116729736
3,8,8,Flop,0,♥5 ♦10,♦K ♥10 ♦2,55,0.21818181818181817,0.3785575057028548,2948,20,41,2,21,-556,137.76363636363635,0.7454545454545454,84.09090909090901,-0.5636363636363637,raise,0,0.5261869430541992
4,8,8,Flop,0,♥5 ♦10,♦K ♥10 ♦2,110,0.18181818181818182,0.3675921203482859,2948,82,89,3,7,-618,40.454545454545496,0.4545454545454546,-56.636363636363626,-0.6363636363636364,raise,0,0.5276899337768555
5,8,8,Flop,0,♥5 ♦10,♦K ♥10 ♦2,170,0.18235294117647058,0.3745354677583907,2948,178,4700,1,4522,-714,2158.0470588235294,0.45882352941176463,-2984.3058823529414,-0.6352941176470588,raise,0,0.5258388519287109
