,N,Nnf,round,first,hole,board,Nsim,prWin,prWinStd,pot,bet,maxBet,NMaxBet,minBet,util_fold,util_call,util_raise_coeff,util_call2,util_raise_coeff2,action,amount,cputime
0,8,8,Deal,0,♦7 ♠9,,35,0.11428571428571428,0.318157963590287,0,0,40,1,40,0,-3.4285714285714306,-0.08571428571428574,-30.857142857142858,-0.7714285714285715,fold,0,0.5249481201171875
