,N,Nnf,round,first,hole,board,Nsim,prWin,prWinStd,pot,bet,maxBet,NMaxBet,minBet,util_fold,util_call,util_raise_coeff,util_call2,util_raise_coeff2,action,amount,cputime
0,8,8,Deal,0,♣2 ♥2,,95,0.18421052631578946,0.3842465736514522,0,10,110,1,100,-10,52.10526315789474,0.4736842105263157,-69.47368421052632,-0.631578947368421,raise,0,0.5247390270233154
1,8,8,Deal,0,♣2 ♥2,,195,0.18269230769230768,0.38402197812679695,0,220,440,1,220,-220,203.0769230769231,0.46153846153846145,-279.2307692307692,-0.6346153846153846,raise,0,0.5219368934631348
2,8,8,Flop,1,♣2 ♥2,♦9 ♣6 ♠9,5,0.0,0.0,7040,0,0,8,20,-880,-880.0,-1.0,-880.0,-1.0,call,0,0.521939754486084
3,8,8,Flop,0,♣2 ♥2,♦9 ♣6 ♠9,110,0.09090909090909091,0.2874797872880344,7040,20,148,1,128,-900,-280.3636363636364,-0.2727272727272727,-361.0909090909091,-0.8181818181818181,call,0,0.5308318138122559
