,N,Nnf,round,first,hole,board,Nsim,prWin,prWinStd,pot,bet,maxBet,NMaxBet,minBet,util_fold,util_call,util_raise_coeff,util_call2,util_raise_coeff2,action,amount,cputime
0,8,7,Deal,0,♠Q ♦10,,50,0.22,0.38935844667863573,0,0,62,1,62,0,33.480000000000004,0.54,-34.72,-0.56,raise,0,0.5283908843994141
1,8,7,Deal,0,♠Q ♦10,,125,0.208,0.3856630653822064,0,124,131,1,7,-124,59.73599999999999,0.45599999999999996,-76.504,-0.5840000000000001,raise,0,0.5249388217926025
2,8,7,Flop,0,♠Q ♦10,♥3 ♦2 ♥A,35,0.05714285714285714,0.23211538298959888,1834,0,61,3,61,-262,-193.8,-0.6000000000000001,-211.22857142857143,-0.8857142857142857,call,0,0.5289347171783447
3,8,6,Turn,0,♠Q ♦10,♥3 ♦2 ♥A ♥4,30,0.03333333333333333,0.17950549357115012,2200,0,63,1,63,-323,-300.06666666666666,-0.8,-308.4666666666667,-0.9333333333333333,call,0,0.526188850402832
4,8,6,River,0,♠Q ♦10,♥3 ♦2 ♥A ♥4 ♥J,10,0.0,0.0,2502,0,21,1,21,-386,-407.0,-1.0,-407.0,-1.0,fold,0,0.5253410339355469
