,N,Nnf,round,first,hole,board,Nsim,prWin,prWinStd,pot,bet,maxBet,NMaxBet,minBet,util_fold,util_call,util_raise_coeff,util_call2,util_raise_coeff2,action,amount,cputime
0,8,8,Deal,0,♦7 ♣10,,10,0.35,0.45,0,0,20,1,20,0,36.0,1.7999999999999998,-6.0,-0.30000000000000004,raise,0,0.5210070610046387
1,8,8,Deal,0,♦7 ♣10,,55,0.12272727272727273,0.3148691188152168,0,40,82,1,42,-40,-1.490909090909085,-0.018181818181818188,-61.872727272727275,-0.7545454545454545,call,0,0.519585132598877
2,8,8,Flop,0,♦7 ♣10,♠2 ♥Q ♠10,10,0.1,0.30000000000000004,334,0,40,1,40,-82,-56.599999999999994,-0.19999999999999996,-80.6,-0.8,call,0,0.5238947868347168
3,8,7,Flop,0,♦7 ♣10,♠2 ♥Q ♠10,60,0.12222222222222223,0.32183885239911647,334,40,126,1,86,-122,-59.377777777777766,-0.14444444444444438,-136.37777777777777,-0.7555555555555555,call,0,0.5266451835632324
4,8,7,Turn,0,♦7 ♣10,♠2 ♥Q ♠10 ♣9,15,0.0,0.0,712,0,159,1,159,-208,-367.0,-1.0,-367.0,-1.0,fold,0,0.5306887626647949
