,N,Nnf,round,first,hole,board,Nsim,prWin,prWinStd,pot,bet,maxBet,NMaxBet,minBet,util_fold,util_call,util_raise_coeff,util_call2,util_raise_coeff2,action,amount,cputime
0,8,7,Deal,0,♣9 ♣5,,55,0.19090909090909092,0.3871916261644884,0,0,78,2,78,0,26.236363636363635,0.3363636363636364,-48.21818181818182,-0.6181818181818182,raise,0,0.5236668586730957
1,8,7,Deal,0,♣9 ♣5,,115,0.1565217391304348,0.3573161880226844,0,156,342,4,186,-156,32.713043478260886,0.09565217391304359,-234.9391304347826,-0.6869565217391305,raise,0,0.5260930061340332
2,8,7,Flop,0,♣9 ♣5,♣4 ♣3 ♦3,10,0.5333333333333333,0.4760952285695233,3420,0,44,1,44,-684,1260.2666666666667,2.7333333333333334,1142.9333333333334,0.06666666666666665,raise,0,0.5207562446594238
