,N,Nnf,round,first,hole,board,Nsim,prWin,prWinStd,pot,bet,maxBet,NMaxBet,minBet,util_fold,util_call,util_raise_coeff,util_call2,util_raise_coeff2,action,amount,cputime
0,8,8,Deal,0,♥9 ♣4,,40,0.125,0.33071891388307384,0,0,80,1,80,0,0.0,0.0,-60.0,-0.75,call,0,0.5255630016326904
1,8,8,Deal,0,♥9 ♣4,,120,0.13333333333333333,0.33374973990834644,0,80,324,1,244,-80,21.600000000000023,0.06666666666666665,-237.6,-0.7333333333333334,raise,0,0.5227270126342773
2,8,8,Deal,0,♥9 ♣4,,205,0.11463414634146342,0.3088617779175947,0,648,1296,1,648,-648,-107.47317073170734,-0.08292682926829265,-998.8682926829268,-0.7707317073170732,call,0,0.5220139026641846
