,N,Nnf,round,first,hole,board,Nsim,prWin,prWinStd,pot,bet,maxBet,NMaxBet,minBet,util_fold,util_call,util_raise_coeff,util_call2,util_raise_coeff2,action,amount,cputime
0,8,7,Deal,0,♥4 ♦7,,60,0.016666666666666666,0.12801909579781015,0,0,55,2,55,0,-48.583333333333336,-0.8833333333333333,-53.166666666666664,-0.9666666666666667,fold,0,0.5215022563934326
