,N,Nnf,round,first,hole,board,Nsim,prWin,prWinStd,pot,bet,maxBet,NMaxBet,minBet,util_fold,util_call,util_raise_coeff,util_call2,util_raise_coeff2,action,amount,cputime
0,8,8,Deal,0,♠10 ♣9,,40,0.1375,0.31598061649411346,0,0,20,2,20,0,2.0,0.10000000000000009,-14.5,-0.725,raise,0,0.529808759689331
1,8,8,Deal,0,♠10 ♣9,,140,0.13214285714285715,0.33064176927883254,0,40,160,1,120,-40,9.142857142857139,0.05714285714285716,-117.71428571428572,-0.7357142857142858,raise,0,0.5275990962982178
2,8,8,Deal,0,♠10 ♣9,,250,0.14,0.3382306905057552,0,320,640,1,320,-320,76.80000000000007,0.1200000000000001,-460.79999999999995,-0.72,raise,0,0.5297141075134277
3,8,8,Flop,0,♠10 ♣9,♦9 ♥4 ♠3,50,0.17,0.36891733491393436,5120,0,69,3,69,-640,255.24000000000012,0.3600000000000001,184.86000000000013,-0.6599999999999999,raise,0,0.521873950958252
4,8,7,Turn,0,♠10 ♣9,♦9 ♥4 ♠3 ♦K,25,0.0,0.0,6155,0,46,2,46,-778,-824.0,-1.0,-824.0,-1.0,fold,0,0.5235130786895752
