,N,Nnf,round,first,hole,board,Nsim,prWin,prWinStd,pot,bet,maxBet,NMaxBet,minBet,util_fold,util_call,util_raise_coeff,util_call2,util_raise_coeff2,action,amount,cputime
0,8,8,Deal,0,♥5 ♠9,,80,0.15625,0.35876306596415414,0,0,126,1,126,0,31.5,0.25,-86.625,-0.6875,raise,0,0.5215160846710205
1,8,8,Deal,0,♥5 ♠9,,185,0.13423423423423422,0.33310681370774703,0,252,504,1,252,-252,37.23243243243235,0.07387387387387379,-368.69189189189194,-0.7315315315315316,raise,0,0.5257530212402344
