,N,Nnf,round,first,hole,board,Nsim,prWin,prWinStd,pot,bet,maxBet,NMaxBet,minBet,util_fold,util_call,util_raise_coeff,util_call2,util_raise_coeff2,action,amount,cputime
0,8,7,Deal,0,♣7 ♣K,,60,0.15,0.34520525295346627,0,20,40,3,20,-20,2.0,0.050000000000000044,-28.0,-0.7,raise,0,0.5201599597930908
1,8,7,Deal,0,♣7 ♣K,,105,0.14285714285714285,0.34305549817767383,0,80,192,2,112,-80,0.0,0.0,-137.14285714285714,-0.7142857142857143,call,0,0.5253891944885254
2,8,7,Flop,1,♣7 ♣K,♥10 ♣8 ♦2,5,0.2,0.4000000000000001,768,0,0,8,40,-192,-38.39999999999998,0.40000000000000013,-38.39999999999998,-0.6,raise,0,0.5222170352935791
3,8,7,Flop,0,♣7 ♣K,♥10 ♣8 ♦2,50,0.14,0.33226495451672294,768,40,109,2,69,-232,-86.65999999999997,-0.019999999999999907,-162.95999999999998,-0.72,call,0,0.5219790935516357
4,8,7,Turn,1,♣7 ♣K,♥10 ♣8 ♦2 ♥4,5,0.0,0.0,1204,0,0,8,40,-301,-301.0,-1.0,-301.0,-1.0,call,0,0.5302352905273438
5,8,7,Turn,0,♣7 ♣K,♥10 ♣8 ♦2 ♥4,50,0.0,0.0,1204,40,3745,1,3705,-341,-4046.0,-1.0,-4046.0,-1.0,fold,0,0.5233559608459473
