,N,Nnf,round,first,hole,board,Nsim,prWin,prWinStd,pot,bet,maxBet,NMaxBet,minBet,util_fold,util_call,util_raise_coeff,util_call2,util_raise_coeff2,action,amount,cputime
0,8,7,Deal,0,♥5 ♦8,,90,0.06805555555555555,0.23801925044047784,0,10,68,5,58,-10,-35.60555555555556,-0.5236111111111111,-58.74444444444445,-0.8638888888888889,fold,0,0.5271821022033691
