,N,Nnf,round,first,hole,board,Nsim,prWin,prWinStd,pot,bet,maxBet,NMaxBet,minBet,util_fold,util_call,util_raise_coeff,util_call2,util_raise_coeff2,action,amount,cputime
0,8,7,Deal,0,♥9 ♣3,,90,0.12777777777777777,0.3296556377588177,0,20,76,1,56,-20,-8.022222222222226,-0.10555555555555562,-56.57777777777778,-0.7444444444444445,call,0,0.5246970653533936
1,8,7,Deal,0,♥9 ♣3,,160,0.128125,0.32714138285304106,0,76,109,3,33,-76,-11.240625000000009,-0.10312500000000013,-81.06875,-0.74375,call,0,0.5283598899841309
2,8,7,Deal,0,♥9 ♣3,,225,0.1288888888888889,0.32837798154783787,0,109,119,4,10,-109,-11.635555555555555,-0.09777777777777774,-88.32444444444445,-0.7422222222222222,call,0,0.5245070457458496
3,8,7,Flop,1,♥9 ♣3,♠7 ♠9 ♣8,5,0.0,0.0,724,0,0,8,20,-119,-119.0,-1.0,-119.0,-1.0,call,0,0.5233631134033203
4,8,6,Flop,0,♥9 ♣3,♠7 ♠9 ♣8,70,0.1333333333333333,0.3132015933791495,724,20,3570,2,3550,-139,-736.4666666666676,-0.20000000000000018,-2640.466666666667,-0.7333333333333334,fold,0,0.5248491764068604
