,N,Nnf,round,first,hole,board,Nsim,prWin,prWinStd,pot,bet,maxBet,NMaxBet,minBet,util_fold,util_call,util_raise_coeff,util_call2,util_raise_coeff2,action,amount,cputime
0,8,8,Deal,0,♠K ♠4,,40,0.15,0.3391164991562634,0,0,40,1,40,0,8.0,0.19999999999999996,-28.0,-0.7,raise,0,0.526141881942749
1,8,8,Flop,0,♠K ♠4,♦4 ♦A ♣10,55,0.16363636363636364,0.35744733184250005,640,0,88,1,88,-80,51.92727272727274,0.3090909090909091,-34.47272727272727,-0.6727272727272727,raise,0,0.5228137969970703
2,8,7,Turn,0,♠K ♠4,♦4 ♦A ♣10 ♠3,55,0.07272727272727272,0.25968830649246727,1872,0,69,3,69,-256,-153.72727272727275,-0.49090909090909096,-178.81818181818184,-0.8545454545454545,call,0,0.5216288566589355
3,8,7,River,0,♠K ♠4,♦4 ♦A ♣10 ♠3 ♦Q,50,0.0,0.0,2355,0,28,2,28,-325,-353.0,-1.0,-353.0,-1.0,fold,0,0.5252649784088135
