,N,Nnf,round,first,hole,board,Nsim,prWin,prWinStd,pot,bet,maxBet,NMaxBet,minBet,util_fold,util_call,util_raise_coeff,util_call2,util_raise_coeff2,action,amount,cputime
0,8,7,Deal,0,♦K ♥7,,45,0.15555555555555556,0.3467663674294942,0,0,31,1,31,0,2.755555555555553,0.08888888888888902,-21.355555555555554,-0.6888888888888889,raise,0,0.5253307819366455
1,8,7,Deal,0,♦K ♥7,,125,0.14,0.3382306905057552,0,62,78,1,16,-62,-1.559999999999988,-0.019999999999999907,-56.16,-0.72,call,0,0.525444746017456
2,8,7,Deal,0,♦K ♥7,,195,0.1452991452991453,0.33964009604664513,0,78,83,5,5,-78,1.418803418803435,0.017094017094017255,-58.880341880341874,-0.7094017094017093,raise,0,0.5215768814086914
3,8,7,Deal,0,♦K ♥7,,270,0.1530864197530864,0.3511016476993849,0,166,1944,1,1778,-166,139.19999999999982,0.07160493827160486,-1348.8000000000002,-0.6938271604938272,raise,0,0.5206000804901123
