,N,Nnf,round,first,hole,board,Nsim,prWin,prWinStd,pot,bet,maxBet,NMaxBet,minBet,util_fold,util_call,util_raise_coeff,util_call2,util_raise_coeff2,action,amount,cputime
0,8,8,Deal,0,♥8 ♣5,,10,0.25,0.4031128874149275,0,0,20,1,20,0,20.0,1.0,-10.0,-0.5,raise,0,0.5214509963989258
1,8,8,Deal,0,♥8 ♣5,,115,0.10869565217391304,0.30059801769467137,0,40,80,1,40,-40,-10.434782608695656,-0.13043478260869568,-62.608695652173914,-0.782608695652174,call,0,0.5220820903778076
2,8,8,Deal,0,♥8 ♣5,,225,0.10444444444444445,0.29661464379490815,0,80,3647,1,3567,-80,-599.7288888888888,-0.1644444444444444,-2885.182222222222,-0.7911111111111111,fold,0,0.5244119167327881
