,N,Nnf,round,first,hole,board,Nsim,prWin,prWinStd,pot,bet,maxBet,NMaxBet,minBet,util_fold,util_call,util_raise_coeff,util_call2,util_raise_coeff2,action,amount,cputime
0,8,7,Deal,0,♣A ♦A,,40,0.3,0.45825756949558394,0,0,40,1,40,0,44.0,1.1,-16.0,-0.4,raise,0,0.5211360454559326
1,8,7,Deal,0,♣A ♦A,,80,0.325,0.4683748498798799,0,80,149,1,69,-80,189.97500000000002,1.275,-52.14999999999999,-0.35,raise,0,0.5242600440979004
2,8,7,Flop,0,♣A ♦A,♦8 ♠Q ♥K,25,0.28,0.448998886412873,1192,0,40,2,40,-298,74.16000000000008,0.9600000000000002,18.160000000000025,-0.43999999999999995,raise,0,0.5193431377410889
3,8,7,Flop,0,♣A ♦A,♦8 ♠Q ♥K,70,0.37857142857142856,0.48133530253804135,1192,80,158,2,78,-378,413.9571428571428,1.65,114.88571428571424,-0.24285714285714288,raise,0,0.5195028781890869
4,8,7,Turn,0,♣A ♦A,♦8 ♠Q ♥K ♠7,20,0.3,0.45825756949558394,2456,0,148,2,148,-614,285.5999999999999,1.1,63.59999999999991,-0.4,raise,0,0.5224690437316895
5,8,7,River,0,♣A ♦A,♦8 ♠Q ♥K ♠7 ♥A,20,0.95,0.2179449471770337,3640,0,148,1,148,-910,3384.2,5.6499999999999995,2681.2,0.8999999999999999,raise,0,0.5291101932525635
