,N,Nnf,round,first,hole,board,Nsim,prWin,prWinStd,pot,bet,maxBet,NMaxBet,minBet,util_fold,util_call,util_raise_coeff,util_call2,util_raise_coeff2,action,amount,cputime
0,8,8,Deal,0,♥J ♦J,,90,0.2833333333333333,0.447524052736585,0,10,65,3,55,-10,82.33333333333334,1.2666666666666666,-28.166666666666664,-0.43333333333333335,raise,0,0.5237970352172852
1,8,8,Deal,0,♥J ♦J,,195,0.2794871794871795,0.44731649277377344,0,130,278,1,148,-130,343.57948717948716,1.235897435897436,-122.60512820512821,-0.441025641025641,raise,0,0.5319581031799316
2,8,8,Deal,0,♥J ♦J,,300,0.27166666666666667,0.4438812403735436,0,556,970,1,414,-556,1138.1333333333332,1.1733333333333333,-442.9666666666667,-0.45666666666666667,raise,0,0.5283701419830322
