,N,Nnf,round,first,hole,board,Nsim,prWin,prWinStd,pot,bet,maxBet,NMaxBet,minBet,util_fold,util_call,util_raise_coeff,util_call2,util_raise_coeff2,action,amount,cputime
0,8,7,Deal,0,♠Q ♣K,,95,0.14210526315789473,0.337663472259904,0,20,54,2,34,-20,-0.284210526315789,-0.0052631578947368585,-38.652631578947364,-0.7157894736842105,call,0,0.5272078514099121
1,8,7,Deal,0,♠Q ♣K,,160,0.15520833333333334,0.35361323180606996,0,54,72,3,18,-54,6.2250000000000085,0.0864583333333333,-49.65,-0.6895833333333333,raise,0,0.5257070064544678
2,8,7,Flop,1,♠Q ♣K,♦Q ♦2 ♠A,5,0.3,0.39999999999999997,895,0,0,8,20,-144,124.5,1.1,124.5,-0.4,raise,0,0.5318253040313721
3,8,6,Flop,0,♠Q ♣K,♦Q ♦2 ♠A,65,0.26153846153846155,0.43063184622395095,895,20,67,1,47,-164,128.21538461538466,0.5692307692307694,58.12307692307695,-0.4769230769230769,raise,0,0.5241849422454834
4,8,6,Turn,1,♠Q ♣K,♦Q ♦2 ♠A ♣9,5,0.4,0.48989794855663565,1565,0,0,8,20,-278,348.0,1.4000000000000004,348.0,-0.19999999999999996,raise,0,0.5220251083374023
5,8,6,Turn,0,♠Q ♣K,♦Q ♦2 ♠A ♣9,60,0.24166666666666667,0.4231987975198207,1565,20,68,1,48,-298,130.80833333333328,0.44999999999999996,65.07499999999999,-0.5166666666666666,raise,0,0.5241169929504395
6,8,6,River,1,♠Q ♣K,♦Q ♦2 ♠A ♣9 ♥7,5,0.3,0.39999999999999997,2245,0,0,8,20,-414,259.5,0.7999999999999998,259.5,-0.4,raise,0,0.5240480899810791
7,8,6,River,0,♠Q ♣K,♦Q ♦2 ♠A ♣9 ♥7,60,0.20833333333333334,0.40095372412398034,2245,20,35,1,15,-434,62.45833333333337,0.25,33.291666666666686,-0.5833333333333333,raise,0,0.5216398239135742
8,8,6,River,0,♠Q ♣K,♦Q ♦2 ♠A ♣9 ♥7,80,0.19375,0.3912619806472385,2245,70,75,1,5,-484,33.15625,0.1625000000000001,-24.96875,-0.6125,raise,0,0.525256872177124
