,N,Nnf,round,first,hole,board,Nsim,prWin,prWinStd,pot,bet,maxBet,NMaxBet,minBet,util_fold,util_call,util_raise_coeff,util_call2,util_raise_coeff2,action,amount,cputime
0,8,7,Deal,0,♣6 ♦4,,60,0.08333333333333333,0.2763853991962833,0,0,50,1,50,0,-20.833333333333336,-0.41666666666666674,-41.66666666666667,-0.8333333333333334,fold,0,0.5292010307312012
