,N,Nnf,round,first,hole,board,Nsim,prWin,prWinStd,pot,bet,maxBet,NMaxBet,minBet,util_fold,util_call,util_raise_coeff,util_call2,util_raise_coeff2,action,amount,cputime
0,8,7,Deal,0,♦4 ♥4,,60,0.11666666666666667,0.32102267140430374,0,20,59,1,39,-20,-10.816666666666663,-0.18333333333333335,-45.233333333333334,-0.7666666666666666,call,0,0.5240230560302734
1,8,7,Deal,0,♦4 ♥4,,105,0.11547619047619048,0.31796190533243185,0,59,99,1,40,-59,-18.974999999999994,-0.19166666666666665,-76.13571428571429,-0.769047619047619,call,0,0.521791934967041
2,8,7,Flop,1,♦4 ♥4,♠5 ♦10 ♦Q,5,0.0,0.0,396,0,0,8,40,-99,-99.0,-1.0,-99.0,-1.0,call,0,0.5299670696258545
3,8,7,Flop,0,♦4 ♥4,♠5 ♦10 ♦Q,50,0.04,0.19595917942265428,396,40,150,2,110,-139,-191.16,-0.72,-221.16,-0.92,fold,0,0.5197303295135498
