,N,Nnf,round,first,hole,board,Nsim,prWin,prWinStd,pot,bet,maxBet,NMaxBet,minBet,util_fold,util_call,util_raise_coeff,util_call2,util_raise_coeff2,action,amount,cputime
0,8,8,Deal,0,♠Q ♥Q,,10,0.4,0.48989794855663565,0,0,40,1,40,0,88.0,2.2,-8.0,-0.19999999999999996,raise,0,0.5287940502166748
1,8,7,Deal,0,♠Q ♥Q,,80,0.4125,0.4922842166878804,0,80,134,1,54,-80,252.925,1.8874999999999997,-23.450000000000003,-0.17500000000000004,raise,0,0.5302410125732422
