,N,Nnf,round,first,hole,board,Nsim,prWin,prWinStd,pot,bet,maxBet,NMaxBet,minBet,util_fold,util_call,util_raise_coeff,util_call2,util_raise_coeff2,action,amount,cputime
0,8,7,Deal,0,♥K ♣2,,40,0.1875,0.38222212128551636,0,0,20,1,20,0,6.25,0.3125,-12.5,-0.625,raise,0,0.5208139419555664
1,8,7,Deal,0,♥K ♣2,,95,0.11052631578947368,0.3093196895771602,0,40,94,1,54,-40,-21.273684210526326,-0.22631578947368425,-73.22105263157894,-0.7789473684210526,call,0,0.5219471454620361
2,8,7,Deal,0,♥K ♣2,,140,0.15714285714285714,0.3589951963751161,0,94,13412,1,13318,-94,1341.199999999999,0.10000000000000009,-9196.8,-0.6857142857142857,raise,0,0.5230610370635986
