,N,Nnf,round,first,hole,board,Nsim,prWin,prWinStd,pot,bet,maxBet,NMaxBet,minBet,util_fold,util_call,util_raise_coeff,util_call2,util_raise_coeff2,action,amount,cputime
0,8,7,Deal,0,♦A ♣A,,85,0.3411764705882353,0.4741045101084679,0,10,63,2,53,-10,87.45882352941177,1.388235294117647,-20.01176470588235,-0.3176470588235294,raise,0,0.5277419090270996
1,8,7,Flop,1,♦A ♣A,♦3 ♠9 ♠A,5,1.0,0.0,882,0,0,8,20,-126,756.0,6.0,756.0,1.0,raise,0,0.5260453224182129
2,8,7,Flop,0,♦A ♣A,♦3 ♠9 ♠A,75,0.8133333333333334,0.38964371189873215,882,20,79,4,59,-146,962.1333333333332,4.693333333333333,640.8666666666667,0.6266666666666667,raise,0,0.5227088928222656
3,8,7,Turn,1,♦A ♣A,♦3 ♠9 ♠A ♠2,5,0.6,0.48989794855663565,1988,0,0,8,20,-284,908.8,3.2,908.8,0.19999999999999996,raise,0,0.5299038887023926
4,8,7,Turn,0,♦A ♣A,♦3 ♠9 ♠A ♠2,75,0.52,0.4995998398718718,1988,20,73,2,53,-304,942.48,2.64,752.6800000000001,0.040000000000000036,raise,0,0.5182631015777588
5,8,7,River,1,♦A ♣A,♦3 ♠9 ♠A ♠2 ♦5,5,0.0,0.0,3010,0,0,8,20,-430,-430.0,-1.0,-430.0,-1.0,call,0,0.5249981880187988
6,8,7,River,0,♦A ♣A,♦3 ♠9 ♠A ♠2 ♦5,80,0.2375,0.42555111326373,3010,20,73,4,53,-450,333.23749999999995,0.6624999999999999,246.54999999999995,-0.525,raise,0,0.5216419696807861
7,8,7,River,0,♦A ♣A,♦3 ♠9 ♠A ♠2 ♦5,150,0.22,0.4142463035441596,3010,146,149,2,3,-576,312.6600000000001,0.54,148.76,-0.56,raise,0,0.5232641696929932
