,N,Nnf,round,first,hole,board,Nsim,prWin,prWinStd,pot,bet,maxBet,NMaxBet,minBet,util_fold,util_call,util_raise_coeff,util_call2,util_raise_coeff2,action,amount,cputime
0,8,8,Deal,0,♥4 ♠9,,80,0.15625,0.35876306596415414,0,0,79,4,79,0,19.75,0.25,-54.3125,-0.6875,raise,0,0.5295727252960205
1,8,6,Flop,0,♥4 ♠9,♥6 ♣8 ♦4,65,0.09743589743589744,0.29072898016529986,1185,0,100,5,100,-158,-84.07692307692307,-0.41538461538461535,-123.05128205128204,-0.8051282051282052,call,0,0.527717113494873
2,8,6,Turn,0,♥4 ♠9,♥6 ♣8 ♦4 ♣4,55,0.5272727272727272,0.49925564428167213,1785,0,100,5,100,-258,899.5454545454545,2.163636363636363,688.6363636363635,0.05454545454545445,raise,0,0.5317537784576416
3,8,5,Turn,0,♥4 ♠9,♥6 ♣8 ♦4 ♣4,120,0.5041666666666667,0.49789487400008003,1785,200,2068,1,1868,-458,3787.020833333333,1.520833333333333,659.1708333333331,0.008333333333333304,raise,0,0.5243849754333496
