,N,Nnf,round,first,hole,board,Nsim,prWin,prWinStd,pot,bet,maxBet,NMaxBet,minBet,util_fold,util_call,util_raise_coeff,util_call2,util_raise_coeff2,action,amount,cputime
0,8,7,Deal,0,♠5 ♥5,,70,0.18571428571428572,0.38887593110903423,0,0,41,1,41,0,12.300000000000004,0.30000000000000004,-25.771428571428572,-0.6285714285714286,raise,0,0.5269951820373535
1,8,7,Flop,0,♠5 ♥5,♥4 ♠2 ♠3,45,0.21851851851851853,0.4003427886480491,574,0,71,4,71,-82,81.03333333333336,0.5296296296296297,3.4592592592592553,-0.5629629629629629,raise,0,0.5301229953765869
2,8,6,Turn,0,♠5 ♥5,♥4 ♠2 ♠3 ♦5,45,0.2222222222222222,0.41573970964154905,1426,0,71,1,71,-224,116.55555555555554,0.33333333333333326,53.4444444444444,-0.5555555555555556,raise,0,0.5265100002288818
3,8,6,River,0,♠5 ♥5,♥4 ♠2 ♠3 ♦5 ♠Q,45,0.06666666666666667,0.24944382578492943,2278,0,67,3,67,-366,-254.33333333333331,-0.6,-272.2,-0.8666666666666667,call,0,0.5190999507904053
