,N,Nnf,round,first,hole,board,Nsim,prWin,prWinStd,pot,bet,maxBet,NMaxBet,minBet,util_fold,util_call,util_raise_coeff,util_call2,util_raise_coeff2,action,amount,cputime
0,8,8,Deal,0,♣8 ♥9,,90,0.11666666666666667,0.3166666666666666,0,20,98,1,78,-20,-6.533333333333331,-0.06666666666666665,-75.13333333333333,-0.7666666666666666,call,0,0.5235509872436523
1,8,8,Deal,0,♣8 ♥9,,185,0.14324324324324325,0.33654889250886094,0,98,234,1,136,-98,34.151351351351366,0.145945945945946,-166.96216216216214,-0.7135135135135136,raise,0,0.5242300033569336
2,8,8,Flop,0,♣8 ♥9,♠K ♥2 ♦K,30,0.11666666666666667,0.3077697552103231,3276,0,20,1,20,-468,-87.13333333333333,-0.06666666666666665,-101.13333333333333,-0.7666666666666666,call,0,0.5278198719024658
3,8,8,Flop,0,♣8 ♥9,♠K ♥2 ♦K,130,0.07019230769230769,0.23818415939558674,3276,20,76,2,56,-488,-271.37307692307695,-0.43846153846153846,-303.38076923076926,-0.8596153846153847,call,0,0.5206441879272461
4,8,8,Flop,0,♣8 ♥9,♠K ♥2 ♦K,225,0.052222222222222225,0.20185406047041776,3276,76,208,1,132,-544,-418.02222222222224,-0.5822222222222222,-483.19555555555553,-0.8955555555555555,call,0,0.524813175201416
5,8,8,Turn,0,♣8 ♥9,♠K ♥2 ♦K ♠J,30,0.0,0.0,4732,0,20,1,20,-676,-696.0,-1.0,-696.0,-1.0,fold,0,0.5217158794403076
