,N,Nnf,round,first,hole,board,Nsim,prWin,prWinStd,pot,bet,maxBet,NMaxBet,minBet,util_fold,util_call,util_raise_coeff,util_call2,util_raise_coeff2,action,amount,cputime
0,8,8,Deal,0,♥8 ♦8,,85,0.13529411764705881,0.337710590456643,0,10,136,1,126,-10,11.199999999999989,0.08235294117647052,-99.2,-0.7294117647058824,raise,0,0.5290257930755615
1,8,7,Flop,1,♥8 ♦8,♠K ♦A ♦2,5,0.2,0.4,2040,0,0,8,20,-272,136.0,0.40000000000000013,136.0,-0.6,raise,0,0.5314610004425049
2,8,5,Flop,0,♥8 ♦8,♠K ♦A ♦2,75,0.21333333333333335,0.4096611065529924,2040,20,41,3,21,-292,165.9333333333334,0.06666666666666665,139.69333333333338,-0.5733333333333333,raise,0,0.5242400169372559
3,8,5,Flop,0,♥8 ♦8,♠K ♦A ♦2,130,0.18846153846153846,0.388613831533531,2040,82,114,1,32,-354,105.88461538461536,-0.05769230769230771,41.430769230769215,-0.6230769230769231,call,0,0.5211851596832275
4,8,5,Turn,1,♥8 ♦8,♠K ♦A ♦2 ♠2,5,0.0,0.0,2610,0,0,8,20,-386,-386.0,-1.0,-386.0,-1.0,call,0,0.521873950958252
5,8,5,Turn,0,♥8 ♦8,♠K ♦A ♦2 ♠2,60,0.016666666666666666,0.12801909579781015,2610,20,78,3,58,-406,-414.0,-0.9166666666666666,-417.9,-0.9666666666666667,fold,0,0.5208702087402344
