,N,Nnf,round,first,hole,board,Nsim,prWin,prWinStd,pot,bet,maxBet,NMaxBet,minBet,util_fold,util_call,util_raise_coeff,util_call2,util_raise_coeff2,action,amount,cputime
0,8,7,Deal,0,♦10 ♦Q,,80,0.175,0.3799671038392666,0,40,85,2,45,-40,19.124999999999986,0.22499999999999987,-55.25,-0.65,raise,0,0.5218050479888916
1,8,7,Deal,0,♦10 ♦Q,,125,0.168,0.37386628625753354,0,170,184,1,14,-170,32.384000000000015,0.17600000000000016,-122.17599999999999,-0.6639999999999999,raise,0,0.5269181728363037
2,8,7,Deal,0,♦10 ♦Q,,170,0.17058823529411765,0.37614875949995685,0,368,5414,1,5046,-368,1050.9529411764706,0.1941176470588235,-3566.8705882352942,-0.6588235294117647,raise,0,0.5258898735046387
