,N,Nnf,round,first,hole,board,Nsim,prWin,prWinStd,pot,bet,maxBet,NMaxBet,minBet,util_fold,util_call,util_raise_coeff,util_call2,util_raise_coeff2,action,amount,cputime
0,8,7,Deal,0,♦3 ♣9,,60,0.08055555555555555,0.24054657412024735,0,0,102,1,102,0,-44.48333333333335,-0.4361111111111111,-85.56666666666666,-0.8388888888888889,fold,0,0.5269582271575928
