,N,Nnf,round,first,hole,board,Nsim,prWin,prWinStd,pot,bet,maxBet,NMaxBet,minBet,util_fold,util_call,util_raise_coeff,util_call2,util_raise_coeff2,action,amount,cputime
0,8,7,Deal,0,♣6 ♣5,,40,0.175,0.3799671038392666,0,0,40,1,40,0,9.0,0.22499999999999987,-26.0,-0.65,raise,0,0.5241451263427734
1,8,7,Deal,0,♣6 ♣5,,85,0.15294117647058825,0.3599307891947849,0,80,169,1,89,-80,11.92941176470589,0.07058823529411784,-117.30588235294118,-0.6941176470588235,raise,0,0.529688835144043
2,8,7,Flop,0,♣6 ♣5,♠7 ♣A ♦5,25,0.18,0.3709447398198282,1352,0,120,1,120,-338,-63.440000000000055,0.26,-171.44,-0.64,raise,0,0.5232148170471191
3,8,6,Turn,0,♣6 ♣5,♠7 ♣A ♦5 ♣7,15,0.13333333333333333,0.339934634239519,1995,0,100,1,100,-578,-332.0,-0.19999999999999996,-385.3333333333333,-0.7333333333333334,call,0,0.5240731239318848
4,8,6,River,0,♣6 ♣5,♠7 ♣A ♦5 ♣7 ♦6,15,0.16666666666666666,0.34960294939005054,2195,0,94,1,94,-678,-312.1666666666667,0.0,-374.83333333333337,-0.6666666666666667,call,0,0.5288326740264893
