,N,Nnf,round,first,hole,board,Nsim,prWin,prWinStd,pot,bet,maxBet,NMaxBet,minBet,util_fold,util_call,util_raise_coeff,util_call2,util_raise_coeff2,action,amount,cputime
0,8,8,Deal,0,♥2 ♣K,,90,0.04722222222222222,0.20714475763891285,0,10,116,1,106,-10,-72.17777777777778,-0.6222222222222222,-105.04444444444445,-0.9055555555555556,fold,0,0.527336835861206
