,N,Nnf,round,first,hole,board,Nsim,prWin,prWinStd,pot,bet,maxBet,NMaxBet,minBet,util_fold,util_call,util_raise_coeff,util_call2,util_raise_coeff2,action,amount,cputime
0,8,8,Deal,0,♠4 ♣9,,45,0.044444444444444446,0.20608041101101565,0,0,67,2,67,0,-43.17777777777778,-0.6444444444444444,-61.044444444444444,-0.9111111111111111,fold,0,0.5202889442443848
