,N,Nnf,round,first,hole,board,Nsim,prWin,prWinStd,pot,bet,maxBet,NMaxBet,minBet,util_fold,util_call,util_raise_coeff,util_call2,util_raise_coeff2,action,amount,cputime
0,8,8,Deal,0,♦2 ♦10,,40,0.15,0.3391164991562634,0,0,40,1,40,0,8.0,0.19999999999999996,-28.0,-0.7,raise,0,0.532088041305542
1,8,7,Flop,0,♦2 ♦10,♦J ♣Q ♣K,55,0.2,0.38586123009300755,640,0,76,2,76,-80,78.4,0.40000000000000013,2.4000000000000057,-0.6,raise,0,0.5262541770935059
2,8,7,Turn,0,♦2 ♦10,♦J ♣Q ♣K ♦6,25,0.29333333333333333,0.4223742416388575,1704,0,39,1,39,-232,308.91999999999996,1.0533333333333332,251.72000000000003,-0.41333333333333333,raise,0,0.5224151611328125
3,8,7,Turn,0,♦2 ♦10,♦J ♣Q ♣K ♦6,105,0.24920634920634918,0.4017974229138567,1704,78,83,2,5,-310,254.43650793650795,0.7444444444444442,151.01587301587296,-0.5015873015873016,raise,0,0.5239710807800293
4,8,7,River,0,♦2 ♦10,♦J ♣Q ♣K ♦6 ♦8,25,0.96,0.19595917942265426,2866,0,52,1,52,-398,2650.7999999999997,5.72,2401.2,0.9199999999999999,raise,0,0.5314517021179199
