,N,Nnf,round,first,hole,board,Nsim,prWin,prWinStd,pot,bet,maxBet,NMaxBet,minBet,util_fold,util_call,util_raise_coeff,util_call2,util_raise_coeff2,action,amount,cputime
0,8,8,Deal,0,♦K ♣3,,10,0.2,0.4000000000000001,0,0,20,1,20,0,12.0,0.6000000000000001,-12.0,-0.6,raise,0,0.5314679145812988
1,8,7,Deal,0,♦K ♣3,,120,0.13333333333333333,0.3274480450731416,0,40,84,1,44,-40,-5.6000000000000085,-0.06666666666666665,-61.6,-0.7333333333333334,call,0,0.5187687873840332
2,8,7,Deal,0,♦K ♣3,,195,0.13333333333333333,0.3284254068479597,0,84,104,5,20,-84,-6.933333333333337,-0.06666666666666665,-76.26666666666667,-0.7333333333333334,call,0,0.5221471786499023
3,8,7,Flop,0,♦K ♣3,♦3 ♥8 ♣5,15,0.06666666666666667,0.24944382578492946,748,0,42,1,42,-104,-76.53333333333333,-0.5333333333333333,-90.53333333333333,-0.8666666666666667,call,0,0.5286900997161865
4,8,6,Flop,0,♦K ♣3,♦3 ♥8 ♣5,90,0.05555555555555555,0.2290614236454256,748,42,83,1,41,-146,-117.77777777777779,-0.6666666666666667,-136.22222222222223,-0.8888888888888888,call,0,0.5217840671539307
5,8,6,Flop,0,♦K ♣3,♦3 ♥8 ♣5,155,0.054838709677419356,0.22409489590914067,748,83,896,1,813,-187,-664.1677419354838,-0.6709677419354838,-860.7096774193549,-0.8903225806451613,fold,0,0.5227959156036377
