,N,Nnf,round,first,hole,board,Nsim,prWin,prWinStd,pot,bet,maxBet,NMaxBet,minBet,util_fold,util_call,util_raise_coeff,util_call2,util_raise_coeff2,action,amount,cputime
0,8,7,Deal,0,♠5 ♣5,,95,0.12631578947368421,0.3322049229065159,0,20,156,1,136,-20,-18.063157894736833,-0.11578947368421044,-116.58947368421053,-0.7473684210526316,call,0,0.5256147384643555
1,8,7,Flop,0,♠5 ♣5,♥4 ♣6 ♣9,30,0.06666666666666667,0.24944382578492943,1092,0,20,1,20,-156,-93.86666666666667,-0.5333333333333333,-100.53333333333333,-0.8666666666666667,call,0,0.5294711589813232
2,8,6,Flop,0,♠5 ♣5,♥4 ♣6 ♣9,130,0.046153846153846156,0.20981817995362856,1092,20,73,3,53,-176,-158.3846153846154,-0.7230769230769231,-171.86153846153846,-0.9076923076923077,call,0,0.5305118560791016
3,8,6,Flop,0,♠5 ♣5,♥4 ♣6 ♣9,215,0.04186046511627907,0.20027023387545104,1092,73,282,1,209,-229,-321.46046511627907,-0.7488372093023256,-368.6790697674419,-0.9162790697674419,fold,0,0.5282022953033447
