,N,Nnf,round,first,hole,board,Nsim,prWin,prWinStd,pot,bet,maxBet,NMaxBet,minBet,util_fold,util_call,util_raise_coeff,util_call2,util_raise_coeff2,action,amount,cputime
0,8,8,Deal,0,♠5 ♣8,,55,0.12727272727272726,0.31934851036818723,0,0,576,1,576,0,10.472727272727184,0.018181818181818077,-429.3818181818182,-0.7454545454545455,raise,0,0.5271780490875244
1,8,8,Deal,0,♠5 ♣8,,140,0.08660714285714285,0.27341116855724223,0,1152,2304,1,1152,-1152,-707.6571428571428,-0.30714285714285716,-1904.9142857142856,-0.8267857142857142,call,0,0.5262959003448486
2,8,8,Flop,0,♠5 ♣8,♥4 ♠K ♦Q,40,0.0,0.0,12258,0,160,1,160,-2304,-2464.0,-1.0,-2464.0,-1.0,fold,0,0.5264010429382324
