,N,Nnf,round,first,hole,board,Nsim,prWin,prWinStd,pot,bet,maxBet,NMaxBet,minBet,util_fold,util_call,util_raise_coeff,util_call2,util_raise_coeff2,action,amount,cputime
0,8,8,Deal,0,♣3 ♣9,,70,0.19285714285714287,0.3807216563210409,0,0,98,1,98,0,53.20000000000002,0.5428571428571429,-60.199999999999996,-0.6142857142857143,raise,0,0.5246090888977051
1,8,7,Flop,0,♣3 ♣9,♣J ♥8 ♠K,45,0.08888888888888889,0.2845832994414599,1390,0,68,1,68,-196,-98.13333333333333,-0.37777777777777777,-128.35555555555555,-0.8222222222222222,call,0,0.5269191265106201
2,8,7,Flop,0,♣3 ♣9,♣J ♥8 ♠K,115,0.06956521739130435,0.25441284936222247,1390,68,73,3,5,-264,-136.75652173913045,-0.5130434782608695,-162.1478260869565,-0.8608695652173913,call,0,0.5233087539672852
3,8,6,Turn,0,♣3 ♣9,♣J ♥8 ♠K ♠6,45,0.0,0.0,1828,0,41,3,41,-269,-310.0,-1.0,-310.0,-1.0,fold,0,0.5257298946380615
