,N,Nnf,round,first,hole,board,Nsim,prWin,prWinStd,pot,bet,maxBet,NMaxBet,minBet,util_fold,util_call,util_raise_coeff,util_call2,util_raise_coeff2,action,amount,cputime
0,8,7,Deal,0,♥A ♠7,,75,0.14666666666666667,0.35377331097124265,0,0,35,1,35,0,0.9333333333333371,0.026666666666666616,-24.733333333333334,-0.7066666666666667,raise,0,0.5220949649810791
1,8,7,Flop,0,♥A ♠7,♣9 ♦2 ♥5,25,0.12,0.32496153618543844,342,0,100,2,100,-70,-44.96000000000001,-0.16000000000000003,-104.96000000000001,-0.76,call,0,0.5221772193908691
2,8,7,Turn,0,♥A ♠7,♣9 ♦2 ♥5 ♦A,25,0.24,0.4270831300812524,642,0,100,2,100,-170,52.079999999999984,0.6799999999999999,-67.92000000000002,-0.52,raise,0,0.527073860168457
3,8,6,River,0,♥A ♠7,♣9 ♦2 ♥5 ♦A ♣2,15,0.3,0.4396968652757639,1142,0,20,1,20,-370,-11.400000000000034,0.7999999999999998,-35.400000000000034,-0.4,raise,0,0.5283129215240479
4,8,6,River,0,♥A ♠7,♣9 ♦2 ♥5 ♦A ♣2,40,0.25,0.4183300132670378,1142,40,99,1,59,-410,-35.0,0.5,-134.0,-0.5,raise,0,0.522346019744873
