,N,Nnf,round,first,hole,board,Nsim,prWin,prWinStd,pot,bet,maxBet,NMaxBet,minBet,util_fold,util_call,util_raise_coeff,util_call2,util_raise_coeff2,action,amount,cputime
0,8,7,Deal,0,♦7 ♦Q,,80,0.15625,0.35876306596415414,0,0,54,1,54,0,5.0625,0.09375,-37.125,-0.6875,raise,0,0.52547287940979
1,8,7,Deal,0,♦7 ♦Q,,155,0.15806451612903225,0.35810810545491395,0,108,129,1,21,-108,13.732258064516117,0.1064516129032258,-88.21935483870968,-0.6838709677419355,raise,0,0.5231177806854248
2,8,7,Flop,0,♦7 ♦Q,♠7 ♠J ♥7,65,0.6384615384615384,0.46828403862229,1806,0,100,6,100,-258,1241.9846153846154,3.4692307692307693,922.7538461538461,0.2769230769230768,raise,0,0.5294551849365234
3,8,7,Turn,0,♦7 ♦Q,♠7 ♠J ♥7 ♠A,60,0.48333333333333334,0.4827582785986746,3206,0,100,6,100,-458,1329.9,2.3833333333333333,1088.2333333333333,-0.033333333333333326,raise,0,0.5295758247375488
4,8,7,River,0,♦7 ♦Q,♠7 ♠J ♥7 ♠A ♥2,60,0.5583333333333333,0.48383594556649284,4606,0,100,6,100,-658,2204.516666666667,2.908333333333333,1925.35,0.1166666666666667,raise,0,0.5247030258178711
