,N,Nnf,round,first,hole,board,Nsim,prWin,prWinStd,pot,bet,maxBet,NMaxBet,minBet,util_fold,util_call,util_raise_coeff,util_call2,util_raise_coeff2,action,amount,cputime
0,8,8,Deal,0,♦8 ♠4,,90,0.06944444444444445,0.2379827776733766,0,10,106,1,96,-10,-47.11111111111111,-0.4444444444444444,-91.27777777777777,-0.8611111111111112,fold,0,0.5269389152526855
