,N,Nnf,round,first,hole,board,Nsim,prWin,prWinStd,pot,bet,maxBet,NMaxBet,minBet,util_fold,util_call,util_raise_coeff,util_call2,util_raise_coeff2,action,amount,cputime
0,8,7,Deal,0,♥Q ♦5,,60,0.12222222222222223,0.32183885239911647,0,20,123,1,103,-20,-17.76666666666665,-0.14444444444444438,-92.93333333333334,-0.7555555555555555,call,0,0.5224270820617676
1,8,7,Flop,1,♥Q ♦5,♣7 ♠8 ♦K,5,0.0,0.0,492,0,0,8,40,-123,-123.0,-1.0,-123.0,-1.0,call,0,0.525158166885376
2,8,7,Flop,0,♥Q ♦5,♣7 ♠8 ♦K,50,0.07,0.24515301344262524,492,40,135,3,95,-163,-157.41,-0.51,-204.66,-0.86,call,0,0.5205428600311279
3,8,7,Turn,1,♥Q ♦5,♣7 ♠8 ♦K ♦J,5,0.0,0.0,1032,0,0,8,40,-258,-258.0,-1.0,-258.0,-1.0,call,0,0.5287637710571289
4,8,7,Turn,0,♥Q ♦5,♣7 ♠8 ♦K ♦J,50,0.0,0.0,1032,40,153,3,113,-298,-411.0,-1.0,-411.0,-1.0,fold,0,0.5205638408660889
