,N,Nnf,round,first,hole,board,Nsim,prWin,prWinStd,pot,bet,maxBet,NMaxBet,minBet,util_fold,util_call,util_raise_coeff,util_call2,util_raise_coeff2,action,amount,cputime
0,8,8,Deal,0,♥J ♥Q,,60,0.225,0.4125631264828855,0,0,40,1,40,0,32.0,0.8,-22.0,-0.55,raise,0,0.5232832431793213
1,8,8,Deal,0,♥J ♥Q,,160,0.228125,0.41775768619499987,0,80,97,4,17,-80,80.025,0.825,-52.74375,-0.54375,raise,0,0.5255208015441895
2,8,7,Deal,0,♥J ♥Q,,270,0.2222222222222222,0.4135065347984088,0,194,388,1,194,-194,215.55555555555554,0.5555555555555554,-215.55555555555557,-0.5555555555555556,raise,0,0.5229909420013428
