,N,Nnf,round,first,hole,board,Nsim,prWin,prWinStd,pot,bet,maxBet,NMaxBet,minBet,util_fold,util_call,util_raise_coeff,util_call2,util_raise_coeff2,action,amount,cputime
0,8,7,Deal,0,♣10 ♥Q,,40,0.175,0.36314597615834876,0,0,20,1,20,0,4.5,0.22499999999999987,-13.0,-0.65,raise,0,0.5241408348083496
1,8,7,Deal,0,♣10 ♥Q,,110,0.15113636363636362,0.34710468625926166,0,40,99,1,59,-40,5.737499999999983,0.05795454545454537,-69.075,-0.6977272727272728,raise,0,0.5220818519592285
2,8,7,Deal,0,♣10 ♥Q,,190,0.1769736842105263,0.37567402490948154,0,198,1000,3,802,-198,238.81578947368416,0.2388157894736842,-646.0526315789474,-0.6460526315789474,raise,0,0.5269618034362793
