,N,Nnf,round,first,hole,board,Nsim,prWin,prWinStd,pot,bet,maxBet,NMaxBet,minBet,util_fold,util_call,util_raise_coeff,util_call2,util_raise_coeff2,action,amount,cputime
0,8,7,Deal,0,♥10 ♠J,,60,0.19166666666666668,0.3773997291408084,0,20,69,2,49,-20,23.575000000000017,0.3416666666666668,-42.55,-0.6166666666666667,raise,0,0.5295720100402832
1,8,7,Deal,0,♥10 ♠J,,105,0.22023809523809523,0.39548185254396945,0,138,196,1,58,-138,106.16666666666663,0.5416666666666665,-109.66666666666667,-0.5595238095238095,raise,0,0.5227601528167725
2,8,7,Flop,1,♥10 ♠J,♣J ♥K ♠2,5,0.0,0.0,1277,0,0,8,40,-392,-392.0,-1.0,-392.0,-1.0,call,0,0.5226068496704102
3,8,7,Flop,0,♥10 ♠J,♣J ♥K ♠2,40,0.175,0.3799671038392666,1277,40,46,1,6,-432,-158.175,0.22499999999999987,-198.425,-0.65,raise,0,0.5269641876220703
4,8,7,Flop,0,♥10 ♠J,♣J ♥K ♠2,75,0.16,0.36660605559646714,1277,92,171,2,79,-484,-167.16000000000003,0.1200000000000001,-303.96000000000004,-0.6799999999999999,raise,0,0.5207259654998779
5,8,7,Turn,1,♥10 ♠J,♣J ♥K ♠2 ♣Q,5,0.0,0.0,2303,0,0,8,40,-734,-734.0,-1.0,-734.0,-1.0,call,0,0.5234818458557129
6,8,7,Turn,0,♥10 ♠J,♣J ♥K ♠2 ♣Q,35,0.02857142857142857,0.1665986255670086,2303,40,92,1,52,-774,-741.8,-0.8,-754.9428571428572,-0.9428571428571428,call,0,0.5248508453369141
7,8,7,River,1,♥10 ♠J,♣J ♥K ♠2 ♣Q ♠6,5,0.0,0.0,2566,0,0,8,40,-826,-826.0,-1.0,-826.0,-1.0,call,0,0.5227961540222168
