,N,Nnf,round,first,hole,board,Nsim,prWin,prWinStd,pot,bet,maxBet,NMaxBet,minBet,util_fold,util_call,util_raise_coeff,util_call2,util_raise_coeff2,action,amount,cputime
0,8,8,Deal,0,♠A ♥5,,70,0.17142857142857143,0.3768830273792263,0,40,79,3,39,-40,29.34285714285714,0.37142857142857144,-51.91428571428571,-0.6571428571428571,raise,0,0.5338971614837646
1,8,8,Deal,0,♠A ♥5,,115,0.14347826086956522,0.3474454438957747,0,158,211,2,53,-158,31.191304347826105,0.14782608695652177,-150.45217391304348,-0.7130434782608696,raise,0,0.5213639736175537
