,N,Nnf,round,first,hole,board,Nsim,prWin,prWinStd,pot,bet,maxBet,NMaxBet,minBet,util_fold,util_call,util_raise_coeff,util_call2,util_raise_coeff2,action,amount,cputime
0,8,8,Deal,0,♥J ♦8,,10,0.2,0.4000000000000001,0,0,20,1,20,0,12.0,0.6000000000000001,-12.0,-0.6,raise,0,0.5281848907470703
1,8,8,Deal,0,♥J ♦8,,80,0.08541666666666667,0.2687338496439264,0,40,77,2,37,-40,-24.383333333333333,-0.31666666666666665,-63.84583333333333,-0.8291666666666666,call,0,0.5211520195007324
2,8,8,Deal,0,♥J ♦8,,155,0.1086021505376344,0.3062043899981784,0,77,288,1,211,-77,-37.78064516129032,-0.13118279569892477,-225.44516129032257,-0.7827956989247312,call,0,0.5229020118713379
3,8,7,Flop,0,♥J ♦8,♥9 ♥Q ♦5,40,0.1875,0.38222212128551636,1440,0,20,1,20,-288,-11.75,0.3125,-30.5,-0.625,raise,0,0.5291740894317627
4,8,6,Flop,0,♥J ♦8,♥9 ♥Q ♦5,90,0.17222222222222222,0.37387691907536086,1440,40,71,1,31,-328,-37.633333333333326,0.033333333333333215,-86.54444444444442,-0.6555555555555556,raise,0,0.5201611518859863
5,8,6,Turn,0,♥J ♦8,♥9 ♥Q ♦5 ♦Q,15,0.06666666666666667,0.24944382578492946,1866,0,49,1,49,-430,-335.0,-0.6,-348.06666666666666,-0.8666666666666667,call,0,0.5230898857116699
6,8,6,Turn,0,♥J ♦8,♥9 ♥Q ♦5 ♦Q,50,0.12,0.3249615361854384,1866,49,81,1,32,-479,-228.76,-0.28,-267.64,-0.76,call,0,0.5242233276367188
7,8,6,Turn,0,♥J ♦8,♥9 ♥Q ♦5 ♦Q,85,0.09411764705882353,0.2919923210821378,1866,81,111,2,30,-511,-302.6941176470588,-0.43529411764705883,-344.4823529411765,-0.8117647058823529,call,0,0.5257978439331055
8,8,6,River,0,♥J ♦8,♥9 ♥Q ♦5 ♦Q ♦6,15,0.0,0.0,2199,0,28,1,28,-541,-569.0,-1.0,-569.0,-1.0,fold,0,0.5226950645446777
