,N,Nnf,round,first,hole,board,Nsim,prWin,prWinStd,pot,bet,maxBet,NMaxBet,minBet,util_fold,util_call,util_raise_coeff,util_call2,util_raise_coeff2,action,amount,cputime
0,8,8,Deal,0,♠Q ♠3,,70,0.25476190476190474,0.4108850576648474,0,0,40,1,40,0,41.52380952380952,1.038095238095238,-19.61904761904762,-0.4904761904761905,raise,0,0.528632640838623
1,8,8,Deal,0,♠Q ♠3,,175,0.20476190476190473,0.3893130178279942,0,80,160,1,80,-80,102.09523809523807,0.6380952380952378,-94.47619047619048,-0.5904761904761906,raise,0,0.5261459350585938
2,8,8,Flop,0,♠Q ♠3,♣Q ♥4 ♥7,40,0.1375,0.33517719194479806,1936,0,62,1,62,-320,-47.599999999999966,0.10000000000000009,-98.74999999999994,-0.725,raise,0,0.5301291942596436
3,8,7,Flop,0,♠Q ♠3,♣Q ♥4 ♥7,115,0.1826086956521739,0.36314109596210603,1936,124,224,1,100,-444,95.8608695652174,0.27826086956521734,-108.66086956521735,-0.6347826086956522,raise,0,0.5200948715209961
4,8,7,Turn,0,♠Q ♠3,♣Q ♥4 ♥7 ♠J,15,0.1,0.27080128015453203,3504,0,21,1,21,-768,-423.9,-0.29999999999999993,-434.4,-0.8,call,0,0.5251750946044922
5,8,7,Turn,0,♠Q ♠3,♣Q ♥4 ♥7 ♠J,55,0.20909090909090908,0.3776832377789271,3504,21,68,2,47,-789,-3.81818181818187,0.4636363636363636,-74.90909090909099,-0.5818181818181818,raise,0,0.5210130214691162
6,8,7,River,0,♠Q ♠3,♣Q ♥4 ♥7 ♠J ♠10,15,0.06666666666666667,0.24944382578492946,3912,0,20,1,20,-904,-653.8666666666667,-0.5333333333333333,-660.5333333333333,-0.8666666666666667,call,0,0.5287108421325684
