,N,Nnf,round,first,hole,board,Nsim,prWin,prWinStd,pot,bet,maxBet,NMaxBet,minBet,util_fold,util_call,util_raise_coeff,util_call2,util_raise_coeff2,action,amount,cputime
0,8,8,Deal,0,♥8 ♠5,,10,0.15,0.32015621187164245,0,0,20,1,20,0,4.0,0.19999999999999996,-14.0,-0.7,raise,0,0.5274159908294678
1,8,7,Deal,0,♥8 ♠5,,95,0.08421052631578947,0.258055803623816,0,40,72,3,32,-40,-29.5578947368421,-0.41052631578947374,-59.873684210526314,-0.8315789473684211,call,0,0.5219738483428955
2,8,7,Flop,0,♥8 ♠5,♥10 ♥2 ♥Q,15,0.0,0.0,380,0,63,1,63,-72,-135.0,-1.0,-135.0,-1.0,fold,0,0.5232927799224854
