,N,Nnf,round,first,hole,board,Nsim,prWin,prWinStd,pot,bet,maxBet,NMaxBet,minBet,util_fold,util_call,util_raise_coeff,util_call2,util_raise_coeff2,action,amount,cputime
0,8,7,Deal,0,♦3 ♠10,,110,0.07234848484848484,0.24865022443960494,0,10,56,5,46,-10,-27.639393939393944,-0.49356060606060614,-47.8969696969697,-0.8553030303030303,fold,0,0.5269818305969238
