,N,Nnf,round,first,hole,board,Nsim,prWin,prWinStd,pot,bet,maxBet,NMaxBet,minBet,util_fold,util_call,util_raise_coeff,util_call2,util_raise_coeff2,action,amount,cputime
0,8,7,Deal,0,♦7 ♠7,,40,0.15,0.3570714214271425,0,0,20,1,20,0,1.0,0.050000000000000044,-14.0,-0.7,raise,0,0.5203390121459961
1,8,7,Deal,0,♦7 ♠7,,85,0.12941176470588237,0.3356551204161672,0,40,72,3,32,-40,-6.776470588235284,-0.09411764705882342,-53.364705882352936,-0.7411764705882353,call,0,0.5252528190612793
2,8,7,Flop,0,♦7 ♠7,♦A ♦J ♠K,20,0.05,0.21794494717703364,288,0,50,2,50,-72,-90.1,-0.6499999999999999,-102.6,-0.9,fold,0,0.5254061222076416
