,N,Nnf,round,first,hole,board,Nsim,prWin,prWinStd,pot,bet,maxBet,NMaxBet,minBet,util_fold,util_call,util_raise_coeff,util_call2,util_raise_coeff2,action,amount,cputime
0,8,7,Deal,0,♦6 ♠J,,60,0.16666666666666666,0.36132472314464664,0,0,2194,1,2194,0,365.6666666666665,0.16666666666666652,-1462.6666666666667,-0.6666666666666667,raise,0,0.5248010158538818
