,N,Nnf,round,first,hole,board,Nsim,prWin,prWinStd,pot,bet,maxBet,NMaxBet,minBet,util_fold,util_call,util_raise_coeff,util_call2,util_raise_coeff2,action,amount,cputime
0,8,8,Deal,0,♠A ♣8,,40,0.15,0.33911649915626335,0,0,160,1,160,0,32.0,0.19999999999999996,-112.0,-0.7,raise,0,0.5258111953735352
1,8,8,Deal,0,♠A ♣8,,115,0.12608695652173912,0.3219740622882369,0,320,337,3,17,-320,2.9304347826086996,0.008695652173912993,-252.01739130434783,-0.7478260869565218,raise,0,0.5305471420288086
2,8,8,Deal,0,♠A ♣8,,190,0.1631578947368421,0.36231786904201513,0,674,1000,1,326,-674,305.2631578947369,0.3052631578947369,-673.6842105263158,-0.6736842105263158,raise,0,0.5231831073760986
3,8,8,Flop,0,♠A ♣8,♥9 ♦6 ♥J,25,0.08,0.2315167380558045,8014,0,180,1,180,-2000,-1423.6799999999998,-0.36,-1510.08,-0.84,call,0,0.5225129127502441
4,8,8,Flop,0,♠A ♣8,♥9 ♦6 ♥J,60,0.075,0.2203217344400381,8014,180,260,1,80,-2180,-1502.95,-0.4,-1619.95,-0.85,call,0,0.5352628231048584
5,8,8,Turn,0,♠A ♣8,♥9 ♦6 ♥J ♦5,25,0.04,0.19595917942265428,8794,0,239,2,239,-2260,-2070.76,-0.6799999999999999,-2128.12,-0.92,call,0,0.5269351005554199
6,8,8,River,0,♠A ♣8,♥9 ♦6 ♥J ♦5 ♦Q,20,0.0,0.0,9511,0,309,2,309,-2499,-2808.0,-1.0,-2808.0,-1.0,fold,0,0.5286440849304199
