,N,Nnf,round,first,hole,board,Nsim,prWin,prWinStd,pot,bet,maxBet,NMaxBet,minBet,util_fold,util_call,util_raise_coeff,util_call2,util_raise_coeff2,action,amount,cputime
0,8,8,Deal,0,♥A ♥J,,40,0.225,0.4175823272122517,0,0,80,1,80,0,64.0,0.8,-44.0,-0.55,raise,0,0.5275259017944336
1,8,8,Deal,0,♥A ♥J,,125,0.22,0.4118252056394801,0,160,346,1,186,-160,262.96000000000004,0.76,-193.76,-0.56,raise,0,0.5213840007781982
2,8,7,Flop,0,♥A ♥J,♥4 ♠4 ♣9,10,0.5,0.4472135954999579,3358,0,76,1,76,-692,1177.0,2.5,987.0,0.0,raise,0,0.5220561027526855
3,8,6,Turn,0,♥A ♥J,♥4 ♠4 ♣9 ♠8,15,0.0,0.0,3814,0,157,1,157,-844,-1001.0,-1.0,-1001.0,-1.0,fold,0,0.5311169624328613
