,N,Nnf,round,first,hole,board,Nsim,prWin,prWinStd,pot,bet,maxBet,NMaxBet,minBet,util_fold,util_call,util_raise_coeff,util_call2,util_raise_coeff2,action,amount,cputime
0,8,7,Deal,0,♣5 ♣2,,50,0.17,0.36891733491393436,0,0,40,2,40,0,7.6000000000000085,0.19000000000000017,-26.4,-0.6599999999999999,raise,0,0.5241620540618896
1,8,7,Deal,0,♣5 ♣2,,95,0.15263157894736842,0.3559544930297035,0,80,100,1,20,-80,6.84210526315789,0.06842105263157894,-69.47368421052632,-0.6947368421052631,raise,0,0.5248949527740479
2,8,7,Flop,0,♣5 ♣2,♠9 ♦3 ♣8,35,0.11428571428571428,0.318157963590287,800,0,154,1,154,-200,-139.37142857142857,-0.20000000000000007,-227.37142857142857,-0.7714285714285715,call,0,0.5258140563964844
3,8,6,Turn,0,♣5 ♣2,♠9 ♦3 ♣8 ♦Q,25,0.0,0.0,1362,0,119,1,119,-354,-473.0,-1.0,-473.0,-1.0,fold,0,0.5286779403686523
