,N,Nnf,round,first,hole,board,Nsim,prWin,prWinStd,pot,bet,maxBet,NMaxBet,minBet,util_fold,util_call,util_raise_coeff,util_call2,util_raise_coeff2,action,amount,cputime
0,8,7,Deal,0,♣10 ♥10,,55,0.21818181818181817,0.41301151605820174,0,20,72,2,52,-20,37.96363636363637,0.5272727272727271,-40.58181818181818,-0.5636363636363637,raise,0,0.5272090435028076
1,8,7,Deal,0,♣10 ♥10,,95,0.2013157894736842,0.39954527477220625,0,144,1977,1,1833,-144,809.0092105263157,0.40921052631578947,-1180.9973684210527,-0.5973684210526315,raise,0,0.522050142288208
