,N,Nnf,round,first,hole,board,Nsim,prWin,prWinStd,pot,bet,maxBet,NMaxBet,minBet,util_fold,util_call,util_raise_coeff,util_call2,util_raise_coeff2,action,amount,cputime
0,8,7,Deal,0,♣9 ♣8,,80,0.2375,0.41814321709194324,0,0,51,4,51,0,33.787499999999994,0.6624999999999999,-26.775000000000002,-0.525,raise,0,0.5312411785125732
1,8,7,Deal,0,♣9 ♣8,,150,0.23,0.41484937025383073,0,102,126,4,24,-102,76.86000000000001,0.6100000000000001,-68.03999999999999,-0.54,raise,0,0.5269961357116699
2,8,6,Flop,0,♣9 ♣8,♠K ♦5 ♥4,70,0.02857142857142857,0.1665986255670086,1764,0,100,4,100,-252,-284.45714285714286,-0.8285714285714285,-295.8857142857143,-0.9428571428571428,fold,0,0.5267660617828369
