,N,Nnf,round,first,hole,board,Nsim,prWin,prWinStd,pot,bet,maxBet,NMaxBet,minBet,util_fold,util_call,util_raise_coeff,util_call2,util_raise_coeff2,action,amount,cputime
0,8,8,Deal,0,♦A ♥K,,120,0.2833333333333333,0.4506168611531925,0,20,142,1,122,-20,179.86666666666667,1.2666666666666666,-61.53333333333333,-0.43333333333333335,raise,0,0.5266289710998535
1,8,8,Flop,0,♦A ♥K,♣4 ♣Q ♦10,40,0.1625,0.36033838263498935,2272,0,20,1,20,-284,91.19999999999999,0.30000000000000004,71.69999999999999,-0.675,raise,0,0.5251321792602539
2,8,7,Flop,0,♦A ♥K,♣4 ♣Q ♦10,155,0.21182795698924733,0.4008546771503572,2272,40,96,1,56,-324,243.6215053763441,0.4827956989247313,141.94408602150543,-0.5763440860215053,raise,0,0.5260939598083496
3,8,7,Flop,0,♦A ♥K,♣4 ♣Q ♦10,270,0.2067901234567901,0.3982151345697401,2272,192,384,1,192,-476,357.67901234567876,0.44753086419753063,-39.358024691358196,-0.5864197530864198,raise,0,0.5242161750793457
4,8,7,Turn,0,♦A ♥K,♣4 ♣Q ♦10 ♠8,35,0.17142857142857143,0.3768830273792263,4960,0,20,1,20,-668,186.28571428571433,0.19999999999999996,169.14285714285722,-0.6571428571428571,raise,0,0.5261662006378174
5,8,7,Turn,0,♦A ♥K,♣4 ♣Q ♦10 ♠8,150,0.14,0.3469870314579494,4960,40,71,2,31,-708,24.980000000000132,-0.019999999999999907,-24.719999999999914,-0.72,call,0,0.5257689952850342
6,8,7,Turn,0,♦A ♥K,♣4 ♣Q ♦10 ♠8,265,0.1320754716981132,0.33577484870222774,4960,71,154,1,83,-739,-24.528301886792406,-0.07547169811320753,-126.22641509433959,-0.7358490566037736,call,0,0.528773307800293
7,8,7,River,0,♦A ♥K,♣4 ♣Q ♦10 ♠8 ♠3,40,0.0,0.0,6038,0,20,1,20,-822,-842.0,-1.0,-842.0,-1.0,fold,0,0.5209779739379883
