,N,Nnf,round,first,hole,board,Nsim,prWin,prWinStd,pot,bet,maxBet,NMaxBet,minBet,util_fold,util_call,util_raise_coeff,util_call2,util_raise_coeff2,action,amount,cputime
0,8,7,Deal,0,♠K ♠8,,70,0.2357142857142857,0.4202161737166494,0,0,66,3,66,0,42.900000000000006,0.6499999999999999,-34.885714285714286,-0.5285714285714286,raise,0,0.5223648548126221
1,8,7,Flop,0,♠K ♠8,♥4 ♦A ♦5,55,0.01818181818181818,0.133608531424537,924,0,72,4,72,-132,-178.03636363636363,-0.8727272727272728,-184.58181818181816,-0.9636363636363636,fold,0,0.529412031173706
