,N,Nnf,round,first,hole,board,Nsim,prWin,prWinStd,pot,bet,maxBet,NMaxBet,minBet,util_fold,util_call,util_raise_coeff,util_call2,util_raise_coeff2,action,amount,cputime
0,8,7,Deal,0,♠Q ♣Q,,90,0.26666666666666666,0.44221663871405337,0,10,49,2,39,-10,42.46666666666667,0.8666666666666667,-22.866666666666667,-0.4666666666666667,raise,0,0.5288879871368408
1,8,7,Flop,1,♠Q ♣Q,♥Q ♥8 ♦7,0,,,686,0,0,8,20,-98,,,,,call,0,0.5270569324493408
2,8,6,Flop,0,♠Q ♣Q,♥Q ♥8 ♦7,80,0.6875,0.46351240544347894,686,20,70,4,50,-118,592.375,3.125,399.875,0.375,raise,0,0.5225563049316406
3,8,5,Turn,1,♠Q ♣Q,♥Q ♥8 ♦7 ♠10,5,0.8,0.4000000000000001,1456,0,0,8,20,-238,926.8,3.0,926.8,0.6000000000000001,raise,0,0.5255248546600342
4,8,4,Turn,0,♠Q ♣Q,♥Q ♥8 ♦7 ♠10,60,0.6166666666666667,0.48619840486049404,1456,20,64,1,44,-258,753.7333333333333,1.4666666666666668,674.8,0.2333333333333334,raise,0,0.5185692310333252
5,8,4,River,1,♠Q ♣Q,♥Q ♥8 ♦7 ♠10 ♠6,5,0.2,0.4,1968,0,0,8,20,-366,27.600000000000023,-0.19999999999999996,27.600000000000023,-0.6,call,0,0.5253250598907471
6,8,4,River,0,♠Q ♣Q,♥Q ♥8 ♦7 ♠10 ♠6,45,0.26666666666666666,0.4422166387140534,1968,20,72,2,52,-386,163.5999999999999,0.06666666666666665,125.19999999999993,-0.4666666666666667,raise,0,0.5220198631286621
