,N,Nnf,round,first,hole,board,Nsim,prWin,prWinStd,pot,bet,maxBet,NMaxBet,minBet,util_fold,util_call,util_raise_coeff,util_call2,util_raise_coeff2,action,amount,cputime
0,8,8,Deal,0,♦3 ♦Q,,40,0.175,0.3799671038392666,0,0,40,1,40,0,16.0,0.3999999999999999,-26.0,-0.65,raise,0,0.5204579830169678
1,8,8,Deal,0,♦3 ♦Q,,140,0.1357142857142857,0.33723061811751076,0,80,160,1,80,-80,13.714285714285694,0.08571428571428563,-116.57142857142858,-0.7285714285714286,raise,0,0.52410888671875
2,8,7,Deal,0,♦3 ♦Q,,245,0.15646258503401358,0.35636130876817756,0,320,1000,5,680,-320,95.23809523809518,0.09523809523809512,-687.0748299319728,-0.6870748299319729,raise,0,0.5291359424591064
