,N,Nnf,round,first,hole,board,Nsim,prWin,prWinStd,pot,bet,maxBet,NMaxBet,minBet,util_fold,util_call,util_raise_coeff,util_call2,util_raise_coeff2,action,amount,cputime
0,8,7,Deal,0,♣9 ♣K,,85,0.1588235294117647,0.3614656822526404,0,10,76,2,66,-10,8.494117647058829,0.11176470588235299,-51.858823529411765,-0.6823529411764706,raise,0,0.527076244354248
1,8,7,Flop,1,♣9 ♣K,♦5 ♦7 ♥8,5,0.26666666666666666,0.38873012632302006,1064,0,0,8,20,-152,131.73333333333335,0.8666666666666667,131.73333333333335,-0.4666666666666667,raise,0,0.5230920314788818
2,8,6,Flop,0,♣9 ♣K,♦5 ♦7 ♥8,85,0.14901960784313725,0.3313899519736941,1064,20,48,1,28,-172,1.4745098039215634,-0.10588235294117654,-27.137254901960773,-0.7019607843137254,call,0,0.5281732082366943
3,8,6,Turn,1,♣9 ♣K,♦5 ♦7 ♥8 ♠A,5,0.1,0.20000000000000004,1352,0,0,8,20,-200,-64.79999999999998,-0.3999999999999999,-64.79999999999998,-0.8,call,0,0.5280277729034424
4,8,6,Turn,0,♣9 ♣K,♦5 ♦7 ♥8 ♠A,65,0.038461538461538464,0.1820332240953728,1352,20,69,4,49,-220,-201.0769230769231,-0.7692307692307692,-211.69230769230768,-0.9230769230769231,call,0,0.5217311382293701
5,8,6,River,1,♣9 ♣K,♦5 ♦7 ♥8 ♠A ♣10,5,0.0,0.0,1766,0,0,8,20,-269,-269.0,-1.0,-269.0,-1.0,call,0,0.5242760181427002
6,8,6,River,0,♣9 ♣K,♦5 ♦7 ♥8 ♠A ♣10,70,0.0,0.0,1766,20,44,2,24,-289,-313.0,-1.0,-313.0,-1.0,fold,0,0.5183520317077637
