,N,Nnf,round,first,hole,board,Nsim,prWin,prWinStd,pot,bet,maxBet,NMaxBet,minBet,util_fold,util_call,util_raise_coeff,util_call2,util_raise_coeff2,action,amount,cputime
0,8,8,Deal,0,♦A ♦J,,70,0.2666666666666666,0.42668898751138645,0,0,146,1,146,0,165.46666666666658,1.1333333333333329,-68.13333333333335,-0.4666666666666668,raise,0,0.5220651626586914
1,8,8,Deal,0,♦A ♦J,,170,0.23823529411764705,0.4089786699570229,0,292,584,1,292,-292,529.035294117647,0.9058823529411764,-305.74117647058824,-0.5235294117647059,raise,0,0.5271008014678955
