,N,Nnf,round,first,hole,board,Nsim,prWin,prWinStd,pot,bet,maxBet,NMaxBet,minBet,util_fold,util_call,util_raise_coeff,util_call2,util_raise_coeff2,action,amount,cputime
0,8,7,Deal,0,♥9 ♣3,,55,0.1,0.2923260943784277,0,20,49,2,29,-20,-14.699999999999996,-0.29999999999999993,-39.2,-0.8,call,0,0.5237159729003906
1,8,7,Deal,0,♥9 ♣3,,100,0.13,0.3287856444554719,0,49,193,2,144,-49,-17.370000000000005,-0.08999999999999997,-142.82,-0.74,call,0,0.5235781669616699
2,8,7,Flop,1,♥9 ♣3,♥5 ♦10 ♠9,0,,,772,0,0,8,40,-193,,,,,call,0,0.5288097858428955
3,8,7,Flop,0,♥9 ♣3,♥5 ♦10 ♠9,50,0.05,0.20615528128088303,772,40,131,2,91,-233,-239.54999999999998,-0.6499999999999999,-272.3,-0.9,fold,0,0.5289099216461182
