,N,Nnf,round,first,hole,board,Nsim,prWin,prWinStd,pot,bet,maxBet,NMaxBet,minBet,util_fold,util_call,util_raise_coeff,util_call2,util_raise_coeff2,action,amount,cputime
0,8,8,Deal,0,♥K ♠8,,40,0.2125,0.401364858950058,0,0,40,1,40,0,28.0,0.7,-23.0,-0.575,raise,0,0.5209140777587891
1,8,8,Deal,0,♥K ♠8,,125,0.129,0.32784752553588076,0,80,160,1,80,-80,5.1200000000000045,0.03200000000000003,-118.72,-0.742,raise,0,0.523646354675293
2,8,8,Flop,0,♥K ♠8,♠7 ♣2 ♣3,15,0.13333333333333333,0.339934634239519,1782,0,76,1,76,-320,-77.33333333333337,0.06666666666666665,-138.13333333333333,-0.7333333333333334,raise,0,0.521996021270752
3,8,8,Turn,0,♥K ♠8,♠7 ♣2 ♣3 ♠K,15,0.3333333333333333,0.47140452079103173,2238,0,50,1,50,-472,357.33333333333326,1.6666666666666665,257.33333333333337,-0.33333333333333337,raise,0,0.5301370620727539
4,8,8,River,0,♥K ♠8,♠7 ♣2 ♣3 ♠K ♦A,10,0.3,0.45825756949558394,2538,0,72,1,72,-572,290.19999999999993,1.4,160.60000000000002,-0.4,raise,0,0.5269689559936523
