,N,Nnf,round,first,hole,board,Nsim,prWin,prWinStd,pot,bet,maxBet,NMaxBet,minBet,util_fold,util_call,util_raise_coeff,util_call2,util_raise_coeff2,action,amount,cputime
0,8,8,Deal,0,♦K ♥9,,60,0.18333333333333332,0.38693955887479675,0,0,88,1,88,0,41.06666666666666,0.46666666666666656,-55.733333333333334,-0.6333333333333333,raise,0,0.5274510383605957
1,8,8,Deal,0,♦K ♥9,,165,0.19393939393939394,0.38764197316236076,0,176,352,1,176,-176,194.13333333333333,0.5515151515151515,-215.46666666666667,-0.6121212121212121,raise,0,0.5270168781280518
2,8,8,Deal,0,♦K ♥9,,270,0.1993827160493827,0.39265324867245727,0,704,1000,2,296,-704,595.0617283950617,0.5950617283950617,-601.2345679012346,-0.6012345679012345,raise,0,0.5235860347747803
