,N,Nnf,round,first,hole,board,Nsim,prWin,prWinStd,pot,bet,maxBet,NMaxBet,minBet,util_fold,util_call,util_raise_coeff,util_call2,util_raise_coeff2,action,amount,cputime
0,8,7,Deal,0,♠J ♥10,,85,0.21764705882352942,0.3944248144527109,0,0,55,4,55,0,28.794117647058826,0.5235294117647058,-31.058823529411764,-0.5647058823529412,raise,0,0.5267000198364258
1,8,6,Flop,0,♠J ♥10,♠5 ♥7 ♥Q,65,0.07692307692307693,0.26646935501059654,770,0,100,5,100,-110,-104.61538461538461,-0.5384615384615384,-135.3846153846154,-0.8461538461538461,call,0,0.5291178226470947
2,8,6,Turn,0,♠J ♥10,♠5 ♥7 ♥Q ♥3,55,0.07272727272727272,0.25968830649246727,1370,0,100,5,100,-210,-166.72727272727275,-0.5636363636363637,-195.8181818181818,-0.8545454545454545,call,0,0.5342891216278076
3,8,6,River,0,♠J ♥10,♠5 ♥7 ♥Q ♥3 ♦3,55,0.0,0.0,1970,0,100,5,100,-310,-410.0,-1.0,-410.0,-1.0,fold,0,0.5226390361785889
