,N,Nnf,round,first,hole,board,Nsim,prWin,prWinStd,pot,bet,maxBet,NMaxBet,minBet,util_fold,util_call,util_raise_coeff,util_call2,util_raise_coeff2,action,amount,cputime
0,8,8,Deal,0,♠8 ♦Q,,50,0.23666666666666664,0.4137766439893764,0,0,94,1,94,0,83.9733333333333,0.8933333333333331,-49.506666666666675,-0.5266666666666667,raise,0,0.5228862762451172
1,8,8,Deal,0,♠8 ♦Q,,125,0.19466666666666665,0.38857917826072186,0,188,376,1,188,-188,209.5573333333333,0.5573333333333332,-229.61066666666667,-0.6106666666666667,raise,0,0.5211613178253174
