,N,Nnf,round,first,hole,board,Nsim,prWin,prWinStd,pot,bet,maxBet,NMaxBet,minBet,util_fold,util_call,util_raise_coeff,util_call2,util_raise_coeff2,action,amount,cputime
0,8,8,Deal,0,♦J ♦K,,50,0.21666666666666667,0.4003470716488105,0,0,55,2,55,0,40.33333333333334,0.7333333333333334,-31.166666666666664,-0.5666666666666667,raise,0,0.527224063873291
1,8,8,Deal,0,♦J ♦K,,150,0.18555555555555556,0.3803198783610228,0,110,220,1,110,-110,106.57777777777778,0.48444444444444446,-138.35555555555555,-0.6288888888888888,raise,0,0.5208449363708496
2,8,7,Deal,0,♦J ♦K,,250,0.2253333333333333,0.4119093751462005,0,440,1000,4,560,-440,577.3333333333333,0.577333333333333,-549.3333333333334,-0.5493333333333335,raise,0,0.5300788879394531
3,8,7,Flop,1,♦J ♦K,♣3 ♥3 ♥7,5,0.0,0.0,10602,0,0,8,20,-2000,-2000.0,-1.0,-2000.0,-1.0,call,0,0.528792142868042
4,8,6,Flop,0,♦J ♦K,♣3 ♥3 ♥7,40,0.075,0.26339134382131846,10602,20,35,1,15,-2020,-1224.1,-0.55,-1234.6,-0.85,call,0,0.5237863063812256
5,8,6,Turn,1,♦J ♦K,♣3 ♥3 ♥7 ♦3,5,0.0,0.0,10672,0,0,8,20,-2035,-2035.0,-1.0,-2035.0,-1.0,call,0,0.5210070610046387
6,8,6,River,1,♦J ♦K,♣3 ♥3 ♥7 ♦3 ♠5,5,0.0,0.0,10712,0,0,8,20,-2055,-2055.0,-1.0,-2055.0,-1.0,call,0,0.5277140140533447
7,8,6,River,0,♦J ♦K,♣3 ♥3 ♥7 ♦3 ♠5,30,0.0,0.0,10712,20,50,1,30,-2075,-2105.0,-1.0,-2105.0,-1.0,fold,0,0.5194380283355713
