,N,Nnf,round,first,hole,board,Nsim,prWin,prWinStd,pot,bet,maxBet,NMaxBet,minBet,util_fold,util_call,util_raise_coeff,util_call2,util_raise_coeff2,action,amount,cputime
0,8,8,Deal,0,♥3 ♦A,,35,0.15714285714285714,0.33319725113401716,0,0,40,1,40,0,10.285714285714285,0.2571428571428571,-27.42857142857143,-0.6857142857142857,raise,0,0.5227699279785156
1,8,8,Deal,0,♥3 ♦A,,135,0.12962962962962962,0.32181754068486607,0,80,160,1,80,-80,5.925925925925924,0.03703703703703698,-118.51851851851852,-0.7407407407407407,raise,0,0.5281820297241211
2,8,8,Deal,0,♥3 ♦A,,230,0.15217391304347827,0.3468736961180556,0,320,8062,1,7742,-320,1752.608695652174,0.21739130434782616,-5608.347826086956,-0.6956521739130435,raise,0,0.5265910625457764
