,N,Nnf,round,first,hole,board,Nsim,prWin,prWinStd,pot,bet,maxBet,NMaxBet,minBet,util_fold,util_call,util_raise_coeff,util_call2,util_raise_coeff2,action,amount,cputime
0,8,8,Deal,0,♣9 ♥K,,95,0.15175438596491228,0.33790266154559023,0,10,82,1,72,-10,17.550877192982455,0.21403508771929824,-57.112280701754386,-0.6964912280701754,raise,0,0.5318381786346436
1,8,8,Deal,0,♣9 ♥K,,200,0.15458333333333332,0.3464500024053495,0,164,328,1,164,-164,77.62666666666667,0.23666666666666658,-226.59333333333333,-0.6908333333333334,raise,0,0.5298948287963867
2,8,8,Flop,1,♣9 ♥K,♥A ♠Q ♣K,5,0.4,0.48989794855663565,5248,0,0,8,20,-656,1443.2000000000003,2.2,1443.2000000000003,-0.19999999999999996,raise,0,0.5279459953308105
3,8,8,Flop,0,♣9 ♥K,♥A ♠Q ♣K,105,0.21428571428571427,0.38124988383329705,5248,20,79,2,59,-676,524.9999999999998,0.7142857142857142,423.42857142857133,-0.5714285714285714,raise,0,0.5228409767150879
4,8,8,Flop,0,♣9 ♥K,♥A ♠Q ♣K,205,0.2097560975609756,0.38135714736311627,5248,158,316,1,158,-814,659.0634146341463,0.6780487804878048,261.3658536585365,-0.5804878048780489,raise,0,0.524212121963501
