,N,Nnf,round,first,hole,board,Nsim,prWin,prWinStd,pot,bet,maxBet,NMaxBet,minBet,util_fold,util_call,util_raise_coeff,util_call2,util_raise_coeff2,action,amount,cputime
0,8,8,Deal,0,♦3 ♥5,,45,0.05555555555555555,0.21659542988464356,0,0,160,1,160,0,-88.88888888888889,-0.5555555555555556,-142.22222222222223,-0.8888888888888888,fold,0,0.5220861434936523
