,N,Nnf,round,first,hole,board,Nsim,prWin,prWinStd,pot,bet,maxBet,NMaxBet,minBet,util_fold,util_call,util_raise_coeff,util_call2,util_raise_coeff2,action,amount,cputime
0,8,8,Deal,0,♦10 ♣8,,40,0.1625,0.36033838263498935,0,0,40,1,40,0,12.0,0.30000000000000004,-27.0,-0.675,raise,0,0.5265903472900391
1,8,8,Deal,0,♦10 ♣8,,145,0.12413793103448276,0.3244679171364895,0,80,96,2,16,-80,-0.6620689655172498,-0.006896551724137945,-72.16551724137932,-0.7517241379310344,call,0,0.523547887802124
2,8,8,Deal,0,♦10 ♣8,,250,0.1,0.2966479394838265,0,96,139,6,43,-96,-27.799999999999997,-0.19999999999999996,-111.2,-0.8,call,0,0.5207390785217285
3,8,8,Flop,0,♦10 ♣8,♠9 ♠4 ♣6,55,0.13636363636363635,0.3364864640603954,1112,0,158,1,158,-139,27.0,0.09090909090909083,-102.27272727272728,-0.7272727272727273,raise,0,0.5278050899505615
4,8,7,Flop,0,♦10 ♣8,♠9 ♠4 ♣6,160,0.18125,0.3811475272122331,1112,316,632,1,316,-455,232.39999999999998,0.26875000000000004,-340.35,-0.6375,raise,0,0.5255990028381348
5,8,7,Turn,1,♦10 ♣8,♠9 ♠4 ♣6 ♦Q,5,0.4,0.48989794855663565,7945,0,0,8,20,-1403,1775.0,1.8000000000000003,1775.0,-0.19999999999999996,raise,0,0.5217418670654297
6,8,7,River,1,♦10 ♣8,♠9 ♠4 ♣6 ♦Q ♠8,5,0.0,0.0,7985,0,0,8,20,-1423,-1423.0,-1.0,-1423.0,-1.0,call,0,0.5243480205535889
7,8,7,River,0,♦10 ♣8,♠9 ♠4 ♣6 ♦Q ♠8,30,0.0,0.0,7985,20,72,1,52,-1443,-1495.0,-1.0,-1495.0,-1.0,fold,0,0.5220510959625244
