,N,Nnf,round,first,hole,board,Nsim,prWin,prWinStd,pot,bet,maxBet,NMaxBet,minBet,util_fold,util_call,util_raise_coeff,util_call2,util_raise_coeff2,action,amount,cputime
0,8,8,Deal,0,♦Q ♠6,,10,0.2,0.4000000000000001,0,0,20,1,20,0,12.0,0.6000000000000001,-12.0,-0.6,raise,0,0.5234947204589844
1,8,8,Deal,0,♦Q ♠6,,110,0.14393939393939392,0.3382047619022684,0,40,74,5,34,-40,11.212121212121204,0.15151515151515138,-52.6969696969697,-0.7121212121212122,raise,0,0.5253639221191406
2,8,6,Flop,0,♦Q ♠6,♥10 ♣9 ♣A,45,0.03333333333333333,0.16329931618554516,1076,0,60,1,60,-148,-160.13333333333333,-0.8,-168.13333333333333,-0.9333333333333333,fold,0,0.5333259105682373
