,N,Nnf,round,first,hole,board,Nsim,prWin,prWinStd,pot,bet,maxBet,NMaxBet,minBet,util_fold,util_call,util_raise_coeff,util_call2,util_raise_coeff2,action,amount,cputime
0,8,8,Deal,0,♣2 ♥10,,45,0.08888888888888889,0.28458329944145994,0,0,298,1,298,0,-86.08888888888887,-0.28888888888888886,-245.0222222222222,-0.8222222222222222,fold,0,0.5260441303253174
