,N,Nnf,round,first,hole,board,Nsim,prWin,prWinStd,pot,bet,maxBet,NMaxBet,minBet,util_fold,util_call,util_raise_coeff,util_call2,util_raise_coeff2,action,amount,cputime
0,8,8,Deal,0,♥7 ♣5,,10,0.25,0.4031128874149275,0,0,20,1,20,0,20.0,1.0,-10.0,-0.5,raise,0,0.5229461193084717
1,8,7,Deal,0,♥7 ♣5,,100,0.08,0.2619160170741759,0,40,77,3,37,-40,-33.879999999999995,-0.43999999999999995,-64.68,-0.84,call,0,0.5263254642486572
2,8,7,Deal,0,♥7 ♣5,,170,0.11176470588235295,0.31037425784171574,0,77,122,3,45,-77,-26.552941176470583,-0.21764705882352942,-94.72941176470587,-0.7764705882352941,call,0,0.5257351398468018
3,8,7,Flop,0,♥7 ♣5,♠6 ♦8 ♥A,10,0.0,0.0,752,0,20,1,20,-122,-142.0,-1.0,-142.0,-1.0,fold,0,0.5233588218688965
