,N,Nnf,round,first,hole,board,Nsim,prWin,prWinStd,pot,bet,maxBet,NMaxBet,minBet,util_fold,util_call,util_raise_coeff,util_call2,util_raise_coeff2,action,amount,cputime
0,8,7,Deal,0,♠10 ♣A,,60,0.19166666666666668,0.3882832585740581,0,0,72,2,72,0,24.60000000000001,0.3416666666666668,-44.4,-0.6166666666666667,raise,0,0.5233688354492188
1,8,7,Flop,0,♠10 ♣A,♠A ♦K ♦2,50,0.33,0.44283179650969057,1008,0,79,2,79,-144,292.1300000000001,1.31,161.78000000000003,-0.33999999999999997,raise,0,0.5317962169647217
2,8,7,Turn,0,♠10 ♣A,♠A ♦K ♦2 ♠4,55,0.2515151515151515,0.4238742991590824,2114,0,78,3,78,-302,289.030303030303,0.7606060606060607,190.939393939394,-0.49696969696969695,raise,0,0.5229191780090332
3,8,7,River,0,♠10 ♣A,♠A ♦K ♦2 ♠4 ♣J,45,0.4,0.47842333648024415,3189,0,62,2,62,-458,929.2,1.8000000000000003,805.2,-0.19999999999999996,raise,0,0.5218689441680908
