,N,Nnf,round,first,hole,board,Nsim,prWin,prWinStd,pot,bet,maxBet,NMaxBet,minBet,util_fold,util_call,util_raise_coeff,util_call2,util_raise_coeff2,action,amount,cputime
0,8,8,Deal,0,♠6 ♠9,,65,0.2230769230769231,0.4116642510849124,0,0,104,1,104,0,81.60000000000002,0.7846153846153847,-57.599999999999994,-0.5538461538461539,raise,0,0.525709867477417
1,8,8,Deal,0,♠6 ♠9,,160,0.15625,0.35876306596415414,0,208,416,1,208,-208,104.0,0.25,-286.0,-0.6875,raise,0,0.5225620269775391
2,8,8,Flop,0,♠6 ♠9,♥J ♥8 ♥K,70,0.0,0.0,5082,0,168,1,168,-832,-1000.0,-1.0,-1000.0,-1.0,fold,0,0.5265731811523438
