,N,Nnf,round,first,hole,board,Nsim,prWin,prWinStd,pot,bet,maxBet,NMaxBet,minBet,util_fold,util_call,util_raise_coeff,util_call2,util_raise_coeff2,action,amount,cputime
0,8,7,Deal,0,♦A ♠10,,60,0.15,0.3570714214271425,0,20,90,2,70,-20,4.5,0.050000000000000044,-63.0,-0.7,raise,0,0.5225727558135986
1,8,7,Deal,0,♦A ♠10,,110,0.18181818181818182,0.37372372347444477,0,180,227,1,47,-180,61.909090909090935,0.2727272727272727,-144.45454545454544,-0.6363636363636364,raise,0,0.5231506824493408
2,8,7,Flop,1,♦A ♠10,♦10 ♠J ♦2,5,0.2,0.4,1816,0,0,8,40,-454,-90.79999999999995,0.40000000000000013,-90.79999999999995,-0.6,raise,0,0.5240600109100342
3,8,7,Flop,0,♦A ♠10,♦10 ♠J ♦2,55,0.23636363636363636,0.42484805256537894,1816,40,146,2,106,-494,70.79999999999995,0.6545454545454545,-101.74545454545455,-0.5272727272727273,raise,0,0.5249309539794922
