,N,Nnf,round,first,hole,board,Nsim,prWin,prWinStd,pot,bet,maxBet,NMaxBet,minBet,util_fold,util_call,util_raise_coeff,util_call2,util_raise_coeff2,action,amount,cputime
0,8,8,Deal,0,♣9 ♣4,,10,0.3166666666666667,0.38333333333333336,0,0,20,1,20,0,30.66666666666667,1.5333333333333337,-7.333333333333332,-0.3666666666666666,raise,0,0.5213932991027832
1,8,7,Deal,0,♣9 ♣4,,115,0.136231884057971,0.32421038131212976,0,40,64,1,24,-40,-2.9681159420290015,-0.04637681159420315,-46.562318840579714,-0.727536231884058,call,0,0.5317080020904541
2,8,7,Deal,0,♣9 ♣4,,195,0.1282051282051282,0.31726560197399867,0,64,127,4,63,-64,-13.025641025641036,-0.10256410256410264,-94.43589743589743,-0.7435897435897436,call,0,0.5292770862579346
3,8,7,Flop,0,♣9 ♣4,♠3 ♦5 ♠10,25,0.0,0.0,909,0,38,1,38,-127,-165.0,-1.0,-165.0,-1.0,fold,0,0.5218067169189453
