,N,Nnf,round,first,hole,board,Nsim,prWin,prWinStd,pot,bet,maxBet,NMaxBet,minBet,util_fold,util_call,util_raise_coeff,util_call2,util_raise_coeff2,action,amount,cputime
0,8,8,Deal,0,♠6 ♣5,,85,0.09411764705882353,0.2919923210821378,0,20,284,1,264,-20,-70.16470588235293,-0.24705882352941178,-230.54117647058823,-0.8117647058823529,fold,0,0.5284280776977539
