,N,Nnf,round,first,hole,board,Nsim,prWin,prWinStd,pot,bet,maxBet,NMaxBet,minBet,util_fold,util_call,util_raise_coeff,util_call2,util_raise_coeff2,action,amount,cputime
0,8,8,Deal,0,♥A ♥4,,85,0.13529411764705881,0.33771059045664303,0,0,70,1,70,0,5.764705882352942,0.08235294117647052,-51.05882352941177,-0.7294117647058824,raise,0,0.5234050750732422
1,8,7,Flop,0,♥A ♥4,♠5 ♣3 ♠9,65,0.06923076923076923,0.24615384615384614,1050,0,100,6,100,-140,-118.84615384615384,-0.5153846153846153,-153.46153846153845,-0.8615384615384616,call,0,0.5288591384887695
2,8,6,Turn,0,♥A ♥4,♠5 ♣3 ♠9 ♥5,65,0.07692307692307693,0.25162195744301735,1750,0,100,5,100,-240,-159.23076923076923,-0.5384615384615384,-190.0,-0.8461538461538461,call,0,0.523385763168335
3,8,6,River,0,♥A ♥4,♠5 ♣3 ♠9 ♥5 ♦K,50,0.0,0.0,2350,0,100,5,100,-340,-440.0,-1.0,-440.0,-1.0,fold,0,0.5330779552459717
