,N,Nnf,round,first,hole,board,Nsim,prWin,prWinStd,pot,bet,maxBet,NMaxBet,minBet,util_fold,util_call,util_raise_coeff,util_call2,util_raise_coeff2,action,amount,cputime
0,8,7,Deal,0,♥A ♣10,,105,0.17261904761904762,0.37015961501704797,0,20,68,4,48,-20,14.166666666666657,0.20833333333333326,-44.523809523809526,-0.6547619047619048,raise,0,0.5267467498779297
1,8,7,Flop,1,♥A ♣10,♦4 ♠5 ♥7,5,0.0,0.0,962,0,0,8,20,-136,-136.0,-1.0,-136.0,-1.0,call,0,0.5267889499664307
2,8,6,Flop,0,♥A ♣10,♦4 ♠5 ♥7,80,0.08125,0.2674386611916833,962,20,77,4,57,-156,-97.29999999999998,-0.5125,-122.32499999999999,-0.8375,call,0,0.5273420810699463
3,8,6,Flop,0,♥A ♣10,♦4 ♠5 ♥7,145,0.06091954022988505,0.23227493379015643,962,77,111,5,34,-213,-147.82298850574713,-0.6344827586206897,-174.8712643678161,-0.8781609195402299,call,0,0.5216350555419922
4,8,6,Turn,1,♥A ♣10,♦4 ♠5 ♥7 ♥4,5,0.0,0.0,1628,0,0,8,20,-247,-247.0,-1.0,-247.0,-1.0,call,0,0.5265579223632812
5,8,6,Turn,0,♥A ♣10,♦4 ♠5 ♥7 ♥4,70,0.014285714285714285,0.11866605518454394,1628,20,59,2,39,-267,-277.6857142857143,-0.9142857142857143,-281.0571428571428,-0.9714285714285714,fold,0,0.5218119621276855
