,N,Nnf,round,first,hole,board,Nsim,prWin,prWinStd,pot,bet,maxBet,NMaxBet,minBet,util_fold,util_call,util_raise_coeff,util_call2,util_raise_coeff2,action,amount,cputime
0,8,7,Deal,0,♥K ♥4,,60,0.18333333333333332,0.38693955887479675,0,0,49,1,49,0,13.883333333333326,0.2833333333333332,-31.033333333333335,-0.6333333333333333,raise,0,0.526608943939209
1,8,7,Flop,0,♥K ♥4,♥9 ♦8 ♦K,45,0.25555555555555554,0.4297573245736381,686,0,68,4,68,-98,130.95555555555552,0.7888888888888888,44.06666666666666,-0.48888888888888893,raise,0,0.5280652046203613
2,8,6,Turn,0,♥K ♥4,♥9 ♦8 ♦K ♥8,45,0.24444444444444444,0.3890475866669243,1502,0,69,1,69,-234,165.35555555555555,0.46666666666666656,97.88888888888891,-0.5111111111111111,raise,0,0.5199928283691406
3,8,6,River,0,♥K ♥4,♥9 ♦8 ♦K ♥8 ♠10,35,0.18571428571428572,0.3602720060833855,2258,0,2257,1,2257,-372,305.2857142857142,0.11428571428571432,-1371.3428571428572,-0.6285714285714286,raise,0,0.5208632946014404
