,N,Nnf,round,first,hole,board,Nsim,prWin,prWinStd,pot,bet,maxBet,NMaxBet,minBet,util_fold,util_call,util_raise_coeff,util_call2,util_raise_coeff2,action,amount,cputime
0,8,7,Deal,0,♥Q ♦K,,60,0.16666666666666666,0.372677996249965,0,0,20,2,20,0,3.333333333333332,0.16666666666666652,-13.333333333333334,-0.6666666666666667,raise,0,0.5250639915466309
1,8,7,Deal,0,♥Q ♦K,,160,0.21875,0.4096015594452736,0,40,79,1,39,-40,41.96875,0.53125,-44.4375,-0.5625,raise,0,0.5233609676361084
2,8,7,Flop,0,♥Q ♦K,♣K ♥K ♠10,45,0.8666666666666667,0.3055050463303894,1106,0,842,3,842,-158,5066.666666666667,5.066666666666666,1418.0,0.7333333333333334,raise,0,0.5270969867706299
