,N,Nnf,round,first,hole,board,Nsim,prWin,prWinStd,pot,bet,maxBet,NMaxBet,minBet,util_fold,util_call,util_raise_coeff,util_call2,util_raise_coeff2,action,amount,cputime
0,8,8,Deal,0,♥5 ♣6,,95,0.10526315789473684,0.2892343508217702,0,20,120,1,100,-20,-18.94736842105263,-0.1578947368421053,-94.73684210526315,-0.7894736842105263,call,0,0.5234990119934082
1,8,8,Deal,0,♥5 ♣6,,200,0.11,0.3006659275674582,0,120,256,1,136,-120,-30.72,-0.12,-199.68,-0.78,call,0,0.5298681259155273
2,8,8,Flop,0,♥5 ♣6,♥A ♠8 ♥2,35,0.07142857142857142,0.2432769480846629,2048,0,20,1,20,-256,-118.2857142857143,-0.4285714285714286,-126.85714285714286,-0.8571428571428572,call,0,0.5268957614898682
3,8,8,Flop,0,♥5 ♣6,♥A ♠8 ♥2,135,0.03425925925925926,0.17442340834082184,2048,20,104,1,84,-276,-261.3333333333333,-0.7259259259259259,-282.7111111111111,-0.9314814814814815,call,0,0.5232720375061035
4,8,8,Flop,0,♥5 ♣6,♥A ♠8 ♥2,240,0.05260416666666667,0.2198626218406369,2048,104,246,1,142,-360,-290.7416666666667,-0.5791666666666666,-368.38541666666663,-0.8947916666666667,call,0,0.5267720222473145
5,8,8,Flop,0,♥5 ♣6,♥A ♠8 ♥2,345,0.05398550724637681,0.22367254097689673,2048,246,744,5,498,-502,-568.1159420289855,-0.5681159420289855,-809.1072463768116,-0.8920289855072464,fold,0,0.5320289134979248
