,N,Nnf,round,first,hole,board,Nsim,prWin,prWinStd,pot,bet,maxBet,NMaxBet,minBet,util_fold,util_call,util_raise_coeff,util_call2,util_raise_coeff2,action,amount,cputime
0,8,7,Deal,0,♠J ♣A,,50,0.27,0.43829214001622246,0,0,157,1,157,0,139.73000000000002,0.8900000000000001,-72.22,-0.45999999999999996,raise,0,0.5226671695709229
1,8,7,Flop,0,♠J ♣A,♣4 ♠A ♦2,35,0.32857142857142857,0.4620274751084637,1256,0,134,1,134,-314,272.88571428571436,1.2999999999999998,52.74285714285713,-0.34285714285714286,raise,0,0.5237870216369629
2,8,6,Flop,0,♠J ♣A,♣4 ♠A ♦2,75,0.30666666666666664,0.4538232646698002,1256,268,285,1,17,-582,310.57333333333327,0.8399999999999999,-39.026666666666756,-0.3866666666666667,raise,0,0.5217669010162354
3,8,6,Turn,0,♠J ♣A,♣4 ♠A ♦2 ♦7,25,0.44,0.4963869458396343,3066,0,71,1,71,-884,581.48,1.6400000000000001,456.52,-0.12,raise,0,0.5284039974212646
4,8,5,Turn,0,♠J ♣A,♣4 ♠A ♦2 ♦7,60,0.36666666666666664,0.4818944098266986,3066,142,184,1,42,-1026,393.5333333333333,0.8333333333333333,191.1333333333332,-0.2666666666666667,raise,0,0.5256881713867188
