,N,Nnf,round,first,hole,board,Nsim,prWin,prWinStd,pot,bet,maxBet,NMaxBet,minBet,util_fold,util_call,util_raise_coeff,util_call2,util_raise_coeff2,action,amount,cputime
0,8,7,Deal,0,♣9 ♦J,,70,0.15714285714285714,0.35398604838182485,0,0,65,2,65,0,6.5,0.10000000000000009,-44.57142857142857,-0.6857142857142857,raise,0,0.5259301662445068
1,8,7,Flop,0,♣9 ♦J,♦6 ♥8 ♥Q,55,0.14545454545454545,0.3525585350848239,910,0,76,2,76,-130,3.745454545454521,0.018181818181818077,-51.52727272727276,-0.7090909090909091,raise,0,0.5285477638244629
2,8,6,Flop,0,♣9 ♦J,♦6 ♥8 ♥Q,150,0.10555555555555554,0.3021016916516116,910,152,154,1,2,-282,-90.41111111111115,-0.3666666666666667,-155.43333333333334,-0.788888888888889,call,0,0.5291650295257568
3,8,5,Turn,0,♣9 ♦J,♦6 ♥8 ♥Q ♦9,60,0.08333333333333333,0.2763853991962833,1834,0,62,3,62,-284,-167.33333333333337,-0.5833333333333334,-182.83333333333334,-0.8333333333333334,call,0,0.5307550430297852
4,8,4,River,0,♣9 ♦J,♦6 ♥8 ♥Q ♦9 ♠2,45,0.13333333333333333,0.33993463423951903,2141,0,60,1,60,-346,-88.53333333333336,-0.4666666666666667,-104.53333333333336,-0.7333333333333334,call,0,0.5296931266784668
5,8,4,River,0,♣9 ♦J,♦6 ♥8 ♥Q ♦9 ♠2,90,0.12222222222222222,0.3275422882885261,2141,60,96,2,36,-406,-133.3888888888889,-0.5111111111111111,-156.8555555555556,-0.7555555555555555,call,0,0.5196821689605713
