,N,Nnf,round,first,hole,board,Nsim,prWin,prWinStd,pot,bet,maxBet,NMaxBet,minBet,util_fold,util_call,util_raise_coeff,util_call2,util_raise_coeff2,action,amount,cputime
0,8,7,Deal,0,♠A ♥J,,40,0.25,0.4330127018922193,0,0,20,1,20,0,15.0,0.75,-10.0,-0.5,raise,0,0.5185909271240234
1,8,7,Deal,0,♠A ♥J,,110,0.23636363636363636,0.4248480525653791,0,40,78,5,38,-40,51.05454545454546,0.6545454545454545,-41.127272727272725,-0.5272727272727273,raise,0,0.5248558521270752
2,8,7,Flop,0,♠A ♥J,♥3 ♦4 ♠10,25,0.0,0.0,1092,0,66,2,66,-156,-222.0,-1.0,-222.0,-1.0,fold,0,0.5240530967712402
