,N,Nnf,round,first,hole,board,Nsim,prWin,prWinStd,pot,bet,maxBet,NMaxBet,minBet,util_fold,util_call,util_raise_coeff,util_call2,util_raise_coeff2,action,amount,cputime
0,8,8,Deal,0,♦K ♥3,,100,0.15,0.35,0,0,60,1,60,0,12.0,0.19999999999999996,-42.0,-0.7,raise,0,0.5247828960418701
1,8,8,Flop,0,♦K ♥3,♣3 ♥J ♥K,115,0.4797101449275363,0.4890826600393708,960,0,200,1,200,-120,908.0579710144928,2.83768115942029,332.40579710144925,-0.04057971014492745,raise,0,0.5236163139343262
2,8,7,Flop,0,♦K ♥3,♣3 ♥J ♥K,240,0.45069444444444445,0.49041694200564967,960,400,800,1,400,-520,2036.5555555555552,2.1548611111111113,233.77777777777783,-0.0986111111111111,raise,0,0.5383718013763428
