,N,Nnf,round,first,hole,board,Nsim,prWin,prWinStd,pot,bet,maxBet,NMaxBet,minBet,util_fold,util_call,util_raise_coeff,util_call2,util_raise_coeff2,action,amount,cputime
0,8,8,Deal,0,♦K ♥Q,,55,0.18181818181818182,0.38569460791993504,0,0,84,1,84,0,38.18181818181819,0.4545454545454546,-53.45454545454545,-0.6363636363636364,raise,0,0.5297908782958984
1,8,8,Deal,0,♦K ♥Q,,160,0.21875,0.4096015594452736,0,168,336,1,168,-168,252.0,0.75,-189.0,-0.5625,raise,0,0.523857831954956
2,8,8,Flop,0,♦K ♥Q,♦Q ♠6 ♥4,60,0.43333333333333335,0.4955356249106168,5376,0,96,1,96,-672,1894.4,2.466666666666667,1644.7999999999997,-0.1333333333333333,raise,0,0.5225090980529785
3,8,7,Flop,0,♦K ♥Q,♦Q ♠6 ♥4,165,0.39090909090909093,0.48639903581171656,5376,192,328,1,136,-864,1999.0545454545454,1.7363636363636363,1357.9636363636364,-0.21818181818181814,raise,0,0.5221760272979736
