,N,Nnf,round,first,hole,board,Nsim,prWin,prWinStd,pot,bet,maxBet,NMaxBet,minBet,util_fold,util_call,util_raise_coeff,util_call2,util_raise_coeff2,action,amount,cputime
0,8,8,Deal,0,♥7 ♥K,,40,0.125,0.33071891388307384,0,0,80,1,80,0,0.0,0.0,-60.0,-0.75,call,0,0.5221588611602783
1,8,8,Deal,0,♥7 ♥K,,115,0.16195652173913044,0.36414503539838766,0,80,124,3,44,-80,36.66086956521741,0.29565217391304355,-83.83478260869565,-0.6760869565217391,raise,0,0.5307350158691406
2,8,8,Deal,0,♥7 ♥K,,190,0.1401315789473684,0.3443882578728038,0,248,496,1,248,-248,60.04210526315785,0.1210526315789473,-356.98947368421057,-0.7197368421052632,raise,0,0.5220439434051514
3,8,8,Flop,0,♥7 ♥K,♠J ♠8 ♦9,60,0.06666666666666667,0.2321398046197353,4960,0,8,3,8,-992,-665.0666666666666,-0.4666666666666667,-668.2666666666667,-0.8666666666666667,call,0,0.5298769474029541
