,N,Nnf,round,first,hole,board,Nsim,prWin,prWinStd,pot,bet,maxBet,NMaxBet,minBet,util_fold,util_call,util_raise_coeff,util_call2,util_raise_coeff2,action,amount,cputime
0,8,8,Deal,0,♥K ♥J,,10,0.2,0.4000000000000001,0,0,40,1,40,0,24.0,0.6000000000000001,-24.0,-0.6,raise,0,0.52435302734375
1,8,8,Deal,0,♥K ♥J,,80,0.225,0.41003048667141817,0,80,288,1,208,-80,230.39999999999998,0.8,-158.4,-0.55,raise,0,0.5299928188323975
2,8,8,Flop,0,♥K ♥J,♥9 ♥6 ♠8,50,0.4,0.4898979485566356,2349,0,40,2,40,-576,451.5999999999999,2.2,355.6,-0.19999999999999996,raise,0,0.5293440818786621
3,8,7,Turn,0,♥K ♥J,♥9 ♥6 ♠8 ♣10,40,0.25,0.4330127018922193,2589,0,114,2,114,-656,76.75,0.75,-65.75,-0.5,raise,0,0.5269851684570312
4,8,6,River,0,♥K ♥J,♥9 ♥6 ♠8 ♣10 ♥7,15,1.0,0.0,3159,0,40,1,40,-884,2475.0,5.0,2315.0,1.0,raise,0,0.5286870002746582
5,8,6,River,0,♥K ♥J,♥9 ♥6 ♠8 ♣10 ♥7,35,0.9714285714285714,0.1665986255670086,3159,80,197,1,117,-964,3135.971428571429,4.828571428571428,2370.4857142857145,0.9428571428571428,raise,0,0.5249741077423096
