,N,Nnf,round,first,hole,board,Nsim,prWin,prWinStd,pot,bet,maxBet,NMaxBet,minBet,util_fold,util_call,util_raise_coeff,util_call2,util_raise_coeff2,action,amount,cputime
0,8,8,Deal,0,♣5 ♠A,,10,0.23333333333333334,0.39581140290126393,0,0,40,1,40,0,34.66666666666667,0.8666666666666667,-21.333333333333332,-0.5333333333333333,raise,0,0.5378448963165283
1,8,8,Deal,0,♣5 ♠A,,90,0.1259259259259259,0.31944310251999414,0,80,258,1,178,-80,1.9111111111110972,0.007407407407407307,-193.02222222222224,-0.7481481481481482,raise,0,0.5299582481384277
2,8,8,Flop,0,♣5 ♠A,♦9 ♣8 ♦8,40,0.075,0.26339134382131846,2580,0,260,1,260,-516,-426.5,-0.4,-543.5,-0.85,call,0,0.5246531963348389
