,N,Nnf,round,first,hole,board,Nsim,prWin,prWinStd,pot,bet,maxBet,NMaxBet,minBet,util_fold,util_call,util_raise_coeff,util_call2,util_raise_coeff2,action,amount,cputime
0,8,8,Deal,0,♠A ♦A,,40,0.425,0.4943429983321297,0,0,80,1,80,0,192.0,2.4,-12.0,-0.15000000000000002,raise,0,0.523963212966919
1,8,8,Flop,0,♠A ♦A,♣A ♦K ♣6,50,0.7,0.458257569495584,960,0,74,2,74,-160,852.4000000000001,4.6,541.6,0.3999999999999999,raise,0,0.5325560569763184
2,8,6,Flop,0,♠A ♦A,♣A ♦K ♣6,130,0.7384615384615385,0.43947251867956,960,148,227,1,79,-308,1327.7076923076922,3.430769230769231,657.1846153846154,0.476923076923077,raise,0,0.5231647491455078
3,8,6,Turn,0,♠A ♦A,♣A ♦K ♣6 ♥Q,20,0.9,0.30000000000000004,2850,0,143,1,143,-614,2580.2,4.4,2065.4,0.8,raise,0,0.5234577655792236
4,8,6,River,0,♠A ♦A,♣A ♦K ♣6 ♥Q ♦6,20,1.0,0.0,3994,0,100,1,100,-900,3594.0,5.0,3194.0,1.0,raise,0,0.5260417461395264
