,N,Nnf,round,first,hole,board,Nsim,prWin,prWinStd,pot,bet,maxBet,NMaxBet,minBet,util_fold,util_call,util_raise_coeff,util_call2,util_raise_coeff2,action,amount,cputime
0,8,7,Deal,0,♣K ♠J,,90,0.18148148148148147,0.37486165715199987,0,10,77,4,67,-10,20.818518518518516,0.27037037037037015,-49.05185185185185,-0.6370370370370371,raise,0,0.5265829563140869
1,8,7,Flop,1,♣K ♠J,♠2 ♠Q ♠A,5,0.4,0.48989794855663565,1026,0,0,8,20,-154,256.40000000000003,1.8000000000000003,256.40000000000003,-0.19999999999999996,raise,0,0.5292379856109619
2,8,7,Flop,0,♣K ♠J,♠2 ♠Q ♠A,50,0.24,0.4270831300812525,1026,20,40,1,20,-174,119.44,0.6799999999999999,71.44,-0.52,raise,0,0.5273399353027344
3,8,7,Turn,1,♣K ♠J,♠2 ♠Q ♠A ♥A,5,0.06666666666666667,0.13333333333333333,1426,0,0,8,20,-234,-138.93333333333334,-0.5333333333333333,-138.93333333333334,-0.8666666666666667,call,0,0.523996114730835
4,8,7,Turn,0,♣K ♠J,♠2 ♠Q ♠A ♥A,55,0.12424242424242424,0.3165760345871606,1426,20,57,1,37,-254,-64.25757575757578,-0.13030303030303036,-99.66666666666669,-0.7515151515151515,call,0,0.5292971134185791
5,8,7,Turn,0,♣K ♠J,♠2 ♠Q ♠A ♥A,110,0.13484848484848483,0.3283686756439611,1426,57,85,2,28,-291,-46.47121212121215,-0.056060606060606144,-103.78181818181821,-0.7303030303030303,call,0,0.5231320858001709
6,8,7,Turn,0,♣K ♠J,♠2 ♠Q ♠A ♥A,160,0.14270833333333333,0.34097840993480316,1426,85,114,3,29,-319,-30.616666666666674,-0.0010416666666667185,-111.96041666666667,-0.7145833333333333,call,0,0.5252606868743896
7,8,7,River,1,♣K ♠J,♠2 ♠Q ♠A ♥A ♠6,5,0.4,0.48989794855663565,1996,0,0,8,20,-348,450.4000000000001,1.8000000000000003,450.4000000000001,-0.19999999999999996,raise,0,0.5227599143981934
8,8,7,River,0,♣K ♠J,♠2 ♠Q ♠A ♥A ♠6,55,0.4727272727272727,0.4992556442816722,1996,20,67,2,47,-368,750.2727272727273,2.309090909090909,591.9090909090909,-0.054545454545454564,raise,0,0.5192949771881104
