,N,Nnf,round,first,hole,board,Nsim,prWin,prWinStd,pot,bet,maxBet,NMaxBet,minBet,util_fold,util_call,util_raise_coeff,util_call2,util_raise_coeff2,action,amount,cputime
0,8,8,Deal,0,♣A ♠8,,75,0.18666666666666668,0.3721409529854096,0,0,158,1,158,0,77.94666666666669,0.4933333333333334,-99.01333333333332,-0.6266666666666667,raise,0,0.5204060077667236
1,8,7,Flop,0,♣A ♠8,♦10 ♣Q ♠A,70,0.2678571428571428,0.39058687455669033,2370,0,100,6,100,-316,406.32142857142844,0.8749999999999996,272.392857142857,-0.4642857142857144,raise,0,0.5261340141296387
2,8,6,Flop,0,♣A ♠8,♦10 ♣Q ♠A,165,0.2772727272727273,0.4149118234549726,2370,200,4042,2,3842,-516,3023.5545454545463,0.6636363636363636,-1459.3909090909092,-0.44545454545454544,raise,0,0.5272600650787354
