,N,Nnf,round,first,hole,board,Nsim,prWin,prWinStd,pot,bet,maxBet,NMaxBet,minBet,util_fold,util_call,util_raise_coeff,util_call2,util_raise_coeff2,action,amount,cputime
0,8,7,Deal,0,♣2 ♣5,,90,0.15,0.3531603350069515,0,10,67,3,57,-10,3.3499999999999943,0.050000000000000044,-46.900000000000006,-0.7,raise,0,0.5284039974212646
1,8,7,Deal,0,♣2 ♣5,,165,0.1484848484848485,0.3534429893775353,0,134,135,1,1,-134,5.318181818181813,0.03939393939393954,-94.9090909090909,-0.703030303030303,raise,0,0.5231919288635254
2,8,7,Flop,1,♣2 ♣5,♦4 ♦J ♣3,5,0.6,0.48989794855663565,1890,0,0,8,20,-270,864.0,3.2,864.0,0.19999999999999996,raise,0,0.5326919555664062
3,8,5,Flop,0,♣2 ♣5,♦4 ♦J ♣3,80,0.2625,0.439992897669951,1890,20,56,4,36,-290,243.625,0.3125,199.52499999999998,-0.475,raise,0,0.5278100967407227
4,8,5,Flop,0,♣2 ♣5,♦4 ♦J ♣3,135,0.25925925925925924,0.4339817876868749,1890,112,730,2,618,-382,436.2962962962961,0.2962962962962963,-131.48148148148152,-0.4814814814814815,raise,0,0.5211858749389648
