,N,Nnf,round,first,hole,board,Nsim,prWin,prWinStd,pot,bet,maxBet,NMaxBet,minBet,util_fold,util_call,util_raise_coeff,util_call2,util_raise_coeff2,action,amount,cputime
0,8,8,Deal,0,♥9 ♣5,,50,0.12666666666666668,0.3258493175959983,0,0,146,1,146,0,1.9466666666666868,0.01333333333333342,-109.01333333333332,-0.7466666666666666,raise,0,0.5302648544311523
1,8,8,Deal,0,♥9 ♣5,,120,0.15694444444444444,0.3582983402379698,0,292,408,1,116,-292,104.26666666666665,0.25555555555555554,-279.93333333333334,-0.6861111111111111,raise,0,0.5280282497406006
2,8,8,Flop,0,♥9 ♣5,♠3 ♠K ♦K,30,0.016666666666666666,0.08975274678557506,3672,0,100,3,100,-816,-841.4666666666667,-0.8666666666666667,-851.4666666666667,-0.9666666666666667,fold,0,0.5254371166229248
