,N,Nnf,round,first,hole,board,Nsim,prWin,prWinStd,pot,bet,maxBet,NMaxBet,minBet,util_fold,util_call,util_raise_coeff,util_call2,util_raise_coeff2,action,amount,cputime
0,8,7,Deal,0,♠Q ♥A,,80,0.19166666666666665,0.38197222121219465,0,0,69,1,69,0,23.575000000000003,0.34166666666666656,-42.55,-0.6166666666666667,raise,0,0.5230932235717773
1,8,7,Deal,0,♠Q ♥A,,150,0.1897222222222222,0.3849463847548155,0,138,139,2,1,-138,45.599722222222226,0.32805555555555554,-86.25722222222223,-0.6205555555555555,raise,0,0.526705265045166
2,8,7,Deal,0,♠Q ♥A,,230,0.20851449275362316,0.3949503467019727,0,278,4413,1,4135,-278,2028.2211956521733,0.4596014492753622,-2572.651086956522,-0.5829710144927537,raise,0,0.5281157493591309
