,N,Nnf,round,first,hole,board,Nsim,prWin,prWinStd,pot,bet,maxBet,NMaxBet,minBet,util_fold,util_call,util_raise_coeff,util_call2,util_raise_coeff2,action,amount,cputime
0,8,8,Deal,0,♦10 ♦5,,75,0.26888888888888884,0.43281450421829487,0,20,130,1,110,-20,149.6444444444444,1.1511111111111108,-60.0888888888889,-0.4622222222222223,raise,0,0.5235660076141357
1,8,7,Deal,0,♦10 ♦5,,155,0.21155913978494623,0.40000379377319883,0,260,520,1,260,-260,250.07526881720423,0.4809139784946237,-299.97849462365593,-0.5768817204301075,raise,0,0.5219929218292236
2,8,7,Flop,1,♦10 ♦5,♦6 ♣4 ♣2,5,0.0,0.0,5458,0,0,8,20,-1040,-1040.0,-1.0,-1040.0,-1.0,call,0,0.5212080478668213
