,N,Nnf,round,first,hole,board,Nsim,prWin,prWinStd,pot,bet,maxBet,NMaxBet,minBet,util_fold,util_call,util_raise_coeff,util_call2,util_raise_coeff2,action,amount,cputime
0,8,8,Deal,0,♠K ♦A,,5,0.2,0.4,0,0,20,1,20,0,12.0,0.6000000000000001,-12.0,-0.6,raise,0,0.529810905456543
1,8,7,Flop,0,♠K ♦A,♣K ♣A ♠10,10,0.5,0.5,300,0,48,1,48,-40,230.0,2.5,110.0,0.0,raise,0,0.5229759216308594
2,8,6,Turn,0,♠K ♦A,♣K ♣A ♠10 ♦7,10,0.8,0.4,876,0,20,1,20,-136,640.8000000000001,3.8000000000000007,576.8000000000001,0.6000000000000001,raise,0,0.5236239433288574
3,8,6,Turn,0,♠K ♦A,♣K ♣A ♠10 ♦7,55,0.6,0.4898979485566356,876,40,76,1,36,-176,587.2,2.5999999999999996,404.80000000000007,0.19999999999999996,raise,0,0.5254702568054199
4,8,6,River,0,♠K ♦A,♣K ♣A ♠10 ♦7 ♥K,10,1.0,0.0,1788,0,64,1,64,-288,1820.0,5.0,1564.0,1.0,raise,0,0.5244002342224121
