,N,Nnf,round,first,hole,board,Nsim,prWin,prWinStd,pot,bet,maxBet,NMaxBet,minBet,util_fold,util_call,util_raise_coeff,util_call2,util_raise_coeff2,action,amount,cputime
0,8,7,Deal,0,♠10 ♣A,,50,0.17,0.36891733491393436,0,0,70,1,70,0,13.299999999999997,0.19000000000000017,-46.2,-0.6599999999999999,raise,0,0.5306689739227295
1,8,7,Deal,0,♠10 ♣A,,90,0.18888888888888888,0.38425814368423516,0,140,175,2,35,-140,56.388888888888914,0.3222222222222222,-108.88888888888889,-0.6222222222222222,raise,0,0.5207860469818115
2,8,7,Flop,0,♠10 ♣A,♦2 ♥Q ♦6,30,0.0,0.0,1400,0,100,3,100,-350,-450.0,-1.0,-450.0,-1.0,fold,0,0.5238990783691406
