,N,Nnf,round,first,hole,board,Nsim,prWin,prWinStd,pot,bet,maxBet,NMaxBet,minBet,util_fold,util_call,util_raise_coeff,util_call2,util_raise_coeff2,action,amount,cputime
0,8,7,Deal,0,♠Q ♥2,,100,0.11,0.29647934160747186,0,20,59,5,39,-20,-13.57,-0.22999999999999998,-46.019999999999996,-0.78,call,0,0.5269246101379395
1,8,7,Flop,1,♠Q ♥2,♠2 ♥8 ♥6,5,0.0,0.0,423,0,0,8,20,-59,-59.0,-1.0,-59.0,-1.0,call,0,0.5307788848876953
2,8,7,Flop,0,♠Q ♥2,♠2 ♥8 ♥6,80,0.14375,0.34635377506243525,423,20,6869,1,6849,-79,44.73749999999927,0.006249999999999867,-4892.35625,-0.7125,raise,0,0.5207662582397461
