,N,Nnf,round,first,hole,board,Nsim,prWin,prWinStd,pot,bet,maxBet,NMaxBet,minBet,util_fold,util_call,util_raise_coeff,util_call2,util_raise_coeff2,action,amount,cputime
0,8,7,Deal,0,♥6 ♥2,,70,0.1357142857142857,0.3372306181175108,0,10,76,1,66,-10,-3.8000000000000114,-0.050000000000000044,-55.371428571428574,-0.7285714285714286,call,0,0.5247433185577393
1,8,7,Deal,0,♥6 ♥2,,125,0.144,0.3395055227827671,0,76,124,1,48,-76,0.9919999999999902,0.008000000000000007,-88.28800000000001,-0.712,raise,0,0.5211272239685059
2,8,7,Flop,1,♥6 ♥2,♠9 ♦10 ♣5,5,0.0,0.0,1111,0,0,8,20,-248,-248.0,-1.0,-248.0,-1.0,call,0,0.5214478969573975
3,8,7,Flop,0,♥6 ♥2,♠9 ♦10 ♣5,50,0.0,0.0,1111,20,44,2,24,-268,-292.0,-1.0,-292.0,-1.0,fold,0,0.5226528644561768
