,N,Nnf,round,first,hole,board,Nsim,prWin,prWinStd,pot,bet,maxBet,NMaxBet,minBet,util_fold,util_call,util_raise_coeff,util_call2,util_raise_coeff2,action,amount,cputime
0,8,7,Deal,0,♣9 ♥4,,70,0.09761904761904762,0.2852078845596068,0,40,111,2,71,-40,-35.150000000000006,-0.31666666666666665,-89.32857142857142,-0.8047619047619048,call,0,0.5204029083251953
1,8,7,Flop,1,♣9 ♥4,♥Q ♠7 ♠A,5,0.2,0.4000000000000001,464,0,0,8,40,-111,-18.19999999999999,0.40000000000000013,-18.19999999999999,-0.6,raise,0,0.521277904510498
2,8,6,Flop,0,♣9 ♥4,♥Q ♠7 ♠A,50,0.02,0.13999999999999999,464,40,144,1,104,-151,-228.44,-0.88,-239.96,-0.96,fold,0,0.5282618999481201
