,N,Nnf,round,first,hole,board,Nsim,prWin,prWinStd,pot,bet,maxBet,NMaxBet,minBet,util_fold,util_call,util_raise_coeff,util_call2,util_raise_coeff2,action,amount,cputime
0,8,7,Deal,0,♣K ♦8,,70,0.09404761904761906,0.28089688717479555,0,20,140,2,120,-20,-47.83333333333333,-0.34166666666666656,-113.66666666666666,-0.8119047619047619,fold,0,0.5267729759216309
