,N,Nnf,round,first,hole,board,Nsim,prWin,prWinStd,pot,bet,maxBet,NMaxBet,minBet,util_fold,util_call,util_raise_coeff,util_call2,util_raise_coeff2,action,amount,cputime
0,8,7,Deal,0,♦4 ♦K,,50,0.17666666666666664,0.368796842599162,0,0,69,1,69,0,16.329999999999984,0.23666666666666636,-44.620000000000005,-0.6466666666666667,raise,0,0.5236518383026123
1,8,7,Flop,0,♦4 ♦K,♠6 ♥6 ♠J,40,0.075,0.26339134382131846,552,0,73,2,73,-138,-131.275,-0.475,-158.65,-0.85,call,0,0.5282149314880371
2,8,7,Turn,0,♦4 ♦K,♠6 ♥6 ♠J ♣8,35,0.009523809523809523,0.05553287518900285,844,0,75,3,75,-211,-272.96190476190475,-0.9333333333333333,-276.5333333333333,-0.9809523809523809,fold,0,0.5255331993103027
