,N,Nnf,round,first,hole,board,Nsim,prWin,prWinStd,pot,bet,maxBet,NMaxBet,minBet,util_fold,util_call,util_raise_coeff,util_call2,util_raise_coeff2,action,amount,cputime
0,8,8,Deal,0,♣8 ♠J,,70,0.14285714285714285,0.33956755211442047,0,0,60,1,60,0,8.57142857142857,0.1428571428571428,-42.85714285714286,-0.7142857142857143,raise,0,0.5214850902557373
1,8,8,Flop,0,♣8 ♠J,♦10 ♠Q ♠3,75,0.13333333333333333,0.339934634239519,748,0,106,1,106,-120,-13.199999999999989,0.06666666666666665,-98.0,-0.7333333333333334,raise,0,0.522834062576294
2,8,8,Flop,0,♣8 ♠J,♦10 ♠Q ♠3,155,0.10537634408602149,0.29935375725920094,748,212,6234,1,6022,-332,-1019.8494623655915,-0.15698924731182806,-4961.34623655914,-0.789247311827957,fold,0,0.5235161781311035
