,N,Nnf,round,first,hole,board,Nsim,prWin,prWinStd,pot,bet,maxBet,NMaxBet,minBet,util_fold,util_call,util_raise_coeff,util_call2,util_raise_coeff2,action,amount,cputime
0,8,8,Deal,0,♣J ♦A,,70,0.15476190476190474,0.34193825277012074,0,0,144,1,144,0,34.28571428571425,0.23809523809523792,-99.42857142857144,-0.6904761904761905,raise,0,0.5306179523468018
1,8,7,Flop,0,♣J ♦A,♥8 ♣10 ♣5,55,0.17272727272727273,0.3719504099177961,2160,0,77,4,77,-288,101.19090909090914,0.209090909090909,34.690909090909145,-0.6545454545454545,raise,0,0.5257537364959717
2,8,7,Turn,0,♣J ♦A,♥8 ♣10 ♣5 ♦5,60,0.05,0.21794494717703364,3238,0,63,4,63,-442,-321.04999999999995,-0.6499999999999999,-336.79999999999995,-0.9,call,0,0.5246739387512207
3,8,7,River,0,♣J ♦A,♥8 ♣10 ♣5 ♦5 ♦J,60,0.38333333333333336,0.48619840486049415,3679,0,64,2,64,-505,1013.0166666666669,1.6833333333333336,890.3500000000001,-0.23333333333333328,raise,0,0.522536039352417
