,N,Nnf,round,first,hole,board,Nsim,prWin,prWinStd,pot,bet,maxBet,NMaxBet,minBet,util_fold,util_call,util_raise_coeff,util_call2,util_raise_coeff2,action,amount,cputime
0,8,8,Deal,0,♦J ♠K,,85,0.17647058823529413,0.38122004108281526,0,20,298,1,278,-20,122.70588235294122,0.41176470588235303,-192.8235294117647,-0.6470588235294117,raise,0,0.5306270122528076
1,8,8,Deal,0,♦J ♠K,,185,0.1918918918918919,0.38860692179114403,0,596,920,1,324,-596,492.3243243243244,0.5351351351351352,-566.918918918919,-0.6162162162162161,raise,0,0.528925895690918
