,N,Nnf,round,first,hole,board,Nsim,prWin,prWinStd,pot,bet,maxBet,NMaxBet,minBet,util_fold,util_call,util_raise_coeff,util_call2,util_raise_coeff2,action,amount,cputime
0,8,7,Deal,0,♥9 ♣Q,,100,0.12958333333333333,0.3193360625318308,0,20,73,3,53,-20,-6.782916666666665,-0.09291666666666676,-54.08083333333333,-0.7408333333333333,call,0,0.5246319770812988
1,8,7,Deal,0,♥9 ♣Q,,175,0.15119047619047618,0.3474518515070055,0,73,1000,5,927,-73,58.33333333333326,0.05833333333333335,-697.6190476190477,-0.6976190476190476,raise,0,0.524507999420166
