,N,Nnf,round,first,hole,board,Nsim,prWin,prWinStd,pot,bet,maxBet,NMaxBet,minBet,util_fold,util_call,util_raise_coeff,util_call2,util_raise_coeff2,action,amount,cputime
0,8,8,Deal,0,♣A ♦9,,10,0.15,0.32015621187164245,0,0,20,1,20,0,4.0,0.19999999999999996,-14.0,-0.7,raise,0,0.5341088771820068
1,8,8,Deal,0,♣A ♦9,,115,0.1891304347826087,0.3810615954258663,0,40,130,1,90,-40,66.69565217391303,0.5130434782608695,-80.82608695652175,-0.6217391304347826,raise,0,0.5230481624603271
2,8,8,Flop,0,♣A ♦9,♥6 ♣4 ♦A,30,0.2,0.3785938897200183,2070,0,20,1,20,-260,166.0,0.6000000000000001,142.0,-0.6,raise,0,0.5295360088348389
