,N,Nnf,round,first,hole,board,Nsim,prWin,prWinStd,pot,bet,maxBet,NMaxBet,minBet,util_fold,util_call,util_raise_coeff,util_call2,util_raise_coeff2,action,amount,cputime
0,8,7,Deal,0,♦10 ♦9,,80,0.19375,0.3912619806472385,0,20,60,3,40,-20,21.375,0.35624999999999996,-36.75,-0.6125,raise,0,0.5292360782623291
1,8,7,Deal,0,♦10 ♦9,,135,0.1814814814814815,0.38300665987540783,0,120,139,3,19,-120,37.58148148148149,0.27037037037037037,-88.54814814814814,-0.6370370370370371,raise,0,0.5220592021942139
