,N,Nnf,round,first,hole,board,Nsim,prWin,prWinStd,pot,bet,maxBet,NMaxBet,minBet,util_fold,util_call,util_raise_coeff,util_call2,util_raise_coeff2,action,amount,cputime
0,8,8,Deal,0,♥7 ♠4,,95,0.10526315789473684,0.29819400998347984,0,0,98,1,98,0,-15.473684210526315,-0.1578947368421053,-77.36842105263158,-0.7894736842105263,fold,0,0.5192101001739502
