,N,Nnf,round,first,hole,board,Nsim,prWin,prWinStd,pot,bet,maxBet,NMaxBet,minBet,util_fold,util_call,util_raise_coeff,util_call2,util_raise_coeff2,action,amount,cputime
0,8,8,Deal,0,♥8 ♣7,,80,0.075,0.2512468905280223,0,20,49,2,29,-20,-19.6,-0.4,-41.65,-0.85,call,0,0.5280530452728271
1,8,8,Deal,0,♥8 ♣7,,165,0.08787878787878788,0.2749739114430464,0,49,81,4,32,-49,-24.054545454545455,-0.296969696969697,-66.76363636363637,-0.8242424242424242,call,0,0.5230271816253662
2,8,8,Flop,0,♥8 ♣7,♦8 ♥J ♠3,35,0.12857142857142856,0.3238795442501324,486,0,20,1,20,-81,-17.94285714285715,0.02857142857142847,-33.37142857142858,-0.7428571428571429,raise,0,0.5303518772125244
3,8,5,Flop,0,♥8 ♣7,♦8 ♥J ♠3,120,0.16666666666666666,0.36704525909242064,486,40,77,2,37,-121,-12.833333333333343,-0.16666666666666674,-51.33333333333334,-0.6666666666666667,call,0,0.5247211456298828
4,8,5,Turn,1,♥8 ♣7,♦8 ♥J ♠3 ♠Q,5,0.0,0.0,737,0,0,8,20,-158,-158.0,-1.0,-158.0,-1.0,call,0,0.5238831043243408
5,8,5,Turn,0,♥8 ♣7,♦8 ♥J ♠3 ♠Q,35,0.02857142857142857,0.1665986255670086,737,20,59,2,39,-178,-187.5142857142857,-0.8571428571428572,-192.57142857142858,-0.9428571428571428,fold,0,0.5206658840179443
