,N,Nnf,round,first,hole,board,Nsim,prWin,prWinStd,pot,bet,maxBet,NMaxBet,minBet,util_fold,util_call,util_raise_coeff,util_call2,util_raise_coeff2,action,amount,cputime
0,8,8,Deal,0,♠2 ♦9,,70,0.07261904761904762,0.2397383778119773,0,40,212,1,172,-40,-88.83809523809524,-0.419047619047619,-181.2095238095238,-0.8547619047619047,fold,0,0.5233221054077148
