,N,Nnf,round,first,hole,board,Nsim,prWin,prWinStd,pot,bet,maxBet,NMaxBet,minBet,util_fold,util_call,util_raise_coeff,util_call2,util_raise_coeff2,action,amount,cputime
0,8,6,Deal,0,♣J ♥J,,80,0.275,0.44651427748729383,0,0,48,2,48,0,31.200000000000003,0.6500000000000001,-21.599999999999998,-0.44999999999999996,raise,0,0.5285210609436035
1,8,6,Flop,0,♣J ♥J,♦4 ♥4 ♦A,55,0.14545454545454545,0.3525585350848239,576,0,494,1,494,-96,-75.09090909090912,-0.12727272727272732,-362.5090909090909,-0.7090909090909091,call,0,0.5268549919128418
2,8,5,Turn,0,♣J ♥J,♦4 ♥4 ♦A ♦J,30,0.9333333333333333,0.24944382578492943,3146,0,77,2,77,-590,2628.6000000000004,3.666666666666667,2413.0,0.8666666666666667,raise,0,0.5233328342437744
