,N,Nnf,round,first,hole,board,Nsim,prWin,prWinStd,pot,bet,maxBet,NMaxBet,minBet,util_fold,util_call,util_raise_coeff,util_call2,util_raise_coeff2,action,amount,cputime
0,8,8,Deal,0,♥K ♠K,,45,0.37777777777777777,0.48483164953936514,0,0,244,1,244,0,493.4222222222222,2.022222222222222,-59.644444444444446,-0.24444444444444446,raise,0,0.529026985168457
1,8,8,Flop,0,♥K ♠K,♥2 ♣6 ♠A,60,0.38333333333333336,0.4861984048604941,2440,0,157,3,157,-488,771.8000000000002,2.066666666666667,410.70000000000005,-0.23333333333333328,raise,0,0.527306079864502
