,N,Nnf,round,first,hole,board,Nsim,prWin,prWinStd,pot,bet,maxBet,NMaxBet,minBet,util_fold,util_call,util_raise_coeff,util_call2,util_raise_coeff2,action,amount,cputime
0,8,8,Deal,0,♦9 ♥5,,50,0.18666666666666665,0.3706450833044703,0,0,98,1,98,0,48.346666666666664,0.4933333333333332,-61.413333333333334,-0.6266666666666667,raise,0,0.5248889923095703
1,8,7,Deal,0,♦9 ♥5,,120,0.1361111111111111,0.3340155056650684,0,196,1000,2,804,-196,-47.2222222222224,-0.047222222222222276,-727.7777777777778,-0.7277777777777779,call,0,0.5276980400085449
2,8,7,Flop,0,♦9 ♥5,♦6 ♥J ♦A,25,0.08,0.2712931993250107,4098,0,100,2,100,-1000,-716.16,-0.43999999999999995,-756.16,-0.84,call,0,0.5245039463043213
3,8,7,Turn,0,♦9 ♥5,♦6 ♥J ♦A ♦5,30,0.18333333333333332,0.3760171390892826,4398,0,100,2,100,-1100,-265.3666666666668,0.2833333333333332,-357.0333333333334,-0.6333333333333333,raise,0,0.5223209857940674
4,8,7,River,0,♦9 ♥5,♦6 ♥J ♦A ♦5 ♥9,25,0.38,0.4749736834815167,4998,0,100,1,100,-1300,765.2399999999998,1.6600000000000001,575.24,-0.24,raise,0,0.5244500637054443
