,N,Nnf,round,first,hole,board,Nsim,prWin,prWinStd,pot,bet,maxBet,NMaxBet,minBet,util_fold,util_call,util_raise_coeff,util_call2,util_raise_coeff2,action,amount,cputime
0,8,8,Deal,0,♦10 ♥9,,60,0.14166666666666666,0.34268141991586815,0,40,160,1,120,-40,21.333333333333314,0.1333333333333333,-114.66666666666667,-0.7166666666666667,raise,0,0.5284090042114258
1,8,8,Deal,0,♦10 ♥9,,135,0.1580246913580247,0.35735569680717644,0,320,401,1,81,-320,105.94320987654322,0.2641975308641975,-274.2641975308642,-0.6839506172839507,raise,0,0.5207481384277344
2,8,8,Flop,1,♦10 ♥9,♥8 ♣2 ♠J,5,0.6,0.48989794855663565,3609,0,0,8,80,-802,1363.4,3.8,1363.4,0.19999999999999996,raise,0,0.5249209403991699
3,8,8,Flop,0,♦10 ♥9,♥8 ♣2 ♠J,50,0.31,0.45705579528105755,3609,80,198,1,118,-882,609.8299999999999,1.48,241.54999999999995,-0.38,raise,0,0.5221850872039795
