,N,Nnf,round,first,hole,board,Nsim,prWin,prWinStd,pot,bet,maxBet,NMaxBet,minBet,util_fold,util_call,util_raise_coeff,util_call2,util_raise_coeff2,action,amount,cputime
0,8,7,Deal,0,♣7 ♠6,,70,0.11428571428571428,0.31815796359028703,0,20,122,3,102,-20,-24.400000000000006,-0.20000000000000007,-94.11428571428571,-0.7714285714285715,fold,0,0.521765947341919
