,N,Nnf,round,first,hole,board,Nsim,prWin,prWinStd,pot,bet,maxBet,NMaxBet,minBet,util_fold,util_call,util_raise_coeff,util_call2,util_raise_coeff2,action,amount,cputime
0,8,8,Deal,0,♥K ♦9,,85,0.19215686274509802,0.3906638244835222,0,0,142,1,142,0,76.29019607843136,0.5372549019607842,-87.42745098039217,-0.615686274509804,raise,0,0.5318548679351807
1,8,8,Flop,0,♥K ♦9,♥Q ♠6 ♣6,100,0.07083333333333333,0.23217719526258387,2272,0,146,1,146,-284,-186.33333333333331,-0.43333333333333335,-248.38333333333333,-0.8583333333333334,call,0,0.5279419422149658
2,8,8,Flop,0,♥K ♦9,♥Q ♠6 ♣6,225,0.06925925925925926,0.22669677238945635,2272,146,1432,1,1286,-430,-765.208888888889,-0.44592592592592595,-1360.2844444444445,-0.8614814814814815,fold,0,0.5253961086273193
