,N,Nnf,round,first,hole,board,Nsim,prWin,prWinStd,pot,bet,maxBet,NMaxBet,minBet,util_fold,util_call,util_raise_coeff,util_call2,util_raise_coeff2,action,amount,cputime
0,8,8,Deal,0,♦8 ♥K,,80,0.12916666666666665,0.33121724156678667,0,20,66,1,46,-20,2.1999999999999886,0.033333333333333215,-48.95,-0.7416666666666667,raise,0,0.5276010036468506
1,8,8,Deal,0,♦8 ♥K,,165,0.11717171717171716,0.31952418456189974,0,132,264,1,132,-132,-16.53333333333336,-0.0626262626262627,-202.13333333333333,-0.7656565656565657,call,0,0.5295019149780273
