,N,Nnf,round,first,hole,board,Nsim,prWin,prWinStd,pot,bet,maxBet,NMaxBet,minBet,util_fold,util_call,util_raise_coeff,util_call2,util_raise_coeff2,action,amount,cputime
0,8,7,Deal,0,♣A ♣Q,,100,0.235,0.42104037811117356,0,20,62,3,42,-20,39.989999999999995,0.645,-32.86,-0.53,raise,0,0.5252501964569092
1,8,7,Flop,1,♣A ♣Q,♦3 ♥Q ♦Q,5,1.0,0.0,878,0,0,8,20,-124,754.0,6.0,754.0,1.0,raise,0,0.532459020614624
2,8,7,Flop,0,♣A ♣Q,♦3 ♥Q ♦Q,80,0.70625,0.43799079613617453,878,20,56,2,36,-144,716.9375000000001,3.9437500000000005,519.1875000000001,0.4125000000000001,raise,0,0.5282549858093262
3,8,7,Turn,1,♣A ♣Q,♦3 ♥Q ♦Q ♣5,5,0.8,0.4,1662,0,0,8,20,-236,1093.6000000000001,4.6000000000000005,1093.6000000000001,0.6000000000000001,raise,0,0.5216670036315918
4,8,7,Turn,0,♣A ♣Q,♦3 ♥Q ♦Q ♣5,85,0.6882352941176471,0.44705882352941173,1662,20,73,1,53,-256,1186.535294117647,3.817647058823529,935.3294117647058,0.3764705882352941,raise,0,0.529289960861206
5,8,7,River,1,♣A ♣Q,♦3 ♥Q ♦Q ♣5 ♥3,5,0.9,0.2,2684,0,0,8,20,-382,2033.6,5.3,2033.6,0.8,raise,0,0.528203010559082
6,8,7,River,0,♣A ♣Q,♦3 ♥Q ♦Q ♣5 ♥3,75,0.7666666666666667,0.2867441755680875,2684,20,59,3,39,-402,1933.3666666666668,4.366666666666667,1707.2000000000003,0.5333333333333334,raise,0,0.5198976993560791
