,N,Nnf,round,first,hole,board,Nsim,prWin,prWinStd,pot,bet,maxBet,NMaxBet,minBet,util_fold,util_call,util_raise_coeff,util_call2,util_raise_coeff2,action,amount,cputime
0,8,7,Deal,0,♥3 ♦7,,45,0.044444444444444446,0.20608041101101565,0,0,67,1,67,0,-46.15555555555555,-0.6888888888888889,-61.044444444444444,-0.9111111111111111,fold,0,0.5212399959564209
