,N,Nnf,round,first,hole,board,Nsim,prWin,prWinStd,pot,bet,maxBet,NMaxBet,minBet,util_fold,util_call,util_raise_coeff,util_call2,util_raise_coeff2,action,amount,cputime
0,8,7,Deal,0,♠6 ♥4,,45,0.12222222222222222,0.3189488909868295,0,0,123,1,123,0,-17.766666666666666,-0.1444444444444445,-92.93333333333334,-0.7555555555555555,fold,0,0.526648998260498
