,N,Nnf,round,first,hole,board,Nsim,prWin,prWinStd,pot,bet,maxBet,NMaxBet,minBet,util_fold,util_call,util_raise_coeff,util_call2,util_raise_coeff2,action,amount,cputime
0,8,8,Deal,0,♥5 ♦J,,40,0.1625,0.36033838263498935,0,0,20,2,20,0,6.0,0.30000000000000004,-13.5,-0.675,raise,0,0.5268821716308594
1,8,8,Deal,0,♥5 ♦J,,105,0.12857142857142856,0.3238795442501324,0,40,73,2,33,-40,2.0857142857142748,0.02857142857142847,-54.22857142857143,-0.7428571428571429,raise,0,0.5227251052856445
2,8,8,Deal,0,♥5 ♦J,,165,0.13232323232323231,0.3207193984745891,0,146,292,1,146,-146,17.107070707070704,0.05858585858585852,-214.7232323232323,-0.7353535353535354,raise,0,0.5216732025146484
3,8,8,Flop,0,♥5 ♦J,♣4 ♠Q ♥4,40,0.0,0.0,2626,0,20,2,20,-584,-604.0,-1.0,-604.0,-1.0,fold,0,0.5256428718566895
