,N,Nnf,round,first,hole,board,Nsim,prWin,prWinStd,pot,bet,maxBet,NMaxBet,minBet,util_fold,util_call,util_raise_coeff,util_call2,util_raise_coeff2,action,amount,cputime
0,8,7,Deal,0,♦6 ♥8,,70,0.09047619047619047,0.26827744801910997,0,0,35,3,35,0,-12.833333333333336,-0.3666666666666667,-28.666666666666668,-0.819047619047619,fold,0,0.5214447975158691
