,N,Nnf,round,first,hole,board,Nsim,prWin,prWinStd,pot,bet,maxBet,NMaxBet,minBet,util_fold,util_call,util_raise_coeff,util_call2,util_raise_coeff2,action,amount,cputime
0,8,8,Deal,0,♣J ♠A,,10,0.2,0.4000000000000001,0,0,80,1,80,0,48.0,0.6000000000000001,-48.0,-0.6,raise,0,0.5299339294433594
1,8,8,Deal,0,♣J ♠A,,85,0.17450980392156862,0.3641678510798177,0,160,176,3,16,-160,69.70980392156861,0.39607843137254894,-114.57254901960785,-0.6509803921568628,raise,0,0.5215590000152588
2,8,7,Deal,0,♣J ♠A,,155,0.17634408602150536,0.3706231842279259,0,352,470,2,118,-352,110.17204301075265,0.2344086021505376,-304.23655913978496,-0.6473118279569893,raise,0,0.5288891792297363
3,8,7,Flop,0,♣J ♠A,♠6 ♠9 ♦6,15,0.13333333333333333,0.339934634239519,3936,0,231,1,231,-940,-430.6,-0.06666666666666665,-584.6,-0.7333333333333334,call,0,0.5267083644866943
4,8,7,Flop,0,♣J ♠A,♠6 ♠9 ♦6,60,0.06666666666666667,0.2494438257849294,3936,231,461,1,230,-1171,-923.4666666666667,-0.5333333333333333,-1077.1333333333332,-0.8666666666666667,call,0,0.5207488536834717
5,8,7,Flop,0,♣J ♠A,♠6 ♠9 ♦6,105,0.05238095238095238,0.21738499448596812,3936,461,503,3,42,-1401,-1052.395238095238,-0.6333333333333333,-1184.1333333333332,-0.8952380952380953,call,0,0.5220649242401123
6,8,7,Turn,0,♣J ♠A,♠6 ♠9 ♦6 ♦K,15,0.03333333333333333,0.12472191289246472,5948,0,115,1,115,-1443,-1332.9,-0.7666666666666666,-1352.0666666666666,-0.9333333333333333,call,0,0.530379056930542
7,8,7,Turn,0,♣J ♠A,♠6 ♠9 ♦6 ♦K,60,0.016666666666666666,0.08975274678557506,5948,115,433,1,318,-1558,-1726.35,-0.8833333333333333,-1762.4333333333334,-0.9666666666666667,fold,0,0.5215089321136475
