,N,Nnf,round,first,hole,board,Nsim,prWin,prWinStd,pot,bet,maxBet,NMaxBet,minBet,util_fold,util_call,util_raise_coeff,util_call2,util_raise_coeff2,action,amount,cputime
0,8,7,Deal,0,♦4 ♦A,,100,0.15333333333333332,0.3355592347112503,0,20,79,1,59,-20,5.7933333333333366,0.07333333333333325,-54.77333333333333,-0.6933333333333334,raise,0,0.5230658054351807
1,8,7,Flop,1,♦4 ♦A,♥K ♥6 ♣4,5,0.0,0.0,1116,0,0,8,20,-158,-158.0,-1.0,-158.0,-1.0,call,0,0.5266871452331543
2,8,7,Flop,0,♦4 ♦A,♥K ♥6 ♣4,80,0.15,0.35707142142714243,1116,20,78,4,58,-178,13.300000000000011,0.050000000000000044,-45.19999999999999,-0.7,raise,0,0.5241029262542725
3,8,7,Turn,1,♦4 ♦A,♥K ♥6 ♣4 ♦9,5,0.2,0.4000000000000001,2208,0,0,8,20,-314,127.60000000000002,0.40000000000000013,127.60000000000002,-0.6,raise,0,0.5301578044891357
4,8,7,Turn,0,♦4 ♦A,♥K ♥6 ♣4 ♦9,80,0.13125,0.33301417011893053,2208,20,72,3,52,-334,-30.049999999999955,-0.08124999999999993,-77.30000000000001,-0.7375,call,0,0.5249631404876709
5,8,7,River,1,♦4 ♦A,♥K ♥6 ♣4 ♦9 ♦J,0,,,2712,0,0,8,20,-386,,,,,call,0,0.5221948623657227
6,8,7,River,0,♦4 ♦A,♥K ♥6 ♣4 ♦9 ♦J,80,0.0,0.0,2712,20,79,5,59,-406,-465.0,-1.0,-465.0,-1.0,fold,0,0.5305840969085693
