,N,Nnf,round,first,hole,board,Nsim,prWin,prWinStd,pot,bet,maxBet,NMaxBet,minBet,util_fold,util_call,util_raise_coeff,util_call2,util_raise_coeff2,action,amount,cputime
0,8,7,Deal,0,♥5 ♥2,,90,0.15555555555555556,0.3624334762288909,0,0,71,2,71,0,6.311111111111103,0.08888888888888902,-48.91111111111111,-0.6888888888888889,raise,0,0.5248210430145264
1,8,6,Flop,0,♥5 ♥2,♣9 ♣7 ♣6,55,0.012727272727272726,0.0714894663685,923,0,100,5,100,-142,-222.61636363636364,-0.9236363636363636,-227.7072727272727,-0.9745454545454546,fold,0,0.5239150524139404
