,N,Nnf,round,first,hole,board,Nsim,prWin,prWinStd,pot,bet,maxBet,NMaxBet,minBet,util_fold,util_call,util_raise_coeff,util_call2,util_raise_coeff2,action,amount,cputime
0,8,8,Deal,0,♣J ♠6,,45,0.17037037037037037,0.36258483705245687,0,0,40,1,40,0,14.518518518518519,0.36296296296296293,-26.37037037037037,-0.6592592592592592,raise,0,0.5222091674804688
1,8,8,Deal,0,♣J ♠6,,150,0.09777777777777777,0.2919834258783439,0,80,188,1,108,-80,-40.94222222222223,-0.21777777777777785,-151.23555555555555,-0.8044444444444445,call,0,0.5219199657440186
2,8,8,Flop,0,♣J ♠6,♥3 ♣10 ♣Q,65,0.1,0.28010986855435577,1504,0,79,3,79,-188,-53.39999999999998,-0.19999999999999996,-100.79999999999998,-0.8,call,0,0.5215601921081543
3,8,6,Flop,0,♣J ♠6,♥3 ♣10 ♣Q,170,0.07647058823529412,0.2485946659895934,1504,79,282,1,203,-267,-225.59999999999997,-0.5411764705882353,-311.8588235294118,-0.8470588235294118,call,0,0.5224592685699463
4,8,6,Turn,0,♣J ♠6,♥3 ♣10 ♣Q ♠9,60,0.125,0.3112474899497183,3196,0,78,2,78,-470,-90.0,-0.25,-129.0,-0.75,call,0,0.5285060405731201
5,8,6,Turn,0,♣J ♠6,♥3 ♣10 ♣Q ♠9,140,0.13154761904761902,0.30603517038112477,3196,78,81,4,3,-548,-66.64166666666677,-0.21071428571428585,-109.26309523809527,-0.736904761904762,call,0,0.522651195526123
6,8,5,River,0,♣J ♠6,♥3 ♣10 ♣Q ♠9 ♦9,65,0.0,0.0,3682,0,31,1,31,-551,-582.0,-1.0,-582.0,-1.0,fold,0,0.5256228446960449
