,N,Nnf,round,first,hole,board,Nsim,prWin,prWinStd,pot,bet,maxBet,NMaxBet,minBet,util_fold,util_call,util_raise_coeff,util_call2,util_raise_coeff2,action,amount,cputime
0,8,7,Deal,0,♠8 ♦3,,60,0.058333333333333334,0.22530843057659622,0,0,76,2,76,0,-44.96666666666667,-0.5916666666666667,-67.13333333333333,-0.8833333333333333,fold,0,0.5216000080108643
