,N,Nnf,round,first,hole,board,Nsim,prWin,prWinStd,pot,bet,maxBet,NMaxBet,minBet,util_fold,util_call,util_raise_coeff,util_call2,util_raise_coeff2,action,amount,cputime
0,8,8,Deal,0,♣3 ♥10,,10,0.2,0.4000000000000001,0,0,20,1,20,0,12.0,0.6000000000000001,-12.0,-0.6,raise,0,0.5237369537353516
1,8,8,Deal,0,♣3 ♥10,,105,0.12380952380952381,0.3220540651221127,0,40,80,2,40,-40,-0.7619047619047592,-0.00952380952380949,-60.19047619047619,-0.7523809523809524,call,0,0.52705979347229
2,8,7,Deal,0,♣3 ♥10,,205,0.12195121951219512,0.3234812130270313,0,80,140,3,60,-80,-20.487804878048777,-0.14634146341463417,-105.85365853658536,-0.7560975609756098,call,0,0.5213398933410645
3,8,7,Flop,0,♣3 ♥10,♣K ♣Q ♠6,15,0.06666666666666667,0.24944382578492946,920,0,77,1,77,-140,-119.73333333333333,-0.5333333333333333,-145.4,-0.8666666666666667,call,0,0.5263669490814209
