,N,Nnf,round,first,hole,board,Nsim,prWin,prWinStd,pot,bet,maxBet,NMaxBet,minBet,util_fold,util_call,util_raise_coeff,util_call2,util_raise_coeff2,action,amount,cputime
0,8,8,Deal,0,♦5 ♣5,,70,0.1357142857142857,0.3372306181175108,0,40,112,1,72,-40,9.599999999999994,0.08571428571428563,-81.6,-0.7285714285714286,raise,0,0.5270910263061523
1,8,8,Deal,0,♦5 ♣5,,155,0.1935483870967742,0.39097519422259835,0,224,3680,1,3456,-224,2018.0645161290322,0.5483870967741935,-2255.483870967742,-0.6129032258064516,raise,0,0.5254249572753906
