,N,Nnf,round,first,hole,board,Nsim,prWin,prWinStd,pot,bet,maxBet,NMaxBet,minBet,util_fold,util_call,util_raise_coeff,util_call2,util_raise_coeff2,action,amount,cputime
0,8,8,Deal,0,♦A ♣Q,,85,0.10980392156862744,0.2987478675248317,0,10,40,6,30,-10,-4.86274509803922,-0.12156862745098052,-31.215686274509807,-0.7803921568627451,call,0,0.5325429439544678
1,8,8,Flop,1,♦A ♣Q,♦7 ♣8 ♥3,5,0.0,0.0,320,0,0,8,20,-40,-40.0,-1.0,-40.0,-1.0,call,0,0.5270497798919678
2,8,6,Flop,0,♦A ♣Q,♦7 ♣8 ♥3,110,0.13484848484848483,0.33521849842993967,320,20,67,1,47,-60,-9.639393939393955,-0.19090909090909103,-45.778787878787895,-0.7303030303030303,call,0,0.5245630741119385
3,8,6,Turn,1,♦A ♣Q,♦7 ♣8 ♥3 ♣3,5,0.0,0.0,722,0,0,8,20,-107,-107.0,-1.0,-107.0,-1.0,call,0,0.5285029411315918
4,8,6,Turn,0,♦A ♣Q,♦7 ♣8 ♥3 ♣3,65,0.05384615384615385,0.21702670737947513,722,20,78,3,58,-127,-120.92307692307692,-0.676923076923077,-137.72307692307692,-0.8923076923076922,call,0,0.5240049362182617
5,8,6,Turn,0,♦A ♣Q,♦7 ♣8 ♥3 ♣3,130,0.038461538461538464,0.18203322409537281,722,78,893,4,815,-185,-766.1538461538462,-0.7692307692307692,-903.5384615384615,-0.9230769230769231,fold,0,0.5196881294250488
