,N,Nnf,round,first,hole,board,Nsim,prWin,prWinStd,pot,bet,maxBet,NMaxBet,minBet,util_fold,util_call,util_raise_coeff,util_call2,util_raise_coeff2,action,amount,cputime
0,8,7,Deal,0,♣J ♣10,,90,0.13333333333333333,0.3399346342395189,0,10,144,1,134,-10,-9.599999999999994,-0.06666666666666665,-105.6,-0.7333333333333334,call,0,0.5336301326751709
1,8,7,Flop,1,♣J ♣10,♥5 ♥8 ♠K,5,0.0,0.0,1008,0,0,8,20,-144,-144.0,-1.0,-144.0,-1.0,call,0,0.5225138664245605
2,8,5,Flop,0,♣J ♣10,♥5 ♥8 ♠K,95,0.05263157894736842,0.22329687826943606,1008,20,65,1,45,-164,-138.84210526315792,-0.736842105263158,-149.10526315789474,-0.8947368421052632,call,0,0.5241351127624512
3,8,5,Turn,1,♣J ♣10,♥5 ♥8 ♠K ♥6,5,0.0,0.0,1222,0,0,8,20,-209,-209.0,-1.0,-209.0,-1.0,call,0,0.526508092880249
4,8,5,Turn,0,♣J ♣10,♥5 ♥8 ♠K ♥6,25,0.0,0.0,1222,20,31,1,11,-229,-240.0,-1.0,-240.0,-1.0,fold,0,0.5256109237670898
