,N,Nnf,round,first,hole,board,Nsim,prWin,prWinStd,pot,bet,maxBet,NMaxBet,minBet,util_fold,util_call,util_raise_coeff,util_call2,util_raise_coeff2,action,amount,cputime
0,8,7,Deal,0,♣5 ♣3,,60,0.14166666666666666,0.34268141991586815,0,0,40,3,40,0,-0.3333333333333357,-0.008333333333333304,-28.666666666666668,-0.7166666666666667,fold,0,0.5209989547729492
