,N,Nnf,round,first,hole,board,Nsim,prWin,prWinStd,pot,bet,maxBet,NMaxBet,minBet,util_fold,util_call,util_raise_coeff,util_call2,util_raise_coeff2,action,amount,cputime
0,8,7,Deal,0,♥9 ♠9,,50,0.3,0.45825756949558394,0,0,21,1,21,0,23.1,1.1,-8.4,-0.4,raise,0,0.5226342678070068
1,8,7,Deal,0,♥9 ♠9,,125,0.272,0.4449898875255481,0,42,79,5,37,-42,71.41600000000003,0.9040000000000001,-36.023999999999994,-0.45599999999999996,raise,0,0.5211961269378662
2,8,7,Flop,0,♥9 ♠9,♦10 ♣6 ♥2,25,0.04,0.19595917942265428,1106,0,64,1,64,-158,-159.84,-0.72,-172.64,-0.92,fold,0,0.5255601406097412
