,N,Nnf,round,first,hole,board,Nsim,prWin,prWinStd,pot,bet,maxBet,NMaxBet,minBet,util_fold,util_call,util_raise_coeff,util_call2,util_raise_coeff2,action,amount,cputime
0,8,7,Deal,0,♥10 ♥3,,65,0.12307692307692308,0.3042110758966952,0,0,46,2,46,0,-6.369230769230768,-0.1384615384615384,-34.676923076923075,-0.7538461538461538,fold,0,0.5229220390319824
