,N,Nnf,round,first,hole,board,Nsim,prWin,prWinStd,pot,bet,maxBet,NMaxBet,minBet,util_fold,util_call,util_raise_coeff,util_call2,util_raise_coeff2,action,amount,cputime
0,8,8,Deal,0,♣8 ♠J,,55,0.12727272727272726,0.31934851036818723,0,0,152,1,152,0,2.7636363636363512,0.018181818181818077,-113.30909090909091,-0.7454545454545455,raise,0,0.5335712432861328
1,8,8,Flop,0,♣8 ♠J,♥8 ♦2 ♥3,70,0.21428571428571427,0.41032590332414487,2432,0,60,5,60,-304,260.0,0.7142857142857142,182.85714285714278,-0.5714285714285714,raise,0,0.5268657207489014
2,8,6,Turn,0,♣8 ♠J,♥8 ♦2 ♥3 ♦9,45,0.06666666666666667,0.24944382578492943,3212,0,58,2,58,-424,-244.66666666666669,-0.6,-260.1333333333333,-0.8666666666666667,call,0,0.5225400924682617
3,8,6,Turn,0,♣8 ♠J,♥8 ♦2 ♥3 ♦9,110,0.1318181818181818,0.33491703672343,3212,58,106,4,48,-482,-22.763636363636408,-0.20909090909090922,-78.65454545454548,-0.7363636363636363,call,0,0.5250411033630371
4,8,6,Turn,0,♣8 ♠J,♥8 ♦2 ♥3 ♦9,180,0.13055555555555556,0.3306722483101192,3212,106,576,5,470,-530,-129.45555555555552,-0.21666666666666656,-430.2555555555555,-0.7388888888888889,call,0,0.5227630138397217
