,N,Nnf,round,first,hole,board,Nsim,prWin,prWinStd,pot,bet,maxBet,NMaxBet,minBet,util_fold,util_call,util_raise_coeff,util_call2,util_raise_coeff2,action,amount,cputime
0,8,7,Deal,0,♦7 ♠2,,45,0.002777777777777778,0.01842569327975222,0,0,40,1,40,0,-39.22222222222222,-0.9805555555555555,-39.77777777777778,-0.9944444444444445,fold,0,0.5260260105133057
