,N,Nnf,round,first,hole,board,Nsim,prWin,prWinStd,pot,bet,maxBet,NMaxBet,minBet,util_fold,util_call,util_raise_coeff,util_call2,util_raise_coeff2,action,amount,cputime
0,8,7,Deal,0,♦K ♥3,,60,0.15833333333333333,0.3593010189551683,0,20,65,1,45,-20,7.041666666666657,0.10833333333333339,-44.41666666666667,-0.6833333333333333,raise,0,0.5336310863494873
1,8,7,Deal,0,♦K ♥3,,105,0.1523809523809524,0.3527025559455468,0,130,165,1,35,-130,11.000000000000028,0.06666666666666687,-114.71428571428571,-0.6952380952380952,raise,0,0.5234911441802979
2,8,7,Flop,1,♦K ♥3,♥J ♦8 ♦2,0,,,1320,0,0,8,40,-330,,,,,call,0,0.524806022644043
3,8,6,Flop,0,♦K ♥3,♥J ♦8 ♦2,50,0.1,0.3,1320,40,64,2,24,-370,-223.6,-0.3999999999999999,-249.2,-0.8,call,0,0.520557165145874
4,8,6,Turn,1,♦K ♥3,♥J ♦8 ♦2 ♠10,5,0.0,0.0,1512,0,0,8,40,-394,-394.0,-1.0,-394.0,-1.0,call,0,0.5246090888977051
5,8,6,Turn,0,♦K ♥3,♥J ♦8 ♦2 ♠10,40,0.0125,0.07806247497997998,1512,40,118,2,78,-434,-484.25,-0.925,-490.15,-0.975,fold,0,0.5256178379058838
