,N,Nnf,round,first,hole,board,Nsim,prWin,prWinStd,pot,bet,maxBet,NMaxBet,minBet,util_fold,util_call,util_raise_coeff,util_call2,util_raise_coeff2,action,amount,cputime
0,8,8,Deal,0,♥Q ♠7,,10,0.13333333333333333,0.3055050463303894,0,0,20,1,20,0,1.3333333333333321,0.06666666666666665,-14.666666666666668,-0.7333333333333334,raise,0,0.5215747356414795
1,8,8,Deal,0,♥Q ♠7,,95,0.1732456140350877,0.3667123072408845,0,40,150,1,110,-40,57.89473684210523,0.3859649122807016,-98.0263157894737,-0.6535087719298246,raise,0,0.5235109329223633
2,8,8,Deal,0,♥Q ♠7,,180,0.13587962962962963,0.33169050866080757,0,300,600,1,300,-300,52.22222222222217,0.08703703703703702,-436.94444444444446,-0.7282407407407407,raise,0,0.5293712615966797
3,8,8,Flop,0,♥Q ♠7,♦A ♥9 ♣A,45,0.12222222222222222,0.3189488909868295,3600,0,20,1,20,-600,-160.44444444444446,-0.022222222222222254,-175.1111111111111,-0.7555555555555555,call,0,0.5271072387695312
4,8,8,Flop,0,♥Q ♠7,♦A ♥9 ♣A,95,0.08421052631578947,0.26805961217361773,3600,20,68,3,48,-620,-319.0315789473684,-0.3263157894736842,-353.38947368421054,-0.8315789473684211,call,0,0.5249547958374023
5,8,8,Turn,0,♥Q ♠7,♦A ♥9 ♣A ♠10,15,0.0,0.0,3942,0,67,1,67,-668,-735.0,-1.0,-735.0,-1.0,fold,0,0.5263299942016602
