,N,Nnf,round,first,hole,board,Nsim,prWin,prWinStd,pot,bet,maxBet,NMaxBet,minBet,util_fold,util_call,util_raise_coeff,util_call2,util_raise_coeff2,action,amount,cputime
0,8,8,Deal,0,♦3 ♣4,,70,0.07857142857142857,0.2623481096029565,0,40,304,1,264,-40,-112.91428571428571,-0.37142857142857144,-256.2285714285714,-0.8428571428571429,fold,0,0.5219690799713135
