,N,Nnf,round,first,hole,board,Nsim,prWin,prWinStd,pot,bet,maxBet,NMaxBet,minBet,util_fold,util_call,util_raise_coeff,util_call2,util_raise_coeff2,action,amount,cputime
0,8,8,Deal,0,♠6 ♥2,,45,0.044444444444444446,0.20608041101101562,0,0,42,1,42,0,-27.066666666666666,-0.6444444444444444,-38.266666666666666,-0.9111111111111111,fold,0,0.5283751487731934
