,N,Nnf,round,first,hole,board,Nsim,prWin,prWinStd,pot,bet,maxBet,NMaxBet,minBet,util_fold,util_call,util_raise_coeff,util_call2,util_raise_coeff2,action,amount,cputime
0,8,7,Deal,0,♠A ♠4,,70,0.20714285714285716,0.40082822418851993,0,0,29,1,29,0,13.049999999999997,0.4500000000000002,-16.985714285714288,-0.5857142857142856,raise,0,0.5225598812103271
1,8,7,Deal,0,♠A ♠4,,140,0.15476190476190474,0.3522280878214287,0,58,96,4,38,-58,7.999999999999972,0.08333333333333326,-66.28571428571429,-0.6904761904761905,raise,0,0.5221481323242188
2,8,7,Flop,0,♠A ♠4,♣7 ♠2 ♦3,55,0.11818181818181818,0.3157046428033699,1344,0,78,5,78,-192,-46.636363636363626,-0.17272727272727273,-92.72727272727272,-0.7636363636363637,call,0,0.5247790813446045
3,8,6,Turn,0,♠A ♠4,♣7 ♠2 ♦3 ♥5,55,0.606060606060606,0.4749945628222957,1812,0,69,1,69,-270,1010.090909090909,2.636363636363636,842.8181818181815,0.21212121212121193,raise,0,0.5245940685272217
4,8,6,River,0,♠A ♠4,♣7 ♠2 ♦3 ♥5 ♦10,55,0.9181818181818182,0.265666167203681,2640,0,59,2,59,-408,2282.0363636363636,4.50909090909091,2065.3454545454547,0.8363636363636364,raise,0,0.5254170894622803
5,8,6,River,0,♠A ♠4,♣7 ♠2 ♦3 ♥5 ♦10,120,0.875,0.3178705187126775,2640,118,132,2,14,-526,2463.0,4.25,2001.0,0.75,raise,0,0.5276899337768555
