,N,Nnf,round,first,hole,board,Nsim,prWin,prWinStd,pot,bet,maxBet,NMaxBet,minBet,util_fold,util_call,util_raise_coeff,util_call2,util_raise_coeff2,action,amount,cputime
0,8,8,Deal,0,♠8 ♠Q,,10,0.15,0.32015621187164245,0,0,20,1,20,0,4.0,0.19999999999999996,-14.0,-0.7,raise,0,0.5223007202148438
1,8,7,Deal,0,♠8 ♠Q,,115,0.2072463768115942,0.3835955652193527,0,40,69,2,29,-40,31.099999999999994,0.45072463768115933,-40.400000000000006,-0.5855072463768116,raise,0,0.526404857635498
2,8,7,Flop,0,♠8 ♠Q,♣J ♥8 ♣2,15,0.06666666666666667,0.24944382578492946,986,0,43,1,43,-138,-95.2,-0.5333333333333333,-109.53333333333333,-0.8666666666666667,call,0,0.5220389366149902
3,8,6,Flop,0,♠8 ♠Q,♣J ♥8 ♣2,90,0.13333333333333333,0.33166247903553997,986,43,862,2,819,-181,-178.93333333333328,-0.19999999999999996,-638.6666666666666,-0.7333333333333334,call,0,0.522468090057373
