,N,Nnf,round,first,hole,board,Nsim,prWin,prWinStd,pot,bet,maxBet,NMaxBet,minBet,util_fold,util_call,util_raise_coeff,util_call2,util_raise_coeff2,action,amount,cputime
0,8,8,Deal,0,♣K ♣10,,10,0.2,0.4000000000000001,0,0,20,1,20,0,12.0,0.6000000000000001,-12.0,-0.6,raise,0,0.5240070819854736
1,8,7,Deal,0,♣K ♣10,,110,0.14204545454545456,0.3443856819524939,0,40,87,1,47,-40,-0.4943181818181728,-0.005681818181818121,-62.28409090909091,-0.7159090909090908,call,0,0.526360034942627
2,8,6,Flop,0,♣K ♣10,♥9 ♦J ♠7,10,0.4,0.48989794855663565,610,0,20,1,20,-87,185.0,1.4000000000000004,153.0,-0.19999999999999996,raise,0,0.5212860107421875
3,8,6,Flop,0,♣K ♣10,♥9 ♦J ♠7,75,0.35333333333333333,0.47450559064731324,610,40,71,1,31,-127,208.05333333333328,1.12,107.70666666666665,-0.29333333333333333,raise,0,0.5286800861358643
4,8,5,Turn,0,♣K ♣10,♥9 ♦J ♠7 ♣8,10,0.5583333333333333,0.3944933459514875,1368,0,41,1,41,-229,608.2583333333334,1.791666666666667,539.5833333333334,0.1166666666666667,raise,0,0.5237150192260742
5,8,5,River,0,♣K ♣10,♥9 ♦J ♠7 ♣8 ♣J,10,0.3,0.20816659994661327,1778,0,20,1,20,-311,232.39999999999998,0.5,214.39999999999998,-0.4,raise,0,0.5210552215576172
6,8,5,River,0,♣K ♣10,♥9 ♦J ♠7 ♣8 ♣J,65,0.5384615384615384,0.36837507684241994,1778,40,71,3,31,-351,766.5384615384614,1.692307692307692,651.8461538461538,0.07692307692307687,raise,0,0.5229079723358154
7,8,5,River,0,♣K ♣10,♥9 ♦J ♠7 ♣8 ♣J,120,0.5166666666666667,0.3796928583298172,1778,142,150,3,8,-453,845.1333333333334,1.5833333333333335,612.6333333333334,0.03333333333333344,raise,0,0.5221920013427734
