,N,Nnf,round,first,hole,board,Nsim,prWin,prWinStd,pot,bet,maxBet,NMaxBet,minBet,util_fold,util_call,util_raise_coeff,util_call2,util_raise_coeff2,action,amount,cputime
0,8,8,Deal,0,♥9 ♦7,,60,0.058333333333333334,0.22530843057659622,0,0,64,1,64,0,-34.13333333333333,-0.5333333333333333,-56.53333333333333,-0.8833333333333333,fold,0,0.5236940383911133
