,N,Nnf,round,first,hole,board,Nsim,prWin,prWinStd,pot,bet,maxBet,NMaxBet,minBet,util_fold,util_call,util_raise_coeff,util_call2,util_raise_coeff2,action,amount,cputime
0,8,8,Deal,0,♥10 ♥J,,70,0.2357142857142857,0.4202161737166494,0,40,112,2,72,-40,99.19999999999999,0.8857142857142857,-59.2,-0.5285714285714286,raise,0,0.5292589664459229
1,8,7,Flop,1,♥10 ♥J,♣8 ♦6 ♥4,5,0.0,0.0,1008,0,0,8,40,-224,-224.0,-1.0,-224.0,-1.0,call,0,0.527440071105957
2,8,6,Flop,0,♥10 ♥J,♣8 ♦6 ♥4,50,0.12733333333333335,0.3242557289821998,1008,40,47,1,7,-264,-106.73999999999995,-0.23599999999999988,-130.67866666666663,-0.7453333333333333,call,0,0.5227060317993164
3,8,6,Flop,0,♥10 ♥J,♣8 ♦6 ♥4,85,0.09843137254901961,0.2919354339196506,1008,47,124,2,77,-271,-175.54823529411766,-0.40941176470588236,-224.37019607843138,-0.8031372549019608,call,0,0.5212302207946777
4,8,6,Turn,1,♥10 ♥J,♣8 ♦6 ♥4 ♦9,5,0.0,0.0,1380,0,0,8,40,-348,-348.0,-1.0,-348.0,-1.0,call,0,0.5287008285522461
5,8,6,Turn,0,♥10 ♥J,♣8 ♦6 ♥4 ♦9,40,0.225,0.41758232721225164,1380,40,120,1,80,-388,4.5,0.3500000000000001,-103.5,-0.55,raise,0,0.5226831436157227
6,8,6,River,1,♥10 ♥J,♣8 ♦6 ♥4 ♦9 ♦7,5,0.3,0.39999999999999997,2100,0,0,8,40,-588,42.0,0.7999999999999998,42.0,-0.4,raise,0,0.5279908180236816
7,8,6,River,0,♥10 ♥J,♣8 ♦6 ♥4 ♦9 ♦7,40,0.7125,0.4456385867493972,2100,40,128,1,88,-628,1327.45,3.2750000000000004,962.6500000000001,0.42500000000000004,raise,0,0.5237247943878174
8,8,6,River,0,♥10 ♥J,♣8 ♦6 ♥4 ♦9 ♦7,75,0.7066666666666667,0.43276886312313284,2100,256,274,1,18,-844,1783.7600000000002,3.24,1009.2533333333333,0.41333333333333333,raise,0,0.5202498435974121
