,N,Nnf,round,first,hole,board,Nsim,prWin,prWinStd,pot,bet,maxBet,NMaxBet,minBet,util_fold,util_call,util_raise_coeff,util_call2,util_raise_coeff2,action,amount,cputime
0,8,8,Deal,0,♦5 ♥10,,90,0.09444444444444444,0.27783332777888864,0,0,75,3,75,0,-18.333333333333336,-0.24444444444444446,-60.833333333333336,-0.8111111111111111,fold,0,0.5266659259796143
