,N,Nnf,round,first,hole,board,Nsim,prWin,prWinStd,pot,bet,maxBet,NMaxBet,minBet,util_fold,util_call,util_raise_coeff,util_call2,util_raise_coeff2,action,amount,cputime
0,8,7,Deal,0,♥Q ♥J,,60,0.225,0.4125631264828855,0,20,138,2,118,-20,79.35,0.575,-75.9,-0.55,raise,0,0.5255699157714844
1,8,7,Flop,1,♥Q ♥J,♠9 ♠J ♥4,5,0.2,0.4000000000000001,1104,0,0,8,40,-276,-55.19999999999999,0.40000000000000013,-55.19999999999999,-0.6,raise,0,0.5265011787414551
2,8,6,Flop,0,♥Q ♥J,♠9 ♠J ♥4,50,0.22,0.41424630354415964,1104,40,66,2,26,-316,-12.0,0.32000000000000006,-70.07999999999998,-0.56,raise,0,0.5248780250549316
3,8,6,Flop,0,♥Q ♥J,♠9 ♠J ♥4,85,0.23333333333333336,0.41633319989322654,1104,132,202,2,70,-408,62.40000000000009,0.40000000000000013,-126.13333333333333,-0.5333333333333332,raise,0,0.5212788581848145
4,8,6,Turn,1,♥Q ♥J,♠9 ♠J ♥4 ♣K,5,0.2,0.4,2316,0,0,8,40,-680,-216.79999999999995,0.20000000000000018,-216.79999999999995,-0.6,raise,0,0.527008056640625
5,8,6,Turn,0,♥Q ♥J,♠9 ♠J ♥4 ♣K,40,0.1,0.30000000000000004,2316,40,137,2,97,-720,-503.2,-0.3999999999999999,-558.0,-0.8,call,0,0.5277800559997559
6,8,6,River,1,♥Q ♥J,♠9 ♠J ♥4 ♣K ♣2,0,,,2727,0,0,8,40,-817,,,,,call,0,0.5234730243682861
7,8,6,River,0,♥Q ♥J,♠9 ♠J ♥4 ♣K ♣2,40,0.1,0.30000000000000004,2727,40,135,1,95,-857,-598.3,-0.3999999999999999,-652.3,-0.8,call,0,0.5269870758056641
8,8,6,River,0,♥Q ♥J,♠9 ♠J ♥4 ♣K ♣2,75,0.10666666666666667,0.308688984074406,2727,135,212,2,77,-952,-602.44,-0.36,-692.8933333333333,-0.7866666666666666,call,0,0.5270071029663086
