,N,Nnf,round,first,hole,board,Nsim,prWin,prWinStd,pot,bet,maxBet,NMaxBet,minBet,util_fold,util_call,util_raise_coeff,util_call2,util_raise_coeff2,action,amount,cputime
0,8,7,Deal,0,♠8 ♥8,,40,0.2,0.4000000000000001,0,0,20,1,20,0,8.0,0.40000000000000013,-12.0,-0.6,raise,0,0.5266661643981934
1,8,7,Deal,0,♠8 ♥8,,90,0.18888888888888888,0.3914203323068564,0,40,59,2,19,-40,19.011111111111106,0.3222222222222222,-36.71111111111111,-0.6222222222222222,raise,0,0.5219032764434814
2,8,7,Flop,0,♠8 ♥8,♠2 ♦5 ♥10,25,0.12,0.32496153618543844,590,0,77,2,77,-118,-59.51999999999998,-0.16000000000000003,-105.72,-0.76,call,0,0.5302519798278809
3,8,6,Turn,0,♠8 ♥8,♠2 ♦5 ♥10 ♠J,25,0.0,0.0,898,0,74,2,74,-195,-269.0,-1.0,-269.0,-1.0,fold,0,0.5247070789337158
