,N,Nnf,round,first,hole,board,Nsim,prWin,prWinStd,pot,bet,maxBet,NMaxBet,minBet,util_fold,util_call,util_raise_coeff,util_call2,util_raise_coeff2,action,amount,cputime
0,8,8,Deal,0,♥5 ♥10,,90,0.1388888888888889,0.33356473449506835,0,10,156,1,146,-10,17.333333333333343,0.11111111111111116,-112.66666666666666,-0.7222222222222222,raise,0,0.5238268375396729
1,8,8,Flop,1,♥5 ♥10,♠Q ♣2 ♦3,5,0.0,0.0,2496,0,0,8,20,-312,-312.0,-1.0,-312.0,-1.0,call,0,0.5257318019866943
2,8,7,Flop,0,♥5 ♥10,♠Q ♣2 ♦3,110,0.01818181818181818,0.11535070491317745,2496,20,88,1,68,-332,-343.41818181818184,-0.8727272727272728,-351.41818181818184,-0.9636363636363636,fold,0,0.5224909782409668
