,N,Nnf,round,first,hole,board,Nsim,prWin,prWinStd,pot,bet,maxBet,NMaxBet,minBet,util_fold,util_call,util_raise_coeff,util_call2,util_raise_coeff2,action,amount,cputime
0,8,7,Deal,0,♦K ♣6,,50,0.16,0.3527038417709679,0,0,20,2,20,0,2.400000000000002,0.1200000000000001,-13.6,-0.6799999999999999,raise,0,0.5309309959411621
1,8,7,Deal,0,♦K ♣6,,120,0.17916666666666667,0.3752545432399482,0,40,96,2,56,-40,24.39999999999999,0.25416666666666665,-61.6,-0.6416666666666666,raise,0,0.522838830947876
2,8,7,Flop,0,♦K ♣6,♣J ♥Q ♣4,35,0.05714285714285714,0.23211538298959888,1344,0,62,2,62,-192,-152.4,-0.6000000000000001,-170.1142857142857,-0.8857142857142857,call,0,0.5242009162902832
3,8,7,Flop,0,♦K ♣6,♣J ♥Q ♣4,110,0.05,0.21266704664162886,1344,62,96,3,34,-254,-187.2,-0.6499999999999999,-211.2,-0.9,call,0,0.5290510654449463
4,8,6,Turn,0,♦K ♣6,♣J ♥Q ♣4 ♠Q,30,0.0,0.0,1984,0,69,2,69,-288,-357.0,-1.0,-357.0,-1.0,fold,0,0.5204160213470459
