,N,Nnf,round,first,hole,board,Nsim,prWin,prWinStd,pot,bet,maxBet,NMaxBet,minBet,util_fold,util_call,util_raise_coeff,util_call2,util_raise_coeff2,action,amount,cputime
0,8,8,Deal,0,♣A ♦8,,40,0.20833333333333331,0.3832427429188973,0,0,40,1,40,0,26.666666666666657,0.6666666666666665,-23.333333333333336,-0.5833333333333334,raise,0,0.5283992290496826
1,8,8,Flop,0,♣A ♦8,♥A ♥Q ♦3,55,0.3242424242424242,0.4588283077339076,640,0,138,1,138,-80,347.4787878787879,1.5939393939393938,79.0060606060606,-0.35151515151515156,raise,0,0.5273308753967285
