,N,Nnf,round,first,hole,board,Nsim,prWin,prWinStd,pot,bet,maxBet,NMaxBet,minBet,util_fold,util_call,util_raise_coeff,util_call2,util_raise_coeff2,action,amount,cputime
0,8,7,Deal,0,♦3 ♣A,,40,0.1625,0.34255474015111803,0,0,20,1,20,0,2.75,0.13749999999999996,-13.5,-0.675,raise,0,0.524285078048706
1,8,7,Deal,0,♦3 ♣A,,115,0.1358695652173913,0.3315662835362966,0,40,1000,4,960,-40,-48.91304347826099,-0.048913043478260976,-728.2608695652175,-0.7282608695652174,fold,0,0.528717041015625
