,N,Nnf,round,first,hole,board,Nsim,prWin,prWinStd,pot,bet,maxBet,NMaxBet,minBet,util_fold,util_call,util_raise_coeff,util_call2,util_raise_coeff2,action,amount,cputime
0,8,7,Deal,0,♦A ♦4,,95,0.1614035087719298,0.3423795571544527,0,20,43,1,23,-20,5.582456140350864,0.1298245614035085,-29.11929824561404,-0.6771929824561405,raise,0,0.5290319919586182
1,8,7,Flop,1,♦A ♦4,♠10 ♥6 ♦9,5,0.0,0.0,612,0,0,8,20,-86,-86.0,-1.0,-86.0,-1.0,call,0,0.5211482048034668
2,8,6,Flop,0,♦A ♦4,♠10 ♥6 ♦9,80,0.03375,0.16578883406309364,612,20,75,2,55,-106,-125.1575,-0.7975,-135.2825,-0.9325,fold,0,0.5261557102203369
