,N,Nnf,round,first,hole,board,Nsim,prWin,prWinStd,pot,bet,maxBet,NMaxBet,minBet,util_fold,util_call,util_raise_coeff,util_call2,util_raise_coeff2,action,amount,cputime
0,8,8,Deal,0,♥K ♥3,,60,0.20833333333333334,0.40095372412398034,0,0,23,3,23,0,15.333333333333336,0.6666666666666667,-13.416666666666666,-0.5833333333333333,raise,0,0.522716760635376
1,8,8,Deal,0,♥K ♥3,,165,0.1946969696969697,0.3912759612723546,0,46,164,1,118,-46,91.44242424242424,0.5575757575757576,-100.13939393939394,-0.6106060606060606,raise,0,0.5248110294342041
2,8,8,Deal,0,♥K ♥3,,265,0.1721698113207547,0.3732083102802355,0,328,656,1,328,-328,247.5471698113207,0.37735849056603765,-430.11320754716985,-0.6556603773584906,raise,0,0.5226480960845947
3,8,8,Flop,0,♥K ♥3,♥7 ♣Q ♣2,55,0.05454545454545454,0.20610516452281152,4536,0,51,3,51,-656,-437.3272727272727,-0.5636363636363637,-454.0181818181818,-0.8909090909090909,call,0,0.5255229473114014
4,8,7,Turn,0,♥K ♥3,♥7 ♣Q ♣2 ♦4,50,0.0,0.0,4791,0,47,2,47,-707,-754.0,-1.0,-754.0,-1.0,fold,0,0.524770975112915
