,N,Nnf,round,first,hole,board,Nsim,prWin,prWinStd,pot,bet,maxBet,NMaxBet,minBet,util_fold,util_call,util_raise_coeff,util_call2,util_raise_coeff2,action,amount,cputime
0,8,8,Deal,0,♥3 ♦3,,70,0.12857142857142856,0.33472498611028517,0,0,79,4,79,0,2.2571428571428527,0.02857142857142847,-58.68571428571428,-0.7428571428571429,raise,0,0.5244200229644775
1,8,8,Deal,0,♥3 ♦3,,170,0.12426470588235294,0.3289066834246213,0,158,316,1,158,-158,-1.8588235294117794,-0.00588235294117645,-237.46470588235294,-0.7514705882352941,call,0,0.5243978500366211
2,8,8,Flop,0,♥3 ♦3,♣6 ♥K ♣9,85,0.0,0.0,2528,0,120,1,120,-316,-436.0,-1.0,-436.0,-1.0,fold,0,0.5276200771331787
