,N,Nnf,round,first,hole,board,Nsim,prWin,prWinStd,pot,bet,maxBet,NMaxBet,minBet,util_fold,util_call,util_raise_coeff,util_call2,util_raise_coeff2,action,amount,cputime
0,8,7,Deal,0,♠K ♠7,,40,0.225,0.41758232721225164,0,0,40,1,40,0,23.0,0.575,-22.0,-0.55,raise,0,0.5339491367340088
1,8,7,Deal,0,♠K ♠7,,80,0.2125,0.4090767042988393,0,80,101,1,21,-80,49.23749999999998,0.48750000000000004,-58.075,-0.575,raise,0,0.5275528430938721
2,8,7,Deal,0,♠K ♠7,,125,0.15466666666666667,0.35911991188335834,0,202,234,2,32,-202,19.343999999999994,0.08266666666666667,-161.61599999999999,-0.6906666666666667,raise,0,0.5210831165313721
3,8,7,Flop,0,♠K ♠7,♠Q ♠J ♠5,20,0.9,0.30000000000000004,1872,0,144,1,144,-468,1980.0,5.3,1332.0,0.8,raise,0,0.5251140594482422
4,8,7,Turn,0,♠K ♠7,♠Q ♠J ♠5 ♥A,20,0.75,0.4330127018922193,3024,0,151,1,151,-756,2153.75,4.25,1587.5,0.5,raise,0,0.5279388427734375
5,8,7,River,0,♠K ♠7,♠Q ♠J ♠5 ♥A ♥7,20,0.8,0.4,4232,0,57,1,57,-1058,2589.8,4.6000000000000005,2361.8,0.6000000000000001,raise,0,0.5209829807281494
6,8,7,River,0,♠K ♠7,♠Q ♠J ♠5 ♥A ♥7,65,0.9384615384615385,0.24031537464328165,4232,114,150,1,36,-1172,3748.953846153846,5.569230769230769,3045.1076923076926,0.8769230769230769,raise,0,0.5258030891418457
