,N,Nnf,round,first,hole,board,Nsim,prWin,prWinStd,pot,bet,maxBet,NMaxBet,minBet,util_fold,util_call,util_raise_coeff,util_call2,util_raise_coeff2,action,amount,cputime
0,8,7,Deal,0,♦2 ♦9,,60,0.15833333333333333,0.3593010189551683,0,0,33,1,33,0,3.5749999999999957,0.10833333333333339,-22.55,-0.6833333333333333,raise,0,0.5251297950744629
1,8,7,Deal,0,♦2 ♦9,,135,0.13333333333333333,0.3344425987398314,0,66,1000,4,934,-66,-66.66666666666663,-0.06666666666666665,-733.3333333333333,-0.7333333333333334,fold,0,0.5209670066833496
