,N,Nnf,round,first,hole,board,Nsim,prWin,prWinStd,pot,bet,maxBet,NMaxBet,minBet,util_fold,util_call,util_raise_coeff,util_call2,util_raise_coeff2,action,amount,cputime
0,8,8,Deal,0,♦K ♠2,,70,0.11428571428571428,0.318157963590287,0,40,100,3,60,-40,-8.57142857142857,-0.08571428571428574,-77.14285714285714,-0.7714285714285715,call,0,0.5258102416992188
1,8,8,Deal,0,♦K ♠2,,140,0.11160714285714286,0.29906716150697116,0,100,280,1,180,-100,-30.0,-0.1071428571428571,-217.5,-0.7767857142857143,call,0,0.5200059413909912
2,8,8,Flop,0,♦K ♠2,♣3 ♠3 ♦4,35,0.02857142857142857,0.1665986255670086,1400,0,40,1,40,-280,-270.8571428571429,-0.7714285714285715,-277.7142857142857,-0.9428571428571428,call,0,0.5230050086975098
3,8,8,Flop,0,♦K ♠2,♣3 ♠3 ♦4,110,0.04090909090909091,0.19225714529596916,1400,40,157,2,117,-320,-328.3454545454546,-0.6727272727272727,-366.8818181818182,-0.9181818181818182,fold,0,0.5210440158843994
