,N,Nnf,round,first,hole,board,Nsim,prWin,prWinStd,pot,bet,maxBet,NMaxBet,minBet,util_fold,util_call,util_raise_coeff,util_call2,util_raise_coeff2,action,amount,cputime
0,8,8,Deal,0,♣3 ♦7,,60,0.008333333333333333,0.06400954789890508,0,0,25,2,25,0,-23.333333333333332,-0.9333333333333333,-24.583333333333332,-0.9833333333333333,fold,0,0.5274829864501953
