,N,Nnf,round,first,hole,board,Nsim,prWin,prWinStd,pot,bet,maxBet,NMaxBet,minBet,util_fold,util_call,util_raise_coeff,util_call2,util_raise_coeff2,action,amount,cputime
0,8,8,Deal,0,♣2 ♦9,,80,0.09791666666666667,0.28709966088063876,0,40,286,1,246,-40,-61.96666666666667,-0.21666666666666667,-229.99166666666667,-0.8041666666666667,fold,0,0.5294809341430664
