,N,Nnf,round,first,hole,board,Nsim,prWin,prWinStd,pot,bet,maxBet,NMaxBet,minBet,util_fold,util_call,util_raise_coeff,util_call2,util_raise_coeff2,action,amount,cputime
0,8,7,Deal,0,♦Q ♦7,,40,0.15,0.3570714214271425,0,0,20,1,20,0,1.0,0.050000000000000044,-14.0,-0.7,raise,0,0.5290989875793457
1,8,7,Deal,0,♦Q ♦7,,115,0.16521739130434782,0.3654760988463915,0,40,60,2,20,-40,9.391304347826079,0.15652173913043477,-40.173913043478265,-0.6695652173913044,raise,0,0.521003007888794
2,8,7,Deal,0,♦Q ♦7,,195,0.14871794871794872,0.34852936077017843,0,120,186,1,66,-120,7.630769230769232,0.0410256410256411,-130.67692307692306,-0.7025641025641025,raise,0,0.5295040607452393
