,N,Nnf,round,first,hole,board,Nsim,prWin,prWinStd,pot,bet,maxBet,NMaxBet,minBet,util_fold,util_call,util_raise_coeff,util_call2,util_raise_coeff2,action,amount,cputime
0,8,8,Deal,0,♠A ♦J,,75,0.14666666666666667,0.34422215049134897,0,20,20,6,0,-20,3.4666666666666686,0.17333333333333334,-14.133333333333333,-0.7066666666666667,raise,0,0.5222890377044678
1,8,7,Deal,0,♠A ♦J,,155,0.15483870967741936,0.3527209531054618,0,40,5778,1,5738,-40,484.6064516129036,0.08387096774193559,-3988.6838709677418,-0.6903225806451613,raise,0,0.5252258777618408
