,N,Nnf,round,first,hole,board,Nsim,prWin,prWinStd,pot,bet,maxBet,NMaxBet,minBet,util_fold,util_call,util_raise_coeff,util_call2,util_raise_coeff2,action,amount,cputime
0,8,8,Deal,0,♣3 ♥10,,80,0.11875,0.3186274274132722,0,20,138,1,118,-20,-6.900000000000006,-0.050000000000000044,-105.225,-0.7625,call,0,0.5311911106109619
1,8,8,Flop,0,♣3 ♥10,♣Q ♦5 ♠2,35,0.014285714285714285,0.0832993127835043,828,0,20,1,20,-138,-143.8857142857143,-0.8857142857142857,-145.6,-0.9714285714285714,fold,0,0.535938024520874
