,N,Nnf,round,first,hole,board,Nsim,prWin,prWinStd,pot,bet,maxBet,NMaxBet,minBet,util_fold,util_call,util_raise_coeff,util_call2,util_raise_coeff2,action,amount,cputime
0,8,8,Deal,0,♣10 ♣2,,125,0.13466666666666666,0.3297783767589649,0,20,146,1,126,-20,11.290666666666652,0.07733333333333325,-106.67733333333334,-0.7306666666666667,raise,0,0.5248939990997314
1,8,8,Flop,0,♣10 ♣2,♠4 ♣Q ♣J,35,0.42857142857142855,0.48022103754204604,2336,0,20,1,20,-292,757.7142857142858,2.4285714285714284,706.2857142857142,-0.1428571428571429,raise,0,0.5300469398498535
2,8,7,Flop,0,♣10 ♣2,♠4 ♣Q ♣J,165,0.36666666666666664,0.4739688435398097,2336,40,57,5,17,-332,653.8333333333333,1.5666666666666664,549.3333333333333,-0.2666666666666667,raise,0,0.528911828994751
3,8,6,Flop,0,♣10 ♣2,♠4 ♣Q ♣J,285,0.356140350877193,0.4705418839084971,2336,114,132,4,18,-406,690.0070175438595,1.1368421052631579,501.9649122807018,-0.28771929824561404,raise,0,0.5248479843139648
4,8,6,Turn,1,♣10 ♣2,♠4 ♣Q ♣J ♥4,5,0.0,0.0,3977,0,0,8,20,-556,-556.0,-1.0,-556.0,-1.0,call,0,0.5220179557800293
5,8,6,Turn,0,♣10 ♣2,♠4 ♣Q ♣J ♥4,85,0.11764705882352941,0.3221897397089212,3977,20,74,5,54,-576,-109.88235294117646,-0.2941176470588236,-144.70588235294116,-0.7647058823529411,call,0,0.5204200744628906
6,8,6,River,1,♣10 ♣2,♠4 ♣Q ♣J ♥4 ♦4,5,0.0,0.0,4421,0,0,8,20,-630,-630.0,-1.0,-630.0,-1.0,call,0,0.522968053817749
7,8,6,River,0,♣10 ♣2,♠4 ♣Q ♣J ♥4 ♦4,90,0.0,0.0,4421,20,60,1,40,-650,-690.0,-1.0,-690.0,-1.0,fold,0,0.5209732055664062
