,N,Nnf,round,first,hole,board,Nsim,prWin,prWinStd,pot,bet,maxBet,NMaxBet,minBet,util_fold,util_call,util_raise_coeff,util_call2,util_raise_coeff2,action,amount,cputime
0,8,7,Deal,0,♣2 ♠2,,70,0.12857142857142856,0.33472498611028517,0,0,72,1,72,0,-7.200000000000003,-0.10000000000000009,-53.48571428571429,-0.7428571428571429,fold,0,0.5234658718109131
