,N,Nnf,round,first,hole,board,Nsim,prWin,prWinStd,pot,bet,maxBet,NMaxBet,minBet,util_fold,util_call,util_raise_coeff,util_call2,util_raise_coeff2,action,amount,cputime
0,8,8,Deal,0,♠6 ♦8,,10,0.2,0.4000000000000001,0,0,20,1,20,0,12.0,0.6000000000000001,-12.0,-0.6,raise,0,0.5241799354553223
1,8,8,Deal,0,♠6 ♦8,,95,0.14342105263157895,0.3450631240176016,0,40,110,1,70,-40,16.21052631578948,0.1473684210526316,-78.44736842105263,-0.7131578947368421,raise,0,0.5237898826599121
2,8,8,Deal,0,♠6 ♦8,,180,0.09699074074074074,0.28803394310983893,0,220,440,1,220,-220,-98.59259259259261,-0.2240740740740741,-354.64814814814815,-0.8060185185185185,call,0,0.5294458866119385
3,8,8,Flop,0,♠6 ♦8,♣3 ♦9 ♠7,40,0.2,0.4000000000000001,2640,0,44,1,44,-440,114.39999999999998,0.6000000000000001,61.60000000000002,-0.6,raise,0,0.5308737754821777
4,8,8,Flop,0,♠6 ♦8,♣3 ♦9 ♠7,130,0.1346153846153846,0.33848339090295076,2640,88,3656,2,3568,-528,196.61538461538476,0.07692307692307687,-2756.3076923076924,-0.7307692307692308,raise,0,0.519240140914917
