,N,Nnf,round,first,hole,board,Nsim,prWin,prWinStd,pot,bet,maxBet,NMaxBet,minBet,util_fold,util_call,util_raise_coeff,util_call2,util_raise_coeff2,action,amount,cputime
0,8,8,Deal,0,♣5 ♥4,,60,0.1611111111111111,0.34556270089075525,0,20,288,1,268,-20,83.19999999999993,0.28888888888888875,-195.20000000000002,-0.6777777777777778,raise,0,0.5273480415344238
1,8,7,Flop,1,♣5 ♥4,♦9 ♦K ♠J,5,0.0,0.0,2344,0,0,8,40,-576,-576.0,-1.0,-576.0,-1.0,call,0,0.5208611488342285
2,8,6,Turn,1,♣5 ♥4,♦9 ♦K ♠J ♥3,5,0.0,0.0,2464,0,0,8,40,-616,-616.0,-1.0,-616.0,-1.0,call,0,0.5228767395019531
3,8,6,Turn,0,♣5 ♥4,♦9 ♦K ♠J ♥3,40,0.0,0.0,2464,40,84,1,44,-656,-700.0,-1.0,-700.0,-1.0,fold,0,0.5232656002044678
