,N,Nnf,round,first,hole,board,Nsim,prWin,prWinStd,pot,bet,maxBet,NMaxBet,minBet,util_fold,util_call,util_raise_coeff,util_call2,util_raise_coeff2,action,amount,cputime
0,8,8,Deal,0,♣K ♦6,,75,0.056666666666666664,0.22480856053293188,0,40,146,1,106,-40,-79.81333333333333,-0.5466666666666666,-129.45333333333332,-0.8866666666666667,fold,0,0.5234560966491699
