,N,Nnf,round,first,hole,board,Nsim,prWin,prWinStd,pot,bet,maxBet,NMaxBet,minBet,util_fold,util_call,util_raise_coeff,util_call2,util_raise_coeff2,action,amount,cputime
0,8,8,Deal,0,♠3 ♠K,,95,0.20526315789473684,0.4006227838733698,0,0,106,1,106,0,68.06315789473683,0.6421052631578947,-62.48421052631579,-0.5894736842105264,raise,0,0.526371955871582
1,8,8,Flop,0,♠3 ♠K,♦7 ♠Q ♣8,120,0.03333333333333333,0.1674979270186815,1696,0,200,1,200,-212,-302.1333333333333,-0.7333333333333334,-342.1333333333333,-0.9333333333333333,fold,0,0.527493953704834
