,N,Nnf,round,first,hole,board,Nsim,prWin,prWinStd,pot,bet,maxBet,NMaxBet,minBet,util_fold,util_call,util_raise_coeff,util_call2,util_raise_coeff2,action,amount,cputime
0,8,7,Deal,0,♣2 ♠10,,85,0.11176470588235295,0.31037425784171574,0,10,65,5,55,-10,-14.147058823529413,-0.21764705882352942,-50.470588235294116,-0.7764705882352941,fold,0,0.524324893951416
