,N,Nnf,round,first,hole,board,Nsim,prWin,prWinStd,pot,bet,maxBet,NMaxBet,minBet,util_fold,util_call,util_raise_coeff,util_call2,util_raise_coeff2,action,amount,cputime
0,8,7,Deal,0,♣5 ♠9,,50,0.21,0.40112342240263166,0,0,50,1,50,0,23.5,0.47,-29.0,-0.5800000000000001,raise,0,0.5214650630950928
1,8,7,Deal,0,♣5 ♠9,,100,0.15833333333333333,0.3585270794049825,0,100,182,2,82,-100,19.71666666666667,0.10833333333333339,-124.36666666666667,-0.6833333333333333,raise,0,0.5197787284851074
2,8,7,Flop,0,♣5 ♠9,♦8 ♦K ♠K,35,0.03214285714285714,0.16728626326614812,1820,0,40,3,40,-364,-336.5,-0.775,-342.92857142857144,-0.9357142857142857,call,0,0.523780107498169
3,8,7,Turn,0,♣5 ♠9,♦8 ♦K ♠K ♣8,35,0.0035714285714285713,0.020824828195876076,2020,0,45,3,45,-404,-440.6607142857143,-0.975,-441.4642857142857,-0.9928571428571429,fold,0,0.5259561538696289
