,N,Nnf,round,first,hole,board,Nsim,prWin,prWinStd,pot,bet,maxBet,NMaxBet,minBet,util_fold,util_call,util_raise_coeff,util_call2,util_raise_coeff2,action,amount,cputime
0,8,8,Deal,0,♣J ♣A,,55,0.25151515151515147,0.4238742991590824,0,20,304,1,284,-20,307.6848484848483,1.0121212121212118,-151.07878787878792,-0.49696969696969706,raise,0,0.5230190753936768
1,8,8,Flop,1,♣J ♣A,♠7 ♥9 ♦6,5,0.0,0.0,2655,0,0,8,40,-608,-608.0,-1.0,-608.0,-1.0,call,0,0.5252420902252197
2,8,7,Flop,0,♣J ♣A,♠7 ♥9 ♦6,65,0.038461538461538464,0.18203322409537281,2655,40,77,1,37,-648,-562.1538461538462,-0.7307692307692307,-576.9615384615385,-0.9230769230769231,call,0,0.5233793258666992
3,8,7,Turn,1,♣J ♣A,♠7 ♥9 ♦6 ♦A,5,0.2,0.4000000000000001,2811,0,0,8,40,-685,-122.79999999999995,0.40000000000000013,-122.79999999999995,-0.6,raise,0,0.5236289501190186
4,8,7,Turn,0,♣J ♣A,♠7 ♥9 ♦6 ♦A,30,0.2,0.4000000000000001,2811,40,138,1,98,-725,-67.59999999999991,0.40000000000000013,-205.5999999999999,-0.6,raise,0,0.5225520133972168
5,8,7,River,1,♣J ♣A,♠7 ♥9 ♦6 ♦A ♣8,5,0.0,0.0,3363,0,0,8,40,-961,-961.0,-1.0,-961.0,-1.0,call,0,0.528285026550293
6,8,7,River,0,♣J ♣A,♠7 ♥9 ♦6 ♦A ♣8,25,0.0,0.0,3363,40,73,1,33,-1001,-1034.0,-1.0,-1034.0,-1.0,fold,0,0.5268151760101318
