,N,Nnf,round,first,hole,board,Nsim,prWin,prWinStd,pot,bet,maxBet,NMaxBet,minBet,util_fold,util_call,util_raise_coeff,util_call2,util_raise_coeff2,action,amount,cputime
0,8,7,Deal,0,♣5 ♦5,,80,0.14375,0.3463537750624352,0,10,49,3,39,-10,0.3062499999999915,0.006249999999999867,-34.9125,-0.7125,raise,0,0.5246140956878662
1,8,7,Flop,1,♣5 ♦5,♦8 ♥J ♠4,5,0.0,0.0,588,0,0,8,20,-98,-98.0,-1.0,-98.0,-1.0,call,0,0.5266742706298828
2,8,7,Flop,0,♣5 ♦5,♦8 ♥J ♠4,70,0.08571428571428572,0.27994168488950605,588,20,65,2,45,-118,-73.6,-0.4,-101.45714285714286,-0.8285714285714285,call,0,0.520287036895752
3,8,7,Turn,1,♣5 ♦5,♦8 ♥J ♠4 ♠3,5,0.0,0.0,978,0,0,8,20,-163,-163.0,-1.0,-163.0,-1.0,call,0,0.5201380252838135
4,8,7,Turn,0,♣5 ♦5,♦8 ♥J ♠4 ♠3,65,0.0,0.0,978,20,70,1,50,-183,-233.0,-1.0,-233.0,-1.0,fold,0,0.5211756229400635
