,N,Nnf,round,first,hole,board,Nsim,prWin,prWinStd,pot,bet,maxBet,NMaxBet,minBet,util_fold,util_call,util_raise_coeff,util_call2,util_raise_coeff2,action,amount,cputime
0,8,7,Deal,0,♥6 ♣4,,65,0.07692307692307693,0.26646935501059654,0,40,71,1,31,-40,-32.76923076923077,-0.46153846153846145,-60.07692307692308,-0.8461538461538461,call,0,0.5257430076599121
1,8,7,Deal,0,♥6 ♣4,,110,0.06363636363636363,0.24410402876541004,0,71,189,1,118,-71,-104.80909090909093,-0.5545454545454546,-164.94545454545454,-0.8727272727272728,fold,0,0.5273752212524414
