,N,Nnf,round,first,hole,board,Nsim,prWin,prWinStd,pot,bet,maxBet,NMaxBet,minBet,util_fold,util_call,util_raise_coeff,util_call2,util_raise_coeff2,action,amount,cputime
0,8,7,Deal,0,♥J ♣9,,60,0.1472222222222222,0.33067224831011915,0,0,30,1,30,0,0.9166666666666643,0.030555555555555447,-21.166666666666668,-0.7055555555555556,raise,0,0.5228066444396973
1,8,7,Deal,0,♥J ♣9,,155,0.17311827956989245,0.36558191006031515,0,60,93,1,33,-60,19.69999999999999,0.21182795698924717,-60.800000000000004,-0.6537634408602151,raise,0,0.5256361961364746
2,8,7,Flop,0,♥J ♣9,♦10 ♥3 ♥9,40,0.125,0.33071891388307384,1302,0,61,2,61,-186,-30.875,-0.125,-69.0,-0.75,call,0,0.5287899971008301
3,8,6,Flop,0,♥J ♣9,♦10 ♥3 ♥9,140,0.16428571428571428,0.3705346385526554,1302,61,132,1,71,-247,26.014285714285734,-0.014285714285714235,-60.7285714285714,-0.6714285714285715,call,0,0.5226168632507324
4,8,6,Turn,0,♥J ♣9,♦10 ♥3 ♥9 ♣J,15,0.5333333333333333,0.4988876515698588,1854,0,20,1,20,-318,714.8,2.2,672.1333333333333,0.06666666666666665,raise,0,0.5313467979431152
5,8,6,River,0,♥J ♣9,♦10 ♥3 ♥9 ♣J ♦4,20,0.6,0.48989794855663565,1934,0,20,1,20,-358,854.3999999999999,2.5999999999999996,806.3999999999999,0.19999999999999996,raise,0,0.5279419422149658
6,8,6,River,0,♥J ♣9,♦10 ♥3 ♥9 ♣J ♦4,50,0.69,0.45705579528105755,1934,40,67,1,27,-398,1186.8399999999997,3.1399999999999997,1001.9199999999998,0.3799999999999999,raise,0,0.5229299068450928
