,N,Nnf,round,first,hole,board,Nsim,prWin,prWinStd,pot,bet,maxBet,NMaxBet,minBet,util_fold,util_call,util_raise_coeff,util_call2,util_raise_coeff2,action,amount,cputime
0,8,7,Deal,0,♥9 ♥Q,,80,0.23541666666666666,0.4172443911479751,0,0,70,3,70,0,45.35416666666667,0.6479166666666667,-37.041666666666664,-0.5291666666666667,raise,0,0.522773027420044
1,8,7,Deal,0,♥9 ♥Q,,160,0.20833333333333331,0.40052049468993056,0,140,238,4,98,-140,109.08333333333331,0.45833333333333326,-138.83333333333334,-0.5833333333333334,raise,0,0.5214231014251709
2,8,7,Flop,0,♥9 ♥Q,♥3 ♦10 ♥K,35,0.28095238095238095,0.4341958971449474,2856,0,32,1,32,-476,357.33333333333326,0.9666666666666668,312.3809523809524,-0.4380952380952381,raise,0,0.52406907081604
3,8,7,Flop,0,♥9 ♥Q,♥3 ♦10 ♥K,90,0.4314814814814814,0.4899574461519904,2856,64,76,1,12,-540,909.859259259259,2.0203703703703697,745.896296296296,-0.13703703703703718,raise,0,0.5246298313140869
4,8,7,Turn,0,♥9 ♥Q,♥3 ♦10 ♥K ♣10,35,0.14285714285714285,0.3499271061118826,3616,0,76,1,76,-628,-111.42857142857144,0.0,-165.71428571428578,-0.7142857142857143,call,0,0.5258498191833496
5,8,7,Turn,0,♥9 ♥Q,♥3 ♦10 ♥K ♣10,90,0.11666666666666667,0.31666666666666665,3616,76,152,4,76,-704,-234.0,-0.18333333333333335,-322.66666666666663,-0.7666666666666666,call,0,0.5205121040344238
6,8,7,River,0,♥9 ♥Q,♥3 ♦10 ♥K ♣10 ♣2,35,0.0,0.0,4376,0,78,2,78,-780,-858.0,-1.0,-858.0,-1.0,fold,0,0.5245370864868164
