,N,Nnf,round,first,hole,board,Nsim,prWin,prWinStd,pot,bet,maxBet,NMaxBet,minBet,util_fold,util_call,util_raise_coeff,util_call2,util_raise_coeff2,action,amount,cputime
0,8,8,Deal,0,♠A ♠5,,90,0.2037037037037037,0.39967407846722836,0,10,150,1,140,-10,94.44444444444443,0.6296296296296295,-88.88888888888889,-0.5925925925925926,raise,0,0.5235047340393066
1,8,8,Deal,0,♠A ♠5,,205,0.1910569105691057,0.3888015349989705,0,300,316,1,16,-300,166.9918699186992,0.5284552845528456,-195.2520325203252,-0.6178861788617886,raise,0,0.525644063949585
