,N,Nnf,round,first,hole,board,Nsim,prWin,prWinStd,pot,bet,maxBet,NMaxBet,minBet,util_fold,util_call,util_raise_coeff,util_call2,util_raise_coeff2,action,amount,cputime
0,8,7,Deal,0,♦A ♠2,,80,0.075,0.26339134382131846,0,20,24,3,4,-20,-11.400000000000002,-0.475,-20.4,-0.85,call,0,0.5291969776153564
1,8,7,Flop,1,♦A ♠2,♦Q ♠10 ♣9,5,0.1,0.2,130,0,0,8,20,-24,-11.0,-0.29999999999999993,-11.0,-0.8,call,0,0.5242609977722168
2,8,7,Flop,0,♦A ♠2,♦Q ♠10 ♣9,60,0.016666666666666666,0.08975274678557504,130,20,62,2,42,-44,-76.6,-0.8833333333333333,-81.76666666666667,-0.9666666666666667,fold,0,0.5247359275817871
