,N,Nnf,round,first,hole,board,Nsim,prWin,prWinStd,pot,bet,maxBet,NMaxBet,minBet,util_fold,util_call,util_raise_coeff,util_call2,util_raise_coeff2,action,amount,cputime
0,8,8,Deal,0,♠K ♥4,,40,0.1625,0.36033838263498935,0,0,40,1,40,0,12.0,0.30000000000000004,-27.0,-0.675,raise,0,0.530897855758667
1,8,8,Deal,0,♠K ♥4,,145,0.15172413793103448,0.3490091290725516,0,80,89,3,9,-80,19.027586206896544,0.21379310344827585,-61.99310344827586,-0.6965517241379311,raise,0,0.5240352153778076
2,8,8,Deal,0,♠K ♥4,,235,0.13404255319148936,0.3295881348209577,0,178,356,1,178,-178,25.75319148936171,0.07234042553191489,-260.5617021276596,-0.7319148936170212,raise,0,0.5210120677947998
3,8,8,Flop,0,♠K ♥4,♠2 ♣K ♥7,50,0.26666666666666666,0.4371625682868001,2848,0,57,2,57,-356,468.0666666666667,1.1333333333333333,376.8666666666667,-0.4666666666666667,raise,0,0.5216038227081299
4,8,8,Turn,0,♠K ♥4,♠2 ♣K ♥7 ♣5,25,0.24,0.4270831300812525,3712,0,64,2,64,-470,479.76,0.9199999999999999,387.6,-0.52,raise,0,0.5283839702606201
5,8,8,Turn,0,♠K ♥4,♠2 ♣K ♥7 ♣5,100,0.22,0.41424630354415964,3712,128,139,2,11,-598,452.28,0.76,268.79999999999995,-0.56,raise,0,0.5260100364685059
6,8,8,River,0,♠K ♥4,♠2 ♣K ♥7 ♣5 ♦6,25,0.16,0.36660605559646714,5436,0,20,2,20,-748,127.36000000000001,0.28,108.15999999999997,-0.6799999999999999,raise,0,0.5205361843109131
7,8,8,River,0,♠K ♥4,♠2 ♣K ♥7 ♣5 ♦6,80,0.22916666666666666,0.40941608148407876,5436,40,70,3,30,-788,556.0833333333333,0.8333333333333333,459.83333333333326,-0.5416666666666667,raise,0,0.5251049995422363
