,N,Nnf,round,first,hole,board,Nsim,prWin,prWinStd,pot,bet,maxBet,NMaxBet,minBet,util_fold,util_call,util_raise_coeff,util_call2,util_raise_coeff2,action,amount,cputime
0,8,7,Deal,0,♠8 ♦K,,60,0.11666666666666667,0.3077697552103231,0,20,44,1,24,-20,-8.066666666666663,-0.18333333333333335,-33.733333333333334,-0.7666666666666666,call,0,0.5240859985351562
1,8,7,Deal,0,♠8 ♦K,,105,0.1619047619047619,0.3618420998383404,0,44,181,1,137,-44,24.133333333333354,0.1333333333333333,-122.39047619047619,-0.6761904761904762,raise,0,0.5248279571533203
2,8,7,Flop,1,♠8 ♦K,♣9 ♥5 ♥Q,0,,,1810,0,0,8,40,-362,,,,,call,0,0.5263140201568604
3,8,6,Flop,0,♠8 ♦K,♣9 ♥5 ♥Q,55,0.02727272727272727,0.1482682402754554,1810,40,105,1,65,-402,-400.4545454545455,-0.8363636363636364,-411.90909090909093,-0.9454545454545454,call,0,0.5295588970184326
4,8,6,Flop,0,♠8 ♦K,♣9 ♥5 ♥Q,95,0.029824561403508767,0.15480405907688272,1810,105,159,3,54,-467,-438.5649122807018,-0.8210526315789474,-457.53333333333336,-0.9403508771929825,call,0,0.5212349891662598
5,8,6,Turn,1,♠8 ♦K,♣9 ♥5 ♥Q ♦3,0,,,2446,0,0,8,40,-521,,,,,call,0,0.5242538452148438
6,8,5,Turn,0,♠8 ♦K,♣9 ♥5 ♥Q ♦3,40,0.05,0.21794494717703367,2446,40,93,1,53,-561,-468.45,-0.75,-482.4,-0.9,call,0,0.525413990020752
7,8,5,River,1,♠8 ♦K,♣9 ♥5 ♥Q ♦3 ♠4,0,,,2719,0,0,8,40,-614,,,,,call,0,0.5252430438995361
8,8,5,River,0,♠8 ♦K,♣9 ♥5 ♥Q ♦3 ♠4,25,0.0,0.0,2719,40,102,1,62,-654,-716.0,-1.0,-716.0,-1.0,fold,0,0.521569013595581
