,N,Nnf,round,first,hole,board,Nsim,prWin,prWinStd,pot,bet,maxBet,NMaxBet,minBet,util_fold,util_call,util_raise_coeff,util_call2,util_raise_coeff2,action,amount,cputime
0,8,8,Deal,0,♦6 ♣7,,70,0.09285714285714286,0.2840127907438721,0,0,156,1,156,0,-40.114285714285714,-0.2571428571428571,-127.02857142857142,-0.8142857142857143,fold,0,0.5245580673217773
