,N,Nnf,round,first,hole,board,Nsim,prWin,prWinStd,pot,bet,maxBet,NMaxBet,minBet,util_fold,util_call,util_raise_coeff,util_call2,util_raise_coeff2,action,amount,cputime
0,8,7,Deal,0,♦3 ♠3,,85,0.11911764705882352,0.32193457178767043,0,40,137,4,97,-40,-22.76617647058825,-0.16617647058823537,-104.36176470588236,-0.7617647058823529,call,0,0.5211491584777832
1,8,7,Flop,1,♦3 ♠3,♣6 ♥A ♠J,5,0.2,0.4000000000000001,842,0,0,8,40,-137,31.400000000000006,0.40000000000000013,31.400000000000006,-0.6,raise,0,0.5255160331726074
2,8,6,Flop,0,♦3 ♠3,♣6 ♥A ♠J,75,0.10666666666666667,0.30868898407440604,842,40,153,2,113,-177,-102.26666666666665,-0.36,-167.54666666666668,-0.7866666666666666,call,0,0.5231249332427979
3,8,6,Flop,0,♦3 ♠3,♣6 ♥A ♠J,125,0.088,0.2832948993540124,842,153,278,4,125,-290,-194.12,-0.472,-291.976,-0.8240000000000001,call,0,0.5267810821533203
4,8,6,Turn,1,♦3 ♠3,♣6 ♥A ♠J ♣J,5,0.2,0.4000000000000001,2232,0,0,8,40,-415,31.400000000000034,0.20000000000000018,31.400000000000034,-0.6,raise,0,0.5228638648986816
5,8,6,Turn,0,♦3 ♠3,♣6 ♥A ♠J ♣J,60,0.06666666666666667,0.24944382578492943,2232,40,118,4,78,-455,-337.0,-0.6,-368.4666666666667,-0.8666666666666667,call,0,0.5209119319915771
6,8,6,River,1,♦3 ♠3,♣6 ♥A ♠J ♣J ♣8,5,0.0,0.0,2822,0,0,8,40,-533,-533.0,-1.0,-533.0,-1.0,call,0,0.5258560180664062
7,8,5,River,0,♦3 ♠3,♣6 ♥A ♠J ♣J ♣8,55,0.0,0.0,2822,40,145,1,105,-573,-678.0,-1.0,-678.0,-1.0,fold,0,0.5223188400268555
