,N,Nnf,round,first,hole,board,Nsim,prWin,prWinStd,pot,bet,maxBet,NMaxBet,minBet,util_fold,util_call,util_raise_coeff,util_call2,util_raise_coeff2,action,amount,cputime
0,8,8,Deal,0,♦10 ♠2,,45,0.11666666666666667,0.31446603773522014,0,0,80,1,80,0,-5.333333333333329,-0.06666666666666665,-61.33333333333333,-0.7666666666666666,fold,0,0.5258409976959229
