,N,Nnf,round,first,hole,board,Nsim,prWin,prWinStd,pot,bet,maxBet,NMaxBet,minBet,util_fold,util_call,util_raise_coeff,util_call2,util_raise_coeff2,action,amount,cputime
0,8,7,Deal,0,♣K ♣3,,65,0.13846153846153847,0.33406231924013025,0,0,23,3,23,0,-0.7076923076923052,-0.03076923076923066,-16.630769230769232,-0.7230769230769231,fold,0,0.5274507999420166
