,N,Nnf,round,first,hole,board,Nsim,prWin,prWinStd,pot,bet,maxBet,NMaxBet,minBet,util_fold,util_call,util_raise_coeff,util_call2,util_raise_coeff2,action,amount,cputime
0,8,7,Deal,0,♥J ♦K,,90,0.2111111111111111,0.4012326685615064,0,0,65,1,65,0,31.055555555555543,0.47777777777777786,-37.55555555555556,-0.5777777777777777,raise,0,0.5249080657958984
1,8,7,Deal,0,♥J ♦K,,160,0.215625,0.40551616413529074,0,130,682,1,552,-130,347.39374999999995,0.5093750000000001,-387.8875,-0.56875,raise,0,0.5258963108062744
