,N,Nnf,round,first,hole,board,Nsim,prWin,prWinStd,pot,bet,maxBet,NMaxBet,minBet,util_fold,util_call,util_raise_coeff,util_call2,util_raise_coeff2,action,amount,cputime
0,8,8,Deal,0,♥9 ♥K,,80,0.1875,0.38222212128551636,0,20,32,3,12,-20,16.0,0.5,-20.0,-0.625,raise,0,0.5234370231628418
1,8,7,Deal,0,♥9 ♥K,,165,0.18484848484848485,0.38227485916843884,0,64,92,1,28,-64,27.042424242424232,0.29393939393939394,-57.98787878787879,-0.6303030303030304,raise,0,0.5194211006164551
2,8,7,Flop,1,♥9 ♥K,♦7 ♣9 ♥8,5,0.0,0.0,952,0,0,8,20,-184,-184.0,-1.0,-184.0,-1.0,call,0,0.5248880386352539
3,8,6,Flop,0,♥9 ♥K,♦7 ♣9 ♥8,60,0.2,0.3894440481849307,952,20,61,3,41,-204,18.600000000000023,0.20000000000000018,-30.19999999999999,-0.6,raise,0,0.5234391689300537
4,8,6,Flop,0,♥9 ♥K,♦7 ♣9 ♥8,105,0.20952380952380953,0.3950946383369817,952,122,133,3,11,-306,49.66666666666663,0.2571428571428571,-61.80000000000001,-0.5809523809523809,raise,0,0.5247979164123535
