,N,Nnf,round,first,hole,board,Nsim,prWin,prWinStd,pot,bet,maxBet,NMaxBet,minBet,util_fold,util_call,util_raise_coeff,util_call2,util_raise_coeff2,action,amount,cputime
0,8,8,Deal,0,♣5 ♠6,,10,0.2,0.4000000000000001,0,0,40,1,40,0,24.0,0.6000000000000001,-24.0,-0.6,raise,0,0.5285739898681641
1,8,8,Deal,0,♣5 ♠6,,80,0.1,0.30000000000000004,0,80,151,2,71,-80,-30.19999999999999,-0.19999999999999996,-120.8,-0.8,call,0,0.5233311653137207
2,8,7,Deal,0,♣5 ♠6,,155,0.09032258064516129,0.2866433534390072,0,151,291,3,140,-151,-107.01290322580647,-0.367741935483871,-238.43225806451613,-0.8193548387096774,call,0,0.5237400531768799
3,8,7,Flop,0,♣5 ♠6,♠10 ♣10 ♣4,15,0.0,0.0,1315,0,15,1,15,-291,-306.0,-1.0,-306.0,-1.0,fold,0,0.5217320919036865
