,N,Nnf,round,first,hole,board,Nsim,prWin,prWinStd,pot,bet,maxBet,NMaxBet,minBet,util_fold,util_call,util_raise_coeff,util_call2,util_raise_coeff2,action,amount,cputime
0,8,8,Deal,0,♦10 ♦Q,,55,0.2,0.3999999999999999,0,0,42,1,42,0,25.200000000000003,0.6000000000000001,-25.2,-0.6,raise,0,0.5223009586334229
1,8,8,Deal,0,♦10 ♦Q,,140,0.17142857142857143,0.37688302737922624,0,84,186,1,102,-84,69.08571428571429,0.37142857142857144,-122.22857142857143,-0.6571428571428571,raise,0,0.5279538631439209
2,8,7,Flop,0,♦10 ♦Q,♠J ♠K ♦J,40,0.0625,0.2287875652215391,2046,0,100,4,100,-372,-300.375,-0.5625,-331.625,-0.875,call,0,0.5246732234954834
