,N,Nnf,round,first,hole,board,Nsim,prWin,prWinStd,pot,bet,maxBet,NMaxBet,minBet,util_fold,util_call,util_raise_coeff,util_call2,util_raise_coeff2,action,amount,cputime
0,8,8,Deal,0,♣9 ♠6,,50,0.12,0.3249615361854384,0,10,75,4,65,-10,-3.0,-0.040000000000000036,-57.0,-0.76,call,0,0.5299861431121826
1,8,8,Flop,1,♣9 ♠6,♣4 ♣K ♠8,5,0.0,0.0,450,0,0,8,20,-75,-75.0,-1.0,-75.0,-1.0,call,0,0.5258293151855469
2,8,7,Flop,0,♣9 ♠6,♣4 ♣K ♠8,70,0.04285714285714286,0.2025349554108261,450,20,77,4,57,-95,-109.61428571428571,-0.7,-126.11428571428571,-0.9142857142857143,fold,0,0.5224757194519043
