,N,Nnf,round,first,hole,board,Nsim,prWin,prWinStd,pot,bet,maxBet,NMaxBet,minBet,util_fold,util_call,util_raise_coeff,util_call2,util_raise_coeff2,action,amount,cputime
0,8,7,Deal,0,♣8 ♠8,,70,0.17142857142857143,0.37688302737922624,0,0,37,3,37,0,7.399999999999999,0.19999999999999996,-24.314285714285717,-0.6571428571428571,raise,0,0.5249199867248535
1,8,7,Deal,0,♣8 ♠8,,150,0.18666666666666668,0.38964371189873215,0,74,84,4,10,-74,25.760000000000005,0.30666666666666664,-52.64,-0.6266666666666667,raise,0,0.5229692459106445
2,8,7,Flop,0,♣8 ♠8,♦4 ♦3 ♣6,50,0.04,0.19595917942265428,1176,0,77,5,77,-168,-176.4,-0.72,-191.8,-0.92,fold,0,0.5258591175079346
