,N,Nnf,round,first,hole,board,Nsim,prWin,prWinStd,pot,bet,maxBet,NMaxBet,minBet,util_fold,util_call,util_raise_coeff,util_call2,util_raise_coeff2,action,amount,cputime
0,8,7,Deal,0,♣A ♦A,,70,0.35714285714285715,0.4791574237499549,0,0,72,1,72,0,108.0,1.5,-20.57142857142857,-0.2857142857142857,raise,0,0.5221281051635742
1,8,7,Flop,0,♣A ♦A,♦J ♠2 ♠K,55,0.38181818181818183,0.48583233512317764,1008,0,72,3,72,-144,361.30909090909086,1.6727272727272728,223.85454545454547,-0.23636363636363633,raise,0,0.5314168930053711
2,8,6,Turn,0,♣A ♦A,♦J ♠2 ♠K ♥7,55,0.4,0.4898979485566356,1872,0,69,1,69,-288,557.4000000000001,1.4000000000000004,447.0000000000001,-0.19999999999999996,raise,0,0.5232648849487305
3,8,6,River,0,♣A ♦A,♦J ♠2 ♠K ♥7 ♠6,55,0.34545454545454546,0.4755162483862553,2700,0,72,4,72,-426,583.9636363636364,1.0727272727272728,484.4727272727273,-0.3090909090909091,raise,0,0.5242860317230225
4,8,6,River,0,♣A ♦A,♦J ♠2 ♠K ♥7 ♠6,120,0.3,0.45825756949558394,2700,144,574,4,430,-570,843.1999999999998,0.7999999999999998,154.4000000000001,-0.4,raise,0,0.5219130516052246
