,N,Nnf,round,first,hole,board,Nsim,prWin,prWinStd,pot,bet,maxBet,NMaxBet,minBet,util_fold,util_call,util_raise_coeff,util_call2,util_raise_coeff2,action,amount,cputime
0,8,7,Deal,0,♠Q ♥J,,70,0.19285714285714287,0.37122247029103667,0,40,131,1,91,-40,45.85000000000002,0.3500000000000001,-80.47142857142856,-0.6142857142857143,raise,0,0.5259649753570557
1,8,7,Flop,1,♠Q ♥J,♣10 ♣A ♥10,5,0.2,0.4,1068,0,0,8,40,-262,-48.39999999999998,0.40000000000000013,-48.39999999999998,-0.6,raise,0,0.5293717384338379
2,8,7,Flop,0,♠Q ♥J,♣10 ♣A ♥10,45,0.1,0.29059326290271154,1068,40,67,2,27,-302,-175.29999999999998,-0.29999999999999993,-208.79999999999998,-0.8,call,0,0.5283489227294922
3,8,7,Turn,1,♠Q ♥J,♣10 ♣A ♥10 ♦Q,5,0.0,0.0,1336,0,0,8,40,-329,-329.0,-1.0,-329.0,-1.0,call,0,0.5245909690856934
4,8,7,Turn,0,♠Q ♥J,♣10 ♣A ♥10 ♦Q,50,0.06666666666666667,0.21858128414340003,1336,40,112,2,72,-369,-299.6666666666667,-0.5333333333333333,-337.0,-0.8666666666666667,call,0,0.5234761238098145
5,8,7,River,1,♠Q ♥J,♣10 ♣A ♥10 ♦Q ♣3,5,0.0,0.0,1784,0,0,8,40,-441,-441.0,-1.0,-441.0,-1.0,call,0,0.5329458713531494
6,8,7,River,0,♠Q ♥J,♣10 ♣A ♥10 ♦Q ♣3,45,0.04074074074074074,0.1690772179335308,1784,40,117,1,77,-481,-451.95185185185187,-0.7148148148148148,-475.7851851851852,-0.9185185185185185,call,0,0.5305922031402588
