,N,Nnf,round,first,hole,board,Nsim,prWin,prWinStd,pot,bet,maxBet,NMaxBet,minBet,util_fold,util_call,util_raise_coeff,util_call2,util_raise_coeff2,action,amount,cputime
0,8,8,Deal,0,♠A ♣6,,30,0.23333333333333334,0.4229525846816506,0,0,118,2,118,0,102.26666666666668,0.8666666666666667,-62.93333333333333,-0.5333333333333333,raise,0,0.5227468013763428
1,8,8,Flop,0,♠A ♣6,♣Q ♣10 ♥J,45,0.14444444444444443,0.34354721852756237,1180,0,144,2,144,-236,-43.155555555555566,0.15555555555555545,-167.95555555555558,-0.7111111111111111,raise,0,0.52294921875
2,8,8,Turn,0,♠A ♣6,♣Q ♣10 ♥J ♥3,45,0.022222222222222223,0.14740554623801777,2620,0,100,4,100,-524,-548.0,-0.8222222222222222,-561.3333333333333,-0.9555555555555556,fold,0,0.528533935546875
