,N,Nnf,round,first,hole,board,Nsim,prWin,prWinStd,pot,bet,maxBet,NMaxBet,minBet,util_fold,util_call,util_raise_coeff,util_call2,util_raise_coeff2,action,amount,cputime
0,8,7,Deal,0,♥5 ♦Q,,70,0.11428571428571428,0.29485382057928994,0,20,65,3,45,-20,-13.000000000000007,-0.20000000000000007,-50.142857142857146,-0.7714285714285715,call,0,0.5229308605194092
1,8,7,Flop,1,♥5 ♦Q,♠J ♣7 ♣J,5,0.0,0.0,270,0,0,8,20,-65,-65.0,-1.0,-65.0,-1.0,call,0,0.5239119529724121
2,8,7,Flop,0,♥5 ♦Q,♠J ♣7 ♣J,45,0.0,0.0,270,20,8309,1,8289,-85,-8374.0,-1.0,-8374.0,-1.0,fold,0,0.5226480960845947
