,N,Nnf,round,first,hole,board,Nsim,prWin,prWinStd,pot,bet,maxBet,NMaxBet,minBet,util_fold,util_call,util_raise_coeff,util_call2,util_raise_coeff2,action,amount,cputime
0,8,7,Deal,0,♥K ♣A,,40,0.25,0.4330127018922193,0,10,77,3,67,-10,57.75,0.75,-38.5,-0.5,raise,0,0.526176929473877
1,8,7,Flop,1,♥K ♣A,♦5 ♠7 ♥10,0,,,770,0,0,8,20,-154,,,,,call,0,0.5308270454406738
2,8,7,Flop,0,♥K ♣A,♦5 ♠7 ♥10,30,0.13333333333333333,0.33993463423951903,770,20,76,2,56,-174,-56.39999999999998,-0.06666666666666665,-107.06666666666666,-0.7333333333333334,call,0,0.5203840732574463
3,8,7,Flop,0,♥K ♣A,♦5 ♠7 ♥10,65,0.15384615384615385,0.36080121229410994,770,76,91,3,15,-230,-28.538461538461547,0.0769230769230771,-98.53846153846155,-0.6923076923076923,raise,0,0.5259609222412109
4,8,7,Turn,1,♥K ♣A,♦5 ♠7 ♥10 ♥4,0,,,1680,0,0,8,20,-336,,,,,call,0,0.5231397151947021
5,8,7,Turn,0,♥K ♣A,♦5 ♠7 ♥10 ♥4,40,0.0375,0.17275343701356569,1680,20,77,2,57,-356,-329.7875,-0.7375,-344.225,-0.925,call,0,0.5218408107757568
6,8,7,River,1,♥K ♣A,♦5 ♠7 ♥10 ♥4 ♥6,0,,,2065,0,0,8,20,-413,,,,,call,0,0.5268211364746094
7,8,7,River,0,♥K ♣A,♦5 ♠7 ♥10 ♥4 ♥6,30,0.0,0.0,2065,20,62,3,42,-433,-475.0,-1.0,-475.0,-1.0,fold,0,0.5212650299072266
