,N,Nnf,round,first,hole,board,Nsim,prWin,prWinStd,pot,bet,maxBet,NMaxBet,minBet,util_fold,util_call,util_raise_coeff,util_call2,util_raise_coeff2,action,amount,cputime
0,8,7,Deal,0,♦9 ♣7,,60,0.08888888888888888,0.2779999111821512,0,20,143,1,123,-20,-54.022222222222226,-0.3777777777777779,-117.57777777777778,-0.8222222222222222,fold,0,0.5237250328063965
