,N,Nnf,round,first,hole,board,Nsim,prWin,prWinStd,pot,bet,maxBet,NMaxBet,minBet,util_fold,util_call,util_raise_coeff,util_call2,util_raise_coeff2,action,amount,cputime
0,8,7,Deal,0,♥K ♣6,,70,0.11428571428571428,0.318157963590287,0,80,256,2,176,-80,-51.20000000000002,-0.20000000000000007,-197.4857142857143,-0.7714285714285715,call,0,0.5300960540771484
1,8,7,Flop,1,♥K ♣6,♣K ♣3 ♥5,5,0.0,0.0,1064,0,0,8,80,-256,-256.0,-1.0,-256.0,-1.0,call,0,0.5257060527801514
2,8,6,Flop,0,♥K ♣6,♣K ♣3 ♥5,45,0.3111111111111111,0.4507880616689065,1064,80,237,1,157,-336,280.4222222222222,0.8666666666666667,-14.511111111111063,-0.37777777777777777,raise,0,0.5210142135620117
3,8,6,Flop,0,♥K ♣6,♣K ♣3 ♥5,80,0.29375,0.4450684638344982,1064,474,507,2,33,-730,443.13750000000005,0.7625000000000002,-152.58749999999998,-0.4125,raise,0,0.5266690254211426
4,8,6,Turn,1,♥K ♣6,♣K ♣3 ♥5 ♣10,5,0.2,0.4000000000000001,4106,0,0,8,80,-1270,-448.79999999999995,0.20000000000000018,-448.79999999999995,-0.6,raise,0,0.5257439613342285
5,8,6,Turn,0,♥K ♣6,♣K ♣3 ♥5 ♣10,40,0.175,0.36314597615834876,4106,80,310,2,230,-1350,-535.95,0.04999999999999982,-752.95,-0.65,raise,0,0.521212100982666
6,8,6,River,1,♥K ♣6,♣K ♣3 ♥5 ♣10 ♦A,5,0.0,0.0,5966,0,0,8,80,-1890,-1890.0,-1.0,-1890.0,-1.0,call,0,0.526641845703125
7,8,6,River,0,♥K ♣6,♣K ♣3 ♥5 ♣10 ♦A,40,0.05,0.21794494717703367,5966,80,3414,2,3334,-1970,-3981.5,-0.7,-4664.3,-0.9,fold,0,0.525346040725708
