,N,Nnf,round,first,hole,board,Nsim,prWin,prWinStd,pot,bet,maxBet,NMaxBet,minBet,util_fold,util_call,util_raise_coeff,util_call2,util_raise_coeff2,action,amount,cputime
0,8,8,Deal,0,♥8 ♠Q,,40,0.1375,0.31598061649411346,0,0,160,1,160,0,16.0,0.10000000000000009,-116.0,-0.725,raise,0,0.5264761447906494
1,8,7,Flop,0,♥8 ♠Q,♣3 ♦2 ♥7,55,0.05454545454545454,0.22709083630539628,1600,0,7044,1,7044,-320,-4587.2,-0.6181818181818182,-6508.290909090909,-0.8909090909090909,fold,0,0.5254509449005127
