,N,Nnf,round,first,hole,board,Nsim,prWin,prWinStd,pot,bet,maxBet,NMaxBet,minBet,util_fold,util_call,util_raise_coeff,util_call2,util_raise_coeff2,action,amount,cputime
0,8,7,Deal,0,♦9 ♦Q,,40,0.225,0.4175823272122517,0,0,20,1,20,0,11.5,0.575,-11.0,-0.55,raise,0,0.5267329216003418
1,8,7,Deal,0,♦9 ♦Q,,115,0.19130434782608696,0.38211430509077965,0,40,82,2,42,-40,27.80869565217391,0.33913043478260874,-50.62608695652174,-0.6173913043478261,raise,0,0.525357723236084
2,8,7,Flop,0,♦9 ♦Q,♠Q ♥3 ♥Q,25,0.64,0.4586937976471886,1148,0,55,1,55,-164,762.1200000000001,3.4800000000000004,586.12,0.28,raise,0,0.5220639705657959
3,8,7,Turn,0,♦9 ♦Q,♠Q ♥3 ♥Q ♣J,25,0.78,0.3762977544445356,1918,0,69,1,69,-274,1529.78,4.46,1260.68,0.56,raise,0,0.5251128673553467
4,8,7,River,0,♦9 ♦Q,♠Q ♥3 ♥Q ♣J ♦6,25,0.72,0.448998886412873,2884,0,66,2,66,-412,1931.12,4.04,1693.52,0.43999999999999995,raise,0,0.5247249603271484
