,N,Nnf,round,first,hole,board,Nsim,prWin,prWinStd,pot,bet,maxBet,NMaxBet,minBet,util_fold,util_call,util_raise_coeff,util_call2,util_raise_coeff2,action,amount,cputime
0,8,7,Deal,0,♥A ♣5,,50,0.16666666666666663,0.3527668414752787,0,0,75,1,75,0,12.499999999999972,0.16666666666666652,-50.00000000000001,-0.6666666666666667,raise,0,0.5311932563781738
1,8,7,Flop,0,♥A ♣5,♠A ♥Q ♠2,30,0.2777777777777778,0.39984564923214627,600,0,100,3,100,-150,111.11111111111114,0.9444444444444446,-27.77777777777777,-0.4444444444444444,raise,0,0.5223050117492676
2,8,6,Turn,0,♥A ♣5,♠A ♥Q ♠2 ♦Q,15,0.3333333333333333,0.39440531887330776,1299,0,55,1,55,-350,138.0,1.0,64.66666666666669,-0.33333333333333337,raise,0,0.5253629684448242
3,8,6,River,0,♥A ♣5,♠A ♥Q ♠2 ♦Q ♥5,15,0.06666666666666667,0.24944382578492946,1519,0,33,1,33,-460,-378.5333333333333,-0.6,-387.3333333333333,-0.8666666666666667,call,0,0.5223038196563721
