,N,Nnf,round,first,hole,board,Nsim,prWin,prWinStd,pot,bet,maxBet,NMaxBet,minBet,util_fold,util_call,util_raise_coeff,util_call2,util_raise_coeff2,action,amount,cputime
0,8,8,Deal,0,♦4 ♠J,,80,0.125,0.3211308144666282,0,0,92,1,92,0,0.0,0.0,-69.0,-0.75,call,0,0.5241062641143799
1,8,7,Deal,0,♦4 ♠J,,185,0.09369369369369368,0.2749652271586658,0,92,1000,2,908,-92,-344.1441441441443,-0.3441441441441442,-812.6126126126127,-0.8126126126126126,fold,0,0.5214519500732422
