,N,Nnf,round,first,hole,board,Nsim,prWin,prWinStd,pot,bet,maxBet,NMaxBet,minBet,util_fold,util_call,util_raise_coeff,util_call2,util_raise_coeff2,action,amount,cputime
0,8,7,Deal,0,♦2 ♦J,,70,0.15714285714285714,0.36393540579591427,0,20,90,3,70,-20,9.0,0.10000000000000009,-61.714285714285715,-0.6857142857142857,raise,0,0.5267698764801025
1,8,7,Deal,0,♦2 ♦J,,125,0.128,0.3218943926196913,0,180,204,3,24,-180,-21.21599999999998,-0.10399999999999998,-151.776,-0.744,call,0,0.5231020450592041
2,8,7,Flop,1,♦2 ♦J,♣2 ♥Q ♠4,5,0.2,0.4000000000000001,909,0,0,8,40,-204,-22.19999999999999,0.40000000000000013,-22.19999999999999,-0.6,raise,0,0.5214431285858154
3,8,7,Flop,0,♦2 ♦J,♣2 ♥Q ♠4,50,0.14,0.3469870314579494,909,40,159,3,119,-244,-79.91999999999996,-0.019999999999999907,-191.22,-0.72,call,0,0.5241990089416504
4,8,7,Turn,1,♦2 ♦J,♣2 ♥Q ♠4 ♥K,0,,,1545,0,0,8,40,-363,,,,,call,0,0.5230629444122314
5,8,6,Turn,0,♦2 ♦J,♣2 ♥Q ♠4 ♥K,45,0.022222222222222223,0.14740554623801777,1545,40,141,1,101,-403,-450.8666666666667,-0.8666666666666667,-463.4,-0.9555555555555556,fold,0,0.5206048488616943
