,N,Nnf,round,first,hole,board,Nsim,prWin,prWinStd,pot,bet,maxBet,NMaxBet,minBet,util_fold,util_call,util_raise_coeff,util_call2,util_raise_coeff2,action,amount,cputime
0,8,7,Deal,0,♠9 ♦K,,60,0.21388888888888888,0.40033743483266093,0,20,274,1,254,-20,136.23888888888888,0.49722222222222223,-156.7888888888889,-0.5722222222222222,raise,0,0.5245459079742432
1,8,7,Deal,0,♠9 ♦K,,120,0.20694444444444443,0.39498935366180804,0,548,1096,1,548,-548,491.6777777777777,0.44861111111111107,-642.3777777777777,-0.5861111111111111,raise,0,0.5221500396728516
