,N,Nnf,round,first,hole,board,Nsim,prWin,prWinStd,pot,bet,maxBet,NMaxBet,minBet,util_fold,util_call,util_raise_coeff,util_call2,util_raise_coeff2,action,amount,cputime
0,8,8,Deal,0,♣5 ♥5,,55,0.20909090909090908,0.4010317272747777,0,0,124,1,124,0,83.41818181818181,0.6727272727272726,-72.14545454545456,-0.5818181818181818,raise,0,0.5260000228881836
1,8,8,Flop,0,♣5 ♥5,♦3 ♦2 ♠2,45,0.1111111111111111,0.3142696805273545,1899,0,58,1,58,-248,-43.44444444444446,-0.11111111111111116,-82.11111111111111,-0.7777777777777778,call,0,0.5273871421813965
2,8,7,Flop,0,♣5 ♥5,♦3 ♦2 ♠2,140,0.08571428571428572,0.27994168488950605,1899,58,69,5,11,-306,-112.82857142857142,-0.4,-142.4,-0.8285714285714285,call,0,0.5241281986236572
3,8,7,Turn,0,♣5 ♥5,♦3 ♦2 ♠2 ♠J,40,0.05,0.21794494717703367,2313,0,57,2,57,-317,-238.4,-0.6499999999999999,-252.64999999999998,-0.9,call,0,0.5267438888549805
4,8,7,Turn,0,♣5 ♥5,♦3 ♦2 ♠2 ♠J,100,0.07,0.25514701644346144,2313,57,105,4,48,-374,-208.64,-0.51,-245.39,-0.86,call,0,0.521230936050415
5,8,7,River,0,♣5 ♥5,♦3 ♦2 ♠2 ♠J ♥10,40,0.0125,0.07806247497997998,2943,0,68,3,68,-422,-447.2625,-0.9125,-451.5125,-0.975,fold,0,0.5235612392425537
