,N,Nnf,round,first,hole,board,Nsim,prWin,prWinStd,pot,bet,maxBet,NMaxBet,minBet,util_fold,util_call,util_raise_coeff,util_call2,util_raise_coeff2,action,amount,cputime
0,8,7,Deal,0,♦8 ♦Q,,40,0.175,0.3799671038392666,0,0,20,1,20,0,4.5,0.22499999999999987,-13.0,-0.65,raise,0,0.5305280685424805
1,8,7,Deal,0,♦8 ♦Q,,115,0.15217391304347827,0.34999324865214104,0,40,71,4,31,-40,4.6304347826087024,0.0652173913043479,-49.391304347826086,-0.6956521739130435,raise,0,0.5253610610961914
2,8,7,Flop,0,♦8 ♦Q,♣5 ♣4 ♥7,25,0.06,0.21540659228538014,994,0,20,2,20,-142,-93.96,-0.5800000000000001,-99.96000000000001,-0.88,call,0,0.5263171195983887
3,8,6,Flop,0,♦8 ♦Q,♣5 ♣4 ♥7,100,0.051666666666666666,0.1805777764104247,994,20,76,2,56,-162,-143.08333333333331,-0.69,-158.79,-0.8966666666666667,call,0,0.5207459926605225
4,8,6,Flop,0,♦8 ♦Q,♣5 ♣4 ♥7,165,0.06565656565656565,0.21375035762820396,994,76,77,5,1,-218,-123.40404040404042,-0.6060606060606061,-143.62626262626264,-0.8686868686868687,call,0,0.530817985534668
5,8,6,Turn,0,♦8 ♦Q,♣5 ♣4 ♥7 ♠9,25,0.11333333333333333,0.28565713714171403,1456,0,42,1,42,-219,-67.42666666666668,-0.32000000000000006,-86.46666666666667,-0.7733333333333333,call,0,0.5228750705718994
6,8,6,Turn,0,♦8 ♦Q,♣5 ♣4 ♥7 ♠9,95,0.06666666666666667,0.22216373499335762,1456,42,87,2,45,-261,-174.13333333333333,-0.6,-197.33333333333334,-0.8666666666666667,call,0,0.5260539054870605
7,8,6,River,0,♦8 ♦Q,♣5 ♣4 ♥7 ♠9 ♣10,25,0.0,0.0,1978,0,74,2,74,-306,-380.0,-1.0,-380.0,-1.0,fold,0,0.521543025970459
