,N,Nnf,round,first,hole,board,Nsim,prWin,prWinStd,pot,bet,maxBet,NMaxBet,minBet,util_fold,util_call,util_raise_coeff,util_call2,util_raise_coeff2,action,amount,cputime
0,8,8,Deal,0,♥7 ♥10,,105,0.1523809523809524,0.34588609137780724,0,20,128,1,108,-20,28.038095238095252,0.21904761904761916,-88.99047619047619,-0.6952380952380952,raise,0,0.5294630527496338
1,8,7,Flop,1,♥7 ♥10,♣7 ♠3 ♦K,5,0.0,0.0,1920,0,0,8,20,-256,-256.0,-1.0,-256.0,-1.0,call,0,0.524665117263794
2,8,7,Flop,0,♥7 ♥10,♣7 ♠3 ♦K,80,0.11666666666666665,0.3066394915495683,1920,20,79,5,59,-276,-46.48333333333335,-0.18333333333333346,-92.56666666666669,-0.7666666666666667,call,0,0.5214478969573975
3,8,7,Turn,1,♥7 ♥10,♣7 ♠3 ♦K ♣6,5,0.0,0.0,2473,0,0,8,20,-335,-335.0,-1.0,-335.0,-1.0,call,0,0.5243251323699951
4,8,7,Turn,0,♥7 ♥10,♣7 ♠3 ♦K ♣6,80,0.06875,0.2467760877799954,2473,20,44,2,24,-355,-187.80624999999998,-0.5187499999999999,-202.93124999999998,-0.8625,call,0,0.5275459289550781
5,8,7,Turn,0,♥7 ♥10,♣7 ♠3 ♦K ♣6,150,0.09666666666666666,0.2926697038566779,2473,44,61,5,17,-379,-115.66666666666669,-0.32333333333333336,-145.15,-0.8066666666666666,call,0,0.5230841636657715
6,8,7,River,1,♥7 ♥10,♣7 ♠3 ♦K ♣6 ♦3,5,0.0,0.0,2900,0,0,8,20,-396,-396.0,-1.0,-396.0,-1.0,call,0,0.5250298976898193
7,8,7,River,0,♥7 ♥10,♣7 ♠3 ♦K ♣6 ♦3,80,0.05625,0.20907160854597165,2900,20,79,1,59,-416,-280.76875,-0.60625,-302.9875,-0.8875,call,0,0.5253379344940186
