,N,Nnf,round,first,hole,board,Nsim,prWin,prWinStd,pot,bet,maxBet,NMaxBet,minBet,util_fold,util_call,util_raise_coeff,util_call2,util_raise_coeff2,action,amount,cputime
0,8,7,Deal,0,♣A ♦J,,55,0.24545454545454545,0.4250425355476713,0,40,266,2,226,-40,191.03636363636366,0.7181818181818183,-135.4181818181818,-0.509090909090909,raise,0,0.5314292907714844
1,8,7,Flop,1,♣A ♦J,♠10 ♣10 ♥A,5,0.6,0.48989794855663565,2128,0,0,8,80,-532,744.8,3.2,744.8,0.19999999999999996,raise,0,0.5295860767364502
2,8,7,Turn,1,♣A ♦J,♠10 ♣10 ♥A ♣J,5,0.4,0.48989794855663565,2448,0,0,8,80,-612,367.20000000000005,1.8000000000000003,367.20000000000005,-0.19999999999999996,raise,0,0.5274379253387451
3,8,7,Turn,0,♣A ♦J,♠10 ♣10 ♥A ♣J,50,0.41,0.4867237409455183,2448,80,268,1,188,-692,892.8399999999999,1.8699999999999997,343.44000000000005,-0.18000000000000005,raise,0,0.5261199474334717
4,8,7,River,1,♣A ♦J,♠10 ♣10 ♥A ♣J ♠Q,5,0.4,0.48989794855663565,4592,0,0,8,80,-1148,688.8000000000002,1.8000000000000003,688.8000000000002,-0.19999999999999996,raise,0,0.5250990390777588
5,8,7,River,0,♣A ♦J,♠10 ♣10 ♥A ♣J ♠Q,50,0.14,0.3469870314579494,4592,80,303,1,223,-1228,-511.17999999999984,-0.019999999999999907,-723.2799999999999,-0.72,call,0,0.5231800079345703
