,N,Nnf,round,first,hole,board,Nsim,prWin,prWinStd,pot,bet,maxBet,NMaxBet,minBet,util_fold,util_call,util_raise_coeff,util_call2,util_raise_coeff2,action,amount,cputime
0,8,7,Deal,0,♥3 ♦A,,65,0.16153846153846155,0.35200188272761695,0,0,1000,3,1000,0,130.76923076923094,0.13076923076923075,-676.9230769230769,-0.676923076923077,raise,0,0.5214729309082031
