,N,Nnf,round,first,hole,board,Nsim,prWin,prWinStd,pot,bet,maxBet,NMaxBet,minBet,util_fold,util_call,util_raise_coeff,util_call2,util_raise_coeff2,action,amount,cputime
0,8,8,Deal,0,♦2 ♦J,,40,0.175,0.3799671038392666,0,0,40,1,40,0,16.0,0.3999999999999999,-26.0,-0.65,raise,0,0.5228071212768555
1,8,8,Deal,0,♦2 ♦J,,125,0.128,0.3218943926196913,0,80,160,1,80,-80,3.8400000000000034,0.02400000000000002,-119.03999999999999,-0.744,raise,0,0.5201349258422852
2,8,7,Flop,0,♦2 ♦J,♣4 ♦K ♥2,25,0.18,0.3709447398198282,1760,0,20,2,20,-320,2.0,0.26,-16.0,-0.64,raise,0,0.5264067649841309
3,8,7,Flop,0,♦2 ♦J,♣4 ♦K ♥2,80,0.225,0.41003048667141817,1760,40,69,1,29,-360,115.67500000000001,0.575,38.05000000000001,-0.55,raise,0,0.5231339931488037
4,8,7,Turn,0,♦2 ♦J,♣4 ♦K ♥2 ♠5,25,0.08,0.2712931993250107,2450,0,52,1,52,-458,-284.88,-0.43999999999999995,-305.68,-0.84,call,0,0.522813081741333
5,8,7,Turn,0,♦2 ♦J,♣4 ♦K ♥2 ♠5,85,0.08235294117647059,0.2749016810717158,2450,52,74,2,22,-510,-287.57647058823534,-0.42352941176470593,-318.0470588235294,-0.8352941176470589,call,0,0.5201339721679688
6,8,7,Turn,0,♦2 ♦J,♣4 ♦K ♥2 ♠5,140,0.08571428571428572,0.27994168488950605,2450,74,80,3,6,-532,-280.0,-0.4,-314.2857142857143,-0.8285714285714285,call,0,0.5315587520599365
7,8,7,River,0,♦2 ♦J,♣4 ♦K ♥2 ♠5 ♥10,25,0.0,0.0,2850,0,49,1,49,-538,-587.0,-1.0,-587.0,-1.0,fold,0,0.5255172252655029
