,N,Nnf,round,first,hole,board,Nsim,prWin,prWinStd,pot,bet,maxBet,NMaxBet,minBet,util_fold,util_call,util_raise_coeff,util_call2,util_raise_coeff2,action,amount,cputime
0,8,8,Deal,0,♥Q ♥9,,10,0.3333333333333333,0.447213595499958,0,0,20,1,20,0,33.33333333333333,1.6666666666666665,-6.666666666666668,-0.33333333333333337,raise,0,0.5269980430603027
1,8,8,Deal,0,♥Q ♥9,,100,0.24833333333333332,0.4265462069537914,0,40,80,2,40,-40,78.93333333333334,0.9866666666666666,-40.266666666666666,-0.5033333333333334,raise,0,0.5249500274658203
2,8,7,Flop,0,♥Q ♥9,♠9 ♥5 ♥4,15,0.6666666666666666,0.4714045207910317,1040,0,26,1,26,-160,628.6666666666666,3.666666666666666,541.9999999999999,0.33333333333333326,raise,0,0.524648904800415
3,8,7,Flop,0,♥Q ♥9,♠9 ♥5 ♥4,80,0.49375,0.49682586235018006,1040,52,103,1,51,-212,606.4937500000001,2.4562500000000003,352.2125,-0.012499999999999956,raise,0,0.5259318351745605
4,8,6,Turn,0,♥Q ♥9,♠9 ♥5 ♥4 ♠Q,10,0.8,0.4,2145,0,61,1,61,-366,1581.8,3.8000000000000007,1386.6,0.6000000000000001,raise,0,0.528296947479248
5,8,6,Turn,0,♥Q ♥9,♠9 ♥5 ♥4 ♠Q,70,0.7285714285714285,0.4446966404649537,2145,122,129,1,7,-488,1631.6999999999998,3.371428571428571,1255.7571428571428,0.4571428571428571,raise,0,0.5236449241638184
6,8,6,River,0,♥Q ♥9,♠9 ♥5 ♥4 ♠Q ♣Q,15,1.0,0.0,3435,0,20,1,20,-624,2911.0,5.0,2831.0,1.0,raise,0,0.5320088863372803
7,8,6,River,0,♥Q ♥9,♠9 ♥5 ♥4 ♠Q ♣Q,70,0.9928571428571429,0.059333027592271964,3435,40,72,1,32,-664,3143.3785714285714,4.957142857142857,2857.4357142857143,0.9857142857142858,raise,0,0.5215117931365967
