,N,Nnf,round,first,hole,board,Nsim,prWin,prWinStd,pot,bet,maxBet,NMaxBet,minBet,util_fold,util_call,util_raise_coeff,util_call2,util_raise_coeff2,action,amount,cputime
0,8,7,Deal,0,♦10 ♥7,,100,0.12333333333333334,0.31764760348537174,0,20,79,2,59,-20,-10.796666666666667,-0.1366666666666666,-59.513333333333335,-0.7533333333333333,call,0,0.530616044998169
1,8,7,Deal,0,♦10 ♥7,,175,0.11619047619047618,0.31394787036405014,0,79,141,5,62,-79,-26.32000000000002,-0.18666666666666676,-108.23428571428572,-0.7676190476190476,call,0,0.5231831073760986
2,8,7,Flop,1,♦10 ♥7,♥2 ♠5 ♠A,5,0.0,0.0,997,0,0,8,20,-141,-141.0,-1.0,-141.0,-1.0,call,0,0.5243439674377441
3,8,6,Flop,0,♦10 ♥7,♥2 ♠5 ♠A,80,0.0,0.0,997,20,64,5,44,-161,-205.0,-1.0,-205.0,-1.0,fold,0,0.5268406867980957
