,N,Nnf,round,first,hole,board,Nsim,prWin,prWinStd,pot,bet,maxBet,NMaxBet,minBet,util_fold,util_call,util_raise_coeff,util_call2,util_raise_coeff2,action,amount,cputime
0,8,7,Deal,0,♠2 ♦6,,90,0.05138888888888889,0.21155381214267627,0,10,154,1,144,-10,-98.60277777777779,-0.6402777777777777,-138.17222222222222,-0.8972222222222223,fold,0,0.5243368148803711
