,N,Nnf,round,first,hole,board,Nsim,prWin,prWinStd,pot,bet,maxBet,NMaxBet,minBet,util_fold,util_call,util_raise_coeff,util_call2,util_raise_coeff2,action,amount,cputime
0,8,8,Deal,0,♥4 ♦2,,65,0.046153846153846156,0.20981817995362856,0,0,108,1,108,0,-68.12307692307692,-0.6307692307692307,-98.03076923076924,-0.9076923076923077,fold,0,0.52805495262146
