,N,Nnf,round,first,hole,board,Nsim,prWin,prWinStd,pot,bet,maxBet,NMaxBet,minBet,util_fold,util_call,util_raise_coeff,util_call2,util_raise_coeff2,action,amount,cputime
0,8,8,Deal,0,♠J ♥4,,5,0.2,0.4000000000000001,0,0,40,1,40,0,24.0,0.6000000000000001,-24.0,-0.6,raise,0,0.5254309177398682
1,8,7,Deal,0,♠J ♥4,,70,0.11428571428571428,0.30672729362262696,0,80,151,2,71,-80,-30.200000000000003,-0.20000000000000007,-116.4857142857143,-0.7714285714285715,call,0,0.5232207775115967
2,8,7,Flop,0,♠J ♥4,♠3 ♥6 ♦J,10,0.1,0.20000000000000004,644,0,115,1,115,-151,-121.1,-0.29999999999999993,-178.6,-0.8,call,0,0.5238609313964844
3,8,5,Turn,0,♠J ♥4,♠3 ♥6 ♦J ♥2,10,0.2,0.4000000000000001,874,0,94,1,94,-266,-91.19999999999999,0.0,-147.6,-0.6,call,0,0.5249490737915039
4,8,5,River,0,♠J ♥4,♠3 ♥6 ♦J ♥2 ♣J,10,0.4,0.48989794855663565,1062,0,102,1,102,-360,166.80000000000007,1.0,44.400000000000034,-0.19999999999999996,raise,0,0.5341131687164307
5,8,5,River,0,♠J ♥4,♠3 ♥6 ♦J ♥2 ♣J,30,0.65,0.46815239683960463,1062,204,257,1,53,-564,908.5500000000002,2.25,407.4000000000001,0.30000000000000004,raise,0,0.5223958492279053
