,N,Nnf,round,first,hole,board,Nsim,prWin,prWinStd,pot,bet,maxBet,NMaxBet,minBet,util_fold,util_call,util_raise_coeff,util_call2,util_raise_coeff2,action,amount,cputime
0,8,8,Deal,0,♦K ♠K,,100,0.43,0.4950757517794625,0,80,386,1,306,-80,941.8399999999999,2.44,-54.04000000000002,-0.14,raise,0,0.5306658744812012
1,8,8,Deal,0,♦K ♠K,,205,0.3975609756097561,0.4881462220348049,0,772,1006,1,234,-772,2193.570731707317,2.180487804878049,-206.10731707317075,-0.20487804878048776,raise,0,0.5246758460998535
