,N,Nnf,round,first,hole,board,Nsim,prWin,prWinStd,pot,bet,maxBet,NMaxBet,minBet,util_fold,util_call,util_raise_coeff,util_call2,util_raise_coeff2,action,amount,cputime
0,8,7,Deal,0,♠7 ♠A,,95,0.15087719298245614,0.35464642157174103,0,20,69,1,49,-20,3.8736842105263207,0.056140350877192935,-48.17894736842105,-0.6982456140350877,raise,0,0.5255870819091797
1,8,7,Flop,1,♠7 ♠A,♠3 ♠K ♥8,5,0.0,0.0,904,0,0,8,20,-138,-138.0,-1.0,-138.0,-1.0,call,0,0.5203990936279297
2,8,6,Flop,0,♠7 ♠A,♠3 ♠K ♥8,70,0.35714285714285715,0.4716449719776908,904,20,45,3,25,-158,236.28571428571433,1.1428571428571428,172.00000000000006,-0.2857142857142857,raise,0,0.5282471179962158
3,8,6,Flop,0,♠7 ♠A,♠3 ♠K ♥8,125,0.288,0.4483926850429208,904,90,111,3,21,-228,203.15999999999997,0.7279999999999998,75.28799999999995,-0.42400000000000004,raise,0,0.5299718379974365
4,8,6,Turn,1,♠7 ♠A,♠3 ♠K ♥8 ♣7,5,0.0,0.0,2014,0,0,8,20,-360,-360.0,-1.0,-360.0,-1.0,call,0,0.5262689590454102
5,8,6,Turn,0,♠7 ♠A,♠3 ♠K ♥8 ♣7,60,0.19166666666666668,0.3882832585740581,2014,20,44,2,24,-380,32.61666666666673,0.15000000000000013,-1.1166666666666174,-0.6166666666666667,raise,0,0.5208940505981445
6,8,6,River,1,♠7 ♠A,♠3 ♠K ♥8 ♣7 ♦A,5,0.8,0.4,2454,0,0,8,20,-448,1515.2,3.8000000000000007,1515.2,0.6000000000000001,raise,0,0.5224959850311279
7,8,6,River,0,♠7 ♠A,♠3 ♠K ♥8 ♣7 ♦A,55,0.8181818181818182,0.38569460791993515,2454,20,78,4,58,-468,1864.727272727273,3.909090909090909,1609.4545454545455,0.6363636363636365,raise,0,0.5284748077392578
