,N,Nnf,round,first,hole,board,Nsim,prWin,prWinStd,pot,bet,maxBet,NMaxBet,minBet,util_fold,util_call,util_raise_coeff,util_call2,util_raise_coeff2,action,amount,cputime
0,8,8,Deal,0,♦A ♣3,,50,0.10666666666666666,0.28433157482848165,0,0,160,1,160,0,-23.46666666666667,-0.14666666666666672,-125.86666666666667,-0.7866666666666666,fold,0,0.5276772975921631
