,N,Nnf,round,first,hole,board,Nsim,prWin,prWinStd,pot,bet,maxBet,NMaxBet,minBet,util_fold,util_call,util_raise_coeff,util_call2,util_raise_coeff2,action,amount,cputime
0,8,7,Deal,0,♣A ♦8,,40,0.20833333333333331,0.3832427429188973,0,0,40,1,40,0,18.33333333333333,0.45833333333333326,-23.333333333333336,-0.5833333333333334,raise,0,0.5318429470062256
1,8,7,Deal,0,♣A ♦8,,85,0.11274509803921567,0.29826729533999335,0,80,199,1,119,-80,-41.94607843137257,-0.21078431372549034,-154.12745098039215,-0.7745098039215687,call,0,0.5264580249786377
2,8,7,Deal,0,♣A ♦8,,130,0.12756410256410255,0.32257286686556547,0,199,308,1,109,-199,-32.971794871794884,-0.10705128205128212,-229.42051282051284,-0.7448717948717949,call,0,0.5314671993255615
3,8,7,Flop,0,♣A ♦8,♣5 ♥A ♠K,25,0.26,0.40298883359219767,1232,0,133,2,133,-308,121.38,0.8200000000000001,-51.51999999999998,-0.48,raise,0,0.5206279754638672
4,8,7,Turn,0,♣A ♦8,♣5 ♥A ♠K ♦A,20,0.775,0.3699662146737186,2296,0,159,1,159,-574,1908.9750000000004,4.425,1292.8500000000001,0.55,raise,0,0.5267682075500488
