,N,Nnf,round,first,hole,board,Nsim,prWin,prWinStd,pot,bet,maxBet,NMaxBet,minBet,util_fold,util_call,util_raise_coeff,util_call2,util_raise_coeff2,action,amount,cputime
0,8,7,Deal,0,♦Q ♥J,,70,0.17142857142857143,0.3768830273792263,0,0,71,1,71,0,14.199999999999989,0.19999999999999996,-46.65714285714286,-0.6571428571428571,raise,0,0.5251719951629639
1,8,7,Flop,0,♦Q ♥J,♠K ♣6 ♠9,50,0.08,0.2712931993250107,994,0,60,1,60,-142,-88.88,-0.43999999999999995,-112.88000000000001,-0.84,call,0,0.5315592288970947
2,8,6,Flop,0,♦Q ♥J,♠K ♣6 ♠9,130,0.1,0.30000000000000004,994,60,78,5,18,-202,-73.79999999999998,-0.3999999999999999,-105.0,-0.8,call,0,0.522036075592041
3,8,6,Turn,0,♦Q ♥J,♠K ♣6 ♠9 ♣5,55,0.07272727272727272,0.25968830649246727,1462,0,69,1,69,-220,-152.56363636363636,-0.5636363636363637,-172.63636363636363,-0.8545454545454545,call,0,0.5296120643615723
4,8,6,Turn,0,♦Q ♥J,♠K ♣6 ♠9 ♣5,120,0.06666666666666667,0.2494438257849294,1462,69,108,4,39,-289,-187.33333333333331,-0.6,-216.13333333333333,-0.8666666666666667,call,0,0.5239160060882568
5,8,6,River,0,♦Q ♥J,♠K ♣6 ♠9 ♣5 ♣2,55,0.0,0.0,2110,0,62,4,62,-328,-390.0,-1.0,-390.0,-1.0,fold,0,0.530322790145874
