,N,Nnf,round,first,hole,board,Nsim,prWin,prWinStd,pot,bet,maxBet,NMaxBet,minBet,util_fold,util_call,util_raise_coeff,util_call2,util_raise_coeff2,action,amount,cputime
0,8,8,Deal,0,♦5 ♥5,,50,0.14,0.3469870314579494,0,0,40,1,40,0,4.800000000000004,0.1200000000000001,-28.799999999999997,-0.72,raise,0,0.5301775932312012
1,8,7,Deal,0,♦5 ♥5,,155,0.19435483870967743,0.394810575109789,0,80,178,1,98,-80,64.16612903225806,0.36048387096774204,-108.80967741935484,-0.6112903225806452,raise,0,0.5214169025421143
2,8,6,Flop,0,♦5 ♥5,♦Q ♠10 ♥K,15,0.013333333333333334,0.049888765156985884,2266,0,63,1,63,-356,-383.74666666666667,-0.92,-387.1066666666667,-0.9733333333333334,fold,0,0.5319221019744873
