,N,Nnf,round,first,hole,board,Nsim,prWin,prWinStd,pot,bet,maxBet,NMaxBet,minBet,util_fold,util_call,util_raise_coeff,util_call2,util_raise_coeff2,action,amount,cputime
0,8,7,Deal,0,♦K ♥K,,80,0.275,0.44651427748729383,0,0,75,4,75,0,69.375,0.9250000000000003,-33.75,-0.44999999999999996,raise,0,0.5219860076904297
1,8,7,Flop,0,♦K ♥K,♣10 ♣6 ♥9,70,0.18214285714285713,0.3777788198598406,1050,0,100,6,100,-150,68.75,0.2749999999999999,-22.321428571428584,-0.6357142857142857,raise,0,0.5222349166870117
2,8,6,Turn,0,♦K ♥K,♣10 ♣6 ♥9 ♠7,55,0.13484848484848486,0.33276121701335537,2350,0,74,2,74,-350,-47.23333333333329,-0.19090909090909092,-87.14848484848483,-0.7303030303030302,call,0,0.52475905418396
3,8,6,Turn,0,♦K ♥K,♣10 ♣6 ♥9 ♠7,125,0.14133333333333334,0.3424136549717478,2350,74,92,3,18,-424,-31.85066666666671,-0.1519999999999999,-83.86133333333333,-0.7173333333333334,call,0,0.5252339839935303
4,8,6,River,0,♦K ♥K,♣10 ♣6 ♥9 ♠7 ♥6,55,0.14545454545454545,0.3525585350848239,2902,0,74,1,74,-442,-29.30909090909097,-0.12727272727272732,-72.36363636363643,-0.7090909090909091,call,0,0.5282750129699707
5,8,6,River,0,♦K ♥K,♣10 ♣6 ♥9 ♠7 ♥6,125,0.128,0.33408980828513757,2902,74,79,2,5,-516,-88.87199999999996,-0.23199999999999998,-129.32,-0.744,call,0,0.5260779857635498
