,N,Nnf,round,first,hole,board,Nsim,prWin,prWinStd,pot,bet,maxBet,NMaxBet,minBet,util_fold,util_call,util_raise_coeff,util_call2,util_raise_coeff2,action,amount,cputime
0,8,7,Deal,0,♦4 ♦10,,60,0.16666666666666666,0.36132472314464664,0,20,124,1,104,-20,20.666666666666657,0.16666666666666652,-82.66666666666667,-0.6666666666666667,raise,0,0.5217196941375732
1,8,7,Flop,1,♦4 ♦10,♦A ♠3 ♠5,5,0.2,0.4,992,0,0,8,40,-248,-49.599999999999994,0.40000000000000013,-49.599999999999994,-0.6,raise,0,0.5305020809173584
2,8,6,Flop,0,♦4 ♦10,♦A ♠3 ♠5,50,0.1,0.28284271247461906,992,40,66,2,26,-288,-175.2,-0.3999999999999999,-201.6,-0.8,call,0,0.5208301544189453
3,8,6,Turn,1,♦4 ♦10,♦A ♠3 ♠5 ♥Q,5,0.0,0.0,1190,0,0,8,40,-314,-314.0,-1.0,-314.0,-1.0,call,0,0.5320887565612793
4,8,6,Turn,0,♦4 ♦10,♦A ♠3 ♠5 ♥Q,40,0.025,0.15612494995995996,1190,40,110,1,70,-354,-377.75,-0.85,-388.75,-0.95,fold,0,0.528602123260498
