,N,Nnf,round,first,hole,board,Nsim,prWin,prWinStd,pot,bet,maxBet,NMaxBet,minBet,util_fold,util_call,util_raise_coeff,util_call2,util_raise_coeff2,action,amount,cputime
0,8,8,Deal,0,♣5 ♣J,,125,0.13866666666666666,0.33713564695007325,0,20,154,1,134,-20,16.837333333333333,0.10933333333333328,-111.29066666666667,-0.7226666666666667,raise,0,0.5251851081848145
