,N,Nnf,round,first,hole,board,Nsim,prWin,prWinStd,pot,bet,maxBet,NMaxBet,minBet,util_fold,util_call,util_raise_coeff,util_call2,util_raise_coeff2,action,amount,cputime
0,8,8,Deal,0,♠7 ♣3,,75,0.09333333333333334,0.29089898972361905,0,0,94,1,94,0,-23.813333333333333,-0.2533333333333333,-76.45333333333333,-0.8133333333333334,fold,0,0.5316429138183594
