,N,Nnf,round,first,hole,board,Nsim,prWin,prWinStd,pot,bet,maxBet,NMaxBet,minBet,util_fold,util_call,util_raise_coeff,util_call2,util_raise_coeff2,action,amount,cputime
0,8,8,Deal,0,♠K ♠Q,,70,0.24285714285714285,0.42039825627320465,0,0,158,1,158,0,148.9714285714286,0.9428571428571428,-81.25714285714285,-0.5142857142857142,raise,0,0.5254151821136475
1,8,8,Flop,0,♠K ♠Q,♥3 ♥9 ♠7,30,0.08333333333333333,0.2608745973749755,2010,0,40,1,40,-316,-161.83333333333334,-0.33333333333333337,-181.83333333333334,-0.8333333333333334,call,0,0.5285499095916748
2,8,7,Flop,0,♠K ♠Q,♥3 ♥9 ♠7,85,0.07647058823529412,0.26015699279407034,2010,40,86,2,46,-356,-202.25882352941176,-0.4647058823529411,-235.14117647058822,-0.8470588235294118,call,0,0.5262410640716553
3,8,7,Turn,0,♠K ♠Q,♥3 ♥9 ♠7 ♠5,35,0.14285714285714285,0.3499271061118826,2354,0,2664,2,2664,-402,-65.71428571428578,0.0,-1968.5714285714287,-0.7142857142857143,call,0,0.5244977474212646
