,N,Nnf,round,first,hole,board,Nsim,prWin,prWinStd,pot,bet,maxBet,NMaxBet,minBet,util_fold,util_call,util_raise_coeff,util_call2,util_raise_coeff2,action,amount,cputime
0,8,8,Deal,0,♥4 ♠8,,45,0.16666666666666666,0.36514837167011077,0,0,301,2,301,0,100.33333333333331,0.33333333333333326,-200.66666666666669,-0.6666666666666667,raise,0,0.5226752758026123
1,8,7,Flop,0,♥4 ♠8,♥3 ♦2 ♦8,35,0.12857142857142856,0.30101867865293536,2709,0,248,2,248,-602,-278.5,-0.10000000000000009,-437.9285714285715,-0.7428571428571429,call,0,0.5267326831817627
2,8,7,Turn,0,♥4 ♠8,♥3 ♦2 ♦8 ♠10,25,0.02,0.09797958971132714,3701,0,150,1,150,-850,-904.98,-0.86,-919.98,-0.96,fold,0,0.522968053817749
