,N,Nnf,round,first,hole,board,Nsim,prWin,prWinStd,pot,bet,maxBet,NMaxBet,minBet,util_fold,util_call,util_raise_coeff,util_call2,util_raise_coeff2,action,amount,cputime
0,8,8,Deal,0,♠8 ♠J,,40,0.175,0.3799671038392666,0,0,40,1,40,0,16.0,0.3999999999999999,-26.0,-0.65,raise,0,0.526237964630127
1,8,8,Deal,0,♠8 ♠J,,120,0.1625,0.36033838263498935,0,80,164,1,84,-80,49.20000000000002,0.30000000000000004,-110.69999999999999,-0.675,raise,0,0.5267758369445801
2,8,7,Flop,0,♠8 ♠J,♠5 ♠9 ♠4,50,0.64,0.48,1723,0,672,1,672,-328,3113.2799999999997,3.4800000000000004,962.8800000000001,0.28,raise,0,0.52801513671875
