,N,Nnf,round,first,hole,board,Nsim,prWin,prWinStd,pot,bet,maxBet,NMaxBet,minBet,util_fold,util_call,util_raise_coeff,util_call2,util_raise_coeff2,action,amount,cputime
0,8,7,Deal,0,♣3 ♠7,,45,0.08888888888888889,0.2845832994414599,0,0,20,1,20,0,-7.555555555555555,-0.37777777777777777,-16.444444444444443,-0.8222222222222222,fold,0,0.5244112014770508
