,N,Nnf,round,first,hole,board,Nsim,prWin,prWinStd,pot,bet,maxBet,NMaxBet,minBet,util_fold,util_call,util_raise_coeff,util_call2,util_raise_coeff2,action,amount,cputime
0,8,7,Deal,0,♠7 ♠J,,100,0.135,0.3305676935213119,0,20,56,5,36,-20,-3.0799999999999983,-0.05499999999999994,-40.879999999999995,-0.73,call,0,0.524528980255127
1,8,7,Flop,1,♠7 ♠J,♣K ♦2 ♦A,0,,,402,0,0,8,20,-56,,,,,call,0,0.5306577682495117
2,8,6,Flop,0,♠7 ♠J,♣K ♦2 ♦A,75,0.03333333333333333,0.16996731711975951,402,20,78,1,58,-76,-105.0,-0.8,-115.4,-0.9333333333333333,fold,0,0.525749921798706
