,N,Nnf,round,first,hole,board,Nsim,prWin,prWinStd,pot,bet,maxBet,NMaxBet,minBet,util_fold,util_call,util_raise_coeff,util_call2,util_raise_coeff2,action,amount,cputime
0,8,8,Deal,0,♠9 ♠Q,,50,0.25666666666666665,0.40167703997670134,0,0,102,1,102,0,107.44,1.0533333333333332,-49.64,-0.4866666666666667,raise,0,0.528162956237793
1,8,8,Deal,0,♠9 ♠Q,,160,0.23958333333333331,0.41023684723990034,0,204,6000,1,5796,-204,5500.0,0.9166666666666665,-3125.0,-0.5208333333333334,raise,0,0.5197467803955078
