,N,Nnf,round,first,hole,board,Nsim,prWin,prWinStd,pot,bet,maxBet,NMaxBet,minBet,util_fold,util_call,util_raise_coeff,util_call2,util_raise_coeff2,action,amount,cputime
0,8,8,Deal,0,♥6 ♣5,,90,0.08888888888888889,0.28458329944146,0,10,156,1,146,-10,-45.06666666666666,-0.28888888888888886,-128.26666666666665,-0.8222222222222222,fold,0,0.524324893951416
