,N,Nnf,round,first,hole,board,Nsim,prWin,prWinStd,pot,bet,maxBet,NMaxBet,minBet,util_fold,util_call,util_raise_coeff,util_call2,util_raise_coeff2,action,amount,cputime
0,8,8,Deal,0,♦5 ♠9,,90,0.12222222222222222,0.3275422882885261,0,10,148,1,138,-10,-3.2888888888888914,-0.022222222222222254,-111.82222222222222,-0.7555555555555555,call,0,0.5209929943084717
1,8,7,Deal,0,♦5 ♠9,,200,0.10583333333333332,0.30192783354084246,0,148,284,4,136,-148,-73.60333333333335,-0.25916666666666677,-223.88666666666666,-0.7883333333333333,call,0,0.5244691371917725
2,8,7,Flop,1,♦5 ♠9,♠J ♦8 ♣A,5,0.0,0.0,1982,0,0,8,20,-284,-284.0,-1.0,-284.0,-1.0,call,0,0.5271201133728027
3,8,7,Flop,0,♦5 ♠9,♠J ♦8 ♣A,55,0.05151515151515151,0.20068752351270847,1982,20,39,2,19,-304,-206.83333333333337,-0.6393939393939394,-216.8787878787879,-0.896969696969697,call,0,0.5218651294708252
4,8,7,Turn,1,♦5 ♠9,♠J ♦8 ♣A ♥K,5,0.0,0.0,2138,0,0,8,20,-323,-323.0,-1.0,-323.0,-1.0,call,0,0.523597240447998
5,8,7,Turn,0,♦5 ♠9,♠J ♦8 ♣A ♥K,50,0.0,0.0,2138,20,39,1,19,-343,-362.0,-1.0,-362.0,-1.0,fold,0,0.5239708423614502
