,N,Nnf,round,first,hole,board,Nsim,prWin,prWinStd,pot,bet,maxBet,NMaxBet,minBet,util_fold,util_call,util_raise_coeff,util_call2,util_raise_coeff2,action,amount,cputime
0,8,8,Deal,0,♥2 ♥7,,100,0.12,0.3249615361854384,0,20,158,1,138,-20,-6.319999999999993,-0.040000000000000036,-120.08,-0.76,call,0,0.5224518775939941
1,8,8,Flop,0,♥2 ♥7,♥10 ♣5 ♠4,30,0.06666666666666667,0.24944382578492943,1264,0,20,1,20,-158,-83.06666666666666,-0.4666666666666667,-91.06666666666666,-0.8666666666666667,call,0,0.5285623073577881
2,8,7,Flop,0,♥2 ♥7,♥10 ♣5 ♠4,140,0.09642857142857143,0.2859597160155141,1264,20,156,1,136,-178,-86.81428571428572,-0.32499999999999996,-162.02857142857144,-0.8071428571428572,call,0,0.5288047790527344
3,8,7,Flop,0,♥2 ♥7,♥10 ♣5 ♠4,235,0.07659574468085106,0.257824586548104,1264,156,3406,1,3250,-314,-1640.9872340425532,-0.46382978723404256,-2945.412765957447,-0.8468085106382979,fold,0,0.5299780368804932
