,N,Nnf,round,first,hole,board,Nsim,prWin,prWinStd,pot,bet,maxBet,NMaxBet,minBet,util_fold,util_call,util_raise_coeff,util_call2,util_raise_coeff2,action,amount,cputime
0,8,8,Deal,0,♠Q ♥J,,60,0.19166666666666668,0.3773997291408084,0,0,61,4,61,0,32.533333333333346,0.5333333333333334,-37.61666666666666,-0.6166666666666667,raise,0,0.5260770320892334
1,8,8,Deal,0,♠Q ♥J,,165,0.19696969696969696,0.3880681356019908,0,122,268,1,146,-122,154.3030303030303,0.5757575757575757,-162.42424242424244,-0.6060606060606061,raise,0,0.5250539779663086
2,8,8,Deal,0,♠Q ♥J,,270,0.1925925925925926,0.3848288950477196,0,536,1000,1,464,-536,540.7407407407406,0.5407407407407407,-614.8148148148148,-0.6148148148148148,raise,0,0.5204851627349854
