,N,Nnf,round,first,hole,board,Nsim,prWin,prWinStd,pot,bet,maxBet,NMaxBet,minBet,util_fold,util_call,util_raise_coeff,util_call2,util_raise_coeff2,action,amount,cputime
0,8,7,Deal,0,♠9 ♠2,,65,0.16153846153846155,0.3627638806938953,0,20,52,1,32,-20,6.800000000000004,0.13076923076923075,-35.2,-0.676923076923077,raise,0,0.528893232345581
1,8,7,Flop,1,♠9 ♠2,♣3 ♥5 ♦3,5,0.0,0.0,426,0,0,8,20,-104,-104.0,-1.0,-104.0,-1.0,call,0,0.5237319469451904
2,8,7,Flop,0,♠9 ♠2,♣3 ♥5 ♦3,50,0.0,0.0,426,20,61,1,41,-124,-165.0,-1.0,-165.0,-1.0,fold,0,0.5201139450073242
