,N,Nnf,round,first,hole,board,Nsim,prWin,prWinStd,pot,bet,maxBet,NMaxBet,minBet,util_fold,util_call,util_raise_coeff,util_call2,util_raise_coeff2,action,amount,cputime
0,8,8,Deal,0,♣7 ♦4,,75,0.06666666666666667,0.23570226039551584,0,10,64,5,54,-10,-29.866666666666667,-0.4666666666666667,-55.46666666666667,-0.8666666666666667,fold,0,0.5203080177307129
