,N,Nnf,round,first,hole,board,Nsim,prWin,prWinStd,pot,bet,maxBet,NMaxBet,minBet,util_fold,util_call,util_raise_coeff,util_call2,util_raise_coeff2,action,amount,cputime
0,8,8,Deal,0,♦3 ♣5,,10,0.3,0.45825756949558394,0,0,40,1,40,0,56.0,1.4,-16.0,-0.4,raise,0,0.5274438858032227
1,8,7,Deal,0,♦3 ♣5,,85,0.06274509803921569,0.23705225505423394,0,80,111,1,31,-80,-62.247058823529414,-0.5607843137254902,-97.07058823529411,-0.8745098039215686,call,0,0.5217158794403076
2,8,7,Deal,0,♦3 ♣5,,130,0.0641025641025641,0.2414208434842341,0,111,256,2,145,-111,-141.12820512820514,-0.5512820512820513,-223.17948717948718,-0.8717948717948718,fold,0,0.5255491733551025
