,N,Nnf,round,first,hole,board,Nsim,prWin,prWinStd,pot,bet,maxBet,NMaxBet,minBet,util_fold,util_call,util_raise_coeff,util_call2,util_raise_coeff2,action,amount,cputime
0,8,8,Deal,0,♥8 ♣3,,70,0.04285714285714286,0.18405855323893036,0,0,1464,1,1464,0,-962.0571428571429,-0.6571428571428571,-1338.5142857142857,-0.9142857142857143,fold,0,0.5289468765258789
