,N,Nnf,round,first,hole,board,Nsim,prWin,prWinStd,pot,bet,maxBet,NMaxBet,minBet,util_fold,util_call,util_raise_coeff,util_call2,util_raise_coeff2,action,amount,cputime
0,8,8,Deal,0,♥J ♣7,,90,0.12777777777777777,0.32111880036929835,0,10,102,1,92,-10,2.2666666666666515,0.022222222222222143,-75.93333333333334,-0.7444444444444445,raise,0,0.5284419059753418
1,8,7,Deal,0,♥J ♣7,,180,0.11944444444444445,0.3178219666246117,0,204,408,1,204,-204,-66.86666666666667,-0.16388888888888886,-310.5333333333333,-0.7611111111111111,call,0,0.5205490589141846
2,8,7,Flop,1,♥J ♣7,♠5 ♦2 ♥K,5,0.0,0.0,1820,0,0,8,20,-408,-408.0,-1.0,-408.0,-1.0,call,0,0.5281631946563721
3,8,6,Flop,0,♥J ♣7,♠5 ♦2 ♥K,70,0.0,0.0,1820,20,43,2,23,-428,-451.0,-1.0,-451.0,-1.0,fold,0,0.523101806640625
