,N,Nnf,round,first,hole,board,Nsim,prWin,prWinStd,pot,bet,maxBet,NMaxBet,minBet,util_fold,util_call,util_raise_coeff,util_call2,util_raise_coeff2,action,amount,cputime
0,8,8,Deal,0,♥Q ♥7,,40,0.13333333333333333,0.33166247903554,0,0,160,1,160,0,10.666666666666657,0.06666666666666665,-117.33333333333334,-0.7333333333333334,raise,0,0.5289709568023682
1,8,7,Deal,0,♥Q ♥7,,115,0.17355072463768115,0.37198589148737676,0,320,640,1,320,-320,137.5072463768115,0.21485507246376812,-417.8550724637681,-0.6528985507246376,raise,0,0.528594970703125
