,N,Nnf,round,first,hole,board,Nsim,prWin,prWinStd,pot,bet,maxBet,NMaxBet,minBet,util_fold,util_call,util_raise_coeff,util_call2,util_raise_coeff2,action,amount,cputime
0,8,8,Deal,0,♦Q ♠A,,65,0.19230769230769232,0.38920340432841594,0,0,122,1,122,0,65.69230769230771,0.5384615384615385,-75.07692307692307,-0.6153846153846154,raise,0,0.5304160118103027
1,8,8,Flop,0,♦Q ♠A,♦8 ♦10 ♣4,75,0.09333333333333334,0.29089898972361905,1883,0,110,1,110,-244,-96.12,-0.2533333333333333,-157.72,-0.8133333333333334,call,0,0.5252938270568848
2,8,8,Flop,0,♦Q ♠A,♦8 ♦10 ♣4,175,0.11714285714285715,0.31936160811013886,1883,110,129,4,19,-354,-31.52857142857141,-0.06285714285714283,-122.19714285714284,-0.7657142857142857,call,0,0.5304136276245117
3,8,8,Flop,0,♦Q ♠A,♦8 ♦10 ♣4,265,0.12452830188679245,0.3273136285936688,1883,129,151,5,22,-373,-10.083018867924523,-0.0037735849056603765,-122.90566037735846,-0.7509433962264151,call,0,0.5305299758911133
4,8,8,Turn,0,♦Q ♠A,♦8 ♦10 ♣4 ♥6,80,0.025,0.15612494995995996,2940,0,62,5,62,-395,-371.1,-0.8,-380.4,-0.95,call,0,0.5258629322052002
5,8,7,River,0,♦Q ♠A,♦8 ♦10 ♣4 ♥6 ♠9,65,0.0,0.0,3374,0,71,2,71,-457,-528.0,-1.0,-528.0,-1.0,fold,0,0.5252819061279297
