,N,Nnf,round,first,hole,board,Nsim,prWin,prWinStd,pot,bet,maxBet,NMaxBet,minBet,util_fold,util_call,util_raise_coeff,util_call2,util_raise_coeff2,action,amount,cputime
0,8,8,Deal,0,♥3 ♠Q,,75,0.11333333333333333,0.3008137112714261,0,40,47,2,7,-40,-4.38666666666667,-0.09333333333333338,-36.346666666666664,-0.7733333333333333,call,0,0.522589921951294
1,8,7,Deal,0,♥3 ♠Q,,155,0.11290322580645161,0.30873512552272,0,47,149,3,102,-47,-31.241935483870975,-0.20967741935483875,-115.35483870967742,-0.7741935483870968,call,0,0.5296578407287598
2,8,7,Flop,1,♥3 ♠Q,♣8 ♣6 ♥8,5,0.0,0.0,792,0,0,8,40,-149,-149.0,-1.0,-149.0,-1.0,call,0,0.5235168933868408
3,8,7,Flop,0,♥3 ♠Q,♣8 ♣6 ♥8,60,0.03333333333333333,0.17950549357115012,792,40,92,1,52,-189,-193.13333333333333,-0.7666666666666666,-208.46666666666667,-0.9333333333333333,fold,0,0.5193338394165039
