,N,Nnf,round,first,hole,board,Nsim,prWin,prWinStd,pot,bet,maxBet,NMaxBet,minBet,util_fold,util_call,util_raise_coeff,util_call2,util_raise_coeff2,action,amount,cputime
0,8,8,Deal,0,♣4 ♦8,,85,0.058823529411764705,0.22244318119045925,0,10,138,1,128,-10,-73.05882352941177,-0.5294117647058824,-121.76470588235294,-0.8823529411764706,fold,0,0.5271379947662354
