,N,Nnf,round,first,hole,board,Nsim,prWin,prWinStd,pot,bet,maxBet,NMaxBet,minBet,util_fold,util_call,util_raise_coeff,util_call2,util_raise_coeff2,action,amount,cputime
0,8,7,Deal,0,♣K ♣J,,60,0.15,0.3570714214271425,0,0,48,1,48,0,2.3999999999999915,0.050000000000000044,-33.6,-0.7,raise,0,0.5261259078979492
1,8,7,Deal,0,♣K ♣J,,130,0.18076923076923077,0.3823200740914011,0,96,115,1,19,-96,30.519230769230745,0.26538461538461533,-73.42307692307693,-0.6384615384615384,raise,0,0.5240597724914551
2,8,7,Deal,0,♣K ♣J,,205,0.2048780487804878,0.39752356550008455,0,230,1000,4,770,-230,434.1463414634145,0.4341463414634146,-590.2439024390244,-0.5902439024390245,raise,0,0.5247559547424316
