,N,Nnf,round,first,hole,board,Nsim,prWin,prWinStd,pot,bet,maxBet,NMaxBet,minBet,util_fold,util_call,util_raise_coeff,util_call2,util_raise_coeff2,action,amount,cputime
0,8,8,Deal,0,♦J ♦6,,60,0.11666666666666667,0.32102267140430374,0,40,518,1,478,-40,-34.5333333333333,-0.06666666666666665,-397.1333333333333,-0.7666666666666666,call,0,0.5274829864501953
1,8,8,Deal,0,♦J ♦6,,95,0.1,0.2955814964652415,0,518,550,1,32,-518,-110.0,-0.19999999999999996,-440.0,-0.8,call,0,0.5182769298553467
2,8,8,Deal,0,♦J ♦6,,130,0.1141025641025641,0.3059485847150659,0,550,787,2,237,-550,-68.6102564102564,-0.0871794871794872,-607.4025641025642,-0.7717948717948718,call,0,0.5201559066772461
3,8,8,Flop,1,♦J ♦6,♥A ♥2 ♣10,5,0.0,0.0,2912,0,0,8,80,-787,-787.0,-1.0,-787.0,-1.0,call,0,0.526324987411499
4,8,8,Flop,0,♦J ♦6,♥A ♥2 ♣10,40,0.0,0.0,2912,80,213,2,133,-867,-1000.0,-1.0,-1000.0,-1.0,fold,0,0.5203967094421387
