,N,Nnf,round,first,hole,board,Nsim,prWin,prWinStd,pot,bet,maxBet,NMaxBet,minBet,util_fold,util_call,util_raise_coeff,util_call2,util_raise_coeff2,action,amount,cputime
0,8,7,Deal,0,♣9 ♠7,,55,0.07272727272727272,0.25968830649246727,0,0,32,1,32,0,-15.70909090909091,-0.49090909090909096,-27.345454545454544,-0.8545454545454545,fold,0,0.5275800228118896
