,N,Nnf,round,first,hole,board,Nsim,prWin,prWinStd,pot,bet,maxBet,NMaxBet,minBet,util_fold,util_call,util_raise_coeff,util_call2,util_raise_coeff2,action,amount,cputime
0,8,8,Deal,0,♠A ♠5,,75,0.2,0.4,0,0,134,1,134,0,80.4,0.6000000000000001,-80.4,-0.6,raise,0,0.5230522155761719
1,8,7,Flop,0,♠A ♠5,♦8 ♣3 ♥K,65,0.07692307692307693,0.26646935501059654,2010,0,100,6,100,-268,-159.53846153846155,-0.46153846153846145,-198.0,-0.8461538461538461,call,0,0.5279989242553711
2,8,7,Turn,0,♠A ♠5,♦8 ♣3 ♥K ♠9,65,0.0,0.0,2710,0,100,6,100,-368,-468.0,-1.0,-468.0,-1.0,fold,0,0.5271811485290527
