,N,Nnf,round,first,hole,board,Nsim,prWin,prWinStd,pot,bet,maxBet,NMaxBet,minBet,util_fold,util_call,util_raise_coeff,util_call2,util_raise_coeff2,action,amount,cputime
0,8,8,Deal,0,♥10 ♣2,,10,0.2,0.4000000000000001,0,0,40,1,40,0,24.0,0.6000000000000001,-24.0,-0.6,raise,0,0.5282800197601318
1,8,8,Deal,0,♥10 ♣2,,85,0.1,0.295057322446693,0,80,160,1,80,-80,-32.0,-0.19999999999999996,-128.0,-0.8,call,0,0.5251898765563965
2,8,8,Deal,0,♥10 ♣2,,160,0.115625,0.31732216968721244,0,160,416,1,256,-160,-31.19999999999999,-0.07499999999999996,-319.8,-0.76875,call,0,0.5262300968170166
3,8,8,Flop,0,♥10 ♣2,♠K ♥9 ♦5,45,0.03888888888888889,0.16629588385661961,2080,0,43,2,43,-416,-364.73333333333335,-0.6888888888888889,-374.76666666666665,-0.9222222222222223,call,0,0.5254349708557129
4,8,6,Turn,0,♥10 ♣2,♠K ♥9 ♦5 ♦2,40,0.1,0.30000000000000004,2252,0,40,1,40,-459,-249.79999999999998,-0.3999999999999999,-265.79999999999995,-0.8,call,0,0.5247607231140137
5,8,6,River,0,♥10 ♣2,♠K ♥9 ♦5 ♦2 ♥2,10,0.65,0.45,2372,0,40,1,40,-499,1158.8,2.9000000000000004,1054.8,0.30000000000000004,raise,0,0.5214989185333252
6,8,6,River,0,♥10 ♣2,♠K ♥9 ♦5 ♦2 ♥2,45,0.8444444444444444,0.3467663674294942,2372,80,122,1,42,-579,2000.1555555555556,4.066666666666666,1588.0666666666666,0.6888888888888889,raise,0,0.5220780372619629
7,8,6,River,0,♥10 ♣2,♠K ♥9 ♦5 ♦2 ♥2,85,0.788235294117647,0.40129548001907145,2372,244,249,1,5,-743,2299.3176470588232,3.7294117647058824,1514.2352941176468,0.5764705882352941,raise,0,0.5246391296386719
