,N,Nnf,round,first,hole,board,Nsim,prWin,prWinStd,pot,bet,maxBet,NMaxBet,minBet,util_fold,util_call,util_raise_coeff,util_call2,util_raise_coeff2,action,amount,cputime
0,8,7,Deal,0,♥J ♥9,,65,0.2153846153846154,0.4110888989503812,0,0,54,2,54,0,27.415384615384625,0.5076923076923077,-30.738461538461536,-0.5692307692307692,raise,0,0.5246050357818604
1,8,7,Flop,0,♥J ♥9,♦8 ♦A ♣4,55,0.05454545454545454,0.22709083630539628,756,0,71,1,71,-108,-110.65454545454546,-0.6181818181818182,-130.01818181818183,-0.8909090909090909,fold,0,0.5240428447723389
