,N,Nnf,round,first,hole,board,Nsim,prWin,prWinStd,pot,bet,maxBet,NMaxBet,minBet,util_fold,util_call,util_raise_coeff,util_call2,util_raise_coeff2,action,amount,cputime
0,8,7,Deal,0,♥A ♥10,,70,0.20714285714285716,0.40082822418851993,0,20,65,3,45,-20,29.25,0.4500000000000002,-38.07142857142857,-0.5857142857142856,raise,0,0.5250790119171143
1,8,7,Deal,0,♥A ♥10,,115,0.21304347826086956,0.4014152656550884,0,130,131,3,1,-130,64.36086956521737,0.491304347826087,-75.18260869565218,-0.5739130434782609,raise,0,0.5255911350250244
2,8,7,Flop,1,♥A ♥10,♠10 ♦5 ♥J,5,0.4,0.48989794855663565,1058,0,0,8,20,-262,161.20000000000005,1.8000000000000003,161.20000000000005,-0.19999999999999996,raise,0,0.5247328281402588
3,8,7,Flop,0,♥A ♥10,♠10 ♦5 ♥J,50,0.2533333333333333,0.4245782220824176,1058,20,69,2,49,-282,59.386666666666656,0.773333333333333,-28.013333333333378,-0.4933333333333334,raise,0,0.5211641788482666
4,8,7,Turn,1,♥A ♥10,♠10 ♦5 ♥J ♠A,5,0.8,0.4,1603,0,0,8,20,-400,882.4000000000001,4.6000000000000005,882.4000000000001,0.6000000000000001,raise,0,0.5244429111480713
5,8,7,Turn,0,♥A ♥10,♠10 ♦5 ♥J ♠A,40,0.4,0.4898979485566356,1603,20,72,1,52,-420,370.80000000000007,1.8000000000000003,226.80000000000007,-0.19999999999999996,raise,0,0.5233070850372314
6,8,7,River,1,♥A ♥10,♠10 ♦5 ♥J ♠A ♠Q,5,0.4,0.48989794855663565,2035,0,0,8,20,-544,270.0,1.8000000000000003,270.0,-0.19999999999999996,raise,0,0.5213050842285156
7,8,7,River,0,♥A ♥10,♠10 ♦5 ♥J ♠A ♠Q,40,0.1,0.30000000000000004,2035,20,44,2,24,-564,-353.7,-0.29999999999999993,-375.7,-0.8,call,0,0.5183191299438477
