,N,Nnf,round,first,hole,board,Nsim,prWin,prWinStd,pot,bet,maxBet,NMaxBet,minBet,util_fold,util_call,util_raise_coeff,util_call2,util_raise_coeff2,action,amount,cputime
0,8,8,Deal,0,♣8 ♣4,,10,0.33333333333333337,0.3872983346207417,0,0,20,1,20,0,33.33333333333334,1.666666666666667,-6.666666666666664,-0.33333333333333326,raise,0,0.5269486904144287
1,8,8,Deal,0,♣8 ♣4,,115,0.1289855072463768,0.3223261390060981,0,40,108,1,68,-40,3.4434782608695684,0.03188405797101446,-80.1391304347826,-0.7420289855072464,raise,0,0.5211071968078613
2,8,8,Deal,0,♣8 ♣4,,225,0.13703703703703704,0.33423745696825113,0,216,432,1,216,-216,41.60000000000002,0.09629629629629632,-313.6,-0.7259259259259259,raise,0,0.5233900547027588
3,8,7,Flop,0,♣8 ♣4,♣5 ♠2 ♣Q,45,0.28888888888888886,0.4532461789860253,3456,0,43,1,43,-432,610.3555555555554,1.0222222222222221,548.2444444444443,-0.4222222222222223,raise,0,0.5260159969329834
4,8,6,Turn,0,♣8 ♣4,♣5 ♠2 ♣Q ♥A,15,0.36666666666666664,0.46427960923947065,3972,0,37,1,37,-518,982.8,1.1999999999999997,928.5333333333333,-0.2666666666666667,raise,0,0.5223879814147949
5,8,6,Turn,0,♣8 ♣4,♣5 ♠2 ♣Q ♥A,75,0.22666666666666666,0.41063636251825314,3972,74,77,1,3,-592,410.03999999999996,0.3599999999999999,340.2266666666666,-0.5466666666666666,raise,0,0.5235588550567627
6,8,6,Turn,0,♣8 ♣4,♣5 ♠2 ♣Q ♥A,140,0.24642857142857144,0.4204437645912631,3972,154,156,1,2,-672,535.4714285714285,0.47857142857142865,381.70000000000005,-0.5071428571428571,raise,0,0.5214500427246094
7,8,6,River,0,♣8 ♣4,♣5 ♠2 ♣Q ♥A ♦5,15,0.0,0.0,5844,0,37,1,37,-830,-867.0,-1.0,-867.0,-1.0,fold,0,0.5281870365142822
