,N,Nnf,round,first,hole,board,Nsim,prWin,prWinStd,pot,bet,maxBet,NMaxBet,minBet,util_fold,util_call,util_raise_coeff,util_call2,util_raise_coeff2,action,amount,cputime
0,8,8,Deal,0,♥3 ♠Q,,75,0.11333333333333333,0.3008137112714261,0,40,208,1,168,-40,-19.413333333333355,-0.09333333333333338,-160.85333333333335,-0.7733333333333333,call,0,0.5245199203491211
1,8,8,Flop,0,♥3 ♠Q,♠A ♥A ♣Q,30,0.20416666666666666,0.35426469231666635,1062,0,40,1,40,-208,34.1583333333333,0.6333333333333333,-14.841666666666669,-0.5916666666666667,raise,0,0.5297999382019043
2,8,8,Flop,0,♥3 ♠Q,♠A ♥A ♣Q,95,0.2118421052631579,0.3591261709318878,1062,80,111,2,31,-288,94.09210526315792,0.6947368421052631,-46.99473684210528,-0.5763157894736842,raise,0,0.5232858657836914
3,8,7,Turn,1,♥3 ♠Q,♠A ♥A ♣Q ♥5,5,0.0,0.0,1839,0,0,8,40,-430,-430.0,-1.0,-430.0,-1.0,call,0,0.5224769115447998
4,8,7,Turn,0,♥3 ♠Q,♠A ♥A ♣Q ♥5,40,0.15,0.3391164991562634,1839,40,73,1,33,-470,-150.50000000000006,0.050000000000000044,-205.25000000000006,-0.7,raise,0,0.5262689590454102
5,8,7,River,1,♥3 ♠Q,♠A ♥A ♣Q ♥5 ♥8,5,0.4,0.48989794855663565,2277,0,0,8,40,-576,334.80000000000007,1.8000000000000003,334.80000000000007,-0.19999999999999996,raise,0,0.5229671001434326
