,N,Nnf,round,first,hole,board,Nsim,prWin,prWinStd,pot,bet,maxBet,NMaxBet,minBet,util_fold,util_call,util_raise_coeff,util_call2,util_raise_coeff2,action,amount,cputime
0,8,8,Deal,0,♥5 ♥8,,10,0.25,0.4031128874149275,0,0,20,1,20,0,20.0,1.0,-10.0,-0.5,raise,0,0.5311510562896729
1,8,8,Deal,0,♥5 ♥8,,80,0.15,0.34820970692960296,0,40,144,1,104,-40,28.799999999999983,0.19999999999999996,-100.80000000000001,-0.7,raise,0,0.5201699733734131
2,8,8,Deal,0,♥5 ♥8,,165,0.15454545454545454,0.35512772699317474,0,288,576,1,288,-288,136.14545454545453,0.23636363636363633,-397.9636363636364,-0.6909090909090909,raise,0,0.5252909660339355
3,8,8,Flop,0,♥5 ♥8,♠A ♣4 ♥6,35,0.14285714285714285,0.3499271061118826,3274,0,20,1,20,-576,-105.4285714285715,0.1428571428571428,-122.57142857142861,-0.7142857142857143,raise,0,0.524296760559082
4,8,7,Flop,0,♥5 ♥8,♠A ♣4 ♥6,105,0.1650793650793651,0.3618699509852288,3274,40,148,1,108,-616,-12.507936507936392,0.15555555555555567,-134.66666666666652,-0.6698412698412698,raise,0,0.5207490921020508
