,N,Nnf,round,first,hole,board,Nsim,prWin,prWinStd,pot,bet,maxBet,NMaxBet,minBet,util_fold,util_call,util_raise_coeff,util_call2,util_raise_coeff2,action,amount,cputime
0,8,7,Deal,0,♣A ♥Q,,90,0.2013888888888889,0.39951987002301886,0,10,59,2,49,-10,24.173611111111114,0.4097222222222223,-35.236111111111114,-0.5972222222222222,raise,0,0.5268890857696533
1,8,7,Deal,0,♣A ♥Q,,165,0.22196969696969698,0.409256419941758,0,118,132,2,14,-118,73.1,0.5537878787878789,-73.4,-0.556060606060606,raise,0,0.5215802192687988
2,8,7,Deal,0,♣A ♥Q,,245,0.23860544217687077,0.4173691149461975,0,264,1000,5,736,-264,670.2380952380954,0.6702380952380953,-522.7891156462584,-0.5227891156462585,raise,0,0.5229198932647705
