,N,Nnf,round,first,hole,board,Nsim,prWin,prWinStd,pot,bet,maxBet,NMaxBet,minBet,util_fold,util_call,util_raise_coeff,util_call2,util_raise_coeff2,action,amount,cputime
0,8,8,Deal,0,♠4 ♠9,,50,0.14,0.33226495451672294,0,0,80,1,80,0,9.600000000000009,0.1200000000000001,-57.599999999999994,-0.72,raise,0,0.52439284324646
1,8,7,Flop,0,♠4 ♠9,♣8 ♦7 ♣10,25,0.12,0.2925747767665559,618,0,100,1,100,-160,-101.84,-0.16000000000000003,-161.84,-0.76,call,0,0.5229828357696533
2,8,7,Turn,0,♠4 ♠9,♣8 ♦7 ♣10 ♣4,10,0.15,0.32015621187164245,858,0,100,1,100,-260,-126.30000000000001,0.050000000000000044,-201.3,-0.7,raise,0,0.5285766124725342
