,N,Nnf,round,first,hole,board,Nsim,prWin,prWinStd,pot,bet,maxBet,NMaxBet,minBet,util_fold,util_call,util_raise_coeff,util_call2,util_raise_coeff2,action,amount,cputime
0,8,7,Deal,0,♣5 ♥4,,40,0.12916666666666665,0.3084177812282842,0,0,20,1,20,0,-1.9166666666666679,-0.09583333333333344,-14.833333333333334,-0.7416666666666667,fold,0,0.5301740169525146
