,N,Nnf,round,first,hole,board,Nsim,prWin,prWinStd,pot,bet,maxBet,NMaxBet,minBet,util_fold,util_call,util_raise_coeff,util_call2,util_raise_coeff2,action,amount,cputime
0,8,8,Deal,0,♠J ♣9,,10,0.2,0.4000000000000001,0,0,40,1,40,0,24.0,0.6000000000000001,-24.0,-0.6,raise,0,0.5279240608215332
1,8,8,Deal,0,♠J ♣9,,90,0.16111111111111112,0.3561193446786077,0,80,188,1,108,-80,54.31111111111113,0.288888888888889,-127.42222222222222,-0.6777777777777778,raise,0,0.5236730575561523
2,8,8,Deal,0,♠J ♣9,,175,0.11714285714285715,0.3148566243189923,0,376,748,1,372,-376,-47.01714285714286,-0.06285714285714283,-572.7542857142857,-0.7657142857142857,call,0,0.5320770740509033
3,8,8,Flop,0,♠J ♣9,♥3 ♥5 ♦A,15,0.0,0.0,4167,0,79,1,79,-748,-827.0,-1.0,-827.0,-1.0,fold,0,0.5279982089996338
