,N,Nnf,round,first,hole,board,Nsim,prWin,prWinStd,pot,bet,maxBet,NMaxBet,minBet,util_fold,util_call,util_raise_coeff,util_call2,util_raise_coeff2,action,amount,cputime
0,8,7,Deal,0,♠Q ♥J,,40,0.1625,0.34255474015111803,0,0,20,2,20,0,2.75,0.13749999999999996,-13.5,-0.675,raise,0,0.523327112197876
1,8,7,Deal,0,♠Q ♥J,,70,0.19285714285714287,0.37122247029103667,0,40,99,1,59,-40,34.650000000000006,0.3500000000000001,-60.81428571428571,-0.6142857142857143,raise,0,0.5219881534576416
2,8,6,Flop,0,♠Q ♥J,♥3 ♠4 ♦2,15,0.06666666666666667,0.24944382578492943,693,0,100,2,100,-198,-211.8,-0.6,-238.46666666666667,-0.8666666666666667,fold,0,0.5235183238983154
