,N,Nnf,round,first,hole,board,Nsim,prWin,prWinStd,pot,bet,maxBet,NMaxBet,minBet,util_fold,util_call,util_raise_coeff,util_call2,util_raise_coeff2,action,amount,cputime
0,8,8,Deal,0,♥9 ♠7,,100,0.125,0.3269174207655505,0,20,154,1,134,-20,0.0,0.0,-115.5,-0.75,call,0,0.524616003036499
1,8,8,Flop,0,♥9 ♠7,♥2 ♦4 ♦2,35,0.05714285714285714,0.2321153829895989,1232,0,20,1,20,-154,-94.45714285714287,-0.5428571428571429,-101.31428571428572,-0.8857142857142857,call,0,0.5307788848876953
2,8,8,Flop,0,♥9 ♠7,♥2 ♦4 ♦2,140,0.05,0.20959143930173155,1232,20,65,3,45,-174,-131.4,-0.6,-150.9,-0.9,call,0,0.5300769805908203
3,8,8,Flop,0,♥9 ♠7,♥2 ♦4 ♦2,240,0.03958333333333333,0.18679264722026814,1232,65,104,2,39,-219,-176.3,-0.6833333333333333,-201.0,-0.9208333333333334,call,0,0.5262279510498047
4,8,8,Turn,0,♥9 ♠7,♥2 ♦4 ♦2 ♥3,30,0.0,0.0,2064,0,20,1,20,-258,-278.0,-1.0,-278.0,-1.0,fold,0,0.5292017459869385
