,N,Nnf,round,first,hole,board,Nsim,prWin,prWinStd,pot,bet,maxBet,NMaxBet,minBet,util_fold,util_call,util_raise_coeff,util_call2,util_raise_coeff2,action,amount,cputime
0,8,8,Deal,0,♠K ♦8,,60,0.10833333333333334,0.28999521068842193,0,10,64,1,54,-10,-8.533333333333331,-0.1333333333333333,-50.13333333333333,-0.7833333333333333,call,0,0.5215799808502197
1,8,8,Deal,0,♠K ♦8,,135,0.14537037037037037,0.3433250428500825,0,64,103,3,39,-64,16.785185185185185,0.16296296296296298,-73.0537037037037,-0.7092592592592593,raise,0,0.5237231254577637
2,8,8,Deal,0,♠K ♦8,,210,0.14027777777777778,0.3380221644893527,0,206,412,1,206,-206,50.355555555555554,0.12222222222222223,-296.4111111111111,-0.7194444444444444,raise,0,0.5301258563995361
3,8,7,Flop,1,♠K ♦8,♣2 ♦6 ♦7,5,0.0,0.0,3495,0,0,8,20,-824,-824.0,-1.0,-824.0,-1.0,call,0,0.5225429534912109
4,8,7,Flop,0,♠K ♦8,♣2 ♦6 ♦7,40,0.125,0.33071891388307384,3495,20,70,2,50,-844,-395.875,-0.125,-439.625,-0.75,call,0,0.5204627513885498
5,8,7,Turn,1,♠K ♦8,♣2 ♦6 ♦7 ♠3,5,0.0,0.0,3705,0,0,8,20,-894,-894.0,-1.0,-894.0,-1.0,call,0,0.5288128852844238
6,8,7,Turn,0,♠K ♦8,♣2 ♦6 ♦7 ♠3,40,0.025,0.15612494995995996,3705,20,61,2,41,-914,-851.7,-0.825,-859.325,-0.95,call,0,0.5243251323699951
7,8,7,River,1,♠K ♦8,♣2 ♦6 ♦7 ♠3 ♠8,5,0.4,0.48989794855663565,3888,0,0,8,20,-955,600.2,1.8000000000000003,600.2,-0.19999999999999996,raise,0,0.5289332866668701
8,8,7,River,0,♠K ♦8,♣2 ♦6 ♦7 ♠3 ♠8,35,0.34285714285714286,0.4746642207381757,3888,20,78,2,58,-975,487.2285714285715,1.4,353.51428571428573,-0.3142857142857143,raise,0,0.5274710655212402
