,N,Nnf,round,first,hole,board,Nsim,prWin,prWinStd,pot,bet,maxBet,NMaxBet,minBet,util_fold,util_call,util_raise_coeff,util_call2,util_raise_coeff2,action,amount,cputime
0,8,8,Deal,0,♥10 ♠J,,80,0.20625,0.38481935697155356,0,0,122,1,122,0,79.29999999999998,0.6499999999999999,-71.67500000000001,-0.5875,raise,0,0.526637077331543
1,8,8,Deal,0,♥10 ♠J,,185,0.18445945945945946,0.3764768823594075,0,244,1000,3,756,-244,475.6756756756756,0.4756756756756757,-631.081081081081,-0.6310810810810811,raise,0,0.52618408203125
