,N,Nnf,round,first,hole,board,Nsim,prWin,prWinStd,pot,bet,maxBet,NMaxBet,minBet,util_fold,util_call,util_raise_coeff,util_call2,util_raise_coeff2,action,amount,cputime
0,8,8,Deal,0,♦3 ♦5,,45,0.14444444444444443,0.34354721852756237,0,0,40,1,40,0,6.222222222222214,0.15555555555555545,-28.444444444444446,-0.7111111111111111,raise,0,0.5258591175079346
1,8,7,Deal,0,♦3 ♦5,,150,0.11666666666666667,0.31841621957571337,0,80,192,1,112,-80,-35.20000000000002,-0.18333333333333335,-147.2,-0.7666666666666666,call,0,0.5230536460876465
2,8,7,Flop,0,♦3 ♦5,♥6 ♠10 ♣8,55,0.0,0.0,1344,0,36,2,36,-192,-228.0,-1.0,-228.0,-1.0,fold,0,0.5236937999725342
