,N,Nnf,round,first,hole,board,Nsim,prWin,prWinStd,pot,bet,maxBet,NMaxBet,minBet,util_fold,util_call,util_raise_coeff,util_call2,util_raise_coeff2,action,amount,cputime
0,8,7,Deal,0,♥7 ♣9,,75,0.13333333333333333,0.31972210155418135,0,0,61,3,61,0,-4.06666666666667,-0.06666666666666665,-44.733333333333334,-0.7333333333333334,fold,0,0.5257790088653564
