,N,Nnf,round,first,hole,board,Nsim,prWin,prWinStd,pot,bet,maxBet,NMaxBet,minBet,util_fold,util_call,util_raise_coeff,util_call2,util_raise_coeff2,action,amount,cputime
0,8,7,Deal,0,♦A ♦10,,60,0.2888888888888889,0.43976705393696225,0,0,26,1,26,0,26.577777777777783,1.0222222222222226,-10.977777777777776,-0.42222222222222217,raise,0,0.5216140747070312
1,8,7,Deal,0,♦A ♦10,,105,0.23174603174603173,0.40792106696735747,0,52,104,2,52,-52,64.71111111111111,0.622222222222222,-55.7968253968254,-0.5365079365079366,raise,0,0.5211148262023926
2,8,7,Flop,0,♦A ♦10,♥A ♦7 ♣8,35,0.42857142857142855,0.48022103754204604,851,0,100,3,100,-208,356.7142857142858,2.0,142.42857142857144,-0.1428571428571429,raise,0,0.5244200229644775
3,8,7,Turn,0,♦A ♦10,♥A ♦7 ♣8 ♥K,35,0.38571428571428573,0.47937033530178624,1651,0,100,3,100,-408,398.8142857142857,1.7000000000000002,205.9571428571428,-0.22857142857142854,raise,0,0.5244879722595215
4,8,7,River,0,♦A ♦10,♥A ♦7 ♣8 ♥K ♠2,35,0.38571428571428573,0.47937033530178624,2451,0,100,3,100,-608,507.38571428571436,1.7000000000000002,314.52857142857147,-0.22857142857142854,raise,0,0.5270800590515137
