,N,Nnf,round,first,hole,board,Nsim,prWin,prWinStd,pot,bet,maxBet,NMaxBet,minBet,util_fold,util_call,util_raise_coeff,util_call2,util_raise_coeff2,action,amount,cputime
0,8,7,Deal,0,♣2 ♥2,,60,0.18333333333333332,0.38693955887479675,0,0,59,1,59,0,16.71666666666667,0.2833333333333332,-37.36666666666667,-0.6333333333333333,raise,0,0.5224220752716064
1,8,7,Flop,0,♣2 ♥2,♠9 ♦10 ♦3,45,0.044444444444444446,0.20608041101101565,826,0,78,3,78,-118,-135.0222222222222,-0.6888888888888889,-152.35555555555555,-0.9111111111111111,fold,0,0.5281529426574707
