,N,Nnf,round,first,hole,board,Nsim,prWin,prWinStd,pot,bet,maxBet,NMaxBet,minBet,util_fold,util_call,util_raise_coeff,util_call2,util_raise_coeff2,action,amount,cputime
0,8,8,Deal,0,♠A ♥A,,45,0.3333333333333333,0.4714045207910317,0,0,40,1,40,0,66.66666666666666,1.6666666666666665,-13.333333333333336,-0.33333333333333337,raise,0,0.5235130786895752
1,8,8,Deal,0,♠A ♥A,,155,0.38064516129032255,0.48554548960585237,0,80,194,1,114,-80,396.76129032258063,2.0451612903225804,-46.30967741935484,-0.2387096774193549,raise,0,0.5301508903503418
2,8,8,Flop,0,♠A ♥A,♥5 ♣6 ♣8,65,0.23384615384615384,0.42035769496462927,3104,0,75,2,75,-388,403.16615384615375,0.8707692307692307,297.9353846153846,-0.5323076923076924,raise,0,0.5261030197143555
3,8,7,Turn,0,♠A ♥A,♥5 ♣6 ♣8 ♦J,65,0.27692307692307694,0.4474781406845842,4154,0,76,2,76,-538,683.6615384615386,0.9384615384615387,578.4307692307693,-0.4461538461538461,raise,0,0.5229229927062988
4,8,6,River,0,♠A ♥A,♥5 ♣6 ♣8 ♦J ♠2,35,0.45714285714285713,0.4981598792617913,5008,0,74,1,74,-690,1728.3428571428572,1.7428571428571429,1593.0285714285715,-0.08571428571428574,raise,0,0.5265538692474365
