,N,Nnf,round,first,hole,board,Nsim,prWin,prWinStd,pot,bet,maxBet,NMaxBet,minBet,util_fold,util_call,util_raise_coeff,util_call2,util_raise_coeff2,action,amount,cputime
0,8,8,Deal,0,♣A ♦8,,40,0.20833333333333331,0.3832427429188973,0,0,80,1,80,0,53.333333333333314,0.6666666666666665,-46.66666666666667,-0.5833333333333334,raise,0,0.5259299278259277
1,8,8,Deal,0,♣A ♦8,,115,0.14420289855072463,0.33944963610311263,0,160,186,2,26,-160,28.573913043478257,0.15362318840579703,-132.35652173913044,-0.7115942028985507,raise,0,0.5218517780303955
2,8,7,Flop,0,♣A ♦8,♠5 ♠2 ♦K,10,0.2,0.4000000000000001,1654,0,87,1,87,-372,-6.399999999999977,0.40000000000000013,-93.39999999999998,-0.6,raise,0,0.5227699279785156
3,8,6,Turn,0,♣A ♦8,♠5 ♠2 ♦K ♠9,10,0.0,0.0,2002,0,52,1,52,-546,-598.0,-1.0,-598.0,-1.0,fold,0,0.5238749980926514
