,N,Nnf,round,first,hole,board,Nsim,prWin,prWinStd,pot,bet,maxBet,NMaxBet,minBet,util_fold,util_call,util_raise_coeff,util_call2,util_raise_coeff2,action,amount,cputime
0,8,8,Deal,0,♣3 ♠A,,50,0.13,0.3287856444554719,0,0,65,2,65,0,2.6000000000000085,0.040000000000000036,-48.099999999999994,-0.74,raise,0,0.5254387855529785
1,8,7,Flop,0,♣3 ♠A,♠Q ♥2 ♠7,35,0.12857142857142856,0.3238795442501324,975,0,21,2,21,-130,-6.7428571428571615,-0.10000000000000009,-20.24285714285716,-0.7428571428571429,call,0,0.5258438587188721
2,8,7,Flop,0,♣3 ♠A,♠Q ♥2 ♠7,110,0.09090909090909091,0.27946229361707986,975,21,91,3,70,-151,-74.45454545454544,-0.36363636363636365,-115.81818181818181,-0.8181818181818181,call,0,0.52431321144104
3,8,7,Turn,0,♣3 ♠A,♠Q ♥2 ♠7 ♦A,35,0.2857142857142857,0.43565573377076877,1612,0,52,1,52,-221,291.57142857142856,1.0,217.28571428571428,-0.4285714285714286,raise,0,0.5304179191589355
4,8,7,Turn,0,♣3 ♠A,♠Q ♥2 ♠7 ♦A,110,0.29545454545454547,0.4332512106968058,1612,104,105,1,1,-325,367.43181818181824,1.0681818181818183,212.31818181818187,-0.40909090909090906,raise,0,0.524752140045166
5,8,7,River,0,♣3 ♠A,♠Q ♥2 ♠7 ♦A ♣10,25,0.3133333333333333,0.4198412398355677,3054,0,46,2,46,-431,580.8133333333333,1.193333333333333,508.74666666666656,-0.3733333333333334,raise,0,0.5215051174163818
6,8,7,River,0,♣3 ♠A,♠Q ♥2 ♠7 ♦A ♣10,90,0.27037037037037037,0.42205974781661343,3054,92,108,1,16,-523,491.1111111111111,0.8925925925925926,345.1111111111111,-0.45925925925925926,raise,0,0.5255172252655029
