,N,Nnf,round,first,hole,board,Nsim,prWin,prWinStd,pot,bet,maxBet,NMaxBet,minBet,util_fold,util_call,util_raise_coeff,util_call2,util_raise_coeff2,action,amount,cputime
0,8,7,Deal,0,♥9 ♠J,,90,0.2,0.38586123009300755,0,10,63,3,53,-10,25.200000000000017,0.40000000000000013,-37.8,-0.6,raise,0,0.5289099216461182
1,8,7,Flop,1,♥9 ♠J,♦9 ♦3 ♥J,5,0.7,0.4,882,0,0,8,20,-126,491.4,3.8999999999999995,491.4,0.3999999999999999,raise,0,0.5211930274963379
2,8,6,Flop,0,♥9 ♠J,♦9 ♦3 ♥J,80,0.51875,0.496511266236729,882,20,51,3,31,-146,439.2750000000001,2.1125000000000003,333.45000000000005,0.03750000000000009,raise,0,0.5245449542999268
3,8,6,Turn,1,♥9 ♠J,♦9 ♦3 ♥J ♦Q,5,0.2,0.4000000000000001,1494,0,0,8,20,-228,70.80000000000001,0.20000000000000018,70.80000000000001,-0.6,raise,0,0.5230681896209717
4,8,6,Turn,0,♥9 ♠J,♦9 ♦3 ♥J ♦Q,75,0.24666666666666667,0.4271871824960212,1494,20,74,5,54,-248,176.03999999999996,0.48,103.02666666666664,-0.5066666666666666,raise,0,0.5243179798126221
5,8,6,River,1,♥9 ♠J,♦9 ♦3 ♥J ♦Q ♦J,5,1.0,0.0,2382,0,0,8,20,-376,2006.0,5.0,2006.0,1.0,raise,0,0.5272278785705566
6,8,6,River,0,♥9 ♠J,♦9 ♦3 ♥J ♦Q ♦J,70,0.9428571428571428,0.2321153829895989,2382,20,78,1,58,-396,2233.142857142857,4.657142857142857,1938.9714285714285,0.8857142857142857,raise,0,0.5238020420074463
