,N,Nnf,round,first,hole,board,Nsim,prWin,prWinStd,pot,bet,maxBet,NMaxBet,minBet,util_fold,util_call,util_raise_coeff,util_call2,util_raise_coeff2,action,amount,cputime
0,8,7,Deal,0,♠A ♥4,,80,0.2,0.4,0,0,60,4,60,0,24.0,0.40000000000000013,-36.0,-0.6,raise,0,0.5250329971313477
1,8,7,Deal,0,♠A ♥4,,155,0.16129032258064516,0.36338677462294044,0,120,121,1,1,-120,15.612903225806463,0.12903225806451601,-81.96774193548387,-0.6774193548387097,raise,0,0.5222179889678955
2,8,7,Flop,0,♠A ♥4,♦10 ♠10 ♥6,65,0.06153846153846154,0.22373907034229212,1694,0,100,3,100,-242,-194.67692307692306,-0.5692307692307692,-225.44615384615383,-0.8769230769230769,call,0,0.5273621082305908
