,N,Nnf,round,first,hole,board,Nsim,prWin,prWinStd,pot,bet,maxBet,NMaxBet,minBet,util_fold,util_call,util_raise_coeff,util_call2,util_raise_coeff2,action,amount,cputime
0,8,8,Deal,0,♥10 ♦8,,80,0.11666666666666665,0.3066394915495683,0,0,116,1,116,0,-7.7333333333333485,-0.06666666666666676,-88.93333333333334,-0.7666666666666667,fold,0,0.5234260559082031
