,N,Nnf,round,first,hole,board,Nsim,prWin,prWinStd,pot,bet,maxBet,NMaxBet,minBet,util_fold,util_call,util_raise_coeff,util_call2,util_raise_coeff2,action,amount,cputime
0,8,8,Deal,0,♦K ♠7,,100,0.155,0.35843409436045554,0,20,144,1,124,-20,34.56,0.24,-99.36,-0.69,raise,0,0.5292983055114746
1,8,8,Flop,0,♦K ♠7,♣4 ♦4 ♦2,35,0.07142857142857142,0.2432769480846629,2304,0,20,1,20,-288,-132.00000000000003,-0.4285714285714286,-140.57142857142858,-0.8571428571428572,call,0,0.525749921798706
2,8,7,Flop,0,♦K ♠7,♣4 ♦4 ♦2,135,0.049074074074074076,0.20977076128671823,2304,20,76,4,56,-308,-224.82592592592593,-0.6564814814814814,-243.47407407407408,-0.9018518518518519,call,0,0.5280561447143555
3,8,7,Turn,1,♦K ♠7,♣4 ♦4 ♦2 ♦3,5,0.2,0.4,2856,0,0,8,20,-364,207.20000000000005,0.40000000000000013,207.20000000000005,-0.6,raise,0,0.523421049118042
4,8,7,Turn,0,♦K ♠7,♣4 ♦4 ♦2 ♦3,80,0.15625,0.35876306596415414,2856,20,72,2,52,-384,89.0,0.09375,32.75,-0.6875,raise,0,0.5198771953582764
5,8,6,River,1,♦K ♠7,♣4 ♦4 ♦2 ♦3 ♠6,5,0.0,0.0,3780,0,0,8,20,-508,-508.0,-1.0,-508.0,-1.0,call,0,0.5221858024597168
6,8,6,River,0,♦K ♠7,♣4 ♦4 ♦2 ♦3 ♠6,70,0.0,0.0,3780,20,27,3,7,-528,-535.0,-1.0,-535.0,-1.0,fold,0,0.5212953090667725
