,N,Nnf,round,first,hole,board,Nsim,prWin,prWinStd,pot,bet,maxBet,NMaxBet,minBet,util_fold,util_call,util_raise_coeff,util_call2,util_raise_coeff2,action,amount,cputime
0,8,8,Deal,0,♠K ♦J,,90,0.17777777777777778,0.3823255674241167,0,20,142,1,122,-20,59.95555555555558,0.4222222222222223,-91.5111111111111,-0.6444444444444444,raise,0,0.5256972312927246
1,8,7,Flop,1,♠K ♦J,♣K ♥7 ♠9,5,0.0,0.0,1846,0,0,8,20,-284,-284.0,-1.0,-284.0,-1.0,call,0,0.5241398811340332
2,8,6,Flop,0,♠K ♦J,♣K ♥7 ♠9,70,0.32857142857142857,0.4542318027309899,1846,20,67,1,47,-304,387.6285714285714,0.9714285714285715,299.57142857142856,-0.34285714285714286,raise,0,0.5232858657836914
3,8,6,Turn,1,♠K ♦J,♣K ♥7 ♠9 ♦Q,5,0.3,0.39999999999999997,2516,0,0,8,20,-418,336.79999999999995,0.7999999999999998,336.79999999999995,-0.4,raise,0,0.5294809341430664
4,8,6,Turn,0,♠K ♦J,♣K ♥7 ♠9 ♦Q,60,0.275,0.4322904116447646,2516,20,45,3,25,-438,303.1500000000001,0.6500000000000001,253.6500000000001,-0.44999999999999996,raise,0,0.5297291278839111
5,8,6,Turn,0,♠K ♦J,♣K ♥7 ♠9 ♦Q,115,0.3130434782608696,0.4494483070591507,2516,90,103,3,13,-508,460.07826086956527,0.8782608695652177,331.10434782608695,-0.3739130434782608,raise,0,0.5211577415466309
6,8,6,River,1,♠K ♦J,♣K ♥7 ♠9 ♦Q ♦6,5,0.6,0.48989794855663565,3546,0,0,8,20,-624,1503.6,2.5999999999999996,1503.6,0.19999999999999996,raise,0,0.526198148727417
7,8,6,River,0,♠K ♦J,♣K ♥7 ♠9 ♦Q ♦6,60,0.3416666666666667,0.46985517863368165,3546,20,77,1,57,-644,668.3999999999999,1.0499999999999998,563.1666666666665,-0.31666666666666665,raise,0,0.5238258838653564
