,N,Nnf,round,first,hole,board,Nsim,prWin,prWinStd,pot,bet,maxBet,NMaxBet,minBet,util_fold,util_call,util_raise_coeff,util_call2,util_raise_coeff2,action,amount,cputime
0,8,7,Deal,0,♠6 ♥4,,60,0.10833333333333334,0.30402393911591163,0,20,148,1,128,-20,-35.76666666666665,-0.2416666666666667,-115.93333333333334,-0.7833333333333333,fold,0,0.5337309837341309
