,N,Nnf,round,first,hole,board,Nsim,prWin,prWinStd,pot,bet,maxBet,NMaxBet,minBet,util_fold,util_call,util_raise_coeff,util_call2,util_raise_coeff2,action,amount,cputime
0,8,7,Deal,0,♠2 ♠Q,,90,0.2037037037037037,0.38552335582622893,0,10,1000,3,990,-10,425.92592592592587,0.4259259259259258,-592.5925925925926,-0.5925925925925926,raise,0,0.5286698341369629
