,N,Nnf,round,first,hole,board,Nsim,prWin,prWinStd,pot,bet,maxBet,NMaxBet,minBet,util_fold,util_call,util_raise_coeff,util_call2,util_raise_coeff2,action,amount,cputime
0,8,7,Deal,0,♥8 ♥K,,80,0.1875,0.3739568825412898,0,0,73,1,73,0,22.8125,0.3125,-45.625,-0.625,raise,0,0.5215170383453369
1,8,7,Deal,0,♥8 ♥K,,155,0.1685483870967742,0.3646677532211122,0,146,147,1,1,-146,26.436290322580646,0.17983870967741944,-97.44677419354838,-0.6629032258064516,raise,0,0.5237300395965576
2,8,7,Flop,0,♥8 ♥K,♠4 ♣K ♦K,65,0.7230769230769231,0.42090350831706,2058,0,100,6,100,-294,1600.246153846154,4.061538461538461,1238.7076923076922,0.4461538461538461,raise,0,0.5310850143432617
3,8,7,Turn,0,♥8 ♥K,♠4 ♣K ♦K ♣3,65,0.6923076923076923,0.41779924966154675,3458,0,100,6,100,-494,2284.6153846153848,3.846153846153846,1938.4615384615386,0.3846153846153846,raise,0,0.5224289894104004
