,N,Nnf,round,first,hole,board,Nsim,prWin,prWinStd,pot,bet,maxBet,NMaxBet,minBet,util_fold,util_call,util_raise_coeff,util_call2,util_raise_coeff2,action,amount,cputime
0,8,7,Deal,0,♥A ♠J,,35,0.22857142857142856,0.4199125273342591,0,0,40,1,40,0,24.0,0.5999999999999999,-21.714285714285715,-0.5428571428571429,raise,0,0.5226931571960449
1,8,7,Deal,0,♥A ♠J,,80,0.225,0.41758232721225164,0,80,186,1,106,-80,106.94999999999999,0.575,-102.3,-0.55,raise,0,0.5285470485687256
2,8,7,Flop,0,♥A ♠J,♣2 ♥6 ♥2,25,0.2,0.4,1488,0,94,1,94,-372,-36.799999999999955,0.40000000000000013,-130.79999999999995,-0.6,raise,0,0.5253710746765137
3,8,6,Flop,0,♥A ♠J,♣2 ♥6 ♥2,65,0.18461538461538463,0.387985237320569,1488,188,198,1,10,-560,-75.96923076923076,0.10769230769230775,-222.18461538461537,-0.6307692307692307,raise,0,0.5269911289215088
4,8,6,Turn,0,♥A ♠J,♣2 ♥6 ♥2 ♠8,25,0.0,0.0,2676,0,146,2,146,-768,-914.0,-1.0,-914.0,-1.0,fold,0,0.5215330123901367
