,N,Nnf,round,first,hole,board,Nsim,prWin,prWinStd,pot,bet,maxBet,NMaxBet,minBet,util_fold,util_call,util_raise_coeff,util_call2,util_raise_coeff2,action,amount,cputime
0,8,7,Deal,0,♠5 ♥5,,50,0.18,0.38418745424597095,0,0,63,1,63,0,16.379999999999995,0.26,-40.32,-0.64,raise,0,0.5256791114807129
1,8,7,Flop,0,♠5 ♥5,♣6 ♦5 ♥3,35,0.4857142857142857,0.4997958767010257,882,0,36,1,36,-126,388.79999999999995,2.4,301.37142857142857,-0.02857142857142858,raise,0,0.5231869220733643
2,8,6,Flop,0,♠5 ♥5,♣6 ♦5 ♥3,115,0.5043478260869565,0.4999810960509583,882,72,7002,1,6930,-198,14505.495652173915,2.026086956521739,379.7217391304348,0.008695652173912993,raise,0,0.5239367485046387
