,N,Nnf,round,first,hole,board,Nsim,prWin,prWinStd,pot,bet,maxBet,NMaxBet,minBet,util_fold,util_call,util_raise_coeff,util_call2,util_raise_coeff2,action,amount,cputime
0,8,8,Deal,0,♠4 ♥7,,75,0.09333333333333334,0.27920522121829233,0,20,118,1,98,-20,-29.89333333333333,-0.2533333333333333,-95.97333333333333,-0.8133333333333334,fold,0,0.5258550643920898
