,N,Nnf,round,first,hole,board,Nsim,prWin,prWinStd,pot,bet,maxBet,NMaxBet,minBet,util_fold,util_call,util_raise_coeff,util_call2,util_raise_coeff2,action,amount,cputime
0,8,8,Deal,0,♥K ♥9,,40,0.125,0.33071891388307384,0,0,80,1,80,0,0.0,0.0,-60.0,-0.75,call,0,0.5289280414581299
1,8,8,Deal,0,♥K ♥9,,125,0.208,0.4009189444264265,0,80,264,1,184,-80,175.296,0.6639999999999999,-154.176,-0.5840000000000001,raise,0,0.5263261795043945
2,8,8,Flop,0,♥K ♥9,♣7 ♣3 ♣2,15,0.0,0.0,2649,0,4782,1,4782,-528,-5310.0,-1.0,-5310.0,-1.0,fold,0,0.5219531059265137
