,N,Nnf,round,first,hole,board,Nsim,prWin,prWinStd,pot,bet,maxBet,NMaxBet,minBet,util_fold,util_call,util_raise_coeff,util_call2,util_raise_coeff2,action,amount,cputime
0,8,7,Deal,0,♥5 ♥K,,60,0.15,0.3570714214271425,0,0,69,1,69,0,3.450000000000003,0.050000000000000044,-48.3,-0.7,raise,0,0.5246353149414062
1,8,7,Deal,0,♥5 ♥K,,140,0.17946428571428572,0.3780266886026942,0,138,542,2,404,-138,138.88750000000005,0.2562500000000001,-347.4607142857143,-0.6410714285714285,raise,0,0.5250759124755859
