,N,Nnf,round,first,hole,board,Nsim,prWin,prWinStd,pot,bet,maxBet,NMaxBet,minBet,util_fold,util_call,util_raise_coeff,util_call2,util_raise_coeff2,action,amount,cputime
0,8,8,Deal,0,♣9 ♦K,,40,0.1875,0.36550478793033614,0,0,80,1,80,0,40.0,0.5,-50.0,-0.625,raise,0,0.5270910263061523
1,8,8,Deal,0,♣9 ♦K,,120,0.2125,0.39614023190447767,0,160,320,1,160,-160,224.0,0.7,-184.0,-0.575,raise,0,0.5249710083007812
2,8,8,Flop,0,♣9 ♦K,♠J ♣3 ♥8,55,0.1,0.2923260943784277,3840,0,113,1,113,-640,-278.6,-0.19999999999999996,-346.4,-0.8,call,0,0.5222399234771729
3,8,8,Turn,0,♣9 ♦K,♠J ♣3 ♥8 ♣7,25,0.1,0.282842712474619,4485,0,130,2,130,-753,-330.5,-0.19999999999999996,-408.5,-0.8,call,0,0.5307950973510742
4,8,8,Turn,0,♣9 ♦K,♠J ♣3 ♥8 ♣7,80,0.125,0.3078825533651861,4485,130,180,1,50,-883,-192.375,0.0,-327.375,-0.75,call,0,0.5244009494781494
5,8,8,River,0,♣9 ♦K,♠J ♣3 ♥8 ♣7 ♣A,20,0.0,0.0,5385,0,47,1,47,-933,-980.0,-1.0,-980.0,-1.0,fold,0,0.5280966758728027
