,N,Nnf,round,first,hole,board,Nsim,prWin,prWinStd,pot,bet,maxBet,NMaxBet,minBet,util_fold,util_call,util_raise_coeff,util_call2,util_raise_coeff2,action,amount,cputime
0,8,7,Deal,0,♦K ♣A,,90,0.18888888888888888,0.3914203323068564,0,10,56,5,46,-10,18.044444444444437,0.3222222222222222,-34.84444444444445,-0.6222222222222222,raise,0,0.5242099761962891
1,8,7,Deal,0,♦K ♣A,,170,0.19779411764705881,0.3956736459293757,0,112,119,1,7,-112,45.76249999999999,0.38455882352941173,-71.92500000000001,-0.6044117647058824,raise,0,0.5210649967193604
2,8,7,Flop,1,♦K ♣A,♥3 ♣5 ♣3,5,0.4,0.48989794855663565,1666,0,0,8,20,-238,428.4000000000001,1.8000000000000003,428.4000000000001,-0.19999999999999996,raise,0,0.5237832069396973
3,8,6,Flop,0,♦K ♣A,♥3 ♣5 ♣3,75,0.13333333333333333,0.339934634239519,1666,20,66,3,46,-258,-29.066666666666663,-0.19999999999999996,-64.26666666666668,-0.7333333333333334,call,0,0.5220201015472412
4,8,6,Flop,0,♦K ♣A,♥3 ♣5 ♣3,145,0.12758620689655173,0.3310344827586207,1666,66,114,1,48,-304,-52.17241379310343,-0.23448275862068968,-110.35172413793103,-0.7448275862068965,call,0,0.5196020603179932
5,8,6,Turn,1,♦K ♣A,♥3 ♣5 ♣3 ♠Q,5,0.0,0.0,2326,0,0,8,20,-352,-352.0,-1.0,-352.0,-1.0,call,0,0.5227317810058594
6,8,6,Turn,0,♦K ♣A,♥3 ♣5 ♣3 ♠Q,55,0.07272727272727272,0.25968830649246727,2326,20,73,2,53,-372,-223.9818181818182,-0.5636363636363637,-245.21818181818182,-0.8545454545454545,call,0,0.526508092880249
7,8,6,River,1,♦K ♣A,♥3 ♣5 ♣3 ♠Q ♥10,5,0.0,0.0,2618,0,0,8,20,-425,-425.0,-1.0,-425.0,-1.0,call,0,0.5206518173217773
8,8,6,River,0,♦K ♣A,♥3 ♣5 ♣3 ♠Q ♥10,50,0.0,0.0,2618,20,75,1,55,-445,-500.0,-1.0,-500.0,-1.0,fold,0,0.5235469341278076
