,N,Nnf,round,first,hole,board,Nsim,prWin,prWinStd,pot,bet,maxBet,NMaxBet,minBet,util_fold,util_call,util_raise_coeff,util_call2,util_raise_coeff2,action,amount,cputime
0,8,8,Deal,0,♣10 ♣Q,,35,0.14285714285714285,0.3499271061118826,0,0,40,1,40,0,5.714285714285708,0.1428571428571428,-28.571428571428573,-0.7142857142857143,raise,0,0.5236258506774902
1,8,8,Deal,0,♣10 ♣Q,,90,0.1537037037037037,0.3533156684768181,0,80,89,2,9,-80,20.437037037037044,0.22962962962962963,-61.64074074074074,-0.6925925925925926,raise,0,0.5221250057220459
2,8,8,Deal,0,♣10 ♣Q,,150,0.17305555555555557,0.3731353848566212,0,178,356,1,178,-178,136.86222222222227,0.3844444444444446,-232.78444444444443,-0.6538888888888889,raise,0,0.5239708423614502
3,8,8,Flop,0,♣10 ♣Q,♦K ♠9 ♥8,45,0.2111111111111111,0.40123266856150636,1780,0,52,1,52,-356,55.60000000000002,0.6888888888888889,-10.266666666666652,-0.5777777777777777,raise,0,0.5305259227752686
4,8,8,Turn,0,♣10 ♣Q,♦K ♠9 ♥8 ♥9,15,0.06666666666666667,0.24944382578492946,2244,0,26,1,26,-460,-322.5333333333333,-0.4666666666666667,-332.93333333333334,-0.8666666666666667,call,0,0.526360034942627
5,8,8,Turn,0,♣10 ♣Q,♦K ♠9 ♥8 ♥9,50,0.06,0.23748684174075835,2244,26,92,1,66,-486,-373.20000000000005,-0.52,-406.32000000000005,-0.88,call,0,0.5218148231506348
6,8,8,River,0,♣10 ♣Q,♦K ♠9 ♥8 ♥9 ♠7,15,0.0,0.0,2612,0,46,2,46,-552,-598.0,-1.0,-598.0,-1.0,fold,0,0.5223097801208496
