,N,Nnf,round,first,hole,board,Nsim,prWin,prWinStd,pot,bet,maxBet,NMaxBet,minBet,util_fold,util_call,util_raise_coeff,util_call2,util_raise_coeff2,action,amount,cputime
0,8,8,Deal,0,♣10 ♠Q,,90,0.17777777777777778,0.3675074535231384,0,10,116,1,106,-10,48.97777777777779,0.4222222222222223,-74.75555555555556,-0.6444444444444444,raise,0,0.5246238708496094
1,8,7,Flop,1,♣10 ♠Q,♥Q ♦5 ♠K,5,0.0,0.0,1740,0,0,8,20,-232,-232.0,-1.0,-232.0,-1.0,call,0,0.525486946105957
2,8,6,Flop,0,♣10 ♠Q,♥Q ♦5 ♠K,80,0.24166666666666664,0.4174159928789398,1740,20,76,5,56,-252,222.69999999999993,0.44999999999999973,149.2333333333333,-0.5166666666666667,raise,0,0.5297729969024658
3,8,6,Turn,1,♣10 ♠Q,♥Q ♦5 ♠K ♥K,5,0.0,0.0,2652,0,0,8,20,-384,-384.0,-1.0,-384.0,-1.0,call,0,0.527803897857666
4,8,6,Turn,0,♣10 ♠Q,♥Q ♦5 ♠K ♥K,70,0.23333333333333336,0.41057451037714043,2652,20,78,5,58,-404,266.0000000000001,0.40000000000000013,193.20000000000005,-0.5333333333333332,raise,0,0.520770788192749
5,8,5,River,1,♣10 ♠Q,♥Q ♦5 ♠K ♥K ♠3,0,,,3496,0,0,8,20,-540,,,,,call,0,0.5258829593658447
