,N,Nnf,round,first,hole,board,Nsim,prWin,prWinStd,pot,bet,maxBet,NMaxBet,minBet,util_fold,util_call,util_raise_coeff,util_call2,util_raise_coeff2,action,amount,cputime
0,8,8,Deal,0,♥5 ♥2,,70,0.15714285714285714,0.3639354057959142,0,0,272,1,272,0,69.94285714285712,0.2571428571428571,-186.51428571428573,-0.6857142857142857,raise,0,0.5280461311340332
1,8,8,Flop,0,♥5 ♥2,♣2 ♦5 ♠8,45,0.32222222222222224,0.4613453220450377,3209,0,159,3,159,-544,740.8777777777777,1.577777777777778,433.4777777777779,-0.3555555555555555,raise,0,0.5311810970306396
2,8,8,Turn,0,♥5 ♥2,♣2 ♦5 ♠8 ♣Q,45,0.4888888888888889,0.4886362983843561,4799,0,133,2,133,-862,1871.3555555555558,2.911111111111111,1481.2222222222222,-0.022222222222222254,raise,0,0.5288519859313965
3,8,8,River,0,♥5 ♥2,♣2 ♦5 ♠8 ♣Q ♣K,25,0.3,0.4472135954999579,5941,0,66,2,66,-1128,746.7,1.4,627.8999999999999,-0.4,raise,0,0.5234439373016357
4,8,8,River,0,♥5 ♥2,♣2 ♦5 ♠8 ♣Q ♣K,60,0.3416666666666667,0.46985517863368165,5941,132,154,2,22,-1260,1168.775,1.7333333333333334,853.0749999999998,-0.31666666666666665,raise,0,0.5240199565887451
