round_id,turn,N,Nnf,roundName,first,hole,board,Nsim,prWin,prWinStd,prWin_adj,chips,reld,stack,pot,bet,cost_to_call,pot_sum,bet_sum,maxBet_all,N_maxBet_all,bluff_freq,thd_call,bet_limit,action,amount,cputime
4,0,6,5,deal,False,♦Q ♣A,,60000,0.2736453703703646,0.3632625995942633,0.7952654111224013,3000,0,5000,0,0,20,0,30,20,1,0,0.4,30,bet,30,0.235762357711792
4,1,6,6,deal,False,♠A ♣5,,60000,0.1997048941798827,0.32587343204624813,0.6666461827031952,2780,0,4780,0,0,80,0,120,80,1,0,0.4,60.0,bet,60,0.33534717559814453
4,2,6,4,deal,False,♦Q ♣A,,60000,0.2736453703703646,0.3632625995942633,0.7952654111224013,2970,0,4970,0,30,2970,0,9030,3000,3,0,0.22083333333333333,742.5,bet,742,0.42804574966430664
