round_id,turn,N,Nnf,roundName,first,hole,board,Nsim,prWin,prWinStd,prWin_adj,chips,reld,stack,pot,bet,cost_to_call,pot_sum,bet_sum,maxBet_all,N_maxBet_all,bluff_freq,thd_call,bet_limit,action,amount,cputime
1,0,6,5,deal,False,♥A ♠9,,60000,0.21939880952379492,0.3343776576469348,0.7027631199376458,2780,0,4780,0,0,80,0,120,80,1,0,0.3,120,bet,120,0.3381478786468506
1,1,6,3,deal,False,♥4 ♠9,,60000,0.11928756613757587,0.2668835332297708,0.4978674166946846,2001,0,4001,0,640,0,0,1920,640,3,0,0.0,250.125,check,0,0.3391437530517578
1,2,9,6,deal,False,♦4 ♦A,,60000,0.23803730158728625,0.3614602258247368,0.7354675690735031,3300,0,5300,0,0,40,0,140,40,3,0,0.2222222222222222,140,bet,140,0.34946584701538086
1,3,6,5,deal,False,♦5 ♦J,,60000,0.5225018518518508,0.30827974774001815,0.8861330543535743,2980,0,4980,0,20,2980,0,12020,3000,4,0,0.19866666666666666,1117.5,bet,1117,0.3012092113494873
