round_id,turn,N,Nnf,roundName,first,hole,board,Nsim,prWin,prWinStd,prWin_adj,chips,reld,stack,pot,bet,cost_to_call,pot_sum,bet_sum,maxBet_all,N_maxBet_all,bluff_freq,thd_call,bet_limit,action,amount,cputime
1,0,9,7,deal,False,♣5 ♦K,,60000,0.11085555555557003,0.2964733737804496,0.586808581568342,3300,0,5300,0,0,40,0,60,40,1,0,0.4,15.0,bet,15,0.2593388557434082
2,0,5,4,deal,False,♦7 ♦6,,60000,0.17087996031745215,0.339303723818141,0.6571939768241856,1681,0,3681,0,0,640,0,960,640,1,0,0.39375,210.125,bet,210,0.2776319980621338
2,1,6,2,deal,False,♥9 ♥Q,,60000,0.21338630952382928,0.35901197396603424,0.7427163482074395,2540,0,4540,0,80,80,0,240,160,1,0,0.25,240,bet,240,0.29508399963378906
2,2,7,7,deal,False,♣2 ♦4,,60000,0.09443908730157526,0.26140194728367827,0.47226978351036075,2990,0,4990,0,10,2990,0,9070,3000,3,0,0.24792703150912107,747.5,fold,0,0.25601792335510254
