round_id,turn,N,Nnf,roundName,first,hole,board,Nsim,prWin,prWinStd,prWin_adj,chips,reld,stack,pot,bet,cost_to_call,pot_sum,bet_sum,maxBet_all,N_maxBet_all,bluff_freq,thd_call,bet_limit,action,amount,cputime
1,0,10,8,deal,False,♦7 ♦6,,60000,0.12137611111111077,0.3180801901770922,0.5321934394880293,2970,0,4970,0,0,40,0,180,40,4,0,0.18181818181818182,0,bet,0,0.20414066314697266
1,1,6,6,deal,False,♣5 ♠J,,60000,0.14662023809524607,0.28990393473830584,0.43667632402056533,3000,0,5000,0,0,20,0,30,20,1,0,0.4,30,check,0,0.4443049430847168
2,0,6,4,deal,False,♣5 ♠J,,60000,0.14662023809524607,0.28990393473830584,0.4373837778886759,2980,0,4980,0,20,2980,0,9040,3000,3,0,0.24625623960066556,745.0,fold,0,0.4797170162200928
